  0
SECTION
  2
HEADER
  9
$ACADVER
  1
AC1024
  9
$ACADMAINTVER
 70
6
  9
$DWGCODEPAGE
  3
ANSI_1252
  9
$LASTSAVEDBY
  1
ezdxf
  9
$INSBASE
 10
0.0
 20
0.0
 30
0.0
  9
$EXTMIN
 10
1e+20
 20
1e+20
 30
1e+20
  9
$EXTMAX
 10
-1e+20
 20
-1e+20
 30
-1e+20
  9
$LIMMIN
 10
0.0
 20
0.0
  9
$LIMMAX
 10
420.0
 20
297.0
  9
$ORTHOMODE
 70
0
  9
$REGENMODE
 70
1
  9
$FILLMODE
 70
1
  9
$QTEXTMODE
 70
0
  9
$MIRRTEXT
 70
1
  9
$LTSCALE
 40
1.0
  9
$ATTMODE
 70
1
  9
$TEXTSIZE
 40
2.5
  9
$TRACEWID
 40
1.0
  9
$TEXTSTYLE
  7
Standard
  9
$CLAYER
  8
0
  9
$CELTYPE
  6
ByLayer
  9
$CECOLOR
 62
256
  9
$CELTSCALE
 40
1.0
  9
$DISPSILH
 70
0
  9
$DIMSCALE
 40
1.0
  9
$DIMASZ
 40
2.5
  9
$DIMEXO
 40
0.625
  9
$DIMDLI
 40
3.75
  9
$DIMRND
 40
0.0
  9
$DIMDLE
 40
0.0
  9
$DIMEXE
 40
1.25
  9
$DIMTP
 40
0.0
  9
$DIMTM
 40
0.0
  9
$DIMTXT
 40
2.5
  9
$DIMCEN
 40
2.5
  9
$DIMTSZ
 40
0.0
  9
$DIMTOL
 70
0
  9
$DIMLIM
 70
0
  9
$DIMTIH
 70
0
  9
$DIMTOH
 70
0
  9
$DIMSE1
 70
0
  9
$DIMSE2
 70
0
  9
$DIMTAD
 70
1
  9
$DIMZIN
 70
8
  9
$DIMBLK
  1

  9
$DIMASO
 70
1
  9
$DIMSHO
 70
1
  9
$DIMPOST
  1

  9
$DIMAPOST
  1

  9
$DIMALT
 70
0
  9
$DIMALTD
 70
3
  9
$DIMALTF
 40
0.03937007874
  9
$DIMLFAC
 40
1.0
  9
$DIMTOFL
 70
1
  9
$DIMTVP
 40
0.0
  9
$DIMTIX
 70
0
  9
$DIMSOXD
 70
0
  9
$DIMSAH
 70
0
  9
$DIMBLK1
  1

  9
$DIMBLK2
  1

  9
$DIMSTYLE
  2
ISO-25
  9
$DIMCLRD
 70
0
  9
$DIMCLRE
 70
0
  9
$DIMCLRT
 70
0
  9
$DIMTFAC
 40
1.0
  9
$DIMGAP
 40
0.625
  9
$DIMJUST
 70
0
  9
$DIMSD1
 70
0
  9
$DIMSD2
 70
0
  9
$DIMTOLJ
 70
0
  9
$DIMTZIN
 70
8
  9
$DIMALTZ
 70
0
  9
$DIMALTTZ
 70
0
  9
$DIMUPT
 70
0
  9
$DIMDEC
 70
2
  9
$DIMTDEC
 70
2
  9
$DIMALTU
 70
2
  9
$DIMALTTD
 70
3
  9
$DIMTXSTY
  7
Standard
  9
$DIMAUNIT
 70
0
  9
$DIMADEC
 70
0
  9
$DIMALTRND
 40
0.0
  9
$DIMAZIN
 70
0
  9
$DIMDSEP
 70
44
  9
$DIMATFIT
 70
3
  9
$DIMFRAC
 70
0
  9
$DIMLDRBLK
  1

  9
$DIMLUNIT
 70
2
  9
$DIMLWD
 70
-2
  9
$DIMLWE
 70
-2
  9
$DIMTMOVE
 70
0
  9
$DIMFXL
 40
1.0
  9
$DIMFXLON
 70
0
  9
$DIMJOGANG
 40
0.785398163397
  9
$DIMTFILL
 70
0
  9
$DIMTFILLCLR
 70
0
  9
$DIMARCSYM
 70
0
  9
$DIMLTYPE
  6

  9
$DIMLTEX1
  6

  9
$DIMLTEX2
  6

  9
$DIMTXTDIRECTION
 70
0
  9
$LUNITS
 70
2
  9
$LUPREC
 70
4
  9
$SKETCHINC
 40
1.0
  9
$FILLETRAD
 40
10.0
  9
$AUNITS
 70
0
  9
$AUPREC
 70
2
  9
$MENU
  1
.
  9
$ELEVATION
 40
0.0
  9
$PELEVATION
 40
0.0
  9
$THICKNESS
 40
0.0
  9
$LIMCHECK
 70
0
  9
$CHAMFERA
 40
0.0
  9
$CHAMFERB
 40
0.0
  9
$CHAMFERC
 40
0.0
  9
$CHAMFERD
 40
0.0
  9
$SKPOLY
 70
0
  9
$TDCREATE
 40
2461308.6580324075
  9
$TDUCREATE
 40
2458532.153996898
  9
$TDUPDATE
 40
2461308.6580324075
  9
$TDUUPDATE
 40
2458532.1544311
  9
$TDINDWG
 40
0.0
  9
$TDUSRTIMER
 40
0.0
  9
$USRTIMER
 70
1
  9
$ANGBASE
 50
0.0
  9
$ANGDIR
 70
0
  9
$PDMODE
 70
0
  9
$PDSIZE
 40
0.0
  9
$PLINEWID
 40
0.0
  9
$SPLFRAME
 70
0
  9
$SPLINETYPE
 70
6
  9
$SPLINESEGS
 70
8
  9
$HANDSEED
  5
8D
  9
$SURFTAB1
 70
6
  9
$SURFTAB2
 70
6
  9
$SURFTYPE
 70
6
  9
$SURFU
 70
6
  9
$SURFV
 70
6
  9
$UCSBASE
  2

  9
$UCSNAME
  2

  9
$UCSORG
 10
0.0
 20
0.0
 30
0.0
  9
$UCSXDIR
 10
1.0
 20
0.0
 30
0.0
  9
$UCSYDIR
 10
0.0
 20
1.0
 30
0.0
  9
$UCSORTHOREF
  2

  9
$UCSORTHOVIEW
 70
0
  9
$UCSORGTOP
 10
0.0
 20
0.0
 30
0.0
  9
$UCSORGBOTTOM
 10
0.0
 20
0.0
 30
0.0
  9
$UCSORGLEFT
 10
0.0
 20
0.0
 30
0.0
  9
$UCSORGRIGHT
 10
0.0
 20
0.0
 30
0.0
  9
$UCSORGFRONT
 10
0.0
 20
0.0
 30
0.0
  9
$UCSORGBACK
 10
0.0
 20
0.0
 30
0.0
  9
$PUCSBASE
  2

  9
$PUCSNAME
  2

  9
$PUCSORG
 10
0.0
 20
0.0
 30
0.0
  9
$PUCSXDIR
 10
1.0
 20
0.0
 30
0.0
  9
$PUCSYDIR
 10
0.0
 20
1.0
 30
0.0
  9
$PUCSORTHOREF
  2

  9
$PUCSORTHOVIEW
 70
0
  9
$PUCSORGTOP
 10
0.0
 20
0.0
 30
0.0
  9
$PUCSORGBOTTOM
 10
0.0
 20
0.0
 30
0.0
  9
$PUCSORGLEFT
 10
0.0
 20
0.0
 30
0.0
  9
$PUCSORGRIGHT
 10
0.0
 20
0.0
 30
0.0
  9
$PUCSORGFRONT
 10
0.0
 20
0.0
 30
0.0
  9
$PUCSORGBACK
 10
0.0
 20
0.0
 30
0.0
  9
$USERI1
 70
0
  9
$USERI2
 70
0
  9
$USERI3
 70
0
  9
$USERI4
 70
0
  9
$USERI5
 70
0
  9
$USERR1
 40
0.0
  9
$USERR2
 40
0.0
  9
$USERR3
 40
0.0
  9
$USERR4
 40
0.0
  9
$USERR5
 40
0.0
  9
$WORLDVIEW
 70
1
  9
$SHADEDGE
 70
3
  9
$SHADEDIF
 70
70
  9
$TILEMODE
 70
1
  9
$MAXACTVP
 70
64
  9
$PINSBASE
 10
0.0
 20
0.0
 30
0.0
  9
$PLIMCHECK
 70
0
  9
$PEXTMIN
 10
1e+20
 20
1e+20
 30
1e+20
  9
$PEXTMAX
 10
-1e+20
 20
-1e+20
 30
-1e+20
  9
$PLIMMIN
 10
0.0
 20
0.0
  9
$PLIMMAX
 10
420.0
 20
297.0
  9
$UNITMODE
 70
0
  9
$VISRETAIN
 70
1
  9
$PLINEGEN
 70
0
  9
$PSLTSCALE
 70
1
  9
$TREEDEPTH
 70
3020
  9
$CMLSTYLE
  2
Standard
  9
$CMLJUST
 70
0
  9
$CMLSCALE
 40
20.0
  9
$PROXYGRAPHICS
 70
1
  9
$MEASUREMENT
 70
1
  9
$CELWEIGHT
370
-1
  9
$ENDCAPS
280
0
  9
$JOINSTYLE
280
0
  9
$LWDISPLAY
290
0
  9
$INSUNITS
 70
4
  9
$HYPERLINKBASE
  1

  9
$STYLESHEET
  1

  9
$XEDIT
290
1
  9
$CEPSNTYPE
380
0
  9
$PSTYLEMODE
290
1
  9
$FINGERPRINTGUID
  2
{BB652E68-B639-40FF-8784-05B229CA2582}
  9
$VERSIONGUID
  2
{F2FECFB4-B89D-4104-9E77-A0CB46253F9F}
  9
$EXTNAMES
290
1
  9
$PSVPSCALE
 40
0.0
  9
$OLESTARTUP
290
0
  9
$SORTENTS
280
127
  9
$INDEXCTL
280
0
  9
$HIDETEXT
280
1
  9
$XCLIPFRAME
280
1
  9
$HALOGAP
280
0
  9
$OBSCOLOR
 70
257
  9
$OBSLTYPE
280
0
  9
$INTERSECTIONDISPLAY
280
0
  9
$INTERSECTIONCOLOR
 70
257
  9
$DIMASSOC
280
2
  9
$PROJECTNAME
  1

  9
$CAMERADISPLAY
290
0
  9
$LENSLENGTH
 40
50.0
  9
$CAMERAHEIGHT
 40
0.0
  9
$STEPSPERSEC
 40
24.0
  9
$STEPSIZE
 40
100.0
  9
$3DDWFPREC
 40
2.0
  9
$PSOLWIDTH
 40
0.005
  9
$PSOLHEIGHT
 40
0.08
  9
$LOFTANG1
 40
1.570796326795
  9
$LOFTANG2
 40
1.570796326795
  9
$LOFTMAG1
 40
0.0
  9
$LOFTMAG2
 40
0.0
  9
$LOFTPARAM
 70
7
  9
$LOFTNORMALS
280
1
  9
$LATITUDE
 40
37.795
  9
$LONGITUDE
 40
-122.394
  9
$NORTHDIRECTION
 40
0.0
  9
$TIMEZONE
 70
-8000
  9
$LIGHTGLYPHDISPLAY
280
1
  9
$TILEMODELIGHTSYNCH
280
1
  9
$CMATERIAL
347
20
  9
$SOLIDHIST
280
0
  9
$SHOWHIST
280
1
  9
$DWFFRAME
280
2
  9
$DGNFRAME
280
2
  9
$REALWORLDSCALE
290
1
  9
$INTERFERECOLOR
 62
256
  9
$CSHADOW
280
0
  9
$SHADOWPLANELOCATION
 40
0.0
  0
ENDSEC
  0
SECTION
  2
CLASSES
  0
CLASS
  1
ACDBDICTIONARYWDFLT
  2
AcDbDictionaryWithDefault
  3
ObjectDBX Classes
 90
0
 91
0
280
0
281
0
  0
CLASS
  1
SUN
  2
AcDbSun
  3
SCENEOE
 90
1153
 91
0
280
0
281
0
  0
CLASS
  1
VISUALSTYLE
  2
AcDbVisualStyle
  3
ObjectDBX Classes
 90
4095
 91
0
280
0
281
0
  0
CLASS
  1
MATERIAL
  2
AcDbMaterial
  3
ObjectDBX Classes
 90
1153
 91
0
280
0
281
0
  0
CLASS
  1
SCALE
  2
AcDbScale
  3
ObjectDBX Classes
 90
1153
 91
0
280
0
281
0
  0
CLASS
  1
TABLESTYLE
  2
AcDbTableStyle
  3
ObjectDBX Classes
 90
4095
 91
0
280
0
281
0
  0
CLASS
  1
MLEADERSTYLE
  2
AcDbMLeaderStyle
  3
ACDB_MLEADERSTYLE_CLASS
 90
4095
 91
0
280
0
281
0
  0
CLASS
  1
DICTIONARYVAR
  2
AcDbDictionaryVar
  3
ObjectDBX Classes
 90
0
 91
0
280
0
281
0
  0
CLASS
  1
CELLSTYLEMAP
  2
AcDbCellStyleMap
  3
ObjectDBX Classes
 90
1152
 91
0
280
0
281
0
  0
CLASS
  1
MENTALRAYRENDERSETTINGS
  2
AcDbMentalRayRenderSettings
  3
SCENEOE
 90
1024
 91
0
280
0
281
0
  0
CLASS
  1
ACDBDETAILVIEWSTYLE
  2
AcDbDetailViewStyle
  3
ObjectDBX Classes
 90
1025
 91
0
280
0
281
0
  0
CLASS
  1
ACDBSECTIONVIEWSTYLE
  2
AcDbSectionViewStyle
  3
ObjectDBX Classes
 90
1025
 91
0
280
0
281
0
  0
CLASS
  1
RASTERVARIABLES
  2
AcDbRasterVariables
  3
ISM
 90
0
 91
0
280
0
281
0
  0
CLASS
  1
ACDBPLACEHOLDER
  2
AcDbPlaceHolder
  3
ObjectDBX Classes
 90
0
 91
0
280
0
281
0
  0
CLASS
  1
LAYOUT
  2
AcDbLayout
  3
ObjectDBX Classes
 90
0
 91
0
280
0
281
0
  0
ENDSEC
  0
SECTION
  2
TABLES
  0
TABLE
  2
VPORT
  5
8
330
0
100
AcDbSymbolTable
 70
1
  0
VPORT
  5
23
330
8
100
AcDbSymbolTableRecord
100
AcDbViewportTableRecord
  2
*Active
 70
0
 10
0.0
 20
0.0
 11
1.0
 21
1.0
 12
0.0
 22
0.0
 13
0.0
 23
0.0
 14
0.5
 24
0.5
 15
0.5
 25
0.5
 16
0.0
 26
0.0
 36
1.0
 17
0.0
 27
0.0
 37
0.0
 40
1000.0
 41
1.34
 42
50.0
 43
0.0
 44
0.0
 50
0.0
 51
0.0
 71
0
 72
1000
 73
1
 74
3
 75
0
 76
0
 77
0
 78
0
281
0
 65
0
146
0.0
  0
ENDTAB
  0
TABLE
  2
LTYPE
  5
2
330
0
100
AcDbSymbolTable
 70
3
  0
LTYPE
  5
24
330
2
100
AcDbSymbolTableRecord
100
AcDbLinetypeTableRecord
  2
ByBlock
 70
0
  3

 72
65
 73
0
 40
0.0
  0
LTYPE
  5
25
330
2
100
AcDbSymbolTableRecord
100
AcDbLinetypeTableRecord
  2
ByLayer
 70
0
  3

 72
65
 73
0
 40
0.0
  0
LTYPE
  5
26
330
2
100
AcDbSymbolTableRecord
100
AcDbLinetypeTableRecord
  2
Continuous
 70
0
  3

 72
65
 73
0
 40
0.0
  0
ENDTAB
  0
TABLE
  2
LAYER
  5
1
330
0
100
AcDbSymbolTable
 70
7
  0
LAYER
  5
27
330
1
100
AcDbSymbolTableRecord
100
AcDbLayerTableRecord
  2
0
 70
0
 62
7
  6
Continuous
370
-3
390
13
347
21
  0
LAYER
  5
28
330
1
100
AcDbSymbolTableRecord
100
AcDbLayerTableRecord
  2
Defpoints
 70
0
 62
7
  6
Continuous
290
0
370
-3
390
13
347
21
  0
LAYER
  5
2F
330
1
100
AcDbSymbolTableRecord
100
AcDbLayerTableRecord
  2
CUT_OUTER
 70
0
 62
1
  6
Continuous
370
-3
390
13
347
21
  0
LAYER
  5
30
330
1
100
AcDbSymbolTableRecord
100
AcDbLayerTableRecord
  2
CUT_INNER
 70
0
 62
1
  6
Continuous
370
-3
390
13
347
21
  0
LAYER
  5
32
330
1
100
AcDbSymbolTableRecord
100
AcDbLayerTableRecord
  2
REFERENCE
 70
0
 62
8
  6
Continuous
290
0
370
-3
390
13
347
21
  0
LAYER
  5
8B
330
1
100
AcDbSymbolTableRecord
100
AcDbLayerTableRecord
  2
ENGRAVE_LINES
 70
0
 62
4
  6
Continuous
370
-3
390
13
347
21
  0
LAYER
  5
8C
330
1
100
AcDbSymbolTableRecord
100
AcDbLayerTableRecord
  2
ENGRAVE_FILL
 70
0
 62
5
  6
Continuous
370
-3
390
13
347
21
  0
ENDTAB
  0
TABLE
  2
STYLE
  5
5
330
0
100
AcDbSymbolTable
 70
1
  0
STYLE
  5
29
330
5
100
AcDbSymbolTableRecord
100
AcDbTextStyleTableRecord
  2
Standard
 70
0
 40
0.0
 41
1.0
 50
0.0
 71
0
 42
2.5
  3
txt
  4

  0
ENDTAB
  0
TABLE
  2
VIEW
  5
7
330
0
100
AcDbSymbolTable
 70
0
  0
ENDTAB
  0
TABLE
  2
UCS
  5
6
330
0
100
AcDbSymbolTable
 70
0
  0
ENDTAB
  0
TABLE
  2
APPID
  5
3
330
0
100
AcDbSymbolTable
 70
3
  0
APPID
  5
2A
330
3
100
AcDbSymbolTableRecord
100
AcDbRegAppTableRecord
  2
ACAD
 70
0
  0
APPID
  5
88
330
3
100
AcDbSymbolTableRecord
100
AcDbRegAppTableRecord
  2
HATCHBACKGROUNDCOLOR
 70
0
  0
APPID
  5
89
330
3
100
AcDbSymbolTableRecord
100
AcDbRegAppTableRecord
  2
EZDXF
 70
0
  0
ENDTAB
  0
TABLE
  2
DIMSTYLE
  5
4
330
0
100
AcDbSymbolTable
 70
1
100
AcDbDimStyleTable
  0
DIMSTYLE
105
2B
330
4
100
AcDbSymbolTableRecord
100
AcDbDimStyleTableRecord
  2
Standard
 70
0
 40
1.0
 41
2.5
 42
0.625
 43
3.75
 44
1.25
 45
0.0
 46
0.0
 47
0.0
 48
0.0
 49
2.5
140
2.5
141
2.5
142
0.0
143
0.03937007874
144
1.0
145
0.0
146
1.0
147
0.625
148
0.0
 69
0
 70
0
 71
0
 72
0
 73
0
 74
0
 75
0
 76
0
 77
1
 78
8
 79
3
170
0
171
3
172
1
173
0
174
0
175
0
176
0
177
0
178
0
179
2
271
2
272
2
273
2
274
3
275
0
276
0
277
2
278
44
279
0
280
0
281
0
282
0
283
0
284
8
285
0
286
0
288
0
289
3
290
0
371
-2
372
-2
  0
ENDTAB
  0
TABLE
  2
BLOCK_RECORD
  5
9
330
0
100
AcDbSymbolTable
 70
2
  0
BLOCK_RECORD
  5
17
330
9
100
AcDbSymbolTableRecord
100
AcDbBlockTableRecord
  2
*Model_Space
340
1A
 70
0
280
1
281
0
  0
BLOCK_RECORD
  5
1B
330
9
100
AcDbSymbolTableRecord
100
AcDbBlockTableRecord
  2
*Paper_Space
340
1E
 70
0
280
1
281
0
  0
ENDTAB
  0
ENDSEC
  0
SECTION
  2
BLOCKS
  0
BLOCK
  5
18
330
17
100
AcDbEntity
  8
0
100
AcDbBlockBegin
  2
*Model_Space
 70
0
 10
0.0
 20
0.0
 30
0.0
  3
*Model_Space
  1

  0
ENDBLK
  5
19
330
17
100
AcDbEntity
  8
0
100
AcDbBlockEnd
  0
BLOCK
  5
1C
330
1B
100
AcDbEntity
  8
0
100
AcDbBlockBegin
  2
*Paper_Space
 70
0
 10
0.0
 20
0.0
 30
0.0
  3
*Paper_Space
  1

  0
ENDBLK
  5
1D
330
1B
100
AcDbEntity
  8
0
100
AcDbBlockEnd
  0
ENDSEC
  0
SECTION
  2
ENTITIES
  0
LWPOLYLINE
  5
33
330
17
100
AcDbEntity
  8
CUT_OUTER
100
AcDbPolyline
 90
132
 70
1
 10
35.4901
 20
-22.4759
 10
35.2453
 20
-22.494
 10
35.0
 20
-22.5
 10
-35.0
 20
-22.5
 10
-35.2453
 20
-22.494
 10
-35.4901
 20
-22.4759
 10
-35.7337
 20
-22.4459
 10
-35.9754
 20
-22.4039
 10
-36.2149
 20
-22.3502
 10
-36.4514
 20
-22.2847
 10
-36.6844
 20
-22.2077
 10
-36.9134
 20
-22.1194
 10
-37.1378
 20
-22.0199
 10
-37.357
 20
-21.9096
 10
-37.5705
 20
-21.7887
 10
-37.7778
 20
-21.6573
 10
-37.9785
 20
-21.516
 10
-38.172
 20
-21.3651
 10
-38.3578
 20
-21.2048
 10
-38.5355
 20
-21.0355
 10
-38.7048
 20
-20.8578
 10
-38.8651
 20
-20.672
 10
-39.016
 20
-20.4785
 10
-39.1573
 20
-20.2778
 10
-39.2887
 20
-20.0705
 10
-39.4096
 20
-19.857
 10
-39.5199
 20
-19.6378
 10
-39.6194
 20
-19.4134
 10
-39.7077
 20
-19.1844
 10
-39.7847
 20
-18.9514
 10
-39.8502
 20
-18.7149
 10
-39.9039
 20
-18.4754
 10
-39.9459
 20
-18.2337
 10
-39.9759
 20
-17.9901
 10
-39.994
 20
-17.7453
 10
-40.0
 20
-17.5
 10
-40.0
 20
17.5
 10
-39.994
 20
17.7453
 10
-39.9759
 20
17.9901
 10
-39.9459
 20
18.2337
 10
-39.9039
 20
18.4754
 10
-39.8502
 20
18.7149
 10
-39.7847
 20
18.9514
 10
-39.7077
 20
19.1844
 10
-39.6194
 20
19.4134
 10
-39.5199
 20
19.6378
 10
-39.4096
 20
19.857
 10
-39.2887
 20
20.0705
 10
-39.1573
 20
20.2778
 10
-39.016
 20
20.4785
 10
-38.8651
 20
20.672
 10
-38.7048
 20
20.8578
 10
-38.5355
 20
21.0355
 10
-38.3578
 20
21.2048
 10
-38.172
 20
21.3651
 10
-37.9785
 20
21.516
 10
-37.7778
 20
21.6573
 10
-37.5705
 20
21.7887
 10
-37.357
 20
21.9096
 10
-37.1378
 20
22.0199
 10
-36.9134
 20
22.1194
 10
-36.6844
 20
22.2077
 10
-36.4514
 20
22.2847
 10
-36.2149
 20
22.3502
 10
-35.9754
 20
22.4039
 10
-35.7337
 20
22.4459
 10
-35.4901
 20
22.4759
 10
-35.2453
 20
22.494
 10
-35.0
 20
22.5
 10
35.0
 20
22.5
 10
35.2453
 20
22.494
 10
35.4901
 20
22.4759
 10
35.7337
 20
22.4459
 10
35.9754
 20
22.4039
 10
36.2149
 20
22.3502
 10
36.4514
 20
22.2847
 10
36.6844
 20
22.2077
 10
36.9134
 20
22.1194
 10
37.1378
 20
22.0199
 10
37.357
 20
21.9096
 10
37.5705
 20
21.7887
 10
37.7778
 20
21.6573
 10
37.9785
 20
21.516
 10
38.172
 20
21.3651
 10
38.3578
 20
21.2048
 10
38.5355
 20
21.0355
 10
38.7048
 20
20.8578
 10
38.8651
 20
20.672
 10
39.016
 20
20.4785
 10
39.1573
 20
20.2778
 10
39.2887
 20
20.0705
 10
39.4096
 20
19.857
 10
39.5199
 20
19.6378
 10
39.6194
 20
19.4134
 10
39.7077
 20
19.1844
 10
39.7847
 20
18.9514
 10
39.8502
 20
18.7149
 10
39.9039
 20
18.4754
 10
39.9459
 20
18.2337
 10
39.9759
 20
17.9901
 10
39.994
 20
17.7453
 10
40.0
 20
17.5
 10
40.0
 20
-17.5
 10
39.994
 20
-17.7453
 10
39.9759
 20
-17.9901
 10
39.9459
 20
-18.2337
 10
39.9039
 20
-18.4754
 10
39.8502
 20
-18.7149
 10
39.7847
 20
-18.9514
 10
39.7077
 20
-19.1844
 10
39.6194
 20
-19.4134
 10
39.5199
 20
-19.6378
 10
39.4096
 20
-19.857
 10
39.2887
 20
-20.0705
 10
39.1573
 20
-20.2778
 10
39.016
 20
-20.4785
 10
38.8651
 20
-20.672
 10
38.7048
 20
-20.8578
 10
38.5355
 20
-21.0355
 10
38.3578
 20
-21.2048
 10
38.172
 20
-21.3651
 10
37.9785
 20
-21.516
 10
37.7778
 20
-21.6573
 10
37.5705
 20
-21.7887
 10
37.357
 20
-21.9096
 10
37.1378
 20
-22.0199
 10
36.9134
 20
-22.1194
 10
36.6844
 20
-22.2077
 10
36.4514
 20
-22.2847
 10
36.2149
 20
-22.3502
 10
35.9754
 20
-22.4039
 10
35.7337
 20
-22.4459
  0
LWPOLYLINE
  5
34
330
17
100
AcDbEntity
  8
CUT_INNER
100
AcDbPolyline
 90
128
 70
1
 10
-31.147
 20
-2.49277
 10
-31.0736
 20
-2.49818
 10
-31.0
 20
-2.5
 10
-30.9264
 20
-2.49818
 10
-30.853
 20
-2.49277
 10
-30.7799
 20
-2.48376
 10
-30.7074
 20
-2.47118
 10
-30.6355
 20
-2.45503
 10
-30.5646
 20
-2.43541
 10
-30.4947
 20
-2.41231
 10
-30.426
 20
-2.38582
 10
-30.3587
 20
-2.35597
 10
-30.2929
 20
-2.32288
 10
-30.2288
 20
-2.28659
 10
-30.1666
 20
-2.24719
 10
-30.1064
 20
-2.2048
 10
-30.0484
 20
-2.15952
 10
-29.9927
 20
-2.11142
 10
-29.9393
 20
-2.06065
 10
-29.8886
 20
-2.00732
 10
-29.8405
 20
-1.95158
 10
-29.7952
 20
-1.89354
 10
-29.7528
 20
-1.83334
 10
-29.7134
 20
-1.77115
 10
-29.6771
 20
-1.70709
 10
-29.644
 20
-1.64133
 10
-29.6142
 20
-1.57402
 10
-29.5877
 20
-1.50533
 10
-29.5646
 20
-1.43542
 10
-29.545
 20
-1.36446
 10
-29.5288
 20
-1.29263
 10
-29.5162
 20
-1.22009
 10
-29.5072
 20
-1.14702
 10
-29.5018
 20
-1.07359
 10
-29.5
 20
-1.0
 10
-29.5018
 20
-0.926392
 10
-29.5072
 20
-0.852966
 10
-29.5162
 20
-0.779892
 10
-29.5288
 20
-0.707352
 10
-29.545
 20
-0.635529
 10
-29.5646
 20
-0.56456
 10
-29.5877
 20
-0.494659
 10
-29.6142
 20
-0.425964
 10
-29.644
 20
-0.358658
 10
-29.6771
 20
-0.292892
 10
-29.7134
 20
-0.228836
 10
-29.7528
 20
-0.166641
 10
-29.7952
 20
-0.106445
 10
-29.8405
 20
-0.0484009
 10
-29.8886
 20
0.00732422
 10
-29.9393
 20
0.0606537
 10
-29.9927
 20
0.11142
 10
-30.0484
 20
0.159515
 10
-30.1064
 20
0.204803
 10
-30.1666
 20
0.247192
 10
-30.2288
 20
0.286591
 10
-30.2929
 20
0.322876
 10
-30.3587
 20
0.355972
 10
-30.426
 20
0.385818
 10
-30.4947
 20
0.412308
 10
-30.5646
 20
0.43541
 10
-30.6355
 20
0.455032
 10
-30.7074
 20
0.471176
 10
-30.7799
 20
0.483765
 10
-30.853
 20
0.492767
 10
-30.9264
 20
0.498184
 10
-31.0
 20
0.5
 10
-31.0736
 20
0.498184
 10
-31.147
 20
0.492767
 10
-31.2201
 20
0.483765
 10
-31.2926
 20
0.471176
 10
-31.3645
 20
0.455032
 10
-31.4354
 20
0.43541
 10
-31.5053
 20
0.412308
 10
-31.574
 20
0.385818
 10
-31.6413
 20
0.355972
 10
-31.7071
 20
0.322876
 10
-31.7711
 20
0.286591
 10
-31.8333
 20
0.247192
 10
-31.8935
 20
0.204803
 10
-31.9516
 20
0.159515
 10
-32.0073
 20
0.11142
 10
-32.0607
 20
0.0606537
 10
-32.1114
 20
0.00732422
 10
-32.1595
 20
-0.0484009
 10
-32.2048
 20
-0.106445
 10
-32.2472
 20
-0.166641
 10
-32.2866
 20
-0.228836
 10
-32.3229
 20
-0.292892
 10
-32.356
 20
-0.358658
 10
-32.3858
 20
-0.425964
 10
-32.4123
 20
-0.494659
 10
-32.4354
 20
-0.56456
 10
-32.455
 20
-0.635529
 10
-32.4712
 20
-0.707352
 10
-32.4838
 20
-0.779892
 10
-32.4928
 20
-0.852966
 10
-32.4982
 20
-0.926392
 10
-32.5
 20
-1.0
 10
-32.4982
 20
-1.07359
 10
-32.4928
 20
-1.14702
 10
-32.4838
 20
-1.22009
 10
-32.4712
 20
-1.29263
 10
-32.455
 20
-1.36446
 10
-32.4354
 20
-1.43542
 10
-32.4123
 20
-1.50533
 10
-32.3858
 20
-1.57402
 10
-32.356
 20
-1.64133
 10
-32.3229
 20
-1.70709
 10
-32.2866
 20
-1.77115
 10
-32.2472
 20
-1.83334
 10
-32.2048
 20
-1.89354
 10
-32.1595
 20
-1.95158
 10
-32.1114
 20
-2.00732
 10
-32.0607
 20
-2.06065
 10
-32.0073
 20
-2.11142
 10
-31.9516
 20
-2.15952
 10
-31.8935
 20
-2.2048
 10
-31.8333
 20
-2.24719
 10
-31.7711
 20
-2.28659
 10
-31.7071
 20
-2.32288
 10
-31.6413
 20
-2.35597
 10
-31.574
 20
-2.38582
 10
-31.5053
 20
-2.41231
 10
-31.4354
 20
-2.43541
 10
-31.3645
 20
-2.45503
 10
-31.2926
 20
-2.47118
 10
-31.2201
 20
-2.48376
  0
LWPOLYLINE
  5
35
330
17
100
AcDbEntity
  8
CUT_INNER
100
AcDbPolyline
 90
128
 70
1
 10
30.853
 20
-2.49277
 10
30.9264
 20
-2.49818
 10
31.0
 20
-2.5
 10
31.0736
 20
-2.49818
 10
31.147
 20
-2.49277
 10
31.2201
 20
-2.48376
 10
31.2926
 20
-2.47118
 10
31.3645
 20
-2.45503
 10
31.4354
 20
-2.43541
 10
31.5053
 20
-2.41231
 10
31.574
 20
-2.38582
 10
31.6413
 20
-2.35597
 10
31.7071
 20
-2.32288
 10
31.7711
 20
-2.28659
 10
31.8333
 20
-2.24719
 10
31.8935
 20
-2.2048
 10
31.9516
 20
-2.15952
 10
32.0073
 20
-2.11142
 10
32.0607
 20
-2.06065
 10
32.1114
 20
-2.00732
 10
32.1595
 20
-1.95158
 10
32.2048
 20
-1.89354
 10
32.2472
 20
-1.83334
 10
32.2866
 20
-1.77115
 10
32.3229
 20
-1.70709
 10
32.356
 20
-1.64133
 10
32.3858
 20
-1.57402
 10
32.4123
 20
-1.50533
 10
32.4354
 20
-1.43542
 10
32.455
 20
-1.36446
 10
32.4712
 20
-1.29263
 10
32.4838
 20
-1.22009
 10
32.4928
 20
-1.14702
 10
32.4982
 20
-1.07359
 10
32.5
 20
-1.0
 10
32.4982
 20
-0.926392
 10
32.4928
 20
-0.852966
 10
32.4838
 20
-0.779892
 10
32.4712
 20
-0.707352
 10
32.455
 20
-0.635529
 10
32.4354
 20
-0.56456
 10
32.4123
 20
-0.494659
 10
32.3858
 20
-0.425964
 10
32.356
 20
-0.358658
 10
32.3229
 20
-0.292892
 10
32.2866
 20
-0.228836
 10
32.2472
 20
-0.166641
 10
32.2048
 20
-0.106445
 10
32.1595
 20
-0.0484009
 10
32.1114
 20
0.00732422
 10
32.0607
 20
0.0606537
 10
32.0073
 20
0.11142
 10
31.9516
 20
0.159515
 10
31.8935
 20
0.204803
 10
31.8333
 20
0.247192
 10
31.7711
 20
0.286591
 10
31.7071
 20
0.322876
 10
31.6413
 20
0.355972
 10
31.574
 20
0.385818
 10
31.5053
 20
0.412308
 10
31.4354
 20
0.43541
 10
31.3645
 20
0.455032
 10
31.2926
 20
0.471176
 10
31.2201
 20
0.483765
 10
31.147
 20
0.492767
 10
31.0736
 20
0.498184
 10
31.0
 20
0.5
 10
30.9264
 20
0.498184
 10
30.853
 20
0.492767
 10
30.7799
 20
0.483765
 10
30.7074
 20
0.471176
 10
30.6355
 20
0.455032
 10
30.5646
 20
0.43541
 10
30.4947
 20
0.412308
 10
30.426
 20
0.385818
 10
30.3587
 20
0.355972
 10
30.2929
 20
0.322876
 10
30.2288
 20
0.286591
 10
30.1666
 20
0.247192
 10
30.1064
 20
0.204803
 10
30.0484
 20
0.159515
 10
29.9927
 20
0.11142
 10
29.9393
 20
0.0606537
 10
29.8886
 20
0.00732422
 10
29.8405
 20
-0.0484009
 10
29.7952
 20
-0.106445
 10
29.7528
 20
-0.166641
 10
29.7134
 20
-0.228836
 10
29.6771
 20
-0.292892
 10
29.644
 20
-0.358658
 10
29.6142
 20
-0.425964
 10
29.5877
 20
-0.494659
 10
29.5646
 20
-0.56456
 10
29.545
 20
-0.635529
 10
29.5288
 20
-0.707352
 10
29.5162
 20
-0.779892
 10
29.5072
 20
-0.852966
 10
29.5018
 20
-0.926392
 10
29.5
 20
-1.0
 10
29.5018
 20
-1.07359
 10
29.5072
 20
-1.14702
 10
29.5162
 20
-1.22009
 10
29.5288
 20
-1.29263
 10
29.545
 20
-1.36446
 10
29.5646
 20
-1.43542
 10
29.5877
 20
-1.50533
 10
29.6142
 20
-1.57402
 10
29.644
 20
-1.64133
 10
29.6771
 20
-1.70709
 10
29.7134
 20
-1.77115
 10
29.7528
 20
-1.83334
 10
29.7952
 20
-1.89354
 10
29.8405
 20
-1.95158
 10
29.8886
 20
-2.00732
 10
29.9393
 20
-2.06065
 10
29.9927
 20
-2.11142
 10
30.0484
 20
-2.15952
 10
30.1064
 20
-2.2048
 10
30.1666
 20
-2.24719
 10
30.2288
 20
-2.28659
 10
30.2929
 20
-2.32288
 10
30.3587
 20
-2.35597
 10
30.426
 20
-2.38582
 10
30.4947
 20
-2.41231
 10
30.5646
 20
-2.43541
 10
30.6355
 20
-2.45503
 10
30.7074
 20
-2.47118
 10
30.7799
 20
-2.48376
  0
LWPOLYLINE
  5
36
330
17
100
AcDbEntity
  8
CUT_INNER
100
AcDbPolyline
 90
128
 70
1
 10
-20.5881
 20
-13.4711
 10
-20.2944
 20
-13.4928
 10
-20.0
 20
-13.5
 10
-19.7056
 20
-13.4928
 10
-19.4119
 20
-13.4711
 10
-19.1196
 20
-13.4351
 10
-18.8295
 20
-13.3847
 10
-18.5421
 20
-13.3202
 10
-18.2583
 20
-13.2416
 10
-17.9787
 20
-13.1493
 10
-17.7039
 20
-13.0433
 10
-17.4347
 20
-12.9239
 10
-17.1716
 20
-12.7915
 10
-16.9154
 20
-12.6464
 10
-16.6666
 20
-12.4888
 10
-16.4258
 20
-12.3192
 10
-16.1936
 20
-12.1381
 10
-15.9706
 20
-11.9457
 10
-15.7574
 20
-11.7426
 10
-15.5543
 20
-11.5293
 10
-15.3619
 20
-11.3064
 10
-15.1807
 20
-11.0742
 10
-15.0112
 20
-10.8334
 10
-14.8536
 20
-10.5846
 10
-14.7085
 20
-10.3284
 10
-14.576
 20
-10.0653
 10
-14.4567
 20
-9.7961
 10
-14.3507
 20
-9.52133
 10
-14.2583
 20
-9.2417
 10
-14.1798
 20
-8.95787
 10
-14.1153
 20
-8.67053
 10
-14.0649
 20
-8.38037
 10
-14.0289
 20
-8.08809
 10
-14.0072
 20
-7.7944
 10
-14.0
 20
-7.5
 10
-14.0072
 20
-7.20558
 10
-14.0289
 20
-6.9119
 10
-14.0649
 20
-6.61961
 10
-14.1153
 20
-6.32945
 10
-14.1798
 20
-6.04211
 10
-14.2583
 20
-5.75829
 10
-14.3507
 20
-5.47865
 10
-14.4567
 20
-5.20389
 10
-14.576
 20
-4.93466
 10
-14.7085
 20
-4.67162
 10
-14.8536
 20
-4.41537
 10
-15.0112
 20
-4.16656
 10
-15.1807
 20
-3.9258
 10
-15.3619
 20
-3.69363
 10
-15.5543
 20
-3.47064
 10
-15.7574
 20
-3.25735
 10
-15.9706
 20
-3.05429
 10
-16.1936
 20
-2.86192
 10
-16.4258
 20
-2.68074
 10
-16.6666
 20
-2.51117
 10
-16.9154
 20
-2.35362
 10
-17.1716
 20
-2.20847
 10
-17.4347
 20
-2.07605
 10
-17.7039
 20
-1.95671
 10
-17.9787
 20
-1.85072
 10
-18.2583
 20
-1.75835
 10
-18.5421
 20
-1.67981
 10
-18.8295
 20
-1.61528
 10
-19.1196
 20
-1.56493
 10
-19.4119
 20
-1.52888
 10
-19.7056
 20
-1.50722
 10
-20.0
 20
-1.5
 10
-20.2944
 20
-1.50722
 10
-20.5881
 20
-1.52888
 10
-20.8804
 20
-1.56493
 10
-21.1705
 20
-1.61528
 10
-21.4579
 20
-1.67981
 10
-21.7417
 20
-1.75835
 10
-22.0213
 20
-1.85072
 10
-22.2961
 20
-1.95671
 10
-22.5653
 20
-2.07605
 10
-22.8284
 20
-2.20847
 10
-23.0846
 20
-2.35362
 10
-23.3334
 20
-2.51117
 10
-23.5742
 20
-2.68074
 10
-23.8064
 20
-2.86192
 10
-24.0293
 20
-3.05429
 10
-24.2426
 20
-3.25735
 10
-24.4457
 20
-3.47064
 10
-24.6381
 20
-3.69363
 10
-24.8192
 20
-3.9258
 10
-24.9888
 20
-4.16656
 10
-25.1464
 20
-4.41537
 10
-25.2915
 20
-4.67162
 10
-25.4239
 20
-4.93466
 10
-25.5433
 20
-5.20389
 10
-25.6493
 20
-5.47865
 10
-25.7416
 20
-5.75829
 10
-25.8202
 20
-6.04211
 10
-25.8847
 20
-6.32945
 10
-25.9351
 20
-6.61961
 10
-25.9711
 20
-6.9119
 10
-25.9928
 20
-7.20558
 10
-26.0
 20
-7.5
 10
-25.9928
 20
-7.7944
 10
-25.9711
 20
-8.08809
 10
-25.9351
 20
-8.38037
 10
-25.8847
 20
-8.67053
 10
-25.8202
 20
-8.95787
 10
-25.7416
 20
-9.2417
 10
-25.6493
 20
-9.52133
 10
-25.5433
 20
-9.7961
 10
-25.4239
 20
-10.0653
 10
-25.2915
 20
-10.3284
 10
-25.1464
 20
-10.5846
 10
-24.9888
 20
-10.8334
 10
-24.8192
 20
-11.0742
 10
-24.6381
 20
-11.3064
 10
-24.4457
 20
-11.5293
 10
-24.2426
 20
-11.7426
 10
-24.0293
 20
-11.9457
 10
-23.8064
 20
-12.1381
 10
-23.5742
 20
-12.3192
 10
-23.3334
 20
-12.4888
 10
-23.0846
 20
-12.6464
 10
-22.8284
 20
-12.7915
 10
-22.5653
 20
-12.9239
 10
-22.2961
 20
-13.0433
 10
-22.0213
 20
-13.1493
 10
-21.7417
 20
-13.2416
 10
-21.4579
 20
-13.3202
 10
-21.1705
 20
-13.3847
 10
-20.8804
 20
-13.4351
  0
LWPOLYLINE
  5
37
330
17
100
AcDbEntity
  8
CUT_INNER
100
AcDbPolyline
 90
128
 70
1
 10
19.4119
 20
-13.4711
 10
19.7056
 20
-13.4928
 10
20.0
 20
-13.5
 10
20.2944
 20
-13.4928
 10
20.5881
 20
-13.4711
 10
20.8804
 20
-13.4351
 10
21.1705
 20
-13.3847
 10
21.4579
 20
-13.3202
 10
21.7417
 20
-13.2416
 10
22.0213
 20
-13.1493
 10
22.2961
 20
-13.0433
 10
22.5653
 20
-12.9239
 10
22.8284
 20
-12.7915
 10
23.0846
 20
-12.6464
 10
23.3334
 20
-12.4888
 10
23.5742
 20
-12.3192
 10
23.8064
 20
-12.1381
 10
24.0293
 20
-11.9457
 10
24.2426
 20
-11.7426
 10
24.4457
 20
-11.5293
 10
24.6381
 20
-11.3064
 10
24.8192
 20
-11.0742
 10
24.9888
 20
-10.8334
 10
25.1464
 20
-10.5846
 10
25.2915
 20
-10.3284
 10
25.4239
 20
-10.0653
 10
25.5433
 20
-9.7961
 10
25.6493
 20
-9.52133
 10
25.7416
 20
-9.2417
 10
25.8202
 20
-8.95787
 10
25.8847
 20
-8.67053
 10
25.9351
 20
-8.38037
 10
25.9711
 20
-8.08809
 10
25.9928
 20
-7.7944
 10
26.0
 20
-7.5
 10
25.9928
 20
-7.20558
 10
25.9711
 20
-6.9119
 10
25.9351
 20
-6.61961
 10
25.8847
 20
-6.32945
 10
25.8202
 20
-6.04211
 10
25.7416
 20
-5.75829
 10
25.6493
 20
-5.47865
 10
25.5433
 20
-5.20389
 10
25.4239
 20
-4.93466
 10
25.2915
 20
-4.67162
 10
25.1464
 20
-4.41537
 10
24.9888
 20
-4.16656
 10
24.8192
 20
-3.9258
 10
24.6381
 20
-3.69363
 10
24.4457
 20
-3.47064
 10
24.2426
 20
-3.25735
 10
24.0293
 20
-3.05429
 10
23.8064
 20
-2.86192
 10
23.5742
 20
-2.68074
 10
23.3334
 20
-2.51117
 10
23.0846
 20
-2.35362
 10
22.8284
 20
-2.20847
 10
22.5653
 20
-2.07605
 10
22.2961
 20
-1.95671
 10
22.0213
 20
-1.85072
 10
21.7417
 20
-1.75835
 10
21.4579
 20
-1.67981
 10
21.1705
 20
-1.61528
 10
20.8804
 20
-1.56493
 10
20.5881
 20
-1.52888
 10
20.2944
 20
-1.50722
 10
20.0
 20
-1.5
 10
19.7056
 20
-1.50722
 10
19.4119
 20
-1.52888
 10
19.1196
 20
-1.56493
 10
18.8295
 20
-1.61528
 10
18.5421
 20
-1.67981
 10
18.2583
 20
-1.75835
 10
17.9787
 20
-1.85072
 10
17.7039
 20
-1.95671
 10
17.4347
 20
-2.07605
 10
17.1716
 20
-2.20847
 10
16.9154
 20
-2.35362
 10
16.6666
 20
-2.51117
 10
16.4258
 20
-2.68074
 10
16.1936
 20
-2.86192
 10
15.9706
 20
-3.05429
 10
15.7574
 20
-3.25735
 10
15.5543
 20
-3.47064
 10
15.3619
 20
-3.69363
 10
15.1807
 20
-3.9258
 10
15.0112
 20
-4.16656
 10
14.8536
 20
-4.41537
 10
14.7085
 20
-4.67162
 10
14.576
 20
-4.93466
 10
14.4567
 20
-5.20389
 10
14.3507
 20
-5.47865
 10
14.2583
 20
-5.75829
 10
14.1798
 20
-6.04211
 10
14.1153
 20
-6.32945
 10
14.0649
 20
-6.61961
 10
14.0289
 20
-6.9119
 10
14.0072
 20
-7.20558
 10
14.0
 20
-7.5
 10
14.0072
 20
-7.7944
 10
14.0289
 20
-8.08809
 10
14.0649
 20
-8.38037
 10
14.1153
 20
-8.67053
 10
14.1798
 20
-8.95787
 10
14.2583
 20
-9.2417
 10
14.3507
 20
-9.52133
 10
14.4567
 20
-9.7961
 10
14.576
 20
-10.0653
 10
14.7085
 20
-10.3284
 10
14.8536
 20
-10.5846
 10
15.0112
 20
-10.8334
 10
15.1807
 20
-11.0742
 10
15.3619
 20
-11.3064
 10
15.5543
 20
-11.5293
 10
15.7574
 20
-11.7426
 10
15.9706
 20
-11.9457
 10
16.1936
 20
-12.1381
 10
16.4258
 20
-12.3192
 10
16.6666
 20
-12.4888
 10
16.9154
 20
-12.6464
 10
17.1716
 20
-12.7915
 10
17.4347
 20
-12.9239
 10
17.7039
 20
-13.0433
 10
17.9787
 20
-13.1493
 10
18.2583
 20
-13.2416
 10
18.5421
 20
-13.3202
 10
18.8295
 20
-13.3847
 10
19.1196
 20
-13.4351
  0
LWPOLYLINE
  5
38
330
17
100
AcDbEntity
  8
CUT_INNER
100
AcDbPolyline
 90
128
 70
1
 10
-31.147
 20
-15.4928
 10
-31.0736
 20
-15.4982
 10
-31.0
 20
-15.5
 10
-30.9264
 20
-15.4982
 10
-30.853
 20
-15.4928
 10
-30.7799
 20
-15.4838
 10
-30.7074
 20
-15.4712
 10
-30.6355
 20
-15.455
 10
-30.5646
 20
-15.4354
 10
-30.4947
 20
-15.4123
 10
-30.426
 20
-15.3858
 10
-30.3587
 20
-15.356
 10
-30.2929
 20
-15.3229
 10
-30.2288
 20
-15.2866
 10
-30.1666
 20
-15.2472
 10
-30.1064
 20
-15.2048
 10
-30.0484
 20
-15.1595
 10
-29.9927
 20
-15.1114
 10
-29.9393
 20
-15.0607
 10
-29.8886
 20
-15.0073
 10
-29.8405
 20
-14.9516
 10
-29.7952
 20
-14.8935
 10
-29.7528
 20
-14.8333
 10
-29.7134
 20
-14.7711
 10
-29.6771
 20
-14.7071
 10
-29.644
 20
-14.6413
 10
-29.6142
 20
-14.574
 10
-29.5877
 20
-14.5053
 10
-29.5646
 20
-14.4354
 10
-29.545
 20
-14.3645
 10
-29.5288
 20
-14.2926
 10
-29.5162
 20
-14.2201
 10
-29.5072
 20
-14.147
 10
-29.5018
 20
-14.0736
 10
-29.5
 20
-14.0
 10
-29.5018
 20
-13.9264
 10
-29.5072
 20
-13.853
 10
-29.5162
 20
-13.7799
 10
-29.5288
 20
-13.7074
 10
-29.545
 20
-13.6355
 10
-29.5646
 20
-13.5646
 10
-29.5877
 20
-13.4947
 10
-29.6142
 20
-13.426
 10
-29.644
 20
-13.3587
 10
-29.6771
 20
-13.2929
 10
-29.7134
 20
-13.2288
 10
-29.7528
 20
-13.1666
 10
-29.7952
 20
-13.1064
 10
-29.8405
 20
-13.0484
 10
-29.8886
 20
-12.9927
 10
-29.9393
 20
-12.9393
 10
-29.9927
 20
-12.8886
 10
-30.0484
 20
-12.8405
 10
-30.1064
 20
-12.7952
 10
-30.1666
 20
-12.7528
 10
-30.2288
 20
-12.7134
 10
-30.2929
 20
-12.6771
 10
-30.3587
 20
-12.644
 10
-30.426
 20
-12.6142
 10
-30.4947
 20
-12.5877
 10
-30.5646
 20
-12.5646
 10
-30.6355
 20
-12.545
 10
-30.7074
 20
-12.5288
 10
-30.7799
 20
-12.5162
 10
-30.853
 20
-12.5072
 10
-30.9264
 20
-12.5018
 10
-31.0
 20
-12.5
 10
-31.0736
 20
-12.5018
 10
-31.147
 20
-12.5072
 10
-31.2201
 20
-12.5162
 10
-31.2926
 20
-12.5288
 10
-31.3645
 20
-12.545
 10
-31.4354
 20
-12.5646
 10
-31.5053
 20
-12.5877
 10
-31.574
 20
-12.6142
 10
-31.6413
 20
-12.644
 10
-31.7071
 20
-12.6771
 10
-31.7711
 20
-12.7134
 10
-31.8333
 20
-12.7528
 10
-31.8935
 20
-12.7952
 10
-31.9516
 20
-12.8405
 10
-32.0073
 20
-12.8886
 10
-32.0607
 20
-12.9393
 10
-32.1114
 20
-12.9927
 10
-32.1595
 20
-13.0484
 10
-32.2048
 20
-13.1064
 10
-32.2472
 20
-13.1666
 10
-32.2866
 20
-13.2288
 10
-32.3229
 20
-13.2929
 10
-32.356
 20
-13.3587
 10
-32.3858
 20
-13.426
 10
-32.4123
 20
-13.4947
 10
-32.4354
 20
-13.5646
 10
-32.455
 20
-13.6355
 10
-32.4712
 20
-13.7074
 10
-32.4838
 20
-13.7799
 10
-32.4928
 20
-13.853
 10
-32.4982
 20
-13.9264
 10
-32.5
 20
-14.0
 10
-32.4982
 20
-14.0736
 10
-32.4928
 20
-14.147
 10
-32.4838
 20
-14.2201
 10
-32.4712
 20
-14.2926
 10
-32.455
 20
-14.3645
 10
-32.4354
 20
-14.4354
 10
-32.4123
 20
-14.5053
 10
-32.3858
 20
-14.574
 10
-32.356
 20
-14.6413
 10
-32.3229
 20
-14.7071
 10
-32.2866
 20
-14.7711
 10
-32.2472
 20
-14.8333
 10
-32.2048
 20
-14.8935
 10
-32.1595
 20
-14.9516
 10
-32.1114
 20
-15.0073
 10
-32.0607
 20
-15.0607
 10
-32.0073
 20
-15.1114
 10
-31.9516
 20
-15.1595
 10
-31.8935
 20
-15.2048
 10
-31.8333
 20
-15.2472
 10
-31.7711
 20
-15.2866
 10
-31.7071
 20
-15.3229
 10
-31.6413
 20
-15.356
 10
-31.574
 20
-15.3858
 10
-31.5053
 20
-15.4123
 10
-31.4354
 20
-15.4354
 10
-31.3645
 20
-15.455
 10
-31.2926
 20
-15.4712
 10
-31.2201
 20
-15.4838
  0
LWPOLYLINE
  5
39
330
17
100
AcDbEntity
  8
CUT_INNER
100
AcDbPolyline
 90
128
 70
1
 10
30.853
 20
-15.4928
 10
30.9264
 20
-15.4982
 10
31.0
 20
-15.5
 10
31.0736
 20
-15.4982
 10
31.147
 20
-15.4928
 10
31.2201
 20
-15.4838
 10
31.2926
 20
-15.4712
 10
31.3645
 20
-15.455
 10
31.4354
 20
-15.4354
 10
31.5053
 20
-15.4123
 10
31.574
 20
-15.3858
 10
31.6413
 20
-15.356
 10
31.7071
 20
-15.3229
 10
31.7711
 20
-15.2866
 10
31.8333
 20
-15.2472
 10
31.8935
 20
-15.2048
 10
31.9516
 20
-15.1595
 10
32.0073
 20
-15.1114
 10
32.0607
 20
-15.0607
 10
32.1114
 20
-15.0073
 10
32.1595
 20
-14.9516
 10
32.2048
 20
-14.8935
 10
32.2472
 20
-14.8333
 10
32.2866
 20
-14.7711
 10
32.3229
 20
-14.7071
 10
32.356
 20
-14.6413
 10
32.3858
 20
-14.574
 10
32.4123
 20
-14.5053
 10
32.4354
 20
-14.4354
 10
32.455
 20
-14.3645
 10
32.4712
 20
-14.2926
 10
32.4838
 20
-14.2201
 10
32.4928
 20
-14.147
 10
32.4982
 20
-14.0736
 10
32.5
 20
-14.0
 10
32.4982
 20
-13.9264
 10
32.4928
 20
-13.853
 10
32.4838
 20
-13.7799
 10
32.4712
 20
-13.7074
 10
32.455
 20
-13.6355
 10
32.4354
 20
-13.5646
 10
32.4123
 20
-13.4947
 10
32.3858
 20
-13.426
 10
32.356
 20
-13.3587
 10
32.3229
 20
-13.2929
 10
32.2866
 20
-13.2288
 10
32.2472
 20
-13.1666
 10
32.2048
 20
-13.1064
 10
32.1595
 20
-13.0484
 10
32.1114
 20
-12.9927
 10
32.0607
 20
-12.9393
 10
32.0073
 20
-12.8886
 10
31.9516
 20
-12.8405
 10
31.8935
 20
-12.7952
 10
31.8333
 20
-12.7528
 10
31.7711
 20
-12.7134
 10
31.7071
 20
-12.6771
 10
31.6413
 20
-12.644
 10
31.574
 20
-12.6142
 10
31.5053
 20
-12.5877
 10
31.4354
 20
-12.5646
 10
31.3645
 20
-12.545
 10
31.2926
 20
-12.5288
 10
31.2201
 20
-12.5162
 10
31.147
 20
-12.5072
 10
31.0736
 20
-12.5018
 10
31.0
 20
-12.5
 10
30.9264
 20
-12.5018
 10
30.853
 20
-12.5072
 10
30.7799
 20
-12.5162
 10
30.7074
 20
-12.5288
 10
30.6355
 20
-12.545
 10
30.5646
 20
-12.5646
 10
30.4947
 20
-12.5877
 10
30.426
 20
-12.6142
 10
30.3587
 20
-12.644
 10
30.2929
 20
-12.6771
 10
30.2288
 20
-12.7134
 10
30.1666
 20
-12.7528
 10
30.1064
 20
-12.7952
 10
30.0484
 20
-12.8405
 10
29.9927
 20
-12.8886
 10
29.9393
 20
-12.9393
 10
29.8886
 20
-12.9927
 10
29.8405
 20
-13.0484
 10
29.7952
 20
-13.1064
 10
29.7528
 20
-13.1666
 10
29.7134
 20
-13.2288
 10
29.6771
 20
-13.2929
 10
29.644
 20
-13.3587
 10
29.6142
 20
-13.426
 10
29.5877
 20
-13.4947
 10
29.5646
 20
-13.5646
 10
29.545
 20
-13.6355
 10
29.5288
 20
-13.7074
 10
29.5162
 20
-13.7799
 10
29.5072
 20
-13.853
 10
29.5018
 20
-13.9264
 10
29.5
 20
-14.0
 10
29.5018
 20
-14.0736
 10
29.5072
 20
-14.147
 10
29.5162
 20
-14.2201
 10
29.5288
 20
-14.2926
 10
29.545
 20
-14.3645
 10
29.5646
 20
-14.4354
 10
29.5877
 20
-14.5053
 10
29.6142
 20
-14.574
 10
29.644
 20
-14.6413
 10
29.6771
 20
-14.7071
 10
29.7134
 20
-14.7711
 10
29.7528
 20
-14.8333
 10
29.7952
 20
-14.8935
 10
29.8405
 20
-14.9516
 10
29.8886
 20
-15.0073
 10
29.9393
 20
-15.0607
 10
29.9927
 20
-15.1114
 10
30.0484
 20
-15.1595
 10
30.1064
 20
-15.2048
 10
30.1666
 20
-15.2472
 10
30.2288
 20
-15.2866
 10
30.2929
 20
-15.3229
 10
30.3587
 20
-15.356
 10
30.426
 20
-15.3858
 10
30.4947
 20
-15.4123
 10
30.5646
 20
-15.4354
 10
30.6355
 20
-15.455
 10
30.7074
 20
-15.4712
 10
30.7799
 20
-15.4838
  0
LWPOLYLINE
  5
3A
330
17
100
AcDbEntity
  8
ENGRAVE_LINES
100
AcDbPolyline
 90
411
 70
1
 10
-15.12900907603096
 20
-2.1842461960413257
 10
-15.365515104380995
 20
-1.9768359758224467
 10
-15.610843138136731
 20
-1.7799394122397205
 10
-15.864526181442411
 20
-1.5939313090927743
 10
-16.126081334206656
 20
-1.4191657433779854
 10
-16.39501071133042
 20
-1.2559753912826774
 10
-16.670802390459322
 20
-1.1046708949172492
 10
-16.952931386457234
 20
-0.965540270990075
 10
-17.24086065074508
 20
-0.8388483625514858
 10
-17.534042093603453
 20
-0.7248363348498926
 10
-17.831917627492523
 20
-0.6237212162600456
 10
-18.133920229403444
 20
-0.535695485157173
 10
-18.43947502021872
 20
-0.4609267035235012
 10
-18.748000359027444
 20
-0.399557197984447
 10
-19.058908950311768
 20
-0.3517037888818157
 10
-19.371608961897305
 20
-0.3174575678996439
 10
-19.685505151539267
 20
-0.2968837246660003
 10
-20.0
 20
-0.2900214226608215
 10
-20.31449484846073
 20
-0.2968837246660003
 10
-20.628391038102695
 20
-0.31745756789964397
 10
-20.941091049688225
 20
-0.35170378888181536
 10
-21.251999640972556
 20
-0.3995571979844472
 10
-21.560524979781295
 20
-0.4609267035235047
 10
-21.86607977059654
 20
-0.5356954851571677
 10
-22.16808237250748
 20
-0.6237212162600456
 10
-22.465957906396522
 20
-0.724836334849883
 10
-22.759139349254948
 20
-0.8388483625514975
 10
-23.047068613542763
 20
-0.9655402709900731
 10
-23.329197609540675
 20
-1.1046708949172483
 10
-23.60498928866957
 20
-1.2559753912826745
 10
-23.873918665793347
 20
-1.419165743377989
 10
-24.13547381855759
 20
-1.593931309092773
 10
-24.38915686186327
 20
-1.779939412239721
 10
-24.634484895618975
 20
-1.976835975822418
 10
-24.87099092396904
 20
-2.1842461960413257
 10
-25.098224744246284
 20
-2.401775255753745
 10
-25.31575380395868
 20
-2.6290090760309637
 10
-25.523164024177568
 20
-2.8655151043810125
 10
-25.72006058776028
 20
-3.1108431381367274
 10
-25.906068690907215
 20
-3.3645261814423963
 10
-26.080834256622015
 20
-3.62608133420666
 10
-26.244024608717336
 20
-3.895010711330443
 10
-26.395329105082745
 20
-4.1708023904593166
 10
-26.53445972900992
 20
-4.452931386457223
 10
-26.661151637448523
 20
-4.7408606507451
 10
-26.775163665150092
 20
-5.0340420936034125
 10
-26.876278783739977
 20
-5.331917627492593
 10
-26.96430451484282
 20
-5.633920229403415
 10
-27.039073296476495
 20
-5.939475020218702
 10
-27.10044280201555
 20
-6.248000359027449
 10
-27.148296211118183
 20
-6.5589089503117535
 10
-27.18254243210035
 20
-6.871608961897288
 10
-27.203116275334004
 20
-7.185505151539338
 10
-27.209978577339182
 20
-7.499999999999999
 10
-27.203116275334004
 20
-7.81449484846066
 10
-27.18254243210035
 20
-8.12839103810271
 10
-27.148296211118183
 20
-8.441091049688245
 10
-27.10044280201555
 20
-8.751999640972553
 10
-27.039073296476495
 20
-9.060524979781306
 10
-26.964304514842826
 20
-9.366079770596574
 10
-26.876278783739973
 20
-9.668082372507417
 10
-26.7751636651501
 20
-9.965957906396573
 10
-26.661151637448523
 20
-10.259139349254898
 10
-26.53445972900991
 20
-10.5470686135428
 10
-26.395329105082762
 20
-10.829197609540659
 10
-26.24402460871733
 20
-11.104989288669566
 10
-26.08083425662202
 20
-11.373918665793337
 10
-25.906068690907205
 20
-11.635473818557621
 10
-25.720060587760287
 20
-11.889156861863261
 10
-25.523164024177568
 20
-12.134484895618986
 10
-25.31575380395868
 20
-12.370990923969035
 10
-25.09822474424629
 20
-12.59822474424625
 10
-24.870990923969032
 20
-12.815753803958678
 10
-24.634484895618975
 20
-13.023164024177582
 10
-24.389156861863256
 20
-13.220060587760289
 10
-24.13547381855764
 20
-13.40606869090719
 10
-23.87391866579332
 20
-13.580834256622028
 10
-23.604989288669586
 20
-13.744024608717316
 10
-23.329197609540646
 20
-13.895329105082768
 10
-23.047068613542784
 20
-14.034459729009916
 10
-22.759139349254927
 20
-14.16115163744851
 10
-22.465957906396547
 20
-14.275163665150108
 10
-22.168082372507453
 20
-14.376278783739963
 10
-21.866079770596553
 20
-14.464304514842828
 10
-21.560524979781302
 20
-14.539073296476495
 10
-21.251999640972546
 20
-14.600442802015554
 10
-20.94109104968821
 20
-14.648296211118188
 10
-20.628391038102702
 20
-14.682542432100355
 10
-20.314494848460747
 20
-14.703116275334
 10
-20.0
 20
-14.709978577339179
 10
-19.685505151539257
 20
-14.703116275334
 10
-19.371608961897298
 20
-14.682542432100355
 10
-19.05890895031179
 20
-14.648296211118188
 10
-18.748000359027458
 20
-14.600442802015555
 10
-18.43947502021868
 20
-14.53907329647649
 10
-18.13392022940349
 20
-14.46430451484284
 10
-17.831917627492523
 20
-14.376278783739954
 10
-17.53404209360345
 20
-14.275163665150107
 10
-17.240860650745073
 20
-14.16115163744851
 10
-16.952931386457212
 20
-14.034459729009916
 10
-16.670802390459322
 20
-13.89532910508275
 10
-16.39501071133045
 20
-13.744024608717337
 10
-16.126081334206646
 20
-13.580834256622007
 10
-15.8645261814424
 20
-13.406068690907219
 10
-15.610843138136747
 20
-13.22006058776029
 10
-15.36551510438099
 20
-13.023164024177548
 10
-15.129009076030965
 20
-12.81575380395868
 10
-14.901775255753732
 20
-12.59822474424627
 10
-14.684246196041322
 20
-12.370990923969037
 10
-14.476835975822453
 20
-12.134484895619014
 10
-14.279939412239711
 20
-11.889156861863256
 10
-14.093931309092783
 20
-11.635473818557603
 10
-13.919165743377983
 20
-11.373918665793338
 10
-13.755975391282673
 20
-11.104989288669568
 10
-13.604670894917238
 20
-10.829197609540655
 10
-13.465540270990084
 20
-10.547068613542784
 10
-13.338848362551483
 20
-10.25913934925491
 10
-13.2248363348499
 20
-9.965957906396573
 10
-13.123721216260037
 20
-9.668082372507454
 10
-13.035145954984536
 20
-9.364194417985612
 10
-13.018931071568161
 20
-9.333045916751836
 10
-12.992030457292547
 20
-9.310473621234726
 10
-12.95853948682648
 20
-9.299913958808393
 10
-12.923556856827012
 20
-9.302974542353667
 10
-12.892408355593236
 20
-9.319189425770041
 10
-12.869836060076127
 20
-9.346090040045656
 10
-12.859276397649793
 20
-9.379581010511723
 10
-12.862336981195067
 20
-9.41456364051119
 10
-12.951461772643208
 20
-9.720336947643982
 10
-12.952642547883382
 20
-9.724081888258478
 10
-13.055020156608308
 20
-10.025676598154666
 10
-13.056363160027416
 20
-10.029366469722914
 10
-13.171798704432156
 20
-10.326208479710687
 10
-13.173301379546857
 20
-10.329836258352438
 10
-13.301575121511704
 20
-10.62136051279439
 10
-13.303234607894513
 20
-10.624919292826814
 10
-13.444102371061039
 20
-10.910570858735454
 10
-13.445915509785305
 20
-10.91405386581849
 10
-13.599109144359925
 20
-11.193288989202747
 10
-13.601072484013034
 20
-11.19668959323445
 10
-13.76630037720537
 20
-11.468976734166263
 10
-13.768410180458707
 20
-11.472288461903581
 10
-13.945357811583133
 20
-11.737109306334405
 10
-13.947610062306289
 20
-11.740325853715364
 10
-14.135940601489912
 20
-11.997176300116385
 10
-14.138331012395625
 20
-12.000291544260227
 10
-14.337685961753103
 20
-12.248682663208305
 10
-14.340209982558354
 20
-12.251690674070746
 10
-14.550209858612988
 20
-12.491149638953328
 10
-14.552862684700717
 20
-12.494044690614725
 10
-14.773107740752826
 20
-12.724115677682201
 10
-14.7758843223178
 20
-12.726892259247176
 10
-15.005955309385277
 20
-12.947137315299285
 10
-15.008850361046674
 20
-12.949790141387014
 10
-15.248309325929258
 20
-13.159790017441647
 10
-15.251317336791699
 20
-13.1623140382469
 10
-15.499708455739775
 20
-13.361668987604377
 10
-15.502823699883617
 20
-13.36405939851009
 10
-15.75967414628464
 20
-13.552389937693713
 10
-15.762890693665598
 20
-13.554642188416869
 10
-16.027711538096423
 20
-13.731589819541295
 10
-16.03102326583374
 20
-13.733699622794632
 10
-16.30331040676555
 20
-13.898927515986967
 10
-16.306711010797255
 20
-13.900890855640077
 10
-16.58594613418151
 20
-14.054084490214692
 10
-16.589429141264542
 20
-14.055897628938958
 10
-16.875080707173183
 20
-14.196765392105487
 10
-16.878639487205607
 20
-14.198424878488296
 10
-17.17016374164756
 20
-14.326698620453143
 10
-17.17379152028931
 20
-14.328201295567844
 10
-17.47063353027708
 20
-14.443636839972582
 10
-17.474323401845332
 20
-14.44497984339169
 10
-17.77591811174152
 20
-14.547357452116616
 10
-17.779663052356014
 20
-14.54853822735679
 10
-18.08543635948881
 20
-14.637663018804934
 10
-18.089229240442247
 20
-14.638679318193393
 10
-18.398599087942497
 20
-14.714381638258708
 10
-18.402432689270398
 20
-14.715231527211806
 10
-18.71481017404996
 20
-14.777367272225412
 10
-18.718677198274317
 20
-14.77804913293122
 10
-19.03346769203653
 20
-14.826500023970915
 10
-19.037360778056946
 20
-14.827012558468825
 10
-19.353965059205418
 20
-14.86168636650975
 10
-19.357876796311384
 20
-14.862028599161215
 10
-19.675692190602337
 20
-14.882859320639037
 10
-19.67961513257994
 20
-14.883030599984755
 10
-19.99803666034689
 20
-14.889978582437193
 10
-20.00196333965311
 20
-14.889978582437193
 10
-20.320384867420064
 20
-14.883030599984755
 10
-20.324307809397666
 20
-14.882859320639037
 10
-20.642123203688616
 20
-14.862028599161215
 10
-20.646034940794582
 20
-14.86168636650975
 10
-20.962639221943054
 20
-14.827012558468825
 10
-20.96653230796347
 20
-14.826500023970915
 10
-21.281322801725686
 20
-14.778049132931217
 10
-21.285189825950045
 20
-14.77736727222541
 10
-21.597567310729602
 20
-14.715231527211806
 10
-21.601400912057507
 20
-14.714381638258708
 10
-21.910770759557757
 20
-14.638679318193391
 10
-21.914563640511187
 20
-14.637663018804933
 10
-22.22033694764398
 20
-14.548538227356792
 10
-22.224081888258475
 20
-14.547357452116618
 10
-22.525676598154664
 20
-14.444979843391692
 10
-22.529366469722916
 20
-14.443636839972584
 10
-22.82620847971069
 20
-14.328201295567844
 10
-22.82983625835244
 20
-14.326698620453143
 10
-23.12136051279439
 20
-14.198424878488296
 10
-23.124919292826814
 20
-14.196765392105487
 10
-23.41057085873546
 20
-14.055897628938958
 10
-23.4140538658185
 20
-14.054084490214692
 10
-23.69328898920275
 20
-13.900890855640075
 10
-23.69668959323445
 20
-13.898927515986966
 10
-23.968976734166265
 20
-13.73369962279463
 10
-23.972288461903585
 20
-13.731589819541293
 10
-24.237109306334403
 20
-13.554642188416867
 10
-24.24032585371536
 20
-13.552389937693711
 10
-24.497176300116383
 20
-13.364059398510088
 10
-24.500291544260225
 20
-13.361668987604375
 10
-24.748682663208303
 20
-13.1623140382469
 10
-24.751690674070748
 20
-13.159790017441647
 10
-24.991149638953328
 20
-12.949790141387012
 10
-24.994044690614725
 20
-12.947137315299283
 10
-25.224115677682203
 20
-12.726892259247176
 10
-25.226892259247176
 20
-12.724115677682201
 10
-25.447137315299283
 20
-12.494044690614723
 10
-25.449790141387012
 20
-12.491149638953326
 10
-25.659790017441647
 20
-12.251690674070742
 10
-25.662314038246897
 20
-12.248682663208301
 10
-25.861668987604375
 20
-12.000291544260227
 10
-25.86405939851009
 20
-11.997176300116383
 10
-26.05238993769371
 20
-11.740325853715358
 10
-26.054642188416867
 20
-11.737109306334402
 10
-26.231589819541295
 20
-11.47228846190358
 10
-26.23369962279463
 20
-11.468976734166262
 10
-26.39892751598697
 20
-11.196689593234447
 10
-26.40089085564008
 20
-11.193288989202745
 10
-26.554084490214695
 20
-10.914053865818492
 10
-26.55589762893896
 20
-10.910570858735456
 10
-26.696765392105487
 20
-10.624919292826814
 10
-26.698424878488296
 20
-10.621360512794391
 10
-26.826698620453143
 20
-10.329836258352442
 10
-26.828201295567844
 20
-10.326208479710688
 10
-26.943636839972584
 20
-10.029366469722914
 10
-26.944979843391692
 20
-10.025676598154666
 10
-27.047357452116618
 20
-9.724081888258478
 10
-27.04853822735679
 20
-9.720336947643982
 10
-27.137663018804933
 20
-9.414563640511192
 10
-27.138679318193393
 20
-9.410770759557758
 10
-27.214381638258708
 20
-9.101400912057507
 10
-27.215231527211806
 20
-9.097567310729602
 10
-27.27736727222541
 20
-8.785189825950043
 10
-27.278049132931216
 20
-8.781322801725686
 10
-27.326500023970915
 20
-8.466532307963469
 10
-27.327012558468827
 20
-8.462639221943052
 10
-27.36168636650975
 20
-8.146034940794578
 10
-27.362028599161217
 20
-8.142123203688616
 10
-27.38285932063904
 20
-7.8243078093976655
 10
-27.383030599984753
 20
-7.820384867420062
 10
-27.38997858243719
 20
-7.501963339653109
 10
-27.38997858243719
 20
-7.498036660346889
 10
-27.383030599984753
 20
-7.179615132579936
 10
-27.38285932063904
 20
-7.175692190602333
 10
-27.362028599161217
 20
-6.857876796311381
 10
-27.36168636650975
 20
-6.853965059205419
 10
-27.327012558468827
 20
-6.537360778056947
 10
-27.326500023970915
 20
-6.53346769203653
 10
-27.278049132931216
 20
-6.218677198274316
 10
-27.27736727222541
 20
-6.214810174049958
 10
-27.215231527211806
 20
-5.9024326892704
 10
-27.214381638258708
 20
-5.898599087942494
 10
-27.13867931819339
 20
-5.58922924044224
 10
-27.13766301880493
 20
-5.585436359488808
 10
-27.04853822735679
 20
-5.279663052356017
 10
-27.047357452116618
 20
-5.275918111741519
 10
-26.94497984339169
 20
-4.974323401845331
 10
-26.94363683997258
 20
-4.970633530277085
 10
-26.828201295567844
 20
-4.673791520289312
 10
-26.826698620453143
 20
-4.670163741647558
 10
-26.698424878488296
 20
-4.378639487205608
 10
-26.696765392105487
 20
-4.375080707173183
 10
-26.555897628938958
 20
-4.089429141264541
 10
-26.55408449021469
 20
-4.085946134181508
 10
-26.40089085564008
 20
-3.8067110107972564
 10
-26.39892751598697
 20
-3.8033104067655534
 10
-26.23369962279463
 20
-3.5310232658337393
 10
-26.231589819541295
 20
-3.527711538096422
 10
-26.05464218841687
 20
-3.2628906936656006
 10
-26.052389937693714
 20
-3.2596741462846426
 10
-25.86405939851009
 20
-3.0028236998836153
 10
-25.861668987604375
 20
-2.999708455739772
 10
-25.662314038246897
 20
-2.751317336791697
 10
-25.659790017441647
 20
-2.748309325929256
 10
-25.449790141387012
 20
-2.5088503610466732
 10
-25.447137315299283
 20
-2.5059553093852758
 10
-25.226892259247176
 20
-2.2758843223177987
 10
-25.224115677682203
 20
-2.2731077407528244
 10
-24.994044690614725
 20
-2.0528626847007163
 10
-24.991149638953328
 20
-2.0502098586129867
 10
-24.751690674070748
 20
-1.8402099825583529
 10
-24.748682663208303
 20
-1.837685961753101
 10
-24.500291544260225
 20
-1.6383310123956243
 10
-24.497176300116383
 20
-1.6359406014899103
 10
-24.24032585371536
 20
-1.4476100623062875
 10
-24.2371093063344
 20
-1.445357811583132
 10
-23.972288461903577
 20
-1.2684101804587062
 10
-23.96897673416626
 20
-1.26630037720537
 10
-23.696689593234446
 20
-1.1010724840130324
 10
-23.693288989202742
 20
-1.099109144359922
 10
-23.414053865818488
 20
-0.9459155097853051
 10
-23.410570858735454
 20
-0.944102371061039
 10
-23.124919292826814
 20
-0.8032346078945125
 10
-23.12136051279439
 20
-0.8015751215117041
 10
-22.82983625835244
 20
-0.6733013795468571
 10
-22.82620847971069
 20
-0.6717987044321556
 10
-22.529366469722916
 20
-0.5563631600274168
 10
-22.525676598154664
 20
-0.5550201566083092
 10
-22.22408188825848
 20
-0.4526425478833839
 10
-22.220336947643986
 20
-0.4514617726432097
 10
-21.914563640511194
 20
-0.362336981195068
 10
-21.910770759557757
 20
-0.3613206818066081
 10
-21.601400912057503
 20
-0.2856183617412928
 10
-21.597567310729602
 20
-0.2847684727881956
 10
-21.285189825950045
 20
-0.22263272777459053
 10
-21.281322801725686
 20
-0.22195086706878278
 10
-20.96653230796347
 20
-0.17349997602908576
 10
-20.962639221943054
 20
-0.17298744153117548
 10
-20.646034940794582
 20
-0.13831363349024914
 10
-20.642123203688616
 20
-0.1379714008387836
 10
-20.324307809397663
 20
-0.11714067936096376
 10
-20.32038486742006
 20
-0.11696940001524624
 10
-20.00196333965311
 20
-0.11002141756280835
 10
-19.99803666034689
 20
-0.11002141756280837
 10
-19.679615132579936
 20
-0.11696940001524625
 10
-19.675692190602334
 20
-0.11714067936096376
 10
-19.357876796311384
 20
-0.1379714008387836
 10
-19.353965059205418
 20
-0.1383136334902491
 10
-19.037360778056943
 20
-0.17298744153117546
 10
-19.033467692036528
 20
-0.1734999760290858
 10
-18.718677198274314
 20
-0.2219508670687828
 10
-18.714810174049955
 20
-0.22263272777459053
 10
-18.402432689270395
 20
-0.2847684727881956
 10
-18.39859908794249
 20
-0.28561836174129285
 10
-18.08922924044224
 20
-0.36132068180660815
 10
-18.085436359488806
 20
-0.36233698119506813
 10
-17.779663052356018
 20
-0.4514617726432098
 10
-17.775918111741525
 20
-0.4526425478833838
 10
-17.474323401845336
 20
-0.5550201566083101
 10
-17.470633530277087
 20
-0.5563631600274176
 10
-17.173791520289313
 20
-0.6717987044321555
 10
-17.17016374164756
 20
-0.673301379546857
 10
-16.878639487205607
 20
-0.8015751215117048
 10
-16.875080707173183
 20
-0.8032346078945134
 10
-16.589429141264542
 20
-0.9441023710610399
 10
-16.58594613418151
 20
-0.945915509785306
 10
-16.306711010797255
 20
-1.0991091443599228
 10
-16.30331040676555
 20
-1.1010724840130335
 10
-16.03102326583374
 20
-1.2663003772053694
 10
-16.027711538096423
 20
-1.2684101804587053
 10
-15.762890693665598
 20
-1.4453578115831311
 10
-15.75967414628464
 20
-1.4476100623062869
 10
-15.502823699883615
 20
-1.6359406014899105
 10
-15.499708455739773
 20
-1.6383310123956245
 10
-15.251317336791697
 20
-1.8376859617531012
 10
-15.248309325929256
 20
-1.8402099825583527
 10
-15.008850361046674
 20
-2.0502098586129867
 10
-15.005955309385277
 20
-2.0528626847007163
 10
-14.775884322317799
 20
-2.2731077407528253
 10
-14.773107740752824
 20
-2.2758843223177996
 10
-14.552862684700717
 20
-2.5059553093852767
 10
-14.550209858612988
 20
-2.508850361046674
 10
-14.340209982558353
 20
-2.748309325929257
 10
-14.3376859617531
 20
-2.751317336791698
 10
-14.138331012395623
 20
-2.999708455739774
 10
-14.13594060148991
 20
-3.002823699883617
 10
-13.947610062306287
 20
-3.2596741462846417
 10
-13.945357811583131
 20
-3.2628906936655997
 10
-13.768410180458705
 20
-3.5277115380964217
 10
-13.766300377205368
 20
-3.531023265833739
 10
-13.60107248401303
 20
-3.8033104067655534
 10
-13.599109144359922
 20
-3.806711010797256
 10
-13.445915509785307
 20
-4.0859461341815075
 10
-13.44410237106104
 20
-4.089429141264542
 10
-13.303234607894513
 20
-4.375080707173184
 10
-13.301575121511704
 20
-4.378639487205608
 10
-13.173301379546857
 20
-4.670163741647559
 10
-13.171798704432156
 20
-4.673791520289312
 10
-13.056363160027416
 20
-4.970633530277086
 10
-13.055020156608308
 20
-4.974323401845334
 10
-12.952642547883382
 20
-5.275918111741522
 10
-12.951461772643208
 20
-5.2796630523560175
 10
-12.862336981195067
 20
-5.58543635948881
 10
-12.859276397649793
 20
-5.620418989488276
 10
-12.869836060076127
 20
-5.653909959954344
 10
-12.892408355593236
 20
-5.680810574229959
 10
-12.923556856827012
 20
-5.697025457646332
 10
-12.95853948682648
 20
-5.700086041191608
 10
-12.992030457292547
 20
-5.689526378765275
 10
-13.018931071568161
 20
-5.666954083248164
 10
-13.035145954984536
 20
-5.635805582014388
 10
-13.123721216260037
 20
-5.331917627492546
 10
-13.2248363348499
 20
-5.034042093603427
 10
-13.33884836255148
 20
-4.740860650745095
 10
-13.465540270990084
 20
-4.452931386457214
 10
-13.604670894917245
 20
-4.170802390459333
 10
-13.755975391282668
 20
-3.895010711330439
 10
-13.919165743377985
 20
-3.6260813342066593
 10
-14.093931309092785
 20
-3.3645261814423955
 10
-14.279939412239703
 20
-3.110843138136755
 10
-14.476835975822452
 20
-2.8655151043809894
 10
-14.684246196041322
 20
-2.6290090760309646
 10
-14.901775255753735
 20
-2.4017752557537255
  0
LWPOLYLINE
  5
3B
330
17
100
AcDbEntity
  8
ENGRAVE_LINES
100
AcDbPolyline
 90
507
 70
1
 10
-13.291748183831412
 20
-1.63593909661865
 10
-13.501784796985842
 20
-1.4040134610540238
 10
-13.719835318482648
 20
-1.1796056862948063
 10
-13.94563083803823
 20
-0.9629925226919616
 10
-14.17889289386869
 20
-0.7544411079108907
 10
-14.419333816102036
 20
-0.5542086374846663
 10
-14.666657081546589
 20
-0.3625420476280394
 10
-14.92055767937729
 20
-0.17967771070413466
 10
-15.180722487289765
 20
-0.0058411437186414285
 10
-15.44683065765743
 20
0.15875326979832863
 10
-15.718554013216258
 20
0.31390254418035807
 10
-15.995557451788512
 20
0.4594153419562401
 10
-16.277499359546713
 20
0.5951122098164727
 10
-16.564032032308134
 20
0.7208257999236495
 10
-16.854802104339996
 20
0.836401076293699
 10
-17.14945098414703
 20
0.9416955059937181
 10
-17.44761529670374
 20
1.0365792349204002
 10
-17.748927331585335
 20
1.1209352479421486
 10
-18.053015496446207
 20
1.194659513207879
 10
-18.35950477528499
 20
1.257661110443937
 10
-18.668017190932343
 20
1.309862343081366
 10
-18.978172271190186
 20
1.3511988340749785
 10
-19.289587518048346
 20
1.3816196052962186
 10
-19.601878879399145
 20
1.4010871404018062
 10
-19.914661222668823
 20
1.4095774311006746
 10
-20.227548809781343
 20
1.4070800067621463
 10
-20.540155772868946
 20
1.3935979473288111
 10
-20.8520965901428
 20
1.3691478795181828
 10
-21.16298656133677
 20
1.333759956317862
 10
-21.472442282138175
 20
1.2874778197994101
 10
-21.78008211702013
 20
1.2303585472968983
 10
-22.08552666989278
 20
1.162472581016394
 10
-22.38839925199258
 20
1.0839036411632776
 10
-22.688326346432607
 20
0.994748622694564
 10
-22.984938068841817
 20
0.8951174758232998
 10
-23.277868623523556
 20
0.7851330704228677
 10
-23.566756754572484
 20
0.6649310444979525
 10
-23.851246191392683
 20
0.5346596369092221
 10
-24.130986088067214
 20
0.3944795045582338
 10
-24.40563145603824
 20
0.24456352425759675
 10
-24.674843589563107
 20
0.0850965795311794
 10
-24.93829048342282
 20
-0.08372466739330692
 10
-25.195647242365983
 20
-0.26169201811710563
 10
-25.44659648178595
 20
-0.4485859948311216
 10
-25.690828719133837
 20
-0.6441761109858993
 10
-25.928042755587768
 20
-0.8482211555390519
 10
-26.15794604750504
 20
-1.0604694904277427
 10
-26.38025506720131
 20
-1.2806593609011196
 10
-26.594695652610294
 20
-1.508519218328598
 10
-26.80100334539336
 20
-1.743768055086457
 10
-26.99892371708239
 20
-1.9861157511100682
 10
-27.188212682852644
 20
-2.235263431683285
 10
-27.368636802540408
 20
-2.4909038360257094
 10
-27.539973568531853
 20
-2.7527216962204633
 10
-27.702011680170653
 20
-3.020394126018481
 10
-27.854551304343474
 20
-3.2935910190364166
 10
-27.99740432192395
 20
-3.571975455859898
 10
-28.130394559770252
 20
-3.8552041195489224
 10
-28.253358007989807
 20
-4.14292771903174
 10
-28.36614302220452
 20
-4.434791419868209
 10
-28.468610510565696
 20
-4.73043528184823
 10
-28.560634105288464
 20
-5.029494702886308
 10
-28.642100318495096
 20
-5.331600868667893
 10
-28.712908682173094
 20
-5.636381207487003
 10
-28.772971872077463
 20
-5.943459849720378
 10
-28.822215815423082
 20
-6.25245809136777
 10
-28.860579782234705
 20
-6.562994861087456
 10
-28.88801646024208
 20
-6.874687190151404
 10
-28.904492013227763
 20
-7.187150684741151
 10
-28.90998612275546
 20
-7.499999999999999
 10
-28.904492013227763
 20
-7.812849315258849
 10
-28.88801646024208
 20
-8.125312809848598
 10
-28.860579782234705
 20
-8.43700513891254
 10
-28.822215815423082
 20
-8.74754190863223
 10
-28.772971872077466
 20
-9.056540150279615
 10
-28.712908682173094
 20
-9.363618792512998
 10
-28.642100318495096
 20
-9.668399131332105
 10
-28.56063410528846
 20
-9.970505297113702
 10
-28.468610510565696
 20
-10.269564718151772
 10
-28.366143022204522
 20
-10.565208580131781
 10
-28.253358007989803
 20
-10.857072280968268
 10
-28.13039455977026
 20
-11.144795880451067
 10
-27.99740432192395
 20
-11.428024544140102
 10
-27.854551304343488
 20
-11.706408980963563
 10
-27.70201168017063
 20
-11.979605873981551
 10
-27.539973568531863
 20
-12.247278303779524
 10
-27.368636802540415
 20
-12.509096163974286
 10
-27.18821268285264
 20
-12.764736568316719
 10
-26.998923717082388
 20
-13.013884248889934
 10
-26.80100334539338
 20
-13.256231944913527
 10
-26.594695652610284
 20
-13.491480781671413
 10
-26.380255067201315
 20
-13.71934063909888
 10
-26.15794604750503
 20
-13.939530509572272
 10
-25.92804275558775
 20
-14.15177884446097
 10
-25.690828719133865
 20
-14.355823889014077
 10
-25.44659648178595
 20
-14.55141400516888
 10
-25.195647242365997
 20
-14.738307981882889
 10
-24.938290483422822
 20
-14.916275332606691
 10
-24.674843589563125
 20
-15.085096579531168
 10
-24.405631456038233
 20
-15.244563524257602
 10
-24.13098608806722
 20
-15.39447950455823
 10
-23.851246191392658
 20
-15.534659636909234
 10
-23.5667567545725
 20
-15.664931044497948
 10
-23.277868623523535
 20
-15.785133070422877
 10
-22.98493806884183
 20
-15.895117475823293
 10
-22.6883263464326
 20
-15.994748622694567
 10
-22.388399251992567
 20
-16.083903641163282
 10
-22.085526669892808
 20
-16.162472581016385
 10
-21.780082117020157
 20
-16.230358547296895
 10
-21.472442282138083
 20
-16.287477819799427
 10
-21.16298656133677
 20
-16.333759956317866
 10
-20.852096590142803
 20
-16.369147879518184
 10
-20.54015577286902
 20
-16.393597947328804
 10
-20.22754880978132
 20
-16.407080006762143
 10
-19.9146612226688
 20
-16.409577431100676
 10
-19.60187887939918
 20
-16.401087140401806
 10
-19.28958751804838
 20
-16.381619605296223
 10
-18.978172271190203
 20
-16.351198834074978
 10
-18.668017190932236
 20
-16.309862343081353
 10
-18.359504775285032
 20
-16.257661110443948
 10
-18.053015496446196
 20
-16.194659513207878
 10
-17.748927331585374
 20
-16.12093524794216
 10
-17.447615296703688
 20
-16.03657923492038
 10
-17.14945098414709
 20
-15.94169550599374
 10
-16.854802104339964
 20
-15.836401076293688
 10
-16.56403203230814
 20
-15.720825799923652
 10
-16.277499359546706
 20
-15.59511220981647
 10
-15.995557451788509
 20
-15.45941534195624
 10
-15.71855401321626
 20
-15.313902544180358
 10
-15.44683065765745
 20
-15.158753269798341
 10
-15.180722487289758
 20
-14.994158856281354
 10
-14.920557679377307
 20
-14.820322289295877
 10
-14.666657081546585
 20
-14.637457952371959
 10
-14.41933381610205
 20
-14.445791362515346
 10
-14.17889289386867
 20
-14.24555889208909
 10
-13.945630838038223
 20
-14.037007477308034
 10
-13.719835318482632
 20
-13.82039431370518
 10
-13.50178479698585
 20
-13.595986538945986
 10
-13.291748183831416
 20
-13.364060903381358
 10
-13.089984506169754
 20
-13.124903428746206
 10
-12.896742588573284
 20
-12.878809055423545
 10
-12.712260746174318
 20
-12.626081278710197
 10
-12.53676649076324
 20
-12.367031774531624
 10
-12.370476250210508
 20
-12.10198001506884
 10
-12.213595101557129
 20
-11.831252874769582
 10
-12.066316518104106
 20
-11.555184227231496
 10
-11.928822130811922
 20
-11.274114533453305
 10
-11.801281504304535
 20
-10.988390421961967
 10
-11.683851927754255
 20
-10.69836426133395
 10
-11.576678220905206
 20
-10.404393725637453
 10
-11.47989255547483
 20
-10.106841353331973
 10
-11.393178475481056
 20
-9.80455483704977
 10
-11.377096334654636
 20
-9.77333759310101
 10
-11.350292051842853
 20
-9.750650989206573
 10
-11.316846336122373
 20
-9.73994885515481
 10
-11.281850994525469
 20
-9.742860493840015
 10
-11.250633750576709
 20
-9.758942634666434
 10
-11.227947146682272
 20
-9.785746917478217
 10
-11.217245012630508
 20
-9.819192633198698
 10
-11.220156651315714
 20
-9.854187974795602
 10
-11.307306547981733
 20
-10.157993754196324
 10
-11.308231257278894
 20
-10.161016041132465
 10
-11.40599470795911
 20
-10.461574461073214
 10
-11.407024966235962
 20
-10.464562415807073
 10
-11.515281404388865
 20
-10.761502813335985
 10
-11.516415941081858
 20
-10.764452750979542
 10
-11.63503185971426
 20
-11.057408925062235
 10
-11.63626927565873
 20
-11.060317207611952
 10
-11.765098391972947
 20
-11.34892787074808
 10
-11.766437161128643
 20
-11.351790911571465
 10
-11.905320596925394
 20
-11.63570013535165
 10
-11.906759068258461
 20
-11.638514403610463
 10
-12.055525545873042
 20
-11.917372057664162
 10
-12.057061945392153
 20
-11.92013408266881
 10
-12.215527998922191
 20
-12.19359626646174
 10
-12.217160431866315
 20
-12.196302641951496
 10
-12.385130633430656
 20
-12.464032108900154
 10
-12.386857086605772
 20
-12.466679497243927
 10
-12.56412428735546
 20
-12.728346070624148
 10
-12.565942631617327
 20
-12.7309312069366
 10
-12.752288217201418
 20
-12.986212187073203
 10
-12.754196210081325
 20
-12.988731883241167
 10
-12.949390370252504
 20
-13.237312445476523
 10
-12.9513856587228
 20
-13.239763594090727
 10
-13.155187670750333
 20
-13.481337177041576
 10
-13.15726779412629
 20
-13.483716755228864
 10
-13.36942631966674
 20
-13.717985438852345
 10
-13.371588712641184
 20
-13.720290512003613
 10
-13.591842107700842
 20
-13.946965385006495
 10
-13.594084103507813
 20
-13.949193110395798
 10
-13.82216074111451
 20
-14.167994626533611
 10
-13.824479574818046
 20
-14.170142256823945
 10
-14.06009818000446
 20
-14.380800579650714
 10
-14.062490991908447
 20
-14.382865466282166
 10
-14.305360988593804
 20
-14.585120801925584
 10
-14.307824827768695
 20
-14.587100398381658
 10
-14.557646697111021
 20
-14.780703315933247
 10
-14.560178525033047
 20
-14.782595180881353
 10
-14.816644174810046
 20
-14.967306920006523
 10
-14.819240869108482
 20
-14.969108720308743
 10
-15.082034013671535
 20
-15.144701485697412
 10
-15.084692371979358
 20
-15.146410999287838
 10
-15.353488922312065
 20
-15.312668241582465
 10
-15.356205666215255
 20
-15.31428336020755
 10
-15.630674129615414
 20
-15.471000043062094
 10
-15.633445908696055
 20
-15.472518774880665
 10
-15.913247797588268
 20
-15.61950162782118
 10
-15.916071193556444
 20
-15.620922099860856
 10
-16.20086144293107
 20
-15.757989856635822
 10
-16.203732973840463
 20
-15.75931031710286
 10
-16.49316036680424
 20
-15.886293939229375
 10
-16.496076491346233
 20
-15.887512759669066
 10
-16.789784092259683
 20
-16.004255644899143
 10
-16.79274121413066
 20
-16.0053713222041
 10
-17.090366808798095
 20
-16.11172949765401
 10
-17.093361281134598
 20
-16.11274065591786
 10
-17.394537823503914
 20
-16.208582955622354
 10
-17.39756595338009
 20
-16.209488347836597
 10
-17.70192201820142
 20
-16.29469657450901
 10
-17.704980071183357
 20
-16.29549508410086
 10
-18.012140312068382
 20
-16.36996415489963
 10
-18.015224516819558
 20
-16.370654797109047
 10
-18.324810129136548
 20
-16.4342928732309
 10
-18.327916682068842
 20
-16.43487479632503
 10
-18.639545870102562
 20
-16.48760339626493
 10
-18.642670940067003
 20
-16.488075882588518
 10
-18.955959387867363
 20
-16.529829978926827
 10
-18.959099120878896
 20
-16.530192445787236
 10
-19.273660466217628
 20
-16.5609205453846
 10
-19.27681099020804
 20
-16.561172545770447
 10
-19.592257301059078
 20
-16.5808367532716
 10
-19.595414730652195
 20
-16.58097797640401
 10
-19.911356983607856
 20
-16.589554040972132
 10
-19.914517424911192
 20
-16.589584312688018
 10
-20.230565984944402
 20
-16.587061657912006
 10
-20.233725540351287
 20
-16.586980940878846
 10
-20.549490641331985
 20
-16.573362677816668
 10
-20.552645414328275
 20
-16.573171071578546
 10
-20.867737639701616
 20
-16.548473994920524
 10
-20.87088373967107
 20
-16.54817173577538
 10
-21.18491450270445
 20
-16.51242630313217
 10
-21.188048049726813
 20
-16.51201376384037
 10
-21.500630072733507
 20
-16.465264058181205
 10
-21.503747202369407
 20
-16.464741747505844
 10
-21.81449499431787
 20
-16.407045422793317
 10
-21.817591862374655
 20
-16.406413984872778
 10
-22.1261221942944
 20
-16.337842194961205
 10
-22.129194981566943
 20
-16.3371024085148
 10
-22.43512735916474
 20
-16.25773971939994
 10
-22.438172276145504
 20
-16.256892496767527
 10
-22.741129409049073
 20
-16.166836782295732
 10
-22.74414270060148
 20
-16.165883168312597
 10
-23.04375096765196
 20
-16.065245489478144
 10
-23.04672891764141
 20
-16.06418666018645
 10
-23.342618827660726
 20
-15.953091128165836
 10
-23.345557763537524
 20
-15.951928389364271
 10
-23.637364411002494
 20
-15.830512012456403
 10
-23.640260708331013
 20
-15.829246798089809
 10
-23.927624223392236
 20
-15.697659312750833
 10
-23.930474310320726
 20
-15.696293183141801
 10
-24.213040302611212
 20
-15.55469686932299
 10
-24.21584066427679
 20
-15.553231509247588
 10
-24.493260659962996
 20
-15.401800990263983
 10
-24.49600784282634
 20
-15.400238206874016
 10
-24.76793971436274
 20
-15.239160234050622
 10
-24.770630330467167
 20
-15.237501954644966
 10
-25.03673871852418
 20
-15.066975177006157
 10
-25.039369449673814
 20
-15.065223446653917
 10
-25.299326176718942
 20
-14.885458165939966
 10
-25.301893778570896
 20
-14.883615144958407
 10
-25.55537825359284
 20
-14.694833056271404
 10
-25.55787955965827
 20
-14.69290101756174
 10
-25.804579173535053
 20
-14.495334935960608
 10
-25.80701109908425
 20
-14.493316262204951
 10
-26.046621610107668
 20
-14.287209835586852
 10
-26.048981155974268
 20
-14.285107016309777
 10
-26.281207065055206
 20
-14.070714424931927
 10
-26.283491321334914
 20
-14.068530053430276
 10
-26.508046236426956
 20
-13.846115696442734
 10
-26.51025238606619
 20
-13.84385246658743
 10
-26.72685937535789
 20
-13.613690635963481
 10
-26.728984697627883
 20
-13.611351338877327
 10
-26.937376631068247
 20
-13.373725881143598
 10
-26.9394185049204
 20
-13.371313401759123
 10
-27.139338383656405
 20
-13.126517367942471
 10
-27.141294290954676
 20
-13.124034681444101
 10
-27.332495564274474
 20
-12.872369965667207
 10
-27.334363092900873
 20
-12.869820133822126
 10
-27.516609962291884
 20
-12.611597100993228
 10
-27.5183868091212
 20
-12.608983268375448
 10
-27.691454519068046
 20
-12.34452037143159
 10
-27.693138492808185
 20
-12.341845761543935
 10
-27.856813607971887
 20
-12.071469148719663
 10
-27.858402631866262
 20
-12.068737060018373
 10
-28.012483300302897
 20
-11.792780172624164
 10
-28.013975414691593
 20
-11.789993974451086
 10
-28.158271616785672
 20
-11.50879713565768
 10
-28.159664981522198
 20
-11.505960264085044
 10
-28.293998764327934
 20
-11.219870259220698
 10
-28.295291661048555
 20
-11.216986212813579
 10
-28.419497357749897
 20
-10.926355861691894
 10
-28.420688191992834
 20
-10.92342819719362
 10
-28.53461262621168
 20
-10.628615918999348
 10
-28.535699929383455
 20
-10.625648246945147
 10
-28.639202604084026
 20
-10.327017618214594
 10
-28.640185035270598
 20
-10.32401359847893
 10
-28.733138306027115
 20
-10.021932904720051
 10
-28.734014653647584
 20
-10.01889624200307
 10
-28.81630388606142
 20
-9.713738023508267
 10
-28.817073069362173
 20
-9.710672462766988
 10
-28.888596780434444
 20
-9.40281305517867
 10
-28.88925785082202
 20
-9.399722377008546
 10
-28.949927834107278
 20
-9.089541447204105
 10
-28.950479976318206
 20
-9.086429463176588
 10
-29.000221410704807
 20
-8.77430954104514
 10
-29.000663943811027
 20
-8.77118008900708
 10
-29.0394154857941
 20
-8.457506095695367
 10
-29.039747864042713
 20
-8.454363035035998
 10
-29.06746172337587
 20
-8.139521808245352
 10
-29.067683536862205
 20
-8.136369015136712
 10
-29.084325535494777
 20
-7.8207488320563305
 10
-29.084436510667878
 20
-7.817590194672967
 10
-29.089986124894885
 20
-7.501580293138044
 10
-29.089986124894885
 20
-7.498419706861954
 10
-29.084436510667878
 20
-7.182409805327035
 10
-29.084325535494777
 20
-7.179251167943672
 10
-29.067683536862205
 20
-6.863630984863287
 10
-29.06746172337587
 20
-6.860478191754645
 10
-29.039747864042713
 20
-6.5456369649639985
 10
-29.0394154857941
 20
-6.542493904304631
 10
-29.000663943811027
 20
-6.228819910992917
 10
-29.000221410704807
 20
-6.2256904589548565
 10
-28.950479976318203
 20
-5.913570536823409
 10
-28.949927834107275
 20
-5.910458552795892
 10
-28.88925785082202
 20
-5.600277622991456
 10
-28.888596780434444
 20
-5.597186944821331
 10
-28.817073069362173
 20
-5.289327537233009
 10
-28.81630388606142
 20
-5.286261976491731
 10
-28.734014653647584
 20
-4.981103757996932
 10
-28.733138306027115
 20
-4.9780670952799495
 10
-28.640185035270598
 20
-4.675986401521071
 10
-28.639202604084026
 20
-4.672982381785406
 10
-28.535699929383455
 20
-4.37435175305485
 10
-28.53461262621168
 20
-4.371384081000651
 10
-28.420688191992834
 20
-4.076571802806379
 10
-28.419497357749897
 20
-4.0736441383081035
 10
-28.29529166104855
 20
-3.7830137871864182
 10
-28.29399876432793
 20
-3.7801297407792993
 10
-28.159664981522198
 20
-3.4940397359149578
 10
-28.158271616785672
 20
-3.491202864342321
 10
-28.013975414691593
 20
-3.210006025548915
 10
-28.012483300302897
 20
-3.2072198273758383
 10
-27.858402631866266
 20
-2.931262939981629
 10
-27.85681360797189
 20
-2.9285308512803363
 10
-27.69313849280818
 20
-2.6581542384560626
 10
-27.691454519068042
 20
-2.6554796285684077
 10
-27.5183868091212
 20
-2.3910167316245534
 10
-27.516609962291884
 20
-2.3884028990067745
 10
-27.334363092900873
 20
-2.130179866177874
 10
-27.332495564274474
 20
-2.1276300343327916
 10
-27.141294290954676
 20
-1.8759653185558933
 10
-27.139338383656405
 20
-1.873482632057523
 10
-26.939418504920397
 20
-1.6286865982408758
 10
-26.937376631068243
 20
-1.626274118856402
 10
-26.728984697627883
 20
-1.3886486611226716
 10
-26.72685937535789
 20
-1.3863093640365167
 10
-26.510252386066192
 20
-1.156147533412574
 10
-26.50804623642696
 20
-1.1538843035572706
 10
-26.28349132133491
 20
-0.9314699465697219
 10
-26.281207065055202
 20
-0.9292855750680705
 10
-26.04898115597426
 20
-0.7148929836902188
 10
-26.046621610107664
 20
-0.7127901644131448
 10
-25.807011099084257
 20
-0.5066837377950492
 10
-25.804579173535057
 20
-0.5046650640393908
 10
-25.55787955965827
 20
-0.3070989824382613
 10
-25.55537825359284
 20
-0.30516694372859654
 10
-25.301893778570893
 20
-0.11638485504159232
 10
-25.29932617671894
 20
-0.11454183406003403
 10
-25.039369449673814
 20
0.06522344665391645
 10
-25.03673871852418
 20
0.06697517700615582
 10
-24.770630330467164
 20
0.23750195464496757
 10
-24.767939714362736
 20
0.23916023405062356
 10
-24.496007842826344
 20
0.4002382068740131
 10
-24.493260659963
 20
0.4018009902639794
 10
-24.21584066427679
 20
0.5532315092475861
 10
-24.213040302611212
 20
0.5546968693229878
 10
-23.930474310320733
 20
0.6962931831417968
 10
-23.927624223392243
 20
0.6976593127508295
 10
-23.640260708331013
 20
0.8292467980898071
 10
-23.637364411002494
 20
0.8305120124564004
 10
-23.345557763537524
 20
0.9519283893642706
 10
-23.342618827660726
 20
0.9530911281658363
 10
-23.046728917641413
 20
1.0641866601864494
 10
-23.043750967651963
 20
1.0652454894781438
 10
-22.74414270060148
 20
1.1658831683125963
 10
-22.741129409049073
 20
1.1668367822957304
 10
-22.4381722761455
 20
1.2568924967675272
 10
-22.43512735916474
 20
1.2577397193999393
 10
-22.129194981566947
 20
1.3371024085148002
 10
-22.126122194294396
 20
1.337842194961207
 10
-21.81759186237466
 20
1.4064139848727746
 10
-21.814494994317876
 20
1.4070454227933118
 10
-21.503747202369414
 20
1.4647417475058406
 10
-21.500630072733514
 20
1.4652640581812049
 10
-21.188048049726813
 20
1.5120137638403681
 10
-21.18491450270445
 20
1.5124263031321694
 10
-20.870883739671065
 20
1.54817173577538
 10
-20.867737639701613
 20
1.548473994920524
 10
-20.552645414328268
 20
1.5731710715785512
 10
-20.549490641331975
 20
1.573362677816671
 10
-20.23372554035128
 20
1.5869809408788467
 10
-20.2305659849444
 20
1.5870616579120078
 10
-19.914517424911196
 20
1.589584312688018
 10
-19.91135698360786
 20
1.5895540409721327
 10
-19.59541473065219
 20
1.5809779764040115
 10
-19.59225730105907
 20
1.5808367532716006
 10
-19.27681099020803
 20
1.5611725457704442
 10
-19.27366046621762
 20
1.5609205453845978
 10
-18.95909912087889
 20
1.5301924457872347
 10
-18.955959387867356
 20
1.5298299789268253
 10
-18.64267094006701
 20
1.4880758825885163
 10
-18.63954587010257
 20
1.487603396264932
 10
-18.327916682068846
 20
1.4348747963250315
 10
-18.324810129136555
 20
1.4342928732308993
 10
-18.015224516819558
 20
1.3706547971090481
 10
-18.01214031206838
 20
1.369964154899631
 10
-17.704980071183353
 20
1.2954950841008575
 10
-17.701922018201415
 20
1.2946965745090069
 10
-17.397565953380088
 20
1.2094883478365965
 10
-17.394537823503907
 20
1.2085829556223548
 10
-17.093361281134598
 20
1.1127406559178614
 10
-17.0903668087981
 20
1.1117294976540093
 10
-16.792741214130665
 20
1.0053713222040968
 10
-16.789784092259683
 20
1.0042556448991429
 10
-16.49607649134623
 20
0.8875127596690666
 10
-16.493160366804236
 20
0.8862939392293754
 10
-16.20373297384046
 20
0.7593103171028588
 10
-16.200861442931068
 20
0.7579898566358207
 10
-15.916071193556444
 20
0.6209220998608562
 10
-15.913247797588268
 20
0.6195016278211801
 10
-15.633445908696059
 20
0.4725187748806678
 10
-15.630674129615418
 20
0.47100004306209664
 10
-15.356205666215255
 20
0.314283360207551
 10
-15.353488922312065
 20
0.3126682415824641
 10
-15.084692371979356
 20
0.14641099928783544
 10
-15.082034013671533
 20
0.1447014856974106
 10
-14.819240869108478
 20
-0.03089127969126003
 10
-14.816644174810042
 20
-0.032693079993480256
 10
-14.560178525033047
 20
-0.21740481911864762
 10
-14.557646697111021
 20
-0.21929668406675407
 10
-14.307824827768698
 20
-0.41289960161834105
 10
-14.30536098859381
 20
-0.4148791980744149
 10
-14.062490991908449
 20
-0.6171345337178347
 10
-14.06009818000446
 20
-0.6191994203492865
 10
-13.824479574818046
 20
-0.8298577431760568
 10
-13.82216074111451
 20
-0.8320053734663908
 10
-13.594084103507816
 20
-1.0508068896041998
 10
-13.591842107700845
 20
-1.0530346149935026
 10
-13.371588712641184
 20
-1.279709487996386
 10
-13.36942631966674
 20
-1.2820145611476546
 10
-13.157267794126287
 20
-1.5162832447711405
 10
-13.155187670750331
 20
-1.5186628229584285
 10
-12.951385658722801
 20
-1.7602364059092732
 10
-12.949390370252505
 20
-1.7626875545234781
 10
-12.754196210081325
 20
-2.011268116758838
 10
-12.752288217201418
 20
-2.0137878129268003
 10
-12.565942631617329
 20
-2.269068793063398
 10
-12.564124287355462
 20
-2.2716539293758493
 10
-12.38685708660577
 20
-2.533320502756076
 10
-12.385130633430654
 20
-2.535967891099849
 10
-12.217160431866311
 20
-2.803697358048509
 10
-12.215527998922187
 20
-2.806403733538266
 10
-12.057061945392153
 20
-3.0798659173311904
 10
-12.055525545873042
 20
-3.082627942335838
 10
-11.906759068258463
 20
-3.361485596389533
 10
-11.905320596925396
 20
-3.3642998646483457
 10
-11.766437161128643
 20
-3.648209088428533
 10
-11.765098391972947
 20
-3.651072129251918
 10
-11.636269275658728
 20
-3.9396827923880497
 10
-11.635031859714259
 20
-3.9425910749377677
 10
-11.516415941081856
 20
-4.235547249020463
 10
-11.515281404388864
 20
-4.23849718666402
 10
-11.407024966235962
 20
-4.535437584192929
 10
-11.40599470795911
 20
-4.538425538926788
 10
-11.308231257278894
 20
-4.838983958867532
 10
-11.307306547981733
 20
-4.842006245803672
 10
-11.220156651315714
 20
-5.145812025204397
 10
-11.217245012630508
 20
-5.180807366801301
 10
-11.227947146682272
 20
-5.2142530825217825
 10
-11.250633750576709
 20
-5.241057365333566
 10
-11.281850994525469
 20
-5.2571395061599855
 10
-11.316846336122373
 20
-5.26005114484519
 10
-11.350292051842853
 20
-5.249349010793426
 10
-11.377096334654636
 20
-5.226662406898988
 10
-11.393178475481056
 20
-5.19544516295023
 10
-11.47989255547483
 20
-4.893158646668023
 10
-11.576678220905206
 20
-4.595606274362549
 10
-11.683851927754253
 20
-4.301635738666056
 10
-11.80128150430453
 20
-4.011609578038045
 10
-11.928822130811922
 20
-3.725885466546693
 10
-12.06631651810411
 20
-3.4448157727684956
 10
-12.213595101557132
 20
-3.1687471252304134
 10
-12.370476250210501
 20
-2.8980199849311705
 10
-12.536766490763238
 20
-2.6329682254683804
 10
-12.712260746174316
 20
-2.3739187212898085
 10
-12.896742588573296
 20
-2.1211909445764405
 10
-13.089984506169749
 20
-1.8750965712538028
  0
LWPOLYLINE
  5
3C
330
17
100
AcDbEntity
  8
ENGRAVE_LINES
100
AcDbPolyline
 90
450
 70
1
 10
-14.36654973303443
 20
-1.9473378242251302
 10
-14.591494213352663
 20
-1.7280086361414584
 10
-14.824971007218549
 20
-1.5177851866949188
 10
-15.066611787909325
 20
-1.3169991187563213
 10
-15.316035349415776
 20
-1.125967187036707
 10
-15.572848207822569
 20
-0.9449907583836699
 10
-15.836645222057989
 20
-0.7743553363530461
 10
-16.107010233033513
 20
-0.6143301108062448
 10
-16.383516720165225
 20
-0.4651675332435356
 10
-16.665728474241412
 20
-0.32710291854324447
 10
-16.953200285574262
 20
-0.20035407373545386
 10
-17.24547864635083
 20
-0.08512095439540704
 10
-17.542102466074883
 20
0.018414650801069916
 10
-17.842603798970714
 20
0.11008940686242838
 10
-18.146508582201985
 20
0.18975869015435698
 10
-18.453337383740394
 20
0.25729681655409725
 10
-18.762606158704923
 20
0.31259723972638664
 10
-19.07382701297791
 20
0.3555727192080599
 10
-19.38650897289381
 20
0.3861554580362878
 10
-19.700158759786046
 20
0.40429720970323185
 10
-20.01428156817016
 20
0.4099693542684439
 10
-20.328381846335677
 20
0.4031629435089159
 10
-20.641964078115237
 20
0.3838887150355559
 10
-20.954533564597497
 20
0.35217707535382464
 10
-21.265597204550932
 20
0.3080780518952423
 10
-21.574664272327126
 20
0.25166121409545544
 10
-21.88124719201622
 20
0.18301556364338165
 10
-22.184862306633807
 20
0.10224939407450259
 10
-22.485030641125093
 20
0.009490119929898027
 10
-22.78127865798295
 20
-0.09511592424945983
 10
-23.073139004288326
 20
-0.2114037147762752
 10
-23.360151248993283
 20
-0.33918979915371306
 10
-23.641862609284882
 20
-0.478272585485245
 10
-23.917828664883142
 20
-0.6284326605005656
 10
-24.187614059146608
 20
-0.7894331356961342
 10
-24.45079318587916
 20
-0.9610200210440359
 10
-24.706950860755004
 20
-1.1429226256798573
 10
-24.955682976302306
 20
-1.3348539849373497
 10
-25.196597139412418
 20
-1.5365113130562555
 10
-25.429313290368437
 20
-1.7475764808487904
 10
-25.653464302417508
 20
-1.9677165175719469
 10
-25.868696560939934
 20
-2.196584136213046
 10
-26.07467052130211
 20
-2.43381828136036
 10
-26.271061244513263
 20
-2.679044698794739
 10
-26.45755890984012
 20
-2.9318765259025885
 10
-26.63386930357213
 20
-3.1919149019803714
 10
-26.799714283164825
 20
-3.4587495974662024
 10
-26.954832216030148
 20
-3.731959661107045
 10
-27.09897839228115
 20
-4.011114084040484
 10
-27.231925410779528
 20
-4.295772479742318
 10
-27.35346353787748
 20
-4.585485778768315
 10
-27.46340103828835
 20
-4.8797969371951835
 10
-27.561564477562417
 20
-5.17824165763929
 10
-27.647798995692938
 20
-5.480349121720927
 10
-27.721968551418975
 20
-5.785642732814517
 10
-27.78395613684027
 20
-6.093640867913867
 10
-27.833663962006064
 20
-6.403857637428965
 10
-27.871013609185667
 20
-6.715803651711269
 10
-27.895946156578287
 20
-7.028986793102446
 10
-27.90842227126641
 20
-7.342912992285271
 10
-27.90842227126641
 20
-7.657087007714731
 10
-27.895946156578287
 20
-7.971013206897556
 10
-27.871013609185667
 20
-8.284196348288733
 10
-27.833663962006064
 20
-8.59614236257104
 10
-27.78395613684027
 20
-8.906359132086134
 10
-27.721968551418975
 20
-9.214357267185477
 10
-27.647798995692938
 20
-9.51965087827907
 10
-27.561564477562413
 20
-9.821758342360722
 10
-27.463401038288342
 20
-10.120203062804837
 10
-27.353463537877488
 20
-10.414514221231677
 10
-27.231925410779507
 20
-10.704227520257739
 10
-27.098978392281182
 20
-10.988885915959447
 10
-26.954832216030166
 20
-11.268040338892916
 10
-26.799714283164796
 20
-11.541250402533846
 10
-26.63386930357213
 20
-11.808085098019625
 10
-26.457558909840113
 20
-12.068123474097424
 10
-26.271061244513273
 20
-12.320955301205249
 10
-26.074670521302114
 20
-12.566181718639635
 10
-25.86869656093992
 20
-12.803415863786968
 10
-25.653464302417504
 20
-13.032283482428056
 10
-25.42931329036842
 20
-13.252423519151225
 10
-25.196597139412432
 20
-13.463488686943736
 10
-24.9556829763023
 20
-13.665146015062657
 10
-24.706950860754997
 20
-13.85707737432015
 10
-24.45079318587915
 20
-14.038979978955975
 10
-24.187614059146636
 20
-14.210566864303848
 10
-23.917828664883125
 20
-14.371567339499443
 10
-23.641862609284914
 20
-14.521727414514737
 10
-23.36015124899327
 20
-14.66081020084629
 10
-23.073139004288294
 20
-14.788596285223742
 10
-22.78127865798297
 20
-14.904884075750532
 10
-22.48503064112512
 20
-15.009490119929888
 10
-22.184862306633775
 20
-15.10224939407451
 10
-21.88124719201622
 20
-15.183015563643382
 10
-21.574664272327137
 20
-15.251661214095455
 10
-21.265597204550943
 20
-15.308078051895238
 10
-20.954533564597494
 20
-15.352177075353826
 10
-20.641964078115237
 20
-15.383888715035557
 10
-20.32838184633564
 20
-15.403162943508917
 10
-20.014281568170173
 20
-15.409969354268444
 10
-19.700158759786074
 20
-15.404297209703232
 10
-19.3865089728938
 20
-15.386155458036287
 10
-19.0738270129779
 20
-15.355572719208059
 10
-18.76260615870495
 20
-15.31259723972639
 10
-18.45333738374037
 20
-15.257296816554092
 10
-18.146508582201964
 20
-15.189758690154353
 10
-17.84260379897071
 20
-15.110089406862427
 10
-17.54210246607486
 20
-15.018414650801061
 10
-17.24547864635083
 20
-14.914879045604593
 10
-16.953200285574248
 20
-14.79964592626454
 10
-16.665728474241433
 20
-14.672897081456762
 10
-16.38351672016522
 20
-14.53483246675646
 10
-16.107010233033506
 20
-14.385669889193752
 10
-15.836645222057994
 20
-14.225644663646959
 10
-15.57284820782258
 20
-14.055009241616338
 10
-15.316035349415785
 20
-13.874032812963298
 10
-15.066611787909306
 20
-13.683000881243665
 10
-14.824971007218565
 20
-13.482214813305095
 10
-14.591494213352641
 20
-13.271991363858524
 10
-14.366549733034448
 20
-13.052662175774888
 10
-14.150492432637767
 20
-12.824573256893673
 10
-13.943663158360097
 20
-12.58808443417074
 10
-13.746388198512644
 20
-12.343568786024765
 10
-13.5589787687765
 20
-12.091412053778603
 10
-13.38173052123737
 20
-11.832012033124373
 10
-13.2149230779727
 20
-11.565777946571586
 10
-13.058819589927356
 20
-11.293129797868655
 10
-12.91366632177372
 20
-11.014497709416148
 10
-12.779692263411269
 20
-10.730321243717446
 10
-12.65710876871821
 20
-10.441048709936704
 10
-12.546109222125256
 20
-10.147136456658252
 10
-12.446868733537485
 20
-9.849048151963192
 10
-12.359046971671951
 20
-9.545536802420445
 10
-12.342893044844283
 20
-9.514356644926238
 10
-12.316036632786949
 20
-9.49173177576145
 10
-12.282566380781695
 20
-9.481106626161468
 10
-12.247577831287733
 20
-9.48409877883567
 10
-12.216397673793526
 20
-9.500252705663337
 10
-12.193772804628738
 20
-9.527109117720672
 10
-12.183147655028757
 20
-9.560579369725925
 10
-12.186139807702958
 20
-9.595567919219887
 10
-12.274458459982355
 20
-9.900796518301734
 10
-12.275520042294705
 20
-9.904209930899784
 10
-12.37588991467945
 20
-10.205690561712746
 10
-12.377086209118293
 20
-10.209059125529274
 10
-12.489348960791958
 20
-10.506316180322873
 10
-12.490678080115297
 20
-10.509634581202024
 10
-12.614656608374334
 20
-10.802199115225953
 10
-12.616116455799204
 20
-10.805462118147577
 10
-12.7516151754454
 20
-11.0928725894463
 10
-12.753203447955691
 20
-11.096075046784575
 10
-12.90000859984615
 20
-11.37787804431358
 10
-12.901722791825783
 20
-11.381014903957775
 10
-13.059602780093595
 20
-11.656765862872646
 10
-13.061440187279317
 20
-11.659832176197192
 10
-13.230145944692984
 20
-11.929096079187163
 10
-13.23210366844054
 20
-11.932087008858465
 10
-13.411369049325765
 20
-12.194439072418078
 10
-13.413444001182725
 20
-12.197349900025772
 10
-13.602986201286678
 20
-12.452376244581918
 10
-13.605175107864689
 20
-12.45520237808251
 10
-13.804695110500385
 20
-12.702500680919718
 10
-13.806994518639186
 20
-12.705237661880858
 10
-14.016177566406228
 20
-12.94441779183485
 10
-14.018583848621263
 20
-12.94706130246884
 10
-14.237099939958608
 20
-13.177745935386938
 10
-14.239609300163648
 20
-13.180291805362364
 10
-14.46711370995128
 20
-13.40211701935999
 10
-14.469722189447022
 20
-13.40456123238072
 10
-14.705856012834998
 20
-13.617177081954766
 10
-14.708559496554214
 20
-13.619515782095947
 10
-14.952950215161323
 20
-13.822586850189392
 10
-14.955744438160664
 20
-13.82481634798046
 10
-15.208006507749456
 20
-14.018022275127356
 10
-15.210887061937726
 20
-14.020139053372441
 10
-15.470622520638733
 20
-14.20317504308838
 10
-15.473584861730965
 20
-14.205175762414946
 10
-15.740383957856649
 20
-14.37775306203581
 10
-15.743423412543057
 20
-14.379634566162752
 10
-16.016865251001114
 20
-14.541480922373186
 10
-16.019977024319573
 20
-14.543240243090098
 10
-16.29963023060568
 20
-14.694100331423003
 10
-16.30280941350613
 20
-14.69573469327275
 10
-16.588232814228824
 20
-14.835370520902334
 10
-16.591474391317664
 20
-14.836877345559529
 10
-16.88221771018165
 20
-14.965068626752402
 10
-16.88551656763388
 20
-14.966445537090918
 10
-17.18112113578377
 20
-15.082990040722917
 10
-17.18447206941042
 20
-15.084234864565962
 10
-17.48447154901446
 20
-15.188948733156584
 10
-17.487869272472594
 20
-15.19005950670348
 10
-17.791790392404714
 20
-15.28277754646449
 10
-17.795229545537005
 20
-15.283752517388706
 10
-18.102592847996576
 20
-15.364328458829412
 10
-18.106068005287366
 20
-15.365166089042988
 10
-18.416388602179044
 20
-15.433472817721096
 10
-18.41989428131347
 20
-15.434171785801093
 10
-18.73268261919359
 20
-15.490101542855006
 10
-18.73621328970636
 20
-15.49066074612814
 10
-19.05097592208929
 20
-15.534125298274459
 10
-19.054526014089372
 20
-15.534543854556661
 10
-19.370766379895507
 20
-15.56547463328465
 10
-19.37433029285306
 20
-15.565751882272764
 10
-19.69154949977017
 20
-15.584100092016175
 10
-19.695121611351777
 20
-15.584235596329638
 10
-20.01281922287422
 20
-15.589972291445308
 10
-20.016393897812538
 20
-15.589965837316154
 10
-20.334068722716367
 20
-15.583081967747859
 10
-20.33764032170017
 20
-15.58293356535795
 10
-20.654791204709017
 20
-15.563439990913537
 10
-20.658354093279616
 20
-15.563149874378496
 10
-20.97448070567378
 20
-15.531077347597737
 10
-20.978029263113815
 20
-15.530645974597624
 10
-21.29263289203542
 20
-15.48604509223784
 10
-21.296161520235916
 20
-15.48547314329512
 10
-21.608745855444926
 20
-15.4284142665111
 10
-21.61224898773676
 20
-15.427702643917073
 10
-21.922320904576704
 20
-15.358275787261181
 10
-21.925793014512408
 20
-15.35742561365255
 10
-22.232863351850575
 20
-15.275740303070219
 10
-22.236298961922717
 20
-15.274752919658047
 10
-22.539883293837686
 20
-15.180938019702554
 10
-22.543276984120034
 20
-15.179814984156405
 10
-22.842896384118912
 20
-15.074018494695636
 10
-22.84624280081678
 20
-15.072761578686245
 10
-23.14142459737688
 20
-14.955150401422058
 10
-23.14471846127311
 20
-14.953761587826381
 10
-23.434996983515774
 20
-14.824521262994974
 10
-23.4382330982991
 20
-14.82300274276806
 10
-23.72315041061964
 20
-14.682337156436668
 10
-23.72632367108225
 20
-14.680691325155262
 10
-24.00543029557682
 20
-14.528822387576977
 10
-24.00853569566819
 20
-14.527051841660333
 10
-24.281391321218106
 20
-14.364219137194429
 10
-24.284423961942405
 20
-14.362326669808256
 10
-24.550598138837092
 20
-14.188787078958363
 10
-24.553553235981727
 20
-14.18677567560841
 10
-24.812626054984676
 20
-14.002802969774695
 10
-24.81549894666771
 20
-14.000675803596895
 10
-25.06706170145399
 20
-13.806560213181678
 10
-25.069847855478624
 20
-13.804320639936293
 10
-25.313503687399034
 20
-13.600368396484333
 10
-25.316198708403466
 20
-13.598019949261996
 10
-25.55156323255805
 20
-13.384552802357844
 10
-25.554162868949486
 20
-13.382099186005856
 10
-25.78086478058287
 20
-13.159453895690335
 10
-25.783364931244723
 20
-13.15689898096799
 10
-26.001046591506505
 20
-12.9254267864746
 10
-26.0034433122682
 20
-12.922774603946781
 10
-26.21176131241442
 20
-12.682840669596107
 10
-26.214050822273624
 20
-12.680095403274775
 10
-26.412676525419162
 20
-12.432078242401067
 10
-26.414855212506573
 20
-12.42924422314468
 10
-26.603475272073883
 20
-12.17353510096337
 10
-26.60553969935124
 20
-12.170616799644636
 10
-26.783856553397513
 20
-11.90761911600283
 10
-26.785803464079756
 20
-11.90462113645557
 10
-26.95353580472263
 20
-11.634749789439303
 10
-26.95536212741573
 20
-11.631676861195574
 10
-27.112245344617076
 20
-11.355357592597693
 10
-27.11394819816337
 20
-11.35221456342661
 10
-27.259734797170974
 20
-11.069883287107977
 10
-27.261311495194423
 20
-11.066675115367987
 10
-27.395771486983065
 20
-10.778777229571455
 10
-27.397219542127193
 20
-10.775508976388178
 10
-27.52014080622315
 20
-10.482498661090291
 10
-27.52145793407503
 20
-10.479175482372222
 10
-27.63264655319166
 20
-10.181514982781085
 10
-27.633830675885743
 20
-10.178142121085763
 10
-27.733111241842188
 20
-9.876301018415363
 10
-27.734160491338304
 20
-9.872883794678861
 10
-27.821376381778713
 20
-9.567338265350415
 10
-27.822289102809023
 20
-9.563882070493168
 10
-27.897302728285784
 20
-9.255114134931933
 10
-27.898077480966084
 20
-9.251624421354174
 10
-27.96077050199725
 20
-8.940121183566989
 10
-27.961406064098515
 20
-8.936603456547186
 10
-28.011679577856984
 20
-8.622856335680257
 10
-28.012174946733502
 20
-8.619316144690126
 10
-28.049949643073468
 20
-8.303820099779358
 10
-28.050304037244597
 20
-8.300263029729178
 10
-28.07552032381911
 20
-7.983515778866118
 10
-28.075733184202115
 20
-7.979947441294114
 10
-28.088351280474352
 20
-7.662448676439231
 10
-28.08842227126641
 20
-7.658874700658974
 10
-28.08842227126641
 20
-7.341125299341027
 10
-28.088351280474352
 20
-7.3375513235607706
 10
-28.075733184202115
 20
-7.0200525587058875
 10
-28.07552032381911
 20
-7.016484221133884
 10
-28.050304037244597
 20
-6.699736970270823
 10
-28.049949643073468
 20
-6.696179900220643
 10
-28.012174946733502
 20
-6.380683855309878
 10
-28.011679577856984
 20
-6.377143664319747
 10
-27.961406064098515
 20
-6.063396543452812
 10
-27.96077050199725
 20
-6.059878816433008
 10
-27.898077480966084
 20
-5.748375578645822
 10
-27.897302728285784
 20
-5.744885865068064
 10
-27.822289102809023
 20
-5.436117929506834
 10
-27.821376381778713
 20
-5.432661734649588
 10
-27.734160491338308
 20
-5.127116205321145
 10
-27.73311124184219
 20
-5.123698981584642
 10
-27.633830675885747
 20
-4.821857878914242
 10
-27.632646553191663
 20
-4.818485017218919
 10
-27.521457934075027
 20
-4.520824517627774
 10
-27.520140806223147
 20
-4.517501338909705
 10
-27.39721954212719
 20
-4.2244910236118205
 10
-27.395771486983065
 20
-4.221222770428545
 10
-27.26131149519443
 20
-3.9333248846320186
 10
-27.259734797170978
 20
-3.930116712892029
 10
-27.113948198163374
 20
-3.647785436573393
 10
-27.112245344617076
 20
-3.644642407402307
 10
-26.955362127415725
 20
-3.3683231388044255
 10
-26.95353580472263
 20
-3.3652502105606987
 10
-26.785803464079756
 20
-3.0953788635444286
 10
-26.783856553397513
 20
-3.092380883997167
 10
-26.60553969935124
 20
-2.8293832003553665
 10
-26.603475272073883
 20
-2.826464899036631
 10
-26.41485521250657
 20
-2.5707557768553184
 10
-26.41267652541916
 20
-2.5679217575989326
 10
-26.214050822273624
 20
-2.3199045967252263
 10
-26.21176131241442
 20
-2.3171593304038947
 10
-26.003443312268203
 20
-2.0772253960532234
 10
-26.00104659150651
 20
-2.0745732135254027
 10
-25.783364931244723
 20
-1.8431010190320107
 10
-25.78086478058287
 20
-1.8405461043096647
 10
-25.55416286894949
 20
-1.6179008139941455
 10
-25.551563232558053
 20
-1.6154471976421572
 10
-25.316198708403466
 20
-1.4019800507380038
 10
-25.313503687399034
 20
-1.3996316035156677
 10
-25.069847855478628
 20
-1.1956793600637103
 10
-25.067061701453994
 20
-1.1934397868183253
 10
-24.81549894666771
 20
-0.9993241964031054
 10
-24.812626054984676
 20
-0.9971970302253048
 10
-24.553553235981724
 20
-0.81322432439159
 10
-24.550598138837092
 20
-0.8112129210416376
 10
-24.28442396194241
 20
-0.6376733301917433
 10
-24.281391321218106
 20
-0.6357808628055703
 10
-24.008535695668193
 20
-0.4729481583396671
 10
-24.005430295576822
 20
-0.4711776124230225
 10
-23.72632367108225
 20
-0.319308674844736
 10
-23.72315041061964
 20
-0.3176628435633314
 10
-23.4382330982991
 20
-0.17699725723193968
 10
-23.434996983515774
 20
-0.17547873700502437
 10
-23.144718461273108
 20
-0.046238412173618806
 10
-23.14142459737688
 20
-0.04484959857794189
 10
-22.846242800816785
 20
0.07276157868624557
 10
-22.842896384118916
 20
0.07401849469563658
 10
-22.543276984120034
 20
0.17981498415640607
 10
-22.539883293837686
 20
0.1809380197025538
 10
-22.23629896192272
 20
0.2747529196580462
 10
-22.23286335185058
 20
0.2757403030702189
 10
-21.925793014512404
 20
0.35742561365255143
 10
-21.9223209045767
 20
0.3582757872611828
 10
-21.612248987736763
 20
0.42770264391707213
 10
-21.60874585544493
 20
0.4284142665110985
 10
-21.296161520235916
 20
0.48547314329512126
 10
-21.292632892035417
 20
0.4860450922378402
 10
-20.978029263113815
 20
0.5306459745976227
 10
-20.974480705673784
 20
0.5310773475977355
 10
-20.65835409327962
 20
0.5631498743784935
 10
-20.65479120470902
 20
0.5634399909135342
 10
-20.33764032170017
 20
0.5829335653579487
 10
-20.334068722716367
 20
0.5830819677478596
 10
-20.016393897812538
 20
0.5899658373161545
 10
-20.01281922287422
 20
0.5899722914453086
 10
-19.69512161135178
 20
0.5842355963296381
 10
-19.691549499770172
 20
0.5841000920161746
 10
-19.374330292853053
 20
0.5657518822727622
 10
-19.3707663798955
 20
0.5654746332846486
 10
-19.054526014089376
 20
0.534543854556662
 10
-19.050975922089293
 20
0.5341252982744599
 10
-18.73621328970636
 20
0.49066074612814087
 10
-18.73268261919359
 20
0.4901015428550055
 10
-18.419894281313475
 20
0.4341717858010927
 10
-18.416388602179047
 20
0.4334728177210972
 10
-18.10606800528737
 20
0.36516608904298936
 10
-18.10259284799658
 20
0.36432845882941395
 10
-17.795229545537005
 20
0.28375251738870405
 10
-17.791790392404714
 20
0.2827775464644892
 10
-17.4878692724726
 20
0.19005950670348176
 10
-17.48447154901447
 20
0.18894873315658622
 10
-17.184472069410422
 20
0.08423486456596428
 10
-17.181121135783773
 20
0.0829900407229189
 10
-16.88551656763388
 20
-0.0335544629090814
 10
-16.88221771018165
 20
-0.03493137324759692
 10
-16.591474391317668
 20
-0.16312265444046609
 10
-16.588232814228828
 20
-0.1646294790976623
 10
-16.302809413506125
 20
-0.3042653067272522
 10
-16.299630230605676
 20
-0.3058996685769977
 10
-16.01997702431957
 20
-0.4567597569099038
 10
-16.01686525100111
 20
-0.4585190776268158
 10
-15.74342341254306
 20
-0.6203654338372464
 10
-15.740383957856652
 20
-0.6222469379641878
 10
-15.473584861730965
 20
-0.7948242375850533
 10
-15.470622520638733
 20
-0.796824956911619
 10
-15.21088706193773
 20
-0.9798609466275561
 10
-15.20800650774946
 20
-0.981977724872642
 10
-14.955744438160666
 20
-1.175183652019539
 10
-14.952950215161325
 20
-1.1774131498106064
 10
-14.708559496554214
 20
-1.3804842179040524
 10
-14.705856012834998
 20
-1.382822918045234
 10
-14.469722189447028
 20
-1.5954387676192758
 10
-14.467113709951285
 20
-1.5978829806400052
 10
-14.23960930016365
 20
-1.8197081946376337
 10
-14.23709993995861
 20
-1.8222540646130616
 10
-14.01858384862126
 20
-2.0529386975311645
 10
-14.016177566406224
 20
-2.055582208165155
 10
-13.806994518639186
 20
-2.2947623381191433
 10
-13.804695110500385
 20
-2.2974993190802824
 10
-13.605175107864687
 20
-2.5447976219174917
 10
-13.602986201286676
 20
-2.547623755418083
 10
-13.413444001182729
 20
-2.8026500999742248
 10
-13.411369049325769
 20
-2.80556092758192
 10
-13.232103668440542
 20
-3.0679129911415335
 10
-13.230145944692985
 20
-3.0709039208128353
 10
-13.061440187279317
 20
-3.3401678238028083
 10
-13.059602780093595
 20
-3.3432341371273524
 10
-12.901722791825783
 20
-3.6189850960422207
 10
-12.90000859984615
 20
-3.6221219556864175
 10
-12.753203447955693
 20
-3.9039249532154225
 10
-12.751615175445401
 20
-3.9071274105536986
 10
-12.616116455799206
 20
-4.194537881852423
 10
-12.614656608374338
 20
-4.197800884774045
 10
-12.4906780801153
 20
-4.49036541879797
 10
-12.48934896079196
 20
-4.493683819677121
 10
-12.377086209118291
 20
-4.790940874470728
 10
-12.375889914679448
 20
-4.7943094382872555
 10
-12.275520042294701
 20
-5.09579006910022
 10
-12.274458459982352
 20
-5.099203481698271
 10
-12.186139807702958
 20
-5.404432080780113
 10
-12.183147655028757
 20
-5.439420630274075
 10
-12.193772804628738
 20
-5.472890882279328
 10
-12.216397673793526
 20
-5.499747294336663
 10
-12.247577831287733
 20
-5.515901221164331
 10
-12.282566380781695
 20
-5.518893373838532
 10
-12.316036632786949
 20
-5.50826822423855
 10
-12.342893044844283
 20
-5.485643355073761
 10
-12.359046971671951
 20
-5.454463197579555
 10
-12.44686873353748
 20
-5.1509518480368195
 10
-12.546109222125255
 20
-4.852863543341752
 10
-12.657108768718226
 20
-4.558951290063255
 10
-12.77969226341126
 20
-4.269678756282573
 10
-12.91366632177372
 20
-3.9855022905838546
 10
-13.05881958992735
 20
-3.7068702021313555
 10
-13.214923077972708
 20
-3.4342220534283996
 10
-13.381730521237376
 20
-3.1679879668756197
 10
-13.558978768776496
 20
-2.908587946221404
 10
-13.746388198512637
 20
-2.6564312139752433
 10
-13.943663158360112
 20
-2.411915565829245
 10
-14.150492432637769
 20
-2.1754267431063243
  0
LWPOLYLINE
  5
3D
330
17
100
AcDbEntity
  8
ENGRAVE_LINES
100
AcDbPolyline
 90
956
 70
1
 10
-9.185083813120086
 20
-7.406908426263329
 10
-9.122387888355195
 20
-7.406817283663603
 10
-9.121936372188957
 20
-7.406817759879565
 10
-9.059240447424067
 20
-7.4070411546118935
 10
-9.05864741249006
 20
-7.407045221621969
 10
-8.99595148772517
 20
-7.407681768559723
 10
-8.995227210025625
 20
-7.407692037155202
 10
-8.932531285260735
 20
-7.408833287650494
 10
-8.931699085730836
 20
-7.408852286309738
 10
-8.869003160965946
 20
-7.410573724282118
 10
-8.868099885009224
 20
-7.410603064783806
 10
-8.805403960244334
 20
-7.412954748198774
 10
-8.804479468862938
 20
-7.412994185501933
 10
-8.741783544098048
 20
-7.415991656670433
 10
-8.740899154288272
 20
-7.416038301367412
 10
-8.678203229523382
 20
-7.4196544373931035
 10
-8.677429164554503
 20
-7.419702430533039
 10
-8.614733239789613
 20
-7.4238609141750445
 10
-8.614145272004937
 20
-7.423901846931288
 10
-8.551449347240046
 20
-7.428472905014307
 10
-8.55112488667109
 20
-7.428497150593709
 10
-8.488435891356916
 20
-7.433295600636136
 10
-8.425956830675728
 20
-7.438068275918049
 10
-8.363911772564583
 20
-7.442515910592813
 10
-8.302348249956282
 20
-7.446321654934437
 10
-8.241294001250411
 20
-7.449153510454959
 10
-8.18075099562539
 20
-7.450680715738709
 10
-8.120689467591381
 20
-7.450590257223503
 10
-8.061043169814603
 20
-7.4486022167168375
 10
-8.001707637808996
 20
-7.444483272664738
 10
-7.942543236549182
 20
-7.438058711188247
 10
-7.883383716451839
 20
-7.429224335397371
 10
-7.8240490681979695
 20
-7.417959957154058
 10
-7.764359507602633
 20
-7.404345214240796
 10
-7.7041466297603405
 20
-7.388576592041478
 10
-7.643258742755424
 20
-7.3709828427229755
 10
-7.581559638934899
 20
-7.352035573693278
 10
-7.519143351520866
 20
-7.332422262415626
 10
-7.518701285140598
 20
-7.332284598570603
 10
-7.456005360375708
 20
-7.312937235270077
 10
-7.454435313501986
 20
-7.3124683440224745
 10
-7.391739388737096
 20
-7.294364310815038
 10
-7.388914059286623
 20
-7.293598025056112
 10
-7.326218134521732
 20
-7.277683625407102
 10
-7.322022481531344
 20
-7.2767247914474185
 10
-7.259326556766454
 20
-7.263966102109224
 10
-7.253692230013995
 20
-7.263004729813345
 10
-7.190996305249105
 20
-7.2543458697770795
 10
-7.183959489822955
 20
-7.2536544092919915
 10
-7.121263565058065
 20
-7.249972630208626
 10
-7.1130327769110675
 20
-7.249866359521454
 10
-7.050336852146177
 20
-7.251925765628877
 10
-7.041331859359142
 20
-7.25267542359769
 10
-6.9786359345942515
 20
-7.2610813386573
 10
-6.969448127947746
 20
-7.262802974991575
 10
-6.906752203182855
 20
-7.277959103456589
 10
-6.8980150051478635
 20
-7.280545798286111
 10
-6.835319080382973
 20
-7.30261636673878
 10
-6.827550422390939
 20
-7.3057649798143505
 10
-6.7648544976260485
 20
-7.334643985091874
 10
-6.758362403006466
 20
-7.33795940598779
 10
-6.695666478241576
 20
-7.373248934995635
 10
-6.690554558946582
 20
-7.3763543436986865
 10
-6.627858634181692
 20
-7.417353667835596
 10
-6.624097300492624
 20
-7.419952081264319
 10
-6.5614013757277325
 20
-7.465658871496376
 10
-6.558911550212849
 20
-7.467540987259997
 10
-6.496215625447959
 20
-7.516665554676043
 10
-6.494935579665452
 20
-7.517687452348015
 10
-6.432239654900562
 20
-7.568680408400192
 10
-6.370098464948786
 20
-7.619321450773884
 10
-6.30942415586406
 20
-7.666992908511302
 10
-6.2505263971445935
 20
-7.709635133528283
 10
-6.193955707369954
 20
-7.74524267433544
 10
-6.14044909722394
 20
-7.772147858113922
 10
-6.090689846842438
 20
-7.78938529333496
 10
-6.044644356349645
 20
-7.796924153290564
 10
-6.000741241554601
 20
-7.7951520670094885
 10
-5.956104670634719
 20
-7.783556610638983
 10
-5.908285023981273
 20
-7.7602503376401515
 10
-5.856523820087237
 20
-7.723230328183041
 10
-5.801351540047499
 20
-7.67165994050202
 10
-5.743663988035561
 20
-7.606064806056921
 10
-5.684224054268041
 20
-7.527989723693516
 10
-5.623552887702698
 20
-7.439674126890011
 10
-5.561962892620269
 20
-7.343850063854312
 10
-5.4996180619874595
 20
-7.243627283743873
 10
-5.436897062789215
 20
-7.14291819337381
 10
-5.436081407531436
 20
-7.141632874972839
 10
-5.373385482766546
 20
-7.04465860597604
 10
-5.371548268128582
 20
-7.0419277606110935
 10
-5.308852343363691
 20
-6.952318719803829
 10
-5.3054716940846784
 20
-6.947795872425276
 10
-5.242775769319788
 20
-6.869185880675579
 10
-5.2367794240397565
 20
-6.862398334611887
 10
-5.174083499274866
 20
-6.798246848605656
 10
-5.163366486567004
 20
-6.78888985799611
 10
-5.100670561802114
 20
-6.742343397142693
 10
-5.081771441181349
 20
-6.731584683085376
 10
-5.019075516416459
 20
-6.705342478050298
 10
-4.9897862622344595
 20
-6.698529181049042
 10
-4.927090337469569
 20
-6.694718439001493
 10
-4.894196099990579
 20
-6.69883581555702
 10
-4.831500175225689
 20
-6.7189018808465075
 10
-4.806751716666093
 20
-6.731290743723325
 10
-4.744055791901203
 20
-6.775907102046754
 10
-4.729627471396345
 20
-6.78871231162453
 10
-4.666931546631455
 20
-6.857714845162598
 10
-4.65908089860633
 20
-6.867685687246148
 10
-4.596384973841439
 20
-6.960034850735528
 10
-4.5920222135138955
 20
-6.96715005481077
 10
-4.529326288749005
 20
-7.080923729499527
 10
-4.526807237333785
 20
-7.085847092509848
 10
-4.464111312568895
 20
-7.218265815689848
 10
-4.462627746576762
 20
-7.221569492573658
 10
-4.3999318218118715
 20
-7.369054591099097
 10
-4.399085037021403
 20
-7.3711171511076765
 10
-4.336389112256513
 20
-7.529381069902871
 10
-4.335985436501413
 20
-7.530418773670626
 10
-4.273289511736523
 20
-7.694585630819139
 10
-4.2732514688837915
 20
-7.694685422164264
 10
-4.2107214213699375
 20
-7.859002694964925
 10
-4.148592216407791
 20
-8.017311014783587
 10
-4.0870641174968565
 20
-8.163615532288356
 10
-4.026568743274904
 20
-8.291808426175892
 10
-3.9681453353798086
 20
-8.39561148982401
 10
-3.914486242335701
 20
-8.468542752823005
 10
-3.8723925235740215
 20
-8.505483567282056
 10
-3.8503210591010157
 20
-8.513120353228892
 10
-3.8329154698179213
 20
-8.509303733336633
 10
-3.7961058388554725
 20
-8.479851864808142
 10
-3.744512707505814
 20
-8.408801314540309
 10
-3.686772858231639
 20
-8.297342529448937
 10
-3.626544208561454
 20
-8.150388717648426
 10
-3.5651854118684128
 20
-7.973258931813566
 10
-3.5032431546622673
 20
-7.771736534260576
 10
-3.4409571926559215
 20
-7.55221562708051
 10
-3.3784347289194585
 20
-7.3216766432858575
 10
-3.3157747643037707
 20
-7.087773667118651
 10
-3.3156509579024442
 20
-7.0873163305887905
 10
-3.252955033137554
 20
-6.858113416431248
 10
-3.2525952042008797
 20
-6.8568350928664685
 10
-3.1898992794359895
 20
-6.640242049123175
 10
-3.1891853620915223
 20
-6.637895874745685
 10
-3.126489437326632
 20
-6.441504211634114
 10
-3.125135997316893
 20
-6.437579482585419
 10
-3.0624400725520027
 20
-6.2685285797458254
 10
-3.059713478604442
 20
-6.261980512627524
 10
-2.997017553839552
 20
-6.126697762161044
 10
-2.9907238042610214
 20
-6.1153439178359275
 10
-2.928027879496131
 20
-6.019302597788838
 10
-2.9104430097004204
 20
-5.999495150817283
 10
-2.84774708493553
 20
-5.946999150777549
 10
-2.824702335592322
 20
-5.932976347322905
 10
-2.7985371314621386
 20
-5.926412691188958
 10
-2.7358412066972484
 20
-5.920416468269274
 10
-2.705243229814817
 20
-5.922745401807959
 10
-2.67720627752939
 20
-5.93521895091277
 10
-2.614510352764499
 20
-5.977190025370597
 10
-2.5907745825409925
 20
-6.000469195522982
 10
-2.5280786577761023
 20
-6.0902991331331675
 10
-2.5201511274729342
 20
-6.104122492628223
 10
-2.457455202708044
 20
-6.24009070991327
 10
-2.454255252423921
 20
-6.247995248669424
 10
-2.391559327659031
 20
-6.426788171704026
 10
-2.39003207244323
 20
-6.431565914058234
 10
-2.3273361476783396
 20
-6.648352084681823
 10
-2.3265264019752703
 20
-6.651344101428378
 10
-2.26383047721038
 20
-6.899903825360859
 10
-2.2633821252701605
 20
-6.901764540435586
 10
-2.2006862005052703
 20
-7.174670682685695
 10
-2.2004492933272592
 20
-7.175731204116882
 10
-2.137753368562368
 20
-7.464575831851736
 10
-2.137663061520465
 20
-7.46499673646242
 10
-2.0749847695805754
 20
-7.760573407595486
 10
-2.0123914812193675
 20
-8.053025899256669
 10
-1.94995922541646
 20
-8.332403647458731
 10
-1.8877762239456632
 20
-8.589045455514274
 10
-1.8260582974603894
 20
-8.813569216287211
 10
-1.765383885894127
 20
-8.996846581365876
 10
-1.7076382884698829
 20
-9.129301114604283
 10
-1.6606728969794786
 20
-9.198784177976743
 10
-1.6502465910476103
 20
-9.205074924566912
 10
-1.6126422975514398
 20
-9.15918861656622
 10
-1.5568890304512242
 20
-9.041670677195402
 10
-1.4967765715800079
 20
-8.864976746223451
 10
-1.4352665332359902
 20
-8.638211179492567
 10
-1.3731856582530235
 20
-8.369788701514807
 10
-1.3108242401546157
 20
-8.068690022857577
 10
-1.2483002531969398
 20
-7.74469135510537
 10
-1.1856632143721468
 20
-7.40823685418222
 10
-1.1229720338610443
 20
-7.070406748181613
 10
-1.1228823281634648
 20
-7.069930493690079
 10
-1.0601864033985746
 20
-6.741930256373437
 10
-1.059971679701421
 20
-6.740843236096434
 10
-0.9972757549365308
 20
-6.433416854933739
 10
-0.996866174973754
 20
-6.431513847349574
 10
-0.9341702502088638
 20
-6.1547962740801925
 10
-0.9333972698084594
 20
-6.151648717019701
 10
-0.8707013450435692
 20
-5.914846697787037
 10
-0.8691182779233171
 20
-5.909534421162512
 10
-0.8064223531584269
 20
-5.720610685271084
 10
-0.802587135866249
 20
-5.710957100607381
 10
-0.7398912111013588
 20
-5.576354614372153
 10
-0.7275779553789149
 20
-5.556896046060335
 10
-0.6648820306140247
 20
-5.481312141425871
 10
-0.6424498605368385
 20
-5.461919911488212
 10
-0.6149333293652582
 20
-5.450869963587417
 10
-0.5522374046003681
 20
-5.43708846263367
 10
-0.5130592355270874
 20
-5.437207564791295
 10
-0.47764378526430135
 20
-5.453961340483438
 10
-0.4149478604994094
 20
-5.5027488096132275
 10
-0.3920160342262523
 20
-5.529232671809289
 10
-0.32932010946136214
 20
-5.639302723384166
 10
-0.3232009215180325
 20
-5.6523878853020415
 10
-0.2605049967531423
 20
-5.820435078497316
 10
-0.2582501015754636
 20
-5.82731128020154
 10
-0.19555417681057344
 20
-6.048113741444021
 10
-0.19452187918911987
 20
-6.052093021906003
 10
-0.1318259544242297
 20
-6.318680495715328
 10
-0.13129217479451732
 20
-6.321099023317888
 10
-0.06859625002962715
 20
-6.6249807634805045
 10
-0.06830800988862347
 20
-6.626438552652477
 10
-0.005612085123733304
 20
-6.957883354510315
 10
-0.0054670038657098075
 20
-6.958669432090083
 10
0.05722892089918036
 20
-7.3070282656535195
 10
0.057273344992222294
 20
-7.30727710428377
 10
0.11994723243208003
 20
-7.661212851111859
 10
0.182549975245264
 20
-8.009053935617
 10
0.24503351154871808
 20
-8.339375936403135
 10
0.3073290493265598
 20
-8.641317035370667
 10
0.3692707478994103
 20
-8.904697486459284
 10
0.4304159559861201
 20
-9.120038634857021
 10
0.48931325747197807
 20
-9.277904177770544
 10
0.5395843640019171
 20
-9.366161003221745
 10
0.5504942088878313
 20
-9.374650609565032
 10
0.5816248684183923
 20
-9.337120629586439
 10
0.637222513402473
 20
-9.217757508749727
 10
0.6974064724781576
 20
-9.036403163440157
 10
0.7589778665726381
 20
-8.80384848778589
 10
0.8211005627187011
 20
-8.529660942312198
 10
0.8834912804159442
 20
-8.223731128983257
 10
0.9460376950967232
 20
-7.896513069188575
 10
1.0086894081452251
 20
-7.558895645370147
 10
1.0713948361895862
 20
-7.22207371004696
 10
1.0715049995741706
 20
-7.2214925872099265
 10
1.1342009243390607
 20
-6.896602939480523
 10
1.1344408798179282
 20
-6.895403371214209
 10
1.1971368045828183
 20
-6.592689599149043
 10
1.1975810821709099
 20
-6.590662472223383
 10
1.2602770069358
 20
-6.3195806698306765
 10
1.261101135940984
 20
-6.3162995175518
 10
1.3237970607058742
 20
-6.08516201067021
 10
1.325454129091935
 20
-6.079736045072502
 10
1.3881500538568252
 20
-5.895448301555583
 10
1.3920410967029793
 20
-5.885858474911268
 10
1.4547370214678712
 20
-5.753706651914513
 10
1.4664393382251748
 20
-5.735236740870739
 10
1.529135262990065
 20
-5.658732590767693
 10
1.5723772119144175
 20
-5.629728894474481
 10
1.6350731366793076
 20
-5.610516672404815
 10
1.6724631972961366
 20
-5.607244502248187
 10
1.7079364908343149
 20
-5.619507013247909
 10
1.770632415599205
 20
-5.657334809354175
 10
1.7987022872164407
 20
-5.683994966487329
 10
1.8613982119813308
 20
-5.776750605807904
 10
1.8693344377446106
 20
-5.791183172322885
 10
1.9320303625095008
 20
-5.934992567689836
 10
1.9349695619724412
 20
-5.942674924614938
 10
1.9976654867373314
 20
-6.132058613643882
 10
1.9990067700783514
 20
-6.136488956466999
 10
2.0617026948432415
 20
-6.3645705790196985
 10
2.0623907293541666
 20
-6.367231964138913
 10
2.1250866541190567
 20
-6.625990710239847
 10
2.125451138849663
 20
-6.627555947013227
 10
2.188147063614553
 20
-6.90811358596122
 10
2.1883203245702134
 20
-6.908905656732116
 10
2.2510162493351036
 20
-7.201837692970341
 10
2.2510516720218536
 20
-7.202003964357105
 10
2.313702946579721
 20
-7.497453227617465
 10
2.3762379621640344
 20
-7.785556535202114
 10
2.438597949331057
 20
-8.057000390481997
 10
2.5006806975997637
 20
-8.303129159273697
 10
2.56224895088872
 20
-8.516016135780507
 10
2.6227021317047745
 20
-8.688413320212733
 10
2.680261158647118
 20
-8.81324118281083
 10
2.728698614487903
 20
-8.882641764307808
 10
2.750661763146997
 20
-8.897344744623611
 10
2.7536013598442666
 20
-8.897063602314013
 10
2.7846203357110264
 20
-8.871091066388589
 10
2.836439836600301
 20
-8.79171089473867
 10
2.8949069606005313
 20
-8.665552880860153
 10
2.9556467126183437
 20
-8.501776527686161
 10
3.017338246886754
 20
-8.308531064598872
 10
3.079508566857422
 20
-8.093753806213455
 10
3.1419667877751087
 20
-7.865419886566957
 10
3.204601411244817
 20
-7.6316115061994845
 10
3.2046737459154166
 20
-7.631343147074916
 10
3.267369670680307
 20
-7.4001645606985305
 10
3.267649717289397
 20
-7.3991552326466525
 10
3.330345642054287
 20
-7.178189450991395
 10
3.3309000370764914
 20
-7.176313425895089
 10
3.3935959618413816
 20
-6.972339052901646
 10
3.3945817050154217
 20
-6.969322483776472
 10
3.4572776297803136
 20
-6.788332693805842
 10
3.4590426203352633
 20
-6.783660861214686
 10
3.5217385451001535
 20
-6.630687065869585
 10
3.525102069002555
 20
-6.623419729727375
 10
3.5877979937674453
 20
-6.50239392705698
 10
3.5948863682509917
 20
-6.490910374983029
 10
3.657582293015882
 20
-6.404569813021274
 10
3.674180122322092
 20
-6.387177307731238
 10
3.736876047086982
 20
-6.337013476006558
 10
3.77382664096779
 20
-6.319376445370919
 10
3.8365225657326802
 20
-6.30562876296101
 10
3.885227842456941
 20
-6.308487388595703
 10
3.9479237672218312
 20
-6.330180346838417
 10
3.9778596849181933
 20
-6.347587893056005
 10
4.040555609683084
 20
-6.402608893628346
 10
4.053684077672827
 20
-6.416917532522971
 10
4.116380002437717
 20
-6.50213129068759
 10
4.122317906522358
 20
-6.511324694637601
 10
4.1850138312872485
 20
-6.622718899517485
 10
4.187975292825111
 20
-6.628452312912922
 10
4.250671217590001
 20
-6.7613082896538685
 10
4.252241140606562
 20
-6.76482842848876
 10
4.314937065371452
 20
-6.913909859324457
 10
4.315753960732348
 20
-6.915919769483593
 10
4.378449885497238
 20
-7.075672119687557
 10
4.378786148671066
 20
-7.07654216593517
 10
4.441463081613557
 20
-7.24124542617719
 10
4.503941327079206
 20
-7.404842298489256
 10
4.56602158716992
 20
-7.561552089095676
 10
4.627572802119721
 20
-7.706344386765324
 10
4.688309846669622
 20
-7.834625800895265
 10
4.747654332899278
 20
-7.942317653215555
 10
4.8044307814697955
 20
-8.025947610841145
 10
4.85632502043934
 20
-8.083061912581755
 10
4.899706288451516
 20
-8.113933364042344
 10
4.933002720292698
 20
-8.124590011627296
 10
4.963643912343364
 20
-8.122727599048293
 10
5.0021681775372695
 20
-8.106602760474889
 10
5.050339800103669
 20
-8.07083937469757
 10
5.104879012017237
 20
-8.015033969434237
 10
5.162986440276957
 20
-7.94217716935956
 10
5.223119438638648
 20
-7.856231227509867
 10
5.2845084644007
 20
-7.761278390941545
 10
5.346789454245648
 20
-7.6612758329286565
 10
5.409472847103447
 20
-7.560508795225654
 10
5.4101833334037055
 20
-7.559385235855581
 10
5.472879258168597
 20
-7.461840525246145
 10
5.474407611083945
 20
-7.45954098910868
 10
5.537103535848835
 20
-7.368278065940796
 10
5.539676147333818
 20
-7.364722248045068
 10
5.602372072098708
 20
-7.28237038155386
 10
5.606398498085523
 20
-7.277452155944733
 10
5.669094422850413
 20
-7.206162120734681
 10
5.675219920250249
 20
-7.199848004268662
 10
5.737915845015139
 20
-7.14124514892506
 10
5.747016923664553
 20
-7.133790695419546
 10
5.809712848429443
 20
-7.088950089848044
 10
5.822638698332693
 20
-7.081251423361237
 10
5.885334623097584
 20
-7.050694770588909
 10
5.902136218735657
 20
-7.044488713783735
 10
5.964832143500547
 20
-7.028201892344769
 10
5.983831049722869
 20
-7.0253839187395
 10
6.046526974487759
 20
-7.022853287628841
 10
6.064698494558302
 20
-7.023962623877283
 10
6.127394419323194
 20
-7.034227598612726
 10
6.142312576088542
 20
-7.038003202548897
 10
6.20500850085343
 20
-7.059722117795248
 10
6.215980297723237
 20
-7.064357006334853
 10
6.278676222488129
 20
-7.095882931325393
 10
6.286187061759349
 20
-7.100122219281747
 10
6.348882986524237
 20
-7.139585193984755
 10
6.353719926683672
 20
-7.142853430403395
 10
6.416415851448564
 20
-7.188245543611066
 10
6.419239428032941
 20
-7.190375626985069
 10
6.481935352797829
 20
-7.239635456603632
 10
6.483187937241144
 20
-7.240637788313767
 10
6.545850329844814
 20
-7.291703631158823
 10
6.607877322913959
 20
-7.342152519878219
 10
6.668699982568797
 20
-7.389809315050184
 10
6.728287015082266
 20
-7.433249650380705
 10
6.786564929387502
 20
-7.471359864203747
 10
6.843474413032617
 20
-7.503392390742704
 10
6.8990461660745055
 20
-7.528989859085283
 10
6.953481325472675
 20
-7.548152426927365
 10
7.00719395550862
 20
-7.561136931487611
 10
7.060767556815756
 20
-7.568319777002913
 10
7.114824318199587
 20
-7.570095407954349
 10
7.169875282261276
 20
-7.5668625744207265
 10
7.226233955792175
 20
-7.559078944659085
 10
7.284018696001611
 20
-7.547319686755399
 10
7.3432093637292795
 20
-7.532295042885126
 10
7.403711698056297
 20
-7.514824429382075
 10
7.46540352342438
 20
-7.495786921560876
 10
7.527878592052802
 20
-7.476155139234996
 10
7.528438433188742
 20
-7.4759812195145265
 10
7.591134357953631
 20
-7.456727835266976
 10
7.592571158642677
 20
-7.456299668913915
 10
7.655267083407569
 20
-7.438183481312987
 10
7.657450356129678
 20
-7.437582272824132
 10
7.720146280894566
 20
-7.421163387255436
 10
7.722932413582112
 20
-7.420481005047722
 10
7.785628338347004
 20
-7.406180532923793
 10
7.788856414568821
 20
-7.405506202342547
 10
7.851552339333709
 20
-7.39360370301628
 10
7.855046121869144
 20
-7.393011435144454
 10
7.917742046634036
 20
-7.383648962984129
 10
7.921318650031684
 20
-7.383187912906871
 10
7.984014574796572
 20
-7.376379869313079
 10
7.987497801457157
 20
-7.37606996940502
 10
8.05019372622205
 20
-7.371717754169519
 10
8.053428252777852
 20
-7.371551637016218
 10
8.116124177542744
 20
-7.36946195093877
 10
8.11898670843504
 20
-7.369412103148202
 10
8.181682633199928
 20
-7.369317676974753
 10
8.184087721713755
 20
-7.369346195069272
 10
8.246783646478647
 20
-7.370927708021629
 10
8.248684058554758
 20
-7.370995742527855
 10
8.311379983319647
 20
-7.373903743271833
 10
8.312763066393597
 20
-7.373978564163587
 10
8.375458991158489
 20
-7.377854311534883
 10
8.376340999035465
 20
-7.377913185068416
 10
8.439036923800353
 20
-7.382407476434075
 10
8.439456865625601
 20
-7.38243856714822
 10
8.502152790390493
 20
-7.387227808329821
 10
8.56470036577248
 20
-7.392015432485545
 10
8.626940121462864
 20
-7.396553232021967
 10
8.688955066228695
 20
-7.400666547749197
 10
8.750821774961064
 20
-7.404234856775294
 10
8.812613245750196
 20
-7.407189086302081
 10
8.874395259134364
 20
-7.409506489494771
 10
8.936223416428438
 20
-7.411204101231538
 10
8.998141079309537
 20
-7.412331185068252
 10
9.060178333796129
 20
-7.412961044576956
 10
9.122351976908169
 20
-7.413182578343512
 10
9.184666417017693
 20
-7.413091990317363
 10
9.247115311100872
 20
-7.4127850951923815
 10
9.309683733281735
 20
-7.412350653363462
 10
9.372343460999991
 20
-7.411865171167878
 10
9.435053795827228
 20
-7.4113893372694415
 10
9.497825357571784
 20
-7.410965766136135
 10
9.497936953236644
 20
-7.410965082356099
 10
9.560632878001536
 20
-7.410619797674282
 10
9.560757631847482
 20
-7.410619197085916
 10
9.62345355661237
 20
-7.410360821643357
 10
9.6235728452554
 20
-7.410360409100277
 10
9.686268770020291
 20
-7.410185134186674
 10
9.686369309632305
 20
-7.41018490927187
 10
9.749065234397193
 20
-7.410079672938849
 10
9.81183556652249
 20
-7.4100261763572295
 10
9.874578235679937
 20
-7.41000530939709
 10
9.937296944285807
 20
-7.410000337136151
 10
9.999999516446588
 20
-7.410000000001299
 10
10.034441062167259
 20
-7.416850657027305
 10
10.063639268381973
 20
-7.436360047770232
 10
10.083148972876936
 20
-7.465558044342538
 10
10.089999999998701
 20
-7.499999516446587
 10
10.083149342972696
 20
-7.53444106216726
 10
10.063639952229769
 20
-7.563639268381973
 10
10.034441955657462
 20
-7.583148972876936
 10
10.000000483553412
 20
-7.589999999998701
 10
9.937307882485209
 20
-7.590000336834493
 10
9.874626673338321
 20
-7.590005303240337
 10
9.811965512696055
 20
-7.590026130969035
 10
9.74933016382298
 20
-7.590079481817958
 10
9.686721712587175
 20
-7.590184571324953
 10
9.624135702024379
 20
-7.590359538958581
 10
9.56156179857516
 20
-7.5906174115405225
 10
9.498984048569195
 20
-7.590962045399592
 10
9.436381740029137
 20
-7.591384442743197
 10
9.373730838676847
 20
-7.591859824519297
 10
9.31104211893731
 20
-7.592345531342574
 10
9.248273799865864
 20
-7.592781390267713
 10
9.248091188119258
 20
-7.59278247295414
 10
9.18539526335437
 20
-7.593090582071988
 10
9.185083813120086
 20
-7.593091573736671
 10
9.122387888355194
 20
-7.593182716336397
 10
9.121936372188955
 20
-7.593182240120435
 10
9.059240447424067
 20
-7.5929588453881065
 10
9.05864741249006
 20
-7.592954778378031
 10
8.995951487725169
 20
-7.592318231440277
 10
8.995227210025623
 20
-7.592307962844798
 10
8.932531285260731
 20
-7.591166712349506
 10
8.931699085730832
 20
-7.591147713690262
 10
8.869003160965944
 20
-7.589426275717882
 10
8.868099885009222
 20
-7.589396935216194
 10
8.80540396024433
 20
-7.587045251801226
 10
8.804479468862935
 20
-7.587005814498067
 10
8.741783544098046
 20
-7.584008343329567
 10
8.74089915428827
 20
-7.583961698632588
 10
8.678203229523378
 20
-7.5803455626068965
 10
8.677429164554498
 20
-7.580297569466961
 10
8.61473323978961
 20
-7.576139085824955
 10
8.614145272004935
 20
-7.5760981530687115
 10
8.551449347240043
 20
-7.571527094985692
 10
8.551124886671088
 20
-7.57150284940629
 10
8.488435891357792
 20
-7.566704399363931
 10
8.425956830675725
 20
-7.561931724081951
 10
8.363911772564583
 20
-7.557484089407187
 10
8.30234824995628
 20
-7.553678345065563
 10
8.241294001250411
 20
-7.550846489545041
 10
8.180750995625388
 20
-7.549319284261291
 10
8.120689467591381
 20
-7.549409742776497
 10
8.061043169814603
 20
-7.5513977832831625
 10
8.001707637809014
 20
-7.555516727335262
 10
7.942543236549164
 20
-7.561941288811756
 10
7.883383716451838
 20
-7.57077566460263
 10
7.824049068197958
 20
-7.582040042845945
 10
7.764359507602642
 20
-7.595654785759201
 10
7.704146629760331
 20
-7.611423407958526
 10
7.643258742755387
 20
-7.629017157277035
 10
7.581559638934945
 20
-7.647964426306708
 10
7.519143351520863
 20
-7.6675777375843746
 10
7.518701285140595
 20
-7.667715401429398
 10
7.456005360375706
 20
-7.687062764729923
 10
7.454435313501986
 20
-7.687531655977525
 10
7.391739388737094
 20
-7.705635689184962
 10
7.388914059286622
 20
-7.706401974943889
 10
7.326218134521733
 20
-7.722316374592899
 10
7.322022481531342
 20
-7.723275208552583
 10
7.2593265567664504
 20
-7.736033897890777
 10
7.2536922300139945
 20
-7.736995270186654
 10
7.190996305249106
 20
-7.74565413022292
 10
7.183959489822955
 20
-7.7463455907080085
 10
7.121263565058063
 20
-7.750027369791374
 10
7.113032776911064
 20
-7.750133640478545
 10
7.050336852146172
 20
-7.7480742343711215
 10
7.041331859359138
 20
-7.747324576402309
 10
6.97863593459425
 20
-7.738918661342698
 10
6.969448127947744
 20
-7.737197025008424
 10
6.906752203182852
 20
-7.72204089654341
 10
6.89801500514786
 20
-7.719454201713887
 10
6.8353190803829715
 20
-7.697383633261218
 10
6.827550422390936
 20
-7.694235020185648
 10
6.764854497626044
 20
-7.665356014908123
 10
6.758362403006462
 20
-7.662040594012207
 10
6.695666478241574
 20
-7.6267510650043615
 10
6.690554558946581
 20
-7.623645656301312
 10
6.627858634181689
 20
-7.582646332164402
 10
6.624097300492619
 20
-7.580047918735677
 10
6.561401375727731
 20
-7.5343411285036215
 10
6.558911550212848
 20
-7.532459012740001
 10
6.496215625447956
 20
-7.483334445323954
 10
6.494935579665451
 20
-7.482312547651983
 10
6.432239654900562
 20
-7.431319591599808
 10
6.370098464948826
 20
-7.380678549226145
 10
6.309424155864051
 20
-7.33300709148869
 10
6.250526397144599
 20
-7.290364866471721
 10
6.193955707369947
 20
-7.254757325664556
 10
6.140449097223944
 20
-7.227852141886078
 10
6.090689846842436
 20
-7.21061470666504
 10
6.044644356349644
 20
-7.203075846709436
 10
6.0007412415546
 20
-7.2048479329905115
 10
5.956104670634717
 20
-7.216443389361018
 10
5.908285023981271
 20
-7.239749662359849
 10
5.856523820087236
 20
-7.276769671816961
 10
5.801351540047496
 20
-7.328340059497982
 10
5.743663988035566
 20
-7.393935193943071
 10
5.684224054268042
 20
-7.472010276306489
 10
5.623552887702692
 20
-7.560325873110002
 10
5.561962892620269
 20
-7.656149936145687
 10
5.499618061987458
 20
-7.756372716256132
 10
5.436897062789212
 20
-7.857081806626196
 10
5.436081407531433
 20
-7.8583671250271685
 10
5.373385482766543
 20
-7.955341394023965
 10
5.3715482681285796
 20
-7.958072239388911
 10
5.308852343363689
 20
-8.047681280196175
 10
5.305471694084676
 20
-8.05220412757473
 10
5.242775769319786
 20
-8.130814119324425
 10
5.236779424039755
 20
-8.137601665388114
 10
5.1740834992748646
 20
-8.201753151394346
 10
5.163366486567003
 20
-8.211110142003891
 10
5.100670561802112
 20
-8.257656602857308
 10
5.081771441181346
 20
-8.268415316914627
 10
5.019075516416456
 20
-8.294657521949704
 10
4.989786262234454
 20
-8.301470818950959
 10
4.927090337469564
 20
-8.305281560998505
 10
4.894196099990578
 20
-8.301164184442978
 10
4.831500175225687
 20
-8.28109811915349
 10
4.806751716666089
 20
-8.268709256276672
 10
4.744055791901199
 20
-8.224092897953241
 10
4.729627471396343
 20
-8.211287688375467
 10
4.666931546631453
 20
-8.1422851548374
 10
4.659080898606328
 20
-8.132314312753849
 10
4.596384973841438
 20
-8.039965149264471
 10
4.592022213513894
 20
-8.032849945189227
 10
4.529326288749004
 20
-7.919076270500465
 10
4.526807237333785
 20
-7.914152907490147
 10
4.464111312568893
 20
-7.781734184310147
 10
4.462627746576759
 20
-7.778430507426336
 10
4.399931821811869
 20
-7.630945408900897
 10
4.3990850370214005
 20
-7.628882848892316
 10
4.33638911225651
 20
-7.470618930097114
 10
4.33598543650141
 20
-7.4695812263293595
 10
4.27328951173652
 20
-7.305414369180849
 10
4.273251468883789
 20
-7.305314577835723
 10
4.210721421369929
 20
-7.140997305035046
 10
4.148592216407795
 20
-6.98268898521642
 10
4.087064117496858
 20
-6.836384467711649
 10
4.026568743274897
 20
-6.7081915738240925
 10
3.96814533537981
 20
-6.604388510175992
 10
3.9144862423356983
 20
-6.531457247176993
 10
3.872392523574019
 20
-6.494516432717943
 10
3.850321059101017
 20
-6.486879646771108
 10
3.8329154698179204
 20
-6.490696266663368
 10
3.796105838855472
 20
-6.52014813519186
 10
3.7445127075058133
 20
-6.591198685459695
 10
3.68677285823164
 20
-6.702657470551062
 10
3.626544208561451
 20
-6.849611282351582
 10
3.565185411868415
 20
-7.026741068186433
 10
3.503243154662261
 20
-7.228263465739444
 10
3.4409571926559237
 20
-7.447784372919481
 10
3.3784347289194394
 20
-7.67832335671422
 10
3.315774764303769
 20
-7.912226332881361
 10
3.3156509579024425
 20
-7.912683669411222
 10
3.2529550331375523
 20
-8.141886583568763
 10
3.252595204200878
 20
-8.143164907133544
 10
3.1898992794359877
 20
-8.359757950876837
 10
3.18918536209152
 20
-8.362104125254326
 10
3.12648943732663
 20
-8.558495788365889
 10
3.1251359973168915
 20
-8.562420517414582
 10
3.0624400725520013
 20
-8.731471420254183
 10
3.05971347860444
 20
-8.738019487372487
 10
2.99701755383955
 20
-8.873302237838962
 10
2.990723804261019
 20
-8.884656082164078
 10
2.928027879496129
 20
-8.980697402211167
 10
2.9104430097004172
 20
-9.000504849182722
 10
2.847747084935527
 20
-9.053000849222453
 10
2.82470233559232
 20
-9.067023652677097
 10
2.798537131462138
 20
-9.073587308811044
 10
2.735841206697248
 20
-9.079583531730728
 10
2.705243229814814
 20
-9.077254598192043
 10
2.6772062775293857
 20
-9.06478104908723
 10
2.6145103527644955
 20
-9.0228099746294
 10
2.5907745825409902
 20
-8.999530804477015
 10
2.5280786577761
 20
-8.909700866866823
 10
2.520151127472934
 20
-8.89587750737177
 10
2.457455202708042
 20
-8.759909290086721
 10
2.454255252423918
 20
-8.752004751330567
 10
2.391559327659028
 20
-8.573211828295964
 10
2.390032072443227
 20
-8.568434085941757
 10
2.327336147678337
 20
-8.35164791531817
 10
2.3265264019752676
 20
-8.348655898571614
 10
2.2638304772103774
 20
-8.100096174639132
 10
2.263382125270158
 20
-8.098235459564405
 10
2.2006862005052676
 20
-7.825329317314284
 10
2.200449293327257
 20
-7.824268795883098
 10
2.137753368562367
 20
-7.535424168148261
 10
2.1376630615204633
 20
-7.535003263537576
 10
2.0749847695805737
 20
-7.23942659240451
 10
2.0123914812193657
 20
-6.946974100743315
 10
1.9499592254164606
 20
-6.667596352541264
 10
1.8877762239456637
 20
-6.410954544485716
 10
1.8260582974603863
 20
-6.186430783712779
 10
1.765383885894126
 20
-6.003153418634121
 10
1.7076382884698815
 20
-5.870698885395712
 10
1.6606728969794782
 20
-5.801215822023258
 10
1.6502465910476103
 20
-5.794925075433089
 10
1.6126422975514392
 20
-5.840811383433782
 10
1.55688903045122
 20
-5.958329322804617
 10
1.4967765715800068
 20
-6.1350232537765566
 10
1.4352665332359886
 20
-6.361788820507445
 10
1.37318565825302
 20
-6.630211298485211
 10
1.3108242401546166
 20
-6.931309977142425
 10
1.2483002531969365
 20
-7.255308644894655
 10
1.1856632143720935
 20
-7.591763145818068
 10
1.1229720338610423
 20
-7.929593251818391
 10
1.122882328163463
 20
-7.930069506309924
 10
1.0601864033985728
 20
-8.258069743626566
 10
1.0599716797014194
 20
-8.259156763903569
 10
0.9972757549365292
 20
-8.566583145066287
 10
0.9968661749737519
 20
-8.568486152650454
 10
0.9341702502088617
 20
-8.845203725919816
 10
0.9333972698084576
 20
-8.848351282980307
 10
0.8707013450435674
 20
-9.085153302212975
 10
0.8691182779233151
 20
-9.0904655788375
 10
0.8064223531584249
 20
-9.279389314728922
 10
0.8025871358662474
 20
-9.289042899392625
 10
0.7398912111013572
 20
-9.423645385627854
 10
0.7275779553789115
 20
-9.443103953939675
 10
0.6648820306140213
 20
-9.518687858574134
 10
0.6424498605368326
 20
-9.538080088511792
 10
0.61493332936525
 20
-9.549130036412587
 10
0.5522374046003581
 20
-9.562911537366329
 10
0.5130592355270807
 20
-9.562792435208701
 10
0.47764378526429746
 20
-9.54603865951656
 10
0.4149478604994073
 20
-9.497251190386772
 10
0.3920160342262504
 20
-9.47076732819071
 10
0.32932010946136026
 20
-9.360697276615833
 10
0.3232009215180303
 20
-9.347612114697956
 10
0.26050499675314015
 20
-9.179564921502674
 10
0.2582501015754616
 20
-9.172688719798451
 10
0.1955541768105714
 20
-8.951886258555962
 10
0.19452187918911812
 20
-8.947906978093979
 10
0.13182595442422795
 20
-8.681319504284657
 10
0.1312921747945155
 20
-8.678900976682097
 10
0.06859625002962534
 20
-8.37501923651948
 10
0.06830800988862168
 20
-8.373561447347507
 10
0.005612085123731514
 20
-8.042116645489667
 10
0.005467003865708073
 20
-8.041330567909899
 10
-0.05722892089918209
 20
-7.692971734346469
 10
-0.05727334499222407
 20
-7.692722895716218
 10
-0.11994723243207928
 20
-7.3387871488881435
 10
-0.18254997524526695
 20
-6.9909460643829755
 10
-0.24503351154872044
 20
-6.6606240635968454
 10
-0.30732904932655963
 20
-6.3586829646293275
 10
-0.3692707478994143
 20
-6.095302513540691
 10
-0.43041595598612076
 20
-5.8799613651429725
 10
-0.48931325747197957
 20
-5.722095822229455
 10
-0.5395843640019189
 20
-5.633838996778254
 10
-0.5504942088878299
 20
-5.625349390434968
 10
-0.5816248684183934
 20
-5.662879370413567
 10
-0.6372225134024744
 20
-5.782242491250276
 10
-0.697406472478159
 20
-5.963596836559852
 10
-0.7589778665726389
 20
-6.196151512214113
 10
-0.8211005627187045
 20
-6.470339057687837
 10
-0.8834912804159427
 20
-6.776268871016731
 10
-0.9460376950967249
 20
-7.103486930811428
 10
-1.0086894081452267
 20
-7.441104354629863
 10
-1.0713948361895878
 20
-7.777926289953057
 10
-1.0715049995741723
 20
-7.778507412790091
 10
-1.1342009243390625
 20
-8.103397060519493
 10
-1.13444087981793
 20
-8.104596628785808
 10
-1.1971368045828201
 20
-8.407310400850967
 10
-1.1975810821709116
 20
-8.409337527776627
 10
-1.2602770069358018
 20
-8.680419330169336
 10
-1.261101135940986
 20
-8.683700482448213
 10
-1.3237970607058762
 20
-8.914837989329802
 10
-1.3254541290919366
 20
-8.92026395492751
 10
-1.3881500538568285
 20
-9.104551698444435
 10
-1.3920410967029841
 20
-9.114141525088753
 10
-1.4547370214678743
 20
-9.246293348085494
 10
-1.4664393382251775
 20
-9.264763259129266
 10
-1.5291352629900676
 20
-9.341267409232309
 10
-1.5723772119144204
 20
-9.370271105525521
 10
-1.6350731366793105
 20
-9.389483327595187
 10
-1.6724631972961406
 20
-9.392755497751814
 10
-1.707936490834319
 20
-9.38049298675209
 10
-1.7706324155992093
 20
-9.342665190645821
 10
-1.7987022872164438
 20
-9.316005033512667
 10
-1.861398211981334
 20
-9.223249394192086
 10
-1.8693344377446122
 20
-9.208816827677108
 10
-1.9320303625095023
 20
-9.065007432310159
 10
-1.934969561972443
 20
-9.057325075385057
 10
-1.9976654867373331
 20
-8.867941386356112
 10
-1.9990067700783534
 20
-8.863511043532993
 10
-2.0617026948432438
 20
-8.635429420980282
 10
-2.062390729354168
 20
-8.63276803586107
 10
-2.125086654119058
 20
-8.374009289760139
 10
-2.1254511388496646
 20
-8.37244405298676
 10
-2.188147063614555
 20
-8.091886414038767
 10
-2.188320324570215
 20
-8.091094343267871
 10
-2.2510162493351054
 20
-7.7981623070296555
 10
-2.2510516720218554
 20
-7.797996035642892
 10
-2.313702946579712
 20
-7.5025467723825825
 10
-2.3762379621640415
 20
-7.214443464797846
 10
-2.4385979493310597
 20
-6.942999609517995
 10
-2.500680697599768
 20
-6.696870840726288
 10
-2.562248950888723
 20
-6.48398386421948
 10
-2.622702131704774
 20
-6.311586679787265
 10
-2.6802611586471183
 20
-6.1867588171891645
 10
-2.7286986144879024
 20
-6.117358235692192
 10
-2.750661763146999
 20
-6.10265525537639
 10
-2.753601359844266
 20
-6.102936397685988
 10
-2.784620335711028
 20
-6.128908933611416
 10
-2.836439836600302
 20
-6.208289105261332
 10
-2.894906960600532
 20
-6.334447119139854
 10
-2.955646712618343
 20
-6.4982234723138355
 10
-3.0173382468867596
 20
-6.691468935401152
 10
-3.079508566857415
 20
-6.906246193786525
 10
-3.14196678777511
 20
-7.134580113433055
 10
-3.20460141124482
 20
-7.368388493800532
 10
-3.2046737459154198
 20
-7.368656852925102
 10
-3.26736967068031
 20
-7.5998354393014775
 10
-3.2676497172893995
 20
-7.600844767353355
 10
-3.3303456420542896
 20
-7.821810549008612
 10
-3.330900037076494
 20
-7.823686574104917
 10
-3.3935959618413842
 20
-8.027660947098367
 10
-3.3945817050154243
 20
-8.030677516223541
 10
-3.4572776297803145
 20
-8.21166730619416
 10
-3.459042620335264
 20
-8.216339138785315
 10
-3.5217385451001544
 20
-8.369312934130416
 10
-3.525102069002556
 20
-8.376580270272628
 10
-3.5877979937674462
 20
-8.497606072943023
 10
-3.5948863682509926
 20
-8.509089625016975
 10
-3.6575822930158837
 20
-8.59543018697873
 10
-3.6741801223220945
 20
-8.612822692268766
 10
-3.7368760470869846
 20
-8.662986523993444
 10
-3.773826640967794
 20
-8.680623554629083
 10
-3.8365225657326842
 20
-8.69437123703899
 10
-3.8852278424569437
 20
-8.691512611404297
 10
-3.947923767221834
 20
-8.669819653161582
 10
-3.9778596849181955
 20
-8.652412106943993
 10
-4.040555609683086
 20
-8.597391106371651
 10
-4.05368407767283
 20
-8.583082467477025
 10
-4.11638000243772
 20
-8.497868709312405
 10
-4.122317906522361
 20
-8.488675305362394
 10
-4.185013831287251
 20
-8.377281100482506
 10
-4.1879752928251115
 20
-8.371547687087071
 10
-4.250671217590002
 20
-8.238691710346126
 10
-4.252241140606563
 20
-8.235171571511234
 10
-4.314937065371454
 20
-8.086090140675536
 10
-4.31575396073235
 20
-8.0840802305164
 10
-4.378449885497242
 20
-7.92432788031243
 10
-4.378786148671069
 20
-7.923457834064818
 10
-4.441463081613655
 20
-7.75875457382255
 10
-4.503941327079199
 20
-7.595157701510756
 10
-4.566021587169928
 20
-7.438447910904306
 10
-4.62757280211972
 20
-7.293655613234679
 10
-4.688309846669625
 20
-7.165374199104725
 10
-4.747654332899281
 20
-7.057682346784439
 10
-4.8044307814698
 20
-6.974052389158848
 10
-4.856325020439339
 20
-6.9169380874182425
 10
-4.899706288451516
 20
-6.886066635957654
 10
-4.933002720292697
 20
-6.875409988372702
 10
-4.9636439123433655
 20
-6.877272400951708
 10
-5.002168177537266
 20
-6.89339723952511
 10
-5.050339800103674
 20
-6.929160625302434
 10
-5.104879012017241
 20
-6.984966030565768
 10
-5.1629864402769545
 20
-7.057822830640438
 10
-5.223119438638658
 20
-7.143768772490148
 10
-5.2845084644006874
 20
-7.2387216090584365
 10
-5.346789454245937
 20
-7.338724167071808
 10
-5.4094728471034506
 20
-7.43949120477435
 10
-5.410183333403707
 20
-7.44061476414442
 10
-5.472879258168597
 20
-7.538159474753857
 10
-5.4744076110839455
 20
-7.540459010891323
 10
-5.537103535848836
 20
-7.631721934059208
 10
-5.539676147333822
 20
-7.63527775195494
 10
-5.602372072098712
 20
-7.717629618446142
 10
-5.606398498085523
 20
-7.722547844055265
 10
-5.669094422850414
 20
-7.79383787926532
 10
-5.6752199202502505
 20
-7.80015199573134
 10
-5.737915845015141
 20
-7.858754851074941
 10
-5.747016923664555
 20
-7.8662093045804555
 10
-5.809712848429445
 20
-7.911049910151958
 10
-5.822638698332697
 20
-7.918748576638766
 10
-5.885334623097587
 20
-7.949305229411093
 10
-5.902136218735659
 20
-7.955511286216266
 10
-5.96483214350055
 20
-7.971798107655231
 10
-5.983831049722871
 20
-7.9746160812605
 10
-6.046526974487761
 20
-7.977146712371159
 10
-6.0646984945583045
 20
-7.976037376122717
 10
-6.127394419323195
 20
-7.965772401387274
 10
-6.1423125760885435
 20
-7.961996797451102
 10
-6.205008500853434
 20
-7.940277882204749
 10
-6.215980297723238
 20
-7.935642993665146
 10
-6.278676222488128
 20
-7.904117068674608
 10
-6.286187061759347
 20
-7.899877780718254
 10
-6.348882986524237
 20
-7.860414806015246
 10
-6.3537199266836755
 20
-7.857146569596604
 10
-6.4164158514485665
 20
-7.8117544563889325
 10
-6.419239428032943
 20
-7.8096243730149295
 10
-6.481935352797833
 20
-7.760364543396363
 10
-6.483187937241146
 20
-7.759362211686231
 10
-6.545850329845577
 20
-7.708296368840556
 10
-6.607877322913956
 20
-7.657847480121782
 10
-6.668699982568793
 20
-7.610190684949818
 10
-6.728287015082277
 20
-7.566750349619287
 10
-6.786564929387496
 20
-7.528640135796255
 10
-6.8434744130326175
 20
-7.496607609257294
 10
-6.899046166074502
 20
-7.471010140914719
 10
-6.953481325472686
 20
-7.451847573072632
 10
-7.007193955508614
 20
-7.43886306851239
 10
-7.060767556815752
 20
-7.431680222997087
 10
-7.114824318199597
 20
-7.429904592045652
 10
-7.169875282261266
 20
-7.4331374255792735
 10
-7.226233955792195
 20
-7.440921055340919
 10
-7.2840186960016045
 20
-7.4526803132446
 10
-7.343209363729258
 20
-7.467704957114869
 10
-7.403711698056315
 20
-7.485175570617931
 10
-7.4654035234243805
 20
-7.5042130784391246
 10
-7.527878592052802
 20
-7.523844860765005
 10
-7.528438433188744
 20
-7.524018780485475
 10
-7.591134357953634
 20
-7.543272164733025
 10
-7.59257115864268
 20
-7.543700331086086
 10
-7.655267083407571
 20
-7.561816518687014
 10
-7.65745035612968
 20
-7.562417727175869
 10
-7.7201462808945704
 20
-7.578836612744565
 10
-7.7229324135821145
 20
-7.579518994952279
 10
-7.785628338347005
 20
-7.593819467076208
 10
-7.788856414568824
 20
-7.594493797657454
 10
-7.851552339333714
 20
-7.606396296983721
 10
-7.855046121869148
 20
-7.606988564855547
 10
-7.9177420466340385
 20
-7.616351037015871
 10
-7.921318650031685
 20
-7.616812087093128
 10
-7.984014574796575
 20
-7.623620130686921
 10
-7.987497801457161
 20
-7.623930030594981
 10
-8.050193726222052
 20
-7.628282245830481
 10
-8.053428252777854
 20
-7.628448362983782
 10
-8.116124177542744
 20
-7.63053804906123
 10
-8.11898670843504
 20
-7.630587896851798
 10
-8.18168263319993
 20
-7.630682323025247
 10
-8.184087721713757
 20
-7.630653804930728
 10
-8.246783646478647
 20
-7.629072291978371
 10
-8.248684058554758
 20
-7.629004257472145
 10
-8.311379983319648
 20
-7.626096256728167
 10
-8.312763066393599
 20
-7.626021435836413
 10
-8.375458991158489
 20
-7.622145688465117
 10
-8.376340999035465
 20
-7.622086814931584
 10
-8.439036923800357
 20
-7.617592523565925
 10
-8.439456865625605
 20
-7.61756143285178
 10
-8.502152790390493
 20
-7.612772191670179
 10
-8.56470036577252
 20
-7.6079845675144515
 10
-8.626940121462882
 20
-7.603446767978031
 10
-8.688955066228685
 20
-7.599333452250804
 10
-8.750821774961066
 20
-7.595765143224706
 10
-8.8126132457502
 20
-7.592810913697919
 10
-8.874395259134365
 20
-7.590493510505229
 10
-8.936223416428442
 20
-7.588795898768462
 10
-8.998141079309539
 20
-7.587668814931748
 10
-9.060178333796129
 20
-7.587038955423044
 10
-9.12235197690817
 20
-7.586817421656488
 10
-9.184666417017693
 20
-7.586908009682637
 10
-9.247115311100874
 20
-7.5872149048076185
 10
-9.309683733281735
 20
-7.587649346636538
 10
-9.372343460999993
 20
-7.588134828832122
 10
-9.435053795827228
 20
-7.5886106627305585
 10
-9.497825357571788
 20
-7.589034233863865
 10
-9.497936953236646
 20
-7.589034917643901
 10
-9.560632878001536
 20
-7.589380202325718
 10
-9.560757631847483
 20
-7.589380802914084
 10
-9.623453556612374
 20
-7.589639178356643
 10
-9.623572845255403
 20
-7.589639590899723
 10
-9.686268770020293
 20
-7.589814865813326
 10
-9.686369309632306
 20
-7.58981509072813
 10
-9.749065234397197
 20
-7.589920327061151
 10
-9.811835566522491
 20
-7.5899738236427705
 10
-9.874578235679941
 20
-7.58999469060291
 10
-9.937296944285809
 20
-7.589999662863849
 10
-9.999999516446588
 20
-7.589999999998701
 10
-10.034441062167259
 20
-7.583149342972695
 10
-10.063639268381973
 20
-7.563639952229768
 10
-10.083148972876936
 20
-7.534441955657462
 10
-10.089999999998701
 20
-7.500000483553413
 10
-10.083149342972696
 20
-7.46555893783274
 10
-10.063639952229769
 20
-7.436360731618027
 10
-10.034441955657462
 20
-7.416851027123064
 10
-10.000000483553412
 20
-7.410000000001299
 10
-9.93730788248521
 20
-7.409999663165507
 10
-9.874626673338325
 20
-7.409994696759663
 10
-9.811965512696057
 20
-7.409973869030965
 10
-9.749330163822984
 20
-7.409920518182042
 10
-9.686721712587177
 20
-7.409815428675047
 10
-9.624135702024383
 20
-7.409640461041419
 10
-9.56156179857517
 20
-7.4093825884594775
 10
-9.498984048569191
 20
-7.409037954600408
 10
-9.436381740029137
 20
-7.408615557256803
 10
-9.373730838676849
 20
-7.408140175480703
 10
-9.31104211893731
 20
-7.407654468657426
 10
-9.248273799865865
 20
-7.407218609732287
 10
-9.24809118811926
 20
-7.40721752704586
 10
-9.18539526335437
 20
-7.406909417928012
  0
LWPOLYLINE
  5
3E
330
17
100
AcDbEntity
  8
ENGRAVE_LINES
100
AcDbPolyline
 90
20
 70
1
 10
-32.06363961030679
 20
17.28636038969321
 10
-32.51363961030679
 20
17.73636038969321
 10
-32.53314915792602
 20
17.76555849108714
 10
-32.540000000000006
 20
17.8
 10
-32.53314915792602
 20
17.83444150891286
 10
-32.51363961030679
 20
17.86363961030679
 10
-32.06363961030679
 20
18.31363961030679
 10
-32.034441508912856
 20
18.333149157926016
 10
-32.0
 20
18.34
 10
-31.96555849108714
 20
18.333149157926016
 10
-31.93636038969321
 20
18.31363961030679
 10
-31.48636038969321
 20
17.86363961030679
 10
-31.466850842073985
 20
17.83444150891286
 10
-31.46
 20
17.8
 10
-31.466850842073985
 20
17.76555849108714
 10
-31.48636038969321
 20
17.73636038969321
 10
-31.93636038969321
 20
17.28636038969321
 10
-31.96555849108714
 20
17.266850842073985
 10
-32.0
 20
17.26
 10
-32.034441508912856
 20
17.266850842073985
  0
LWPOLYLINE
  5
3F
330
17
100
AcDbEntity
  8
ENGRAVE_LINES
100
AcDbPolyline
 90
4
 70
1
 10
-32.0
 20
17.47727922061358
 10
-31.67727922061358
 20
17.8
 10
-32.0
 20
18.122720779386423
 10
-32.32272077938642
 20
17.8
  0
LWPOLYLINE
  5
40
330
17
100
AcDbEntity
  8
ENGRAVE_LINES
100
AcDbPolyline
 90
20
 70
1
 10
-28.0
 20
17.26
 10
-28.03444150891286
 20
17.266850842073985
 10
-28.06363961030679
 20
17.28636038969321
 10
-28.51363961030679
 20
17.73636038969321
 10
-28.533149157926015
 20
17.76555849108714
 10
-28.54
 20
17.8
 10
-28.533149157926015
 20
17.83444150891286
 10
-28.51363961030679
 20
17.86363961030679
 10
-28.06363961030679
 20
18.31363961030679
 10
-28.03444150891286
 20
18.333149157926016
 10
-28.0
 20
18.34
 10
-27.96555849108714
 20
18.333149157926016
 10
-27.93636038969321
 20
18.31363961030679
 10
-27.48636038969321
 20
17.86363961030679
 10
-27.466850842073985
 20
17.83444150891286
 10
-27.46
 20
17.8
 10
-27.466850842073985
 20
17.76555849108714
 10
-27.48636038969321
 20
17.73636038969321
 10
-27.93636038969321
 20
17.28636038969321
 10
-27.96555849108714
 20
17.266850842073985
  0
LWPOLYLINE
  5
41
330
17
100
AcDbEntity
  8
ENGRAVE_LINES
100
AcDbPolyline
 90
4
 70
1
 10
-28.0
 20
18.12272077938642
 10
-28.32272077938642
 20
17.8
 10
-28.0
 20
17.477279220613582
 10
-27.67727922061358
 20
17.8
  0
LWPOLYLINE
  5
42
330
17
100
AcDbEntity
  8
ENGRAVE_LINES
100
AcDbPolyline
 90
20
 70
1
 10
-24.0
 20
17.26
 10
-24.03444150891286
 20
17.266850842073985
 10
-24.06363961030679
 20
17.28636038969321
 10
-24.51363961030679
 20
17.73636038969321
 10
-24.533149157926015
 20
17.76555849108714
 10
-24.54
 20
17.8
 10
-24.533149157926015
 20
17.83444150891286
 10
-24.51363961030679
 20
17.86363961030679
 10
-24.06363961030679
 20
18.31363961030679
 10
-24.03444150891286
 20
18.333149157926016
 10
-24.0
 20
18.34
 10
-23.96555849108714
 20
18.333149157926016
 10
-23.93636038969321
 20
18.31363961030679
 10
-23.48636038969321
 20
17.86363961030679
 10
-23.466850842073985
 20
17.83444150891286
 10
-23.46
 20
17.8
 10
-23.466850842073985
 20
17.76555849108714
 10
-23.48636038969321
 20
17.73636038969321
 10
-23.93636038969321
 20
17.28636038969321
 10
-23.96555849108714
 20
17.266850842073985
  0
LWPOLYLINE
  5
43
330
17
100
AcDbEntity
  8
ENGRAVE_LINES
100
AcDbPolyline
 90
4
 70
1
 10
-24.0
 20
18.12272077938642
 10
-24.32272077938642
 20
17.8
 10
-24.0
 20
17.477279220613582
 10
-23.67727922061358
 20
17.8
  0
LWPOLYLINE
  5
44
330
17
100
AcDbEntity
  8
ENGRAVE_LINES
100
AcDbPolyline
 90
20
 70
1
 10
-20.0
 20
17.26
 10
-20.03444150891286
 20
17.266850842073985
 10
-20.06363961030679
 20
17.28636038969321
 10
-20.51363961030679
 20
17.73636038969321
 10
-20.533149157926015
 20
17.76555849108714
 10
-20.54
 20
17.8
 10
-20.533149157926015
 20
17.83444150891286
 10
-20.51363961030679
 20
17.86363961030679
 10
-20.06363961030679
 20
18.31363961030679
 10
-20.03444150891286
 20
18.333149157926016
 10
-20.0
 20
18.34
 10
-19.96555849108714
 20
18.333149157926016
 10
-19.93636038969321
 20
18.31363961030679
 10
-19.48636038969321
 20
17.86363961030679
 10
-19.466850842073985
 20
17.83444150891286
 10
-19.46
 20
17.8
 10
-19.466850842073985
 20
17.76555849108714
 10
-19.48636038969321
 20
17.73636038969321
 10
-19.93636038969321
 20
17.28636038969321
 10
-19.96555849108714
 20
17.266850842073985
  0
LWPOLYLINE
  5
45
330
17
100
AcDbEntity
  8
ENGRAVE_LINES
100
AcDbPolyline
 90
4
 70
1
 10
-20.0
 20
18.12272077938642
 10
-20.32272077938642
 20
17.8
 10
-20.0
 20
17.477279220613582
 10
-19.67727922061358
 20
17.8
  0
LWPOLYLINE
  5
46
330
17
100
AcDbEntity
  8
ENGRAVE_LINES
100
AcDbPolyline
 90
20
 70
1
 10
-16.06363961030679
 20
17.28636038969321
 10
-16.51363961030679
 20
17.73636038969321
 10
-16.533149157926015
 20
17.76555849108714
 10
-16.54
 20
17.8
 10
-16.533149157926015
 20
17.83444150891286
 10
-16.51363961030679
 20
17.86363961030679
 10
-16.06363961030679
 20
18.31363961030679
 10
-16.03444150891286
 20
18.333149157926016
 10
-16.0
 20
18.34
 10
-15.965558491087142
 20
18.333149157926016
 10
-15.936360389693212
 20
18.31363961030679
 10
-15.486360389693212
 20
17.86363961030679
 10
-15.466850842073985
 20
17.83444150891286
 10
-15.46
 20
17.8
 10
-15.466850842073985
 20
17.76555849108714
 10
-15.486360389693212
 20
17.73636038969321
 10
-15.936360389693212
 20
17.28636038969321
 10
-15.965558491087142
 20
17.266850842073985
 10
-16.0
 20
17.26
 10
-16.03444150891286
 20
17.266850842073985
  0
LWPOLYLINE
  5
47
330
17
100
AcDbEntity
  8
ENGRAVE_LINES
100
AcDbPolyline
 90
4
 70
1
 10
-16.0
 20
17.477279220613582
 10
-15.67727922061358
 20
17.8
 10
-16.0
 20
18.12272077938642
 10
-16.32272077938642
 20
17.8
  0
LWPOLYLINE
  5
48
330
17
100
AcDbEntity
  8
ENGRAVE_LINES
100
AcDbPolyline
 90
20
 70
1
 10
-12.063639610306788
 20
17.28636038969321
 10
-12.513639610306788
 20
17.73636038969321
 10
-12.533149157926015
 20
17.76555849108714
 10
-12.54
 20
17.8
 10
-12.533149157926015
 20
17.83444150891286
 10
-12.513639610306788
 20
17.86363961030679
 10
-12.063639610306788
 20
18.31363961030679
 10
-12.034441508912858
 20
18.333149157926016
 10
-12.0
 20
18.34
 10
-11.965558491087142
 20
18.333149157926016
 10
-11.936360389693212
 20
18.31363961030679
 10
-11.486360389693212
 20
17.86363961030679
 10
-11.466850842073985
 20
17.83444150891286
 10
-11.46
 20
17.8
 10
-11.466850842073985
 20
17.76555849108714
 10
-11.486360389693212
 20
17.73636038969321
 10
-11.936360389693212
 20
17.28636038969321
 10
-11.965558491087142
 20
17.266850842073985
 10
-12.0
 20
17.26
 10
-12.034441508912858
 20
17.266850842073985
  0
LWPOLYLINE
  5
49
330
17
100
AcDbEntity
  8
ENGRAVE_LINES
100
AcDbPolyline
 90
4
 70
1
 10
-12.0
 20
17.477279220613582
 10
-11.67727922061358
 20
17.8
 10
-12.0
 20
18.12272077938642
 10
-12.32272077938642
 20
17.8
  0
LWPOLYLINE
  5
4A
330
17
100
AcDbEntity
  8
ENGRAVE_LINES
100
AcDbPolyline
 90
20
 70
1
 10
-8.0
 20
17.26
 10
-8.034441508912858
 20
17.266850842073985
 10
-8.063639610306788
 20
17.28636038969321
 10
-8.513639610306788
 20
17.73636038969321
 10
-8.533149157926015
 20
17.76555849108714
 10
-8.54
 20
17.8
 10
-8.533149157926015
 20
17.83444150891286
 10
-8.513639610306788
 20
17.86363961030679
 10
-8.063639610306788
 20
18.31363961030679
 10
-8.034441508912858
 20
18.333149157926016
 10
-8.0
 20
18.34
 10
-7.965558491087142
 20
18.333149157926016
 10
-7.936360389693211
 20
18.31363961030679
 10
-7.4863603896932105
 20
17.86363961030679
 10
-7.466850842073984
 20
17.83444150891286
 10
-7.46
 20
17.8
 10
-7.466850842073984
 20
17.76555849108714
 10
-7.4863603896932105
 20
17.73636038969321
 10
-7.936360389693211
 20
17.28636038969321
 10
-7.965558491087142
 20
17.266850842073985
  0
LWPOLYLINE
  5
4B
330
17
100
AcDbEntity
  8
ENGRAVE_LINES
100
AcDbPolyline
 90
4
 70
1
 10
-8.0
 20
18.12272077938642
 10
-8.32272077938642
 20
17.8
 10
-8.0
 20
17.477279220613582
 10
-7.677279220613579
 20
17.8
  0
LWPOLYLINE
  5
4C
330
17
100
AcDbEntity
  8
ENGRAVE_LINES
100
AcDbPolyline
 90
20
 70
1
 10
-4.0
 20
17.26
 10
-4.034441508912858
 20
17.266850842073985
 10
-4.063639610306789
 20
17.28636038969321
 10
-4.5136396103067895
 20
17.73636038969321
 10
-4.533149157926016
 20
17.76555849108714
 10
-4.54
 20
17.8
 10
-4.533149157926016
 20
17.83444150891286
 10
-4.5136396103067895
 20
17.86363961030679
 10
-4.063639610306789
 20
18.31363961030679
 10
-4.034441508912858
 20
18.333149157926016
 10
-4.0
 20
18.34
 10
-3.965558491087142
 20
18.333149157926016
 10
-3.9363603896932107
 20
18.31363961030679
 10
-3.4863603896932105
 20
17.86363961030679
 10
-3.4668508420739843
 20
17.83444150891286
 10
-3.46
 20
17.8
 10
-3.4668508420739843
 20
17.76555849108714
 10
-3.4863603896932105
 20
17.73636038969321
 10
-3.9363603896932107
 20
17.28636038969321
 10
-3.965558491087142
 20
17.266850842073985
  0
LWPOLYLINE
  5
4D
330
17
100
AcDbEntity
  8
ENGRAVE_LINES
100
AcDbPolyline
 90
4
 70
1
 10
-4.0
 20
18.12272077938642
 10
-4.322720779386421
 20
17.8
 10
-4.0
 20
17.477279220613582
 10
-3.6772792206135794
 20
17.8
  0
LWPOLYLINE
  5
4E
330
17
100
AcDbEntity
  8
ENGRAVE_LINES
100
AcDbPolyline
 90
20
 70
1
 10
0.0
 20
17.26
 10
-0.03444150891285777
 20
17.266850842073985
 10
-0.06363961030678922
 20
17.28636038969321
 10
-0.5136396103067893
 20
17.73636038969321
 10
-0.5331491579260157
 20
17.76555849108714
 10
-0.54
 20
17.8
 10
-0.5331491579260157
 20
17.83444150891286
 10
-0.5136396103067893
 20
17.86363961030679
 10
-0.06363961030678922
 20
18.31363961030679
 10
-0.03444150891285777
 20
18.333149157926016
 10
0.0
 20
18.34
 10
0.03444150891285775
 20
18.333149157926016
 10
0.06363961030678922
 20
18.31363961030679
 10
0.5136396103067893
 20
17.86363961030679
 10
0.5331491579260157
 20
17.83444150891286
 10
0.54
 20
17.8
 10
0.5331491579260157
 20
17.76555849108714
 10
0.5136396103067893
 20
17.73636038969321
 10
0.06363961030678922
 20
17.28636038969321
 10
0.03444150891285775
 20
17.266850842073985
  0
LWPOLYLINE
  5
4F
330
17
100
AcDbEntity
  8
ENGRAVE_LINES
100
AcDbPolyline
 90
4
 70
1
 10
0.0
 20
18.12272077938642
 10
-0.32272077938642046
 20
17.8
 10
0.0
 20
17.477279220613582
 10
0.32272077938642046
 20
17.8
  0
LWPOLYLINE
  5
50
330
17
100
AcDbEntity
  8
ENGRAVE_LINES
100
AcDbPolyline
 90
20
 70
1
 10
3.9363603896932107
 20
17.28636038969321
 10
3.4863603896932105
 20
17.73636038969321
 10
3.4668508420739843
 20
17.76555849108714
 10
3.46
 20
17.8
 10
3.4668508420739843
 20
17.83444150891286
 10
3.4863603896932105
 20
17.86363961030679
 10
3.9363603896932107
 20
18.31363961030679
 10
3.965558491087142
 20
18.333149157926016
 10
4.0
 20
18.34
 10
4.034441508912858
 20
18.333149157926016
 10
4.063639610306789
 20
18.31363961030679
 10
4.5136396103067895
 20
17.86363961030679
 10
4.533149157926016
 20
17.83444150891286
 10
4.54
 20
17.8
 10
4.533149157926016
 20
17.76555849108714
 10
4.5136396103067895
 20
17.73636038969321
 10
4.063639610306789
 20
17.28636038969321
 10
4.034441508912858
 20
17.266850842073985
 10
4.0
 20
17.26
 10
3.965558491087142
 20
17.266850842073985
  0
LWPOLYLINE
  5
51
330
17
100
AcDbEntity
  8
ENGRAVE_LINES
100
AcDbPolyline
 90
4
 70
1
 10
4.0
 20
17.477279220613582
 10
4.322720779386421
 20
17.8
 10
4.0
 20
18.12272077938642
 10
3.6772792206135794
 20
17.8
  0
LWPOLYLINE
  5
52
330
17
100
AcDbEntity
  8
ENGRAVE_LINES
100
AcDbPolyline
 90
20
 70
1
 10
7.936360389693211
 20
17.28636038969321
 10
7.4863603896932105
 20
17.73636038969321
 10
7.466850842073984
 20
17.76555849108714
 10
7.46
 20
17.8
 10
7.466850842073984
 20
17.83444150891286
 10
7.4863603896932105
 20
17.86363961030679
 10
7.936360389693211
 20
18.31363961030679
 10
7.965558491087142
 20
18.333149157926016
 10
8.0
 20
18.34
 10
8.034441508912858
 20
18.333149157926016
 10
8.063639610306788
 20
18.31363961030679
 10
8.513639610306788
 20
17.86363961030679
 10
8.533149157926015
 20
17.83444150891286
 10
8.54
 20
17.8
 10
8.533149157926015
 20
17.76555849108714
 10
8.513639610306788
 20
17.73636038969321
 10
8.063639610306788
 20
17.28636038969321
 10
8.034441508912858
 20
17.266850842073985
 10
8.0
 20
17.26
 10
7.965558491087142
 20
17.266850842073985
  0
LWPOLYLINE
  5
53
330
17
100
AcDbEntity
  8
ENGRAVE_LINES
100
AcDbPolyline
 90
4
 70
1
 10
8.0
 20
17.477279220613582
 10
8.32272077938642
 20
17.8
 10
8.0
 20
18.12272077938642
 10
7.677279220613579
 20
17.8
  0
LWPOLYLINE
  5
54
330
17
100
AcDbEntity
  8
ENGRAVE_LINES
100
AcDbPolyline
 90
411
 70
1
 10
24.87099092396904
 20
-2.1842461960413257
 10
24.634484895618975
 20
-1.976835975822418
 10
24.389156861863267
 20
-1.7799394122397183
 10
24.135473818557593
 20
-1.5939313090927743
 10
23.873918665793344
 20
-1.4191657433779856
 10
23.60498928866958
 20
-1.2559753912826774
 10
23.329197609540678
 20
-1.1046708949172492
 10
23.047068613542766
 20
-0.965540270990075
 10
22.75913934925492
 20
-0.8388483625514858
 10
22.465957906396547
 20
-0.7248363348498926
 10
22.168082372507477
 20
-0.6237212162600456
 10
21.866079770596556
 20
-0.535695485157173
 10
21.56052497978128
 20
-0.4609267035235012
 10
21.251999640972556
 20
-0.399557197984447
 10
20.941091049688232
 20
-0.3517037888818157
 10
20.628391038102695
 20
-0.3174575678996439
 10
20.314494848460733
 20
-0.2968837246660003
 10
20.0
 20
-0.2900214226608215
 10
19.68550515153927
 20
-0.2968837246660003
 10
19.371608961897305
 20
-0.31745756789964397
 10
19.058908950311775
 20
-0.35170378888181536
 10
18.748000359027444
 20
-0.3995571979844472
 10
18.439475020218705
 20
-0.4609267035235047
 10
18.13392022940346
 20
-0.5356954851571677
 10
17.83191762749252
 20
-0.6237212162600456
 10
17.534042093603478
 20
-0.724836334849883
 10
17.240860650745052
 20
-0.8388483625514975
 10
16.952931386457237
 20
-0.9655402709900731
 10
16.670802390459325
 20
-1.1046708949172483
 10
16.39501071133043
 20
-1.2559753912826745
 10
16.126081334206653
 20
-1.4191657433779887
 10
15.864526181442393
 20
-1.5939313090927862
 10
15.610843138136747
 20
-1.779939412239708
 10
15.365515104380995
 20
-1.9768359758224467
 10
15.12900907603096
 20
-2.1842461960413257
 10
14.901775255753735
 20
-2.4017752557537246
 10
14.684246196041322
 20
-2.6290090760309637
 10
14.476835975822452
 20
-2.8655151043809886
 10
14.279939412239703
 20
-3.110843138136753
 10
14.093931309092783
 20
-3.3645261814423963
 10
13.919165743377985
 20
-3.62608133420666
 10
13.755975391282668
 20
-3.895010711330439
 10
13.604670894917245
 20
-4.170802390459333
 10
13.465540270990084
 20
-4.452931386457215
 10
13.33884836255148
 20
-4.740860650745093
 10
13.224836334849902
 20
-5.034042093603425
 10
13.123721216260039
 20
-5.331917627492544
 10
13.03569548515717
 20
-5.63392022940346
 10
12.960926703523505
 20
-5.939475020218698
 10
12.899557197984445
 20
-6.248000359027456
 10
12.851703788881812
 20
-6.558908950311791
 10
12.817457567899647
 20
-6.871608961897288
 10
12.796883724666
 20
-7.185505151539257
 10
12.790021422660821
 20
-7.499999999999999
 10
12.796883724666
 20
-7.8144948484607415
 10
12.817457567899647
 20
-8.12839103810271
 10
12.851703788881812
 20
-8.441091049688206
 10
12.899557197984446
 20
-8.751999640972553
 10
12.960926703523505
 20
-9.060524979781304
 10
13.035695485157166
 20
-9.366079770596535
 10
13.123721216260037
 20
-9.668082372507454
 10
13.2248363348499
 20
-9.965957906396573
 10
13.338848362551477
 20
-10.259139349254898
 10
13.465540270990092
 20
-10.5470686135428
 10
13.604670894917238
 20
-10.829197609540657
 10
13.755975391282671
 20
-11.104989288669566
 10
13.919165743377981
 20
-11.373918665793337
 10
14.093931309092795
 20
-11.635473818557621
 10
14.279939412239695
 20
-11.889156861863237
 10
14.476835975822452
 20
-12.13448489561901
 10
14.684246196041322
 20
-12.370990923969035
 10
14.90177525575373
 20
-12.59822474424627
 10
15.129009076030965
 20
-12.815753803958678
 10
15.365515104380988
 20
-13.023164024177548
 10
15.610843138136744
 20
-13.220060587760289
 10
15.864526181442399
 20
-13.406068690907217
 10
16.126081334206642
 20
-13.580834256622005
 10
16.395010711330414
 20
-13.744024608717316
 10
16.670802390459354
 20
-13.895329105082768
 10
16.952931386457216
 20
-14.034459729009916
 10
17.240860650745073
 20
-14.16115163744851
 10
17.534042093603453
 20
-14.275163665150108
 10
17.831917627492547
 20
-14.376278783739963
 10
18.133920229403447
 20
-14.464304514842828
 10
18.439475020218698
 20
-14.539073296476495
 10
18.748000359027454
 20
-14.600442802015554
 10
19.05890895031179
 20
-14.648296211118188
 10
19.371608961897298
 20
-14.682542432100355
 10
19.685505151539253
 20
-14.703116275334
 10
20.0
 20
-14.709978577339179
 10
20.314494848460743
 20
-14.703116275334
 10
20.628391038102702
 20
-14.682542432100355
 10
20.94109104968821
 20
-14.648296211118188
 10
21.251999640972542
 20
-14.600442802015555
 10
21.56052497978132
 20
-14.53907329647649
 10
21.86607977059651
 20
-14.46430451484284
 10
22.168082372507477
 20
-14.376278783739954
 10
22.46595790639655
 20
-14.275163665150107
 10
22.759139349254927
 20
-14.16115163744851
 10
23.047068613542788
 20
-14.034459729009916
 10
23.329197609540678
 20
-13.89532910508275
 10
23.60498928866955
 20
-13.744024608717337
 10
23.873918665793354
 20
-13.580834256622007
 10
24.135473818557603
 20
-13.406068690907219
 10
24.389156861863217
 20
-13.22006058776032
 10
24.63448489561905
 20
-13.023164024177515
 10
24.870990923968996
 20
-12.815753803958717
 10
25.09822474424629
 20
-12.59822474424625
 10
25.31575380395868
 20
-12.370990923969037
 10
25.523164024177564
 20
-12.13448489561899
 10
25.72006058776027
 20
-11.889156861863281
 10
25.906068690907215
 20
-11.635473818557603
 10
26.08083425662202
 20
-11.373918665793338
 10
26.244024608717325
 20
-11.104989288669568
 10
26.395329105082762
 20
-10.829197609540655
 10
26.534459729009917
 20
-10.547068613542784
 10
26.661151637448516
 20
-10.25913934925491
 10
26.7751636651501
 20
-9.965957906396573
 10
26.876278783739973
 20
-9.668082372507417
 10
26.964854045015468
 20
-9.364194417985612
 10
26.981068928431842
 20
-9.333045916751836
 10
27.007969542707457
 20
-9.310473621234726
 10
27.041460513173522
 20
-9.299913958808393
 10
27.07644314317299
 20
-9.302974542353667
 10
27.107591644406767
 20
-9.319189425770041
 10
27.130163939923875
 20
-9.346090040045656
 10
27.14072360235021
 20
-9.379581010511725
 10
27.137663018804933
 20
-9.41456364051119
 10
27.04853822735679
 20
-9.720336947643982
 10
27.047357452116618
 20
-9.724081888258478
 10
26.944979843391692
 20
-10.025676598154666
 10
26.943636839972584
 20
-10.029366469722914
 10
26.828201295567844
 20
-10.326208479710687
 10
26.826698620453143
 20
-10.329836258352438
 10
26.698424878488296
 20
-10.62136051279439
 10
26.696765392105487
 20
-10.624919292826814
 10
26.55589762893896
 20
-10.910570858735454
 10
26.554084490214695
 20
-10.91405386581849
 10
26.400890855640075
 20
-11.193288989202747
 10
26.398927515986966
 20
-11.19668959323445
 10
26.23369962279463
 20
-11.468976734166263
 10
26.231589819541295
 20
-11.472288461903581
 10
26.054642188416867
 20
-11.737109306334405
 10
26.05238993769371
 20
-11.740325853715364
 10
25.864059398510086
 20
-11.997176300116385
 10
25.86166898760437
 20
-12.000291544260227
 10
25.662314038246894
 20
-12.248682663208305
 10
25.659790017441644
 20
-12.251690674070746
 10
25.449790141387012
 20
-12.491149638953328
 10
25.447137315299283
 20
-12.494044690614725
 10
25.226892259247176
 20
-12.724115677682201
 10
25.224115677682203
 20
-12.726892259247176
 10
24.994044690614725
 20
-12.947137315299285
 10
24.991149638953324
 20
-12.949790141387014
 10
24.75169067407074
 20
-13.159790017441647
 10
24.748682663208303
 20
-13.1623140382469
 10
24.50029154426023
 20
-13.361668987604377
 10
24.497176300116383
 20
-13.36405939851009
 10
24.24032585371536
 20
-13.552389937693713
 10
24.2371093063344
 20
-13.554642188416869
 10
23.972288461903577
 20
-13.731589819541295
 10
23.96897673416626
 20
-13.733699622794632
 10
23.69668959323445
 20
-13.898927515986967
 10
23.693288989202745
 20
-13.900890855640077
 10
23.41405386581849
 20
-14.054084490214692
 10
23.410570858735458
 20
-14.055897628938958
 10
23.124919292826817
 20
-14.196765392105487
 10
23.121360512794393
 20
-14.198424878488296
 10
22.82983625835244
 20
-14.326698620453143
 10
22.82620847971069
 20
-14.328201295567844
 10
22.52936646972292
 20
-14.443636839972582
 10
22.525676598154668
 20
-14.44497984339169
 10
22.22408188825848
 20
-14.547357452116616
 10
22.220336947643986
 20
-14.54853822735679
 10
21.91456364051119
 20
-14.637663018804934
 10
21.910770759557753
 20
-14.638679318193393
 10
21.601400912057503
 20
-14.714381638258708
 10
21.597567310729602
 20
-14.715231527211806
 10
21.28518982595004
 20
-14.777367272225412
 10
21.281322801725683
 20
-14.77804913293122
 10
20.96653230796347
 20
-14.826500023970915
 10
20.962639221943054
 20
-14.827012558468825
 10
20.646034940794582
 20
-14.86168636650975
 10
20.642123203688616
 20
-14.862028599161215
 10
20.324307809397663
 20
-14.882859320639037
 10
20.32038486742006
 20
-14.883030599984755
 10
20.00196333965311
 20
-14.889978582437193
 10
19.99803666034689
 20
-14.889978582437193
 10
19.679615132579936
 20
-14.883030599984755
 10
19.675692190602334
 20
-14.882859320639037
 10
19.357876796311384
 20
-14.862028599161215
 10
19.353965059205418
 20
-14.86168636650975
 10
19.037360778056946
 20
-14.827012558468825
 10
19.03346769203653
 20
-14.826500023970915
 10
18.718677198274314
 20
-14.778049132931217
 10
18.714810174049955
 20
-14.77736727222541
 10
18.402432689270398
 20
-14.715231527211806
 10
18.398599087942493
 20
-14.714381638258708
 10
18.089229240442243
 20
-14.638679318193391
 10
18.085436359488813
 20
-14.637663018804933
 10
17.77966305235602
 20
-14.548538227356792
 10
17.775918111741525
 20
-14.547357452116618
 10
17.474323401845336
 20
-14.444979843391692
 10
17.470633530277084
 20
-14.443636839972584
 10
17.17379152028931
 20
-14.328201295567844
 10
17.17016374164756
 20
-14.326698620453143
 10
16.87863948720561
 20
-14.198424878488296
 10
16.875080707173186
 20
-14.196765392105487
 10
16.58942914126454
 20
-14.055897628938958
 10
16.5859461341815
 20
-14.054084490214692
 10
16.30671101079725
 20
-13.900890855640075
 10
16.30331040676555
 20
-13.898927515986966
 10
16.031023265833735
 20
-13.73369962279463
 10
16.02771153809642
 20
-13.731589819541293
 10
15.762890693665597
 20
-13.554642188416867
 10
15.759674146284638
 20
-13.552389937693711
 10
15.502823699883615
 20
-13.364059398510088
 10
15.499708455739773
 20
-13.361668987604375
 10
15.251317336791697
 20
-13.1623140382469
 10
15.248309325929256
 20
-13.159790017441647
 10
15.008850361046674
 20
-12.949790141387012
 10
15.005955309385277
 20
-12.947137315299283
 10
14.775884322317799
 20
-12.726892259247176
 10
14.773107740752824
 20
-12.724115677682201
 10
14.552862684700717
 20
-12.494044690614723
 10
14.550209858612988
 20
-12.491149638953326
 10
14.340209982558353
 20
-12.251690674070742
 10
14.3376859617531
 20
-12.248682663208301
 10
14.138331012395623
 20
-12.000291544260227
 10
14.13594060148991
 20
-11.997176300116383
 10
13.947610062306287
 20
-11.740325853715358
 10
13.945357811583131
 20
-11.737109306334402
 10
13.768410180458705
 20
-11.47228846190358
 10
13.766300377205368
 20
-11.468976734166262
 10
13.601072484013033
 20
-11.196689593234447
 10
13.599109144359923
 20
-11.193288989202745
 10
13.445915509785305
 20
-10.914053865818492
 10
13.444102371061039
 20
-10.910570858735456
 10
13.303234607894513
 20
-10.624919292826814
 10
13.301575121511704
 20
-10.621360512794391
 10
13.173301379546857
 20
-10.329836258352442
 10
13.171798704432156
 20
-10.326208479710688
 10
13.056363160027416
 20
-10.029366469722914
 10
13.055020156608308
 20
-10.025676598154666
 10
12.952642547883382
 20
-9.724081888258478
 10
12.951461772643208
 20
-9.720336947643982
 10
12.862336981195067
 20
-9.414563640511192
 10
12.861320681806609
 20
-9.410770759557758
 10
12.785618361741292
 20
-9.101400912057507
 10
12.784768472788194
 20
-9.097567310729602
 10
12.72263272777459
 20
-8.785189825950043
 10
12.721950867068783
 20
-8.781322801725686
 10
12.673499976029085
 20
-8.466532307963469
 10
12.672987441531175
 20
-8.462639221943052
 10
12.63831363349025
 20
-8.146034940794578
 10
12.637971400838785
 20
-8.142123203688616
 10
12.617140679360963
 20
-7.8243078093976655
 10
12.616969400015245
 20
-7.820384867420062
 10
12.610021417562807
 20
-7.501963339653109
 10
12.610021417562807
 20
-7.498036660346889
 10
12.616969400015245
 20
-7.179615132579936
 10
12.617140679360963
 20
-7.175692190602333
 10
12.637971400838785
 20
-6.857876796311381
 10
12.63831363349025
 20
-6.853965059205419
 10
12.672987441531175
 20
-6.537360778056947
 10
12.673499976029085
 20
-6.533467692036531
 10
12.721950867068783
 20
-6.2186771982743165
 10
12.72263272777459
 20
-6.2148101740499575
 10
12.784768472788194
 20
-5.902432689270399
 10
12.785618361741292
 20
-5.898599087942494
 10
12.86132068180661
 20
-5.58922924044224
 10
12.86233698119507
 20
-5.585436359488807
 10
12.95146177264321
 20
-5.279663052356016
 10
12.952642547883384
 20
-5.27591811174152
 10
13.05502015660831
 20
-4.974323401845332
 10
13.056363160027418
 20
-4.970633530277084
 10
13.171798704432156
 20
-4.673791520289311
 10
13.173301379546857
 20
-4.670163741647558
 10
13.301575121511704
 20
-4.378639487205608
 10
13.303234607894513
 20
-4.375080707173184
 10
13.44410237106104
 20
-4.089429141264542
 10
13.445915509785307
 20
-4.0859461341815075
 10
13.599109144359922
 20
-3.806711010797256
 10
13.60107248401303
 20
-3.8033104067655534
 10
13.766300377205368
 20
-3.5310232658337393
 10
13.768410180458705
 20
-3.527711538096422
 10
13.94535781158313
 20
-3.2628906936656006
 10
13.947610062306286
 20
-3.2596741462846426
 10
14.13594060148991
 20
-3.0028236998836153
 10
14.138331012395623
 20
-2.999708455739772
 10
14.3376859617531
 20
-2.751317336791697
 10
14.340209982558353
 20
-2.748309325929256
 10
14.550209858612988
 20
-2.5088503610466732
 10
14.552862684700717
 20
-2.5059553093852758
 10
14.773107740752824
 20
-2.2758843223177987
 10
14.775884322317799
 20
-2.2731077407528244
 10
15.005955309385277
 20
-2.0528626847007163
 10
15.008850361046674
 20
-2.0502098586129867
 10
15.248309325929256
 20
-1.8402099825583527
 10
15.251317336791697
 20
-1.8376859617531012
 10
15.499708455739773
 20
-1.6383310123956245
 10
15.502823699883617
 20
-1.6359406014899103
 10
15.759674146284642
 20
-1.4476100623062875
 10
15.762890693665598
 20
-1.445357811583132
 10
16.027711538096423
 20
-1.2684101804587062
 10
16.03102326583374
 20
-1.26630037720537
 10
16.303310406765554
 20
-1.1010724840130324
 10
16.306711010797258
 20
-1.099109144359922
 10
16.585946134181512
 20
-0.9459155097853051
 10
16.589429141264546
 20
-0.944102371061039
 10
16.875080707173186
 20
-0.8032346078945125
 10
16.87863948720561
 20
-0.8015751215117041
 10
17.17016374164756
 20
-0.6733013795468571
 10
17.17379152028931
 20
-0.6717987044321556
 10
17.470633530277084
 20
-0.5563631600274168
 10
17.474323401845336
 20
-0.5550201566083092
 10
17.77591811174152
 20
-0.4526425478833839
 10
17.779663052356014
 20
-0.4514617726432097
 10
18.085436359488806
 20
-0.362336981195068
 10
18.089229240442243
 20
-0.3613206818066081
 10
18.398599087942497
 20
-0.2856183617412928
 10
18.402432689270398
 20
-0.2847684727881956
 10
18.714810174049955
 20
-0.22263272777459053
 10
18.718677198274314
 20
-0.22195086706878278
 10
19.03346769203653
 20
-0.17349997602908576
 10
19.037360778056946
 20
-0.17298744153117548
 10
19.353965059205418
 20
-0.13831363349024914
 10
19.357876796311384
 20
-0.1379714008387836
 10
19.675692190602337
 20
-0.11714067936096376
 10
19.67961513257994
 20
-0.11696940001524624
 10
19.99803666034689
 20
-0.11002141756280835
 10
20.00196333965311
 20
-0.11002141756280837
 10
20.320384867420064
 20
-0.11696940001524625
 10
20.324307809397666
 20
-0.11714067936096376
 10
20.642123203688616
 20
-0.1379714008387836
 10
20.646034940794582
 20
-0.1383136334902491
 10
20.962639221943057
 20
-0.17298744153117546
 10
20.966532307963472
 20
-0.1734999760290858
 10
21.281322801725686
 20
-0.2219508670687828
 10
21.285189825950045
 20
-0.22263272777459053
 10
21.597567310729605
 20
-0.2847684727881956
 10
21.60140091205751
 20
-0.28561836174129285
 10
21.91077075955776
 20
-0.36132068180660815
 10
21.914563640511194
 20
-0.36233698119506813
 10
22.220336947643982
 20
-0.4514617726432098
 10
22.224081888258475
 20
-0.4526425478833838
 10
22.525676598154664
 20
-0.5550201566083101
 10
22.529366469722913
 20
-0.5563631600274176
 10
22.826208479710687
 20
-0.6717987044321555
 10
22.82983625835244
 20
-0.673301379546857
 10
23.121360512794393
 20
-0.8015751215117048
 10
23.124919292826817
 20
-0.8032346078945134
 10
23.410570858735458
 20
-0.9441023710610399
 10
23.41405386581849
 20
-0.945915509785306
 10
23.693288989202745
 20
-1.0991091443599228
 10
23.69668959323445
 20
-1.1010724840130335
 10
23.96897673416626
 20
-1.2663003772053694
 10
23.972288461903577
 20
-1.2684101804587053
 10
24.2371093063344
 20
-1.4453578115831311
 10
24.24032585371536
 20
-1.4476100623062869
 10
24.497176300116383
 20
-1.6359406014899105
 10
24.500291544260225
 20
-1.6383310123956243
 10
24.748682663208303
 20
-1.837685961753101
 10
24.751690674070748
 20
-1.8402099825583529
 10
24.991149638953328
 20
-2.0502098586129867
 10
24.994044690614725
 20
-2.0528626847007163
 10
25.224115677682203
 20
-2.2731077407528253
 10
25.226892259247176
 20
-2.2758843223177996
 10
25.447137315299283
 20
-2.5059553093852767
 10
25.449790141387012
 20
-2.508850361046674
 10
25.659790017441647
 20
-2.748309325929257
 10
25.662314038246897
 20
-2.751317336791698
 10
25.861668987604375
 20
-2.999708455739774
 10
25.86405939851009
 20
-3.0028236998836175
 10
26.05238993769371
 20
-3.259674146284642
 10
26.054642188416867
 20
-3.2628906936655993
 10
26.231589819541295
 20
-3.5277115380964212
 10
26.23369962279463
 20
-3.531023265833739
 10
26.39892751598697
 20
-3.8033104067655534
 10
26.40089085564008
 20
-3.8067110107972564
 10
26.55408449021469
 20
-4.085946134181508
 10
26.555897628938958
 20
-4.089429141264541
 10
26.696765392105487
 20
-4.375080707173183
 10
26.698424878488296
 20
-4.378639487205608
 10
26.826698620453143
 20
-4.670163741647559
 10
26.828201295567844
 20
-4.673791520289312
 10
26.943636839972584
 20
-4.970633530277086
 10
26.944979843391692
 20
-4.974323401845334
 10
27.047357452116618
 20
-5.275918111741522
 10
27.04853822735679
 20
-5.2796630523560175
 10
27.137663018804933
 20
-5.58543635948881
 10
27.14072360235021
 20
-5.620418989488276
 10
27.130163939923875
 20
-5.653909959954344
 10
27.107591644406767
 20
-5.680810574229958
 10
27.07644314317299
 20
-5.697025457646332
 10
27.041460513173522
 20
-5.700086041191608
 10
27.007969542707457
 20
-5.689526378765275
 10
26.981068928431842
 20
-5.666954083248164
 10
26.964854045015468
 20
-5.635805582014388
 10
26.876278783739973
 20
-5.331917627492583
 10
26.7751636651501
 20
-5.034042093603427
 10
26.66115163744852
 20
-4.740860650745095
 10
26.53445972900992
 20
-4.452931386457223
 10
26.395329105082745
 20
-4.1708023904593166
 10
26.244024608717336
 20
-3.895010711330443
 10
26.08083425662202
 20
-3.6260813342066642
 10
25.906068690907208
 20
-3.3645261814423857
 10
25.720060587760283
 20
-3.1108431381367336
 10
25.523164024177568
 20
-2.8655151043810134
 10
25.31575380395868
 20
-2.6290090760309646
 10
25.098224744246284
 20
-2.4017752557537455
  0
LWPOLYLINE
  5
55
330
17
100
AcDbEntity
  8
ENGRAVE_LINES
100
AcDbPolyline
 90
507
 70
1
 10
26.280164681517377
 20
-1.1796056862948314
 10
26.054369161961745
 20
-0.9629925226919382
 10
25.821107106131333
 20
-0.7544411079109122
 10
25.58066618389794
 20
-0.5542086374846465
 10
25.333342918453436
 20
-0.3625420476280575
 10
25.07944232062266
 20
-0.17967771070410182
 10
24.819277512710237
 20
-0.0058411437186414285
 10
24.553169342342613
 20
0.15875326979830373
 10
24.281445986783723
 20
0.3139025441803685
 10
24.004442548211472
 20
0.45941534195624956
 10
23.722500640453287
 20
0.5951122098164738
 10
23.435967967691866
 20
0.7208257999236495
 10
23.145197895660004
 20
0.836401076293699
 10
22.85054901585297
 20
0.9416955059937181
 10
22.55238470329626
 20
1.0365792349204002
 10
22.251072668414665
 20
1.1209352479421486
 10
21.946984503553793
 20
1.194659513207879
 10
21.64049522471501
 20
1.257661110443937
 10
21.331982809067657
 20
1.309862343081366
 10
21.021827728809814
 20
1.3511988340749785
 10
20.710412481951654
 20
1.3816196052962186
 10
20.398121120600855
 20
1.4010871404018062
 10
20.085338777331177
 20
1.4095774311006746
 10
19.772451190218657
 20
1.4070800067621463
 10
19.459844227131054
 20
1.3935979473288111
 10
19.1479034098572
 20
1.3691478795181828
 10
18.83701343866323
 20
1.333759956317862
 10
18.527557717861825
 20
1.2874778197994101
 10
18.21991788297987
 20
1.2303585472968983
 10
17.91447333010722
 20
1.162472581016394
 10
17.61160074800742
 20
1.0839036411632776
 10
17.311673653567393
 20
0.994748622694564
 10
17.015061931158183
 20
0.8951174758232998
 10
16.722131376476444
 20
0.7851330704228677
 10
16.433243245427516
 20
0.6649310444979525
 10
16.148753808607317
 20
0.5346596369092232
 10
15.869013911932779
 20
0.3944795045582305
 10
15.594368543961762
 20
0.24456352425759825
 10
15.32515641043687
 20
0.08509657953116549
 10
15.061709516577228
 20
-0.08372466739327587
 10
14.804352757633998
 20
-0.26169201811712
 10
14.553403518214063
 20
-0.44858599483111167
 10
14.309171280866131
 20
-0.6441761109859281
 10
14.071957244412243
 20
-0.8482211555390391
 10
13.84205395249499
 20
-1.0604694904277152
 10
13.619744932798664
 20
-1.2806593609011456
 10
13.405304347389704
 20
-1.508519218328598
 10
13.198996654606606
 20
-1.7437680550864922
 10
13.00107628291764
 20
-1.9861157511100276
 10
12.81178731714735
 20
-2.235263431683291
 10
12.631363197459615
 20
-2.4909038360256748
 10
12.46002643146812
 20
-2.7527216962205046
 10
12.297988319829354
 20
-3.02039412601847
 10
12.145448695656523
 20
-3.293591019036422
 10
12.002595678076036
 20
-3.571975455859934
 10
11.86960544022978
 20
-3.855204119548848
 10
11.746641992010195
 20
-4.14292771903174
 10
11.63385697779545
 20
-4.434791419868299
 10
11.531389489434334
 20
-4.730435281848139
 10
11.439365894711505
 20
-5.029494702886407
 10
11.357899681504904
 20
-5.331600868667886
 10
11.287091317826928
 20
-5.636381207486906
 10
11.227028127922537
 20
-5.943459849720383
 10
11.177784184576913
 20
-6.252458091367815
 10
11.139420217765302
 20
-6.562994861087408
 10
11.111983539757919
 20
-6.874687190151452
 10
11.09550798677224
 20
-7.187150684741152
 10
11.09001387724454
 20
-7.499999999999999
 10
11.09550798677224
 20
-7.812849315258849
 10
11.111983539757919
 20
-8.125312809848547
 10
11.139420217765302
 20
-8.437005138912589
 10
11.177784184576913
 20
-8.747541908632181
 10
11.227028127922535
 20
-9.056540150279615
 10
11.287091317826928
 20
-9.363618792513096
 10
11.357899681504906
 20
-9.668399131332118
 10
11.439365894711502
 20
-9.970505297113581
 10
11.531389489434334
 20
-10.26956471815186
 10
11.633856977795451
 20
-10.565208580131706
 10
11.746641992010199
 20
-10.857072280968268
 10
11.869605440229778
 20
-11.14479588045115
 10
12.002595678076032
 20
-11.428024544140063
 10
12.145448695656514
 20
-11.706408980963563
 10
12.297988319829368
 20
-11.979605873981551
 10
12.460026431468116
 20
-12.247278303779488
 10
12.631363197459612
 20
-12.509096163974322
 10
12.811787317147358
 20
-12.764736568316719
 10
13.001076282917635
 20
-13.013884248889964
 10
13.198996654606596
 20
-13.256231944913498
 10
13.405304347389691
 20
-13.491480781671385
 10
13.619744932798687
 20
-13.71934063909888
 10
13.842053952495
 20
-13.939530509572297
 10
14.071957244412229
 20
-14.151778844460948
 10
14.309171280866138
 20
-14.355823889014077
 10
14.553403518214076
 20
-14.5514140051689
 10
14.804352757633982
 20
-14.73830798188287
 10
15.061709516577224
 20
-14.916275332606721
 10
15.32515641043683
 20
-15.08509657953114
 10
15.59436854396179
 20
-15.244563524257615
 10
15.869013911932779
 20
-15.39447950455823
 10
16.148753808607342
 20
-15.534659636909234
 10
16.4332432454275
 20
-15.664931044497948
 10
16.722131376476465
 20
-15.785133070422877
 10
17.01506193115817
 20
-15.895117475823293
 10
17.3116736535674
 20
-15.994748622694567
 10
17.611600748007433
 20
-16.083903641163282
 10
17.914473330107192
 20
-16.162472581016385
 10
18.219917882979843
 20
-16.230358547296895
 10
18.527557717861917
 20
-16.287477819799427
 10
18.83701343866323
 20
-16.333759956317866
 10
19.147903409857197
 20
-16.369147879518184
 10
19.45984422713098
 20
-16.393597947328804
 10
19.77245119021868
 20
-16.407080006762143
 10
20.0853387773312
 20
-16.409577431100676
 10
20.39812112060082
 20
-16.401087140401806
 10
20.71041248195162
 20
-16.381619605296223
 10
21.021827728809797
 20
-16.351198834074978
 10
21.331982809067764
 20
-16.309862343081353
 10
21.640495224714968
 20
-16.257661110443948
 10
21.946984503553804
 20
-16.194659513207878
 10
22.251072668414626
 20
-16.12093524794216
 10
22.552384703296312
 20
-16.03657923492038
 10
22.85054901585291
 20
-15.94169550599374
 10
23.145197895660036
 20
-15.836401076293688
 10
23.43596796769186
 20
-15.720825799923652
 10
23.722500640453294
 20
-15.59511220981647
 10
24.004442548211475
 20
-15.459415341956248
 10
24.281445986783762
 20
-15.313902544180348
 10
24.553169342342553
 20
-15.158753269798341
 10
24.819277512710244
 20
-14.994158856281354
 10
25.079442320622647
 20
-14.820322289295909
 10
25.333342918453436
 20
-14.63745795237194
 10
25.58066618389795
 20
-14.445791362515346
 10
25.82110710613133
 20
-14.24555889208909
 10
26.054369161961752
 20
-14.037007477308057
 10
26.28016468151739
 20
-13.820394313705155
 10
26.49821520301415
 20
-13.595986538945986
 10
26.70825181616856
 20
-13.364060903381386
 10
26.91001549383027
 20
-13.124903428746176
 10
27.103257411426718
 20
-12.878809055423545
 10
27.287739253825663
 20
-12.626081278710219
 10
27.463233509236776
 20
-12.367031774531599
 10
27.62952374978949
 20
-12.10198001506884
 10
27.78640489844287
 20
-11.831252874769582
 10
27.933683481895883
 20
-11.555184227231516
 10
28.07117786918806
 20
-11.274114533453346
 10
28.198718495695474
 20
-10.988390421961947
 10
28.31614807224576
 20
-10.698364261333905
 10
28.423321779094792
 20
-10.404393725637453
 10
28.520107444525156
 20
-10.10684135333202
 10
28.606821524518942
 20
-9.80455483704977
 10
28.622903665345362
 20
-9.77333759310101
 10
28.649707948157147
 20
-9.750650989206573
 10
28.68315366387763
 20
-9.73994885515481
 10
28.71814900547453
 20
-9.742860493840015
 10
28.74936624942329
 20
-9.758942634666434
 10
28.772052853317728
 20
-9.785746917478217
 10
28.78275498736949
 20
-9.819192633198698
 10
28.779843348684288
 20
-9.854187974795602
 10
28.69269345201827
 20
-10.157993754196324
 10
28.691768742721106
 20
-10.161016041132465
 10
28.59400529204089
 20
-10.461574461073214
 10
28.592975033764038
 20
-10.464562415807073
 10
28.484718595611135
 20
-10.761502813335985
 10
28.483584058918144
 20
-10.764452750979542
 10
28.364968140285743
 20
-11.057408925062235
 10
28.363730724341274
 20
-11.060317207611954
 10
28.234901608027055
 20
-11.348927870748081
 10
28.233562838871357
 20
-11.351790911571467
 10
28.094679403074604
 20
-11.635700135351652
 10
28.093240931741537
 20
-11.638514403610463
 10
27.944474454126958
 20
-11.917372057664162
 10
27.942938054607847
 20
-11.92013408266881
 10
27.78447200107781
 20
-12.19359626646174
 10
27.782839568133685
 20
-12.196302641951496
 10
27.614869366569344
 20
-12.464032108900154
 10
27.613142913394228
 20
-12.466679497243929
 10
27.43587571264454
 20
-12.72834607062415
 10
27.43405736838267
 20
-12.7309312069366
 10
27.247711782798582
 20
-12.986212187073203
 10
27.245803789918675
 20
-12.988731883241167
 10
27.050609629747495
 20
-13.237312445476523
 10
27.0486143412772
 20
-13.239763594090727
 10
26.84481232924967
 20
-13.481337177041576
 10
26.842732205873713
 20
-13.483716755228864
 10
26.63057368033326
 20
-13.717985438852345
 10
26.628411287358816
 20
-13.720290512003613
 10
26.408157892299158
 20
-13.946965385006495
 10
26.40591589649219
 20
-13.949193110395798
 10
26.17783925888549
 20
-14.167994626533611
 10
26.175520425181954
 20
-14.170142256823945
 10
25.93990181999554
 20
-14.380800579650714
 10
25.937509008091553
 20
-14.382865466282166
 10
25.694639011406196
 20
-14.585120801925584
 10
25.692175172231305
 20
-14.587100398381658
 10
25.44235330288898
 20
-14.780703315933247
 10
25.439821474966955
 20
-14.782595180881353
 10
25.183355825189956
 20
-14.967306920006523
 10
25.180759130891516
 20
-14.969108720308743
 10
24.917965986328465
 20
-15.144701485697412
 10
24.915307628020642
 20
-15.146410999287838
 10
24.646511077687933
 20
-15.312668241582465
 10
24.643794333784744
 20
-15.31428336020755
 10
24.369325870384582
 20
-15.471000043062094
 10
24.366554091303943
 20
-15.472518774880665
 10
24.086752202411734
 20
-15.61950162782118
 10
24.083928806443556
 20
-15.620922099860856
 10
23.79913855706893
 20
-15.757989856635822
 10
23.796267026159537
 20
-15.75931031710286
 10
23.50683963319576
 20
-15.886293939229375
 10
23.503923508653767
 20
-15.887512759669066
 10
23.210215907740317
 20
-16.004255644899143
 10
23.20725878586934
 20
-16.0053713222041
 10
22.909633191201905
 20
-16.11172949765401
 10
22.906638718865402
 20
-16.11274065591786
 10
22.605462176496086
 20
-16.208582955622354
 10
22.60243404661991
 20
-16.209488347836597
 10
22.29807798179858
 20
-16.29469657450901
 10
22.295019928816643
 20
-16.29549508410086
 10
21.987859687931618
 20
-16.36996415489963
 10
21.984775483180442
 20
-16.370654797109047
 10
21.675189870863452
 20
-16.4342928732309
 10
21.672083317931158
 20
-16.43487479632503
 10
21.360454129897438
 20
-16.48760339626493
 10
21.357329059932997
 20
-16.488075882588518
 10
21.044040612132637
 20
-16.529829978926827
 10
21.040900879121104
 20
-16.530192445787236
 10
20.726339533782372
 20
-16.5609205453846
 10
20.72318900979196
 20
-16.561172545770447
 10
20.407742698940922
 20
-16.5808367532716
 10
20.404585269347805
 20
-16.58097797640401
 10
20.088643016392144
 20
-16.589554040972132
 10
20.085482575088808
 20
-16.589584312688018
 10
19.769434015055598
 20
-16.587061657912006
 10
19.766274459648713
 20
-16.586980940878846
 10
19.450509358668015
 20
-16.573362677816668
 10
19.447354585671725
 20
-16.573171071578546
 10
19.132262360298384
 20
-16.548473994920524
 10
19.12911626032893
 20
-16.54817173577538
 10
18.81508549729555
 20
-16.51242630313217
 10
18.811951950273187
 20
-16.51201376384037
 10
18.499369927266493
 20
-16.465264058181205
 10
18.496252797630593
 20
-16.464741747505844
 10
18.18550500568213
 20
-16.407045422793317
 10
18.182408137625345
 20
-16.406413984872778
 10
17.8738778057056
 20
-16.337842194961205
 10
17.870805018433057
 20
-16.3371024085148
 10
17.56487264083526
 20
-16.25773971939994
 10
17.561827723854496
 20
-16.256892496767527
 10
17.258870590950927
 20
-16.166836782295732
 10
17.25585729939852
 20
-16.165883168312597
 10
16.95624903234804
 20
-16.065245489478144
 10
16.95327108235859
 20
-16.06418666018645
 10
16.657381172339274
 20
-15.953091128165836
 10
16.654442236462476
 20
-15.951928389364271
 10
16.362635588997506
 20
-15.830512012456403
 10
16.359739291668987
 20
-15.829246798089809
 10
16.072375776607764
 20
-15.697659312750833
 10
16.069525689679274
 20
-15.696293183141801
 10
15.786959697388788
 20
-15.55469686932299
 10
15.78415933572321
 20
-15.553231509247588
 10
15.506739340037004
 20
-15.401800990263983
 10
15.503992157173657
 20
-15.400238206874016
 10
15.232060285637258
 20
-15.239160234050622
 10
15.229369669532835
 20
-15.237501954644966
 10
14.963261281475823
 20
-15.066975177006157
 10
14.960630550326186
 20
-15.065223446653917
 10
14.700673823281056
 20
-14.885458165939966
 10
14.698106221429104
 20
-14.883615144958407
 10
14.444621746407162
 20
-14.694833056271404
 10
14.442120440341727
 20
-14.69290101756174
 10
14.195420826464945
 20
-14.495334935960608
 10
14.192988900915749
 20
-14.493316262204951
 10
13.953378389892332
 20
-14.287209835586852
 10
13.951018844025734
 20
-14.285107016309777
 10
13.718792934944796
 20
-14.070714424931927
 10
13.716508678665086
 20
-14.068530053430276
 10
13.491953763573042
 20
-13.846115696442734
 10
13.48974761393381
 20
-13.84385246658743
 10
13.273140624642108
 20
-13.613690635963481
 10
13.271015302372117
 20
-13.611351338877327
 10
13.062623368931753
 20
-13.373725881143598
 10
13.060581495079601
 20
-13.371313401759123
 10
12.860661616343595
 20
-13.126517367942471
 10
12.858705709045323
 20
-13.124034681444101
 10
12.667504435725524
 20
-12.872369965667207
 10
12.665636907099126
 20
-12.869820133822126
 10
12.483390037708116
 20
-12.611597100993228
 10
12.481613190878798
 20
-12.608983268375448
 10
12.308545480931954
 20
-12.34452037143159
 10
12.306861507191817
 20
-12.341845761543935
 10
12.143186392028113
 20
-12.071469148719663
 10
12.141597368133738
 20
-12.068737060018373
 10
11.987516699697103
 20
-11.792780172624164
 10
11.986024585308407
 20
-11.789993974451086
 10
11.841728383214328
 20
-11.50879713565768
 10
11.840335018477804
 20
-11.505960264085044
 10
11.706001235672067
 20
-11.219870259220698
 10
11.704708338951443
 20
-11.216986212813579
 10
11.580502642250101
 20
-10.926355861691894
 10
11.579311808007164
 20
-10.92342819719362
 10
11.465387373788321
 20
-10.628615918999348
 10
11.464300070616549
 20
-10.625648246945149
 10
11.360797395915975
 20
-10.327017618214596
 10
11.3598149647294
 20
-10.324013598478931
 10
11.266861693972881
 20
-10.021932904720053
 10
11.265985346352416
 20
-10.018896242003068
 10
11.183696113938582
 20
-9.713738023508265
 10
11.182926930637828
 20
-9.710672462766988
 10
11.111403219565558
 20
-9.40281305517867
 10
11.110742149177979
 20
-9.399722377008546
 10
11.05007216589272
 20
-9.089541447204105
 10
11.049520023681792
 20
-9.086429463176588
 10
10.99977858929519
 20
-8.77430954104514
 10
10.999336056188971
 20
-8.77118008900708
 10
10.960584514205902
 20
-8.457506095695367
 10
10.960252135957285
 20
-8.454363035035998
 10
10.932538276624129
 20
-8.139521808245352
 10
10.932316463137797
 20
-8.136369015136712
 10
10.915674464505225
 20
-7.8207488320563305
 10
10.915563489332124
 20
-7.817590194672967
 10
10.910013875105115
 20
-7.501580293138044
 10
10.910013875105115
 20
-7.498419706861954
 10
10.915563489332124
 20
-7.182409805327035
 10
10.915674464505225
 20
-7.179251167943672
 10
10.932316463137797
 20
-6.863630984863287
 10
10.932538276624129
 20
-6.860478191754646
 10
10.960252135957285
 20
-6.545636964963999
 10
10.960584514205902
 20
-6.542493904304631
 10
10.999336056188973
 20
-6.228819910992917
 10
10.999778589295191
 20
-6.225690458954857
 10
11.049520023681794
 20
-5.91357053682341
 10
11.050072165892722
 20
-5.910458552795892
 10
11.110742149177979
 20
-5.600277622991456
 10
11.111403219565558
 20
-5.597186944821331
 10
11.182926930637828
 20
-5.289327537233009
 10
11.183696113938582
 20
-5.286261976491732
 10
11.265985346352416
 20
-4.981103757996933
 10
11.266861693972881
 20
-4.9780670952799495
 10
11.3598149647294
 20
-4.675986401521071
 10
11.360797395915975
 20
-4.672982381785406
 10
11.464300070616549
 20
-4.37435175305485
 10
11.465387373788321
 20
-4.371384081000651
 10
11.579311808007164
 20
-4.076571802806379
 10
11.580502642250101
 20
-4.0736441383081035
 10
11.704708338951445
 20
-3.7830137871864187
 10
11.706001235672069
 20
-3.780129740779299
 10
11.840335018477804
 20
-3.4940397359149573
 10
11.841728383214328
 20
-3.491202864342321
 10
11.986024585308407
 20
-3.210006025548915
 10
11.987516699697103
 20
-3.207219827375838
 10
12.141597368133736
 20
-2.9312629399816283
 10
12.143186392028111
 20
-2.9285308512803367
 10
12.306861507191819
 20
-2.658154238456063
 10
12.308545480931956
 20
-2.6554796285684077
 10
12.481613190878798
 20
-2.3910167316245534
 10
12.483390037708116
 20
-2.3884028990067745
 10
12.665636907099127
 20
-2.130179866177874
 10
12.667504435725526
 20
-2.127630034332791
 10
12.858705709045326
 20
-1.875965318555893
 10
12.860661616343599
 20
-1.8734826320575235
 10
13.060581495079605
 20
-1.6286865982408762
 10
13.062623368931757
 20
-1.626274118856402
 10
13.271015302372117
 20
-1.3886486611226716
 10
13.27314062464211
 20
-1.3863093640365167
 10
13.489747613933808
 20
-1.156147533412574
 10
13.491953763573038
 20
-1.1538843035572706
 10
13.716508678665088
 20
-0.9314699465697219
 10
13.718792934944798
 20
-0.9292855750680707
 10
13.951018844025738
 20
-0.714892983690219
 10
13.953378389892336
 20
-0.7127901644131444
 10
14.192988900915747
 20
-0.5066837377950487
 10
14.195420826464943
 20
-0.5046650640393913
 10
14.442120440341725
 20
-0.3070989824382617
 10
14.44462174640716
 20
-0.3051669437285963
 10
14.698106221429107
 20
-0.11638485504159214
 10
14.70067382328106
 20
-0.11454183406003403
 10
14.960630550326185
 20
0.06522344665391645
 10
14.963261281475821
 20
0.06697517700615582
 10
15.229369669532838
 20
0.23750195464496757
 10
15.232060285637264
 20
0.23916023405062356
 10
15.503992157173656
 20
0.4002382068740131
 10
15.506739340037
 20
0.4018009902639793
 10
15.784159335723208
 20
0.553231509247586
 10
15.786959697388786
 20
0.5546968693229879
 10
16.069525689679267
 20
0.6962931831417969
 10
16.072375776607757
 20
0.6976593127508295
 10
16.359739291668987
 20
0.8292467980898071
 10
16.362635588997506
 20
0.8305120124564004
 10
16.654442236462476
 20
0.9519283893642706
 10
16.657381172339274
 20
0.9530911281658363
 10
16.953271082358587
 20
1.0641866601864494
 10
16.956249032348037
 20
1.0652454894781438
 10
17.25585729939852
 20
1.1658831683125963
 10
17.258870590950927
 20
1.1668367822957304
 10
17.5618277238545
 20
1.2568924967675272
 10
17.56487264083526
 20
1.2577397193999393
 10
17.870805018433053
 20
1.3371024085148002
 10
17.873877805705604
 20
1.337842194961207
 10
18.18240813762534
 20
1.4064139848727746
 10
18.185505005682124
 20
1.4070454227933118
 10
18.496252797630586
 20
1.4647417475058406
 10
18.499369927266486
 20
1.4652640581812049
 10
18.811951950273187
 20
1.5120137638403681
 10
18.81508549729555
 20
1.5124263031321694
 10
19.129116260328935
 20
1.54817173577538
 10
19.132262360298387
 20
1.548473994920524
 10
19.447354585671732
 20
1.5731710715785512
 10
19.450509358668025
 20
1.573362677816671
 10
19.76627445964872
 20
1.5869809408788467
 10
19.7694340150556
 20
1.5870616579120078
 10
20.085482575088804
 20
1.589584312688018
 10
20.08864301639214
 20
1.5895540409721327
 10
20.40458526934781
 20
1.5809779764040115
 10
20.40774269894093
 20
1.5808367532716006
 10
20.72318900979197
 20
1.5611725457704442
 10
20.72633953378238
 20
1.5609205453845978
 10
21.04090087912111
 20
1.5301924457872347
 10
21.044040612132644
 20
1.5298299789268253
 10
21.35732905993299
 20
1.4880758825885163
 10
21.36045412989743
 20
1.487603396264932
 10
21.672083317931154
 20
1.4348747963250315
 10
21.675189870863445
 20
1.4342928732308993
 10
21.984775483180442
 20
1.3706547971090481
 10
21.98785968793162
 20
1.369964154899631
 10
22.295019928816647
 20
1.2954950841008575
 10
22.298077981798585
 20
1.2946965745090069
 10
22.602434046619912
 20
1.2094883478365965
 10
22.605462176496093
 20
1.2085829556223548
 10
22.906638718865402
 20
1.1127406559178614
 10
22.9096331912019
 20
1.1117294976540093
 10
23.207258785869335
 20
1.0053713222040968
 10
23.210215907740317
 20
1.0042556448991429
 10
23.50392350865377
 20
0.8875127596690666
 10
23.506839633195764
 20
0.8862939392293754
 10
23.79626702615954
 20
0.7593103171028588
 10
23.799138557068932
 20
0.7579898566358209
 10
24.083928806443556
 20
0.6209220998608563
 10
24.086752202411734
 20
0.6195016278211801
 10
24.366554091303943
 20
0.4725187748806678
 10
24.369325870384586
 20
0.47100004306209653
 10
24.643794333784747
 20
0.3142833602075509
 10
24.646511077687933
 20
0.3126682415824641
 10
24.915307628020642
 20
0.14641099928783544
 10
24.917965986328465
 20
0.1447014856974106
 10
25.18075913089152
 20
-0.03089127969126003
 10
25.18335582518996
 20
-0.032693079993480256
 10
25.439821474966955
 20
-0.21740481911864762
 10
25.44235330288898
 20
-0.21929668406675407
 10
25.692175172231302
 20
-0.41289960161834105
 10
25.694639011406192
 20
-0.4148791980744149
 10
25.937509008091553
 20
-0.6171345337178347
 10
25.93990181999554
 20
-0.6191994203492865
 10
26.175520425181954
 20
-0.8298577431760568
 10
26.17783925888549
 20
-0.8320053734663908
 10
26.405915896492186
 20
-1.0508068896041998
 10
26.408157892299155
 20
-1.0530346149935026
 10
26.628411287358816
 20
-1.279709487996386
 10
26.63057368033326
 20
-1.2820145611476546
 10
26.842732205873713
 20
-1.5162832447711405
 10
26.844812329249667
 20
-1.5186628229584285
 10
27.048614341277197
 20
-1.7602364059092732
 10
27.050609629747495
 20
-1.7626875545234781
 10
27.245803789918675
 20
-2.011268116758838
 10
27.247711782798582
 20
-2.0137878129268003
 10
27.43405736838267
 20
-2.269068793063398
 10
27.43587571264454
 20
-2.2716539293758493
 10
27.613142913394228
 20
-2.533320502756076
 10
27.614869366569344
 20
-2.5359678910998484
 10
27.78283956813369
 20
-2.8036973580485087
 10
27.784472001077813
 20
-2.806403733538266
 10
27.942938054607847
 20
-3.0798659173311904
 10
27.944474454126958
 20
-3.082627942335838
 10
28.093240931741537
 20
-3.361485596389533
 10
28.094679403074604
 20
-3.3642998646483457
 10
28.233562838871357
 20
-3.648209088428533
 10
28.234901608027055
 20
-3.651072129251918
 10
28.363730724341274
 20
-3.9396827923880497
 10
28.364968140285743
 20
-3.942591074937768
 10
28.483584058918144
 20
-4.235547249020464
 10
28.484718595611135
 20
-4.23849718666402
 10
28.592975033764038
 20
-4.535437584192929
 10
28.59400529204089
 20
-4.538425538926788
 10
28.691768742721106
 20
-4.838983958867532
 10
28.69269345201827
 20
-4.842006245803672
 10
28.779843348684288
 20
-5.145812025204397
 10
28.78275498736949
 20
-5.180807366801301
 10
28.772052853317728
 20
-5.2142530825217825
 10
28.74936624942329
 20
-5.241057365333566
 10
28.71814900547453
 20
-5.2571395061599855
 10
28.683153663877626
 20
-5.26005114484519
 10
28.649707948157147
 20
-5.249349010793426
 10
28.622903665345362
 20
-5.226662406898988
 10
28.606821524518942
 20
-5.19544516295023
 10
28.520107444525156
 20
-4.893158646667977
 10
28.423321779094792
 20
-4.595606274362549
 10
28.316148072245756
 20
-4.301635738666091
 10
28.198718495695474
 20
-4.011609578038054
 10
28.07117786918806
 20
-3.725885466546652
 10
27.93368348189589
 20
-3.4448157727684956
 10
27.786404898442868
 20
-3.1687471252304134
 10
27.629523749789502
 20
-2.8980199849311767
 10
27.463233509236755
 20
-2.6329682254683746
 10
27.287739253825684
 20
-2.3739187212898085
 10
27.103257411426704
 20
-2.1211909445764405
 10
26.910015493830226
 20
-1.8750965712537724
 10
26.708251816168612
 20
-1.6359390966186786
 10
26.49821520301416
 20
-1.4040134610540238
  0
LWPOLYLINE
  5
56
330
17
100
AcDbEntity
  8
ENGRAVE_LINES
100
AcDbPolyline
 90
450
 70
1
 10
25.175028992781453
 20
-1.5177851866949188
 10
24.933388212090716
 20
-1.316999118756353
 10
24.68396465058423
 20
-1.1259671870367123
 10
24.427151792177387
 20
-0.9449907583836394
 10
24.163354777942033
 20
-0.7743553363530585
 10
23.892989766966487
 20
-0.6143301108062448
 10
23.616483279834775
 20
-0.4651675332435356
 10
23.334271525758588
 20
-0.32710291854324447
 10
23.046799714425738
 20
-0.20035407373545386
 10
22.75452135364917
 20
-0.08512095439540704
 10
22.457897533925117
 20
0.018414650801069916
 10
22.157396201029286
 20
0.11008940686242838
 10
21.853491417798015
 20
0.18975869015435698
 10
21.546662616259606
 20
0.25729681655409725
 10
21.237393841295077
 20
0.31259723972638664
 10
20.92617298702209
 20
0.3555727192080599
 10
20.61349102710619
 20
0.3861554580362878
 10
20.299841240213954
 20
0.40429720970323185
 10
19.98571843182984
 20
0.4099693542684439
 10
19.671618153664323
 20
0.4031629435089159
 10
19.358035921884763
 20
0.3838887150355559
 10
19.045466435402503
 20
0.35217707535382464
 10
18.734402795449068
 20
0.3080780518952423
 10
18.425335727672874
 20
0.25166121409545544
 10
18.11875280798378
 20
0.18301556364338165
 10
17.815137693366193
 20
0.10224939407450259
 10
17.514969358874907
 20
0.009490119929898027
 10
17.21872134201705
 20
-0.09511592424945983
 10
16.926860995711674
 20
-0.2114037147762752
 10
16.639848751006717
 20
-0.33918979915371306
 10
16.358137390715118
 20
-0.478272585485245
 10
16.082171335116858
 20
-0.6284326605005656
 10
15.812385940853375
 20
-0.7894331356961456
 10
15.549206814120852
 20
-0.9610200210440244
 10
15.293049139245023
 20
-1.1429226256798384
 10
15.044317023697674
 20
-1.3348539849373673
 10
14.803402860587582
 20
-1.5365113130562555
 10
14.57068670963156
 20
-1.7475764808487904
 10
14.346535697582492
 20
-1.9677165175719469
 10
14.131303439060089
 20
-2.196584136213021
 10
13.925329478697892
 20
-2.43381828136036
 10
13.72893875548674
 20
-2.679044698794739
 10
13.542441090159858
 20
-2.9318765259026183
 10
13.366130696427872
 20
-3.1919149019803714
 10
13.200285716835195
 20
-3.4587495974661695
 10
13.045167783969834
 20
-3.7319596611070796
 10
12.901021607718832
 20
-4.0111140840405195
 10
12.768074589220506
 20
-4.295772479742244
 10
12.646536462122489
 20
-4.585485778768392
 10
12.536598961711663
 20
-4.8797969371951435
 10
12.438435522437596
 20
-5.178241657639249
 10
12.352201004307041
 20
-5.4803491217210105
 10
12.278031448581045
 20
-5.7856427328144315
 10
12.216043863159731
 20
-6.093640867913867
 10
12.166336037993936
 20
-6.403857637428965
 10
12.128986390814324
 20
-6.715803651711358
 10
12.104053843421715
 20
-7.028986793102401
 10
12.09157772873359
 20
-7.342912992285271
 10
12.09157772873359
 20
-7.657087007714731
 10
12.104053843421715
 20
-7.9710132068976005
 10
12.128986390814328
 20
-8.284196348288686
 10
12.166336037993931
 20
-8.596142362570996
 10
12.216043863159733
 20
-8.906359132086134
 10
12.278031448581036
 20
-9.21435726718552
 10
12.352201004307055
 20
-9.51965087827904
 10
12.438435522437596
 20
-9.82175834236075
 10
12.536598961711668
 20
-10.120203062804862
 10
12.64653646212249
 20
-10.414514221231613
 10
12.768074589220497
 20
-10.704227520257739
 10
12.901021607718844
 20
-10.988885915959502
 10
13.045167783969841
 20
-11.268040338892932
 10
13.200285716835182
 20
-11.541250402533812
 10
13.366130696427872
 20
-11.808085098019625
 10
13.542441090159866
 20
-12.068123474097394
 10
13.728938755486729
 20
-12.320955301205249
 10
13.925329478697886
 20
-12.566181718639635
 10
14.131303439060101
 20
-12.803415863786993
 10
14.346535697582496
 20
-13.032283482428056
 10
14.570686709631556
 20
-13.252423519151202
 10
14.803402860587596
 20
-13.463488686943757
 10
15.044317023697682
 20
-13.66514601506264
 10
15.293049139245028
 20
-13.857077374320166
 10
15.54920681412083
 20
-14.038979978955961
 10
15.812385940853387
 20
-14.21056686430386
 10
16.082171335116875
 20
-14.371567339499443
 10
16.358137390715086
 20
-14.521727414514737
 10
16.63984875100673
 20
-14.66081020084629
 10
16.926860995711706
 20
-14.788596285223742
 10
17.21872134201703
 20
-14.904884075750532
 10
17.51496935887488
 20
-15.009490119929888
 10
17.815137693366225
 20
-15.10224939407451
 10
18.11875280798378
 20
-15.183015563643382
 10
18.425335727672863
 20
-15.251661214095455
 10
18.734402795449057
 20
-15.308078051895238
 10
19.045466435402506
 20
-15.352177075353826
 10
19.358035921884763
 20
-15.383888715035557
 10
19.67161815366436
 20
-15.403162943508917
 10
19.985718431829827
 20
-15.409969354268444
 10
20.299841240213926
 20
-15.404297209703232
 10
20.6134910271062
 20
-15.386155458036287
 10
20.9261729870221
 20
-15.355572719208059
 10
21.23739384129505
 20
-15.31259723972639
 10
21.54666261625963
 20
-15.257296816554092
 10
21.853491417798036
 20
-15.189758690154353
 10
22.15739620102929
 20
-15.110089406862427
 10
22.45789753392514
 20
-15.018414650801061
 10
22.75452135364917
 20
-14.914879045604593
 10
23.046799714425752
 20
-14.79964592626454
 10
23.334271525758567
 20
-14.672897081456762
 10
23.61648327983478
 20
-14.53483246675646
 10
23.892989766966494
 20
-14.385669889193752
 10
24.163354777942047
 20
-14.225644663646934
 10
24.42715179217738
 20
-14.055009241616366
 10
24.683964650584258
 20
-13.874032812963266
 10
24.933388212090698
 20
-13.683000881243665
 10
25.175028992781435
 20
-13.482214813305095
 10
25.40850578664731
 20
-13.271991363858566
 10
25.633450266965575
 20
-13.052662175774865
 10
25.849507567362235
 20
-12.824573256893673
 10
26.05633684163988
 20
-12.588084434170765
 10
26.25361180148736
 20
-12.343568786024758
 10
26.44102123122355
 20
-12.091412053778532
 10
26.618269478762596
 20
-11.832012033124427
 10
26.7850769220273
 20
-11.565777946571586
 10
26.941180410072644
 20
-11.293129797868655
 10
27.086333678226307
 20
-11.014497709416094
 10
27.220307736588715
 20
-10.730321243717484
 10
27.342891231281797
 20
-10.441048709936679
 10
27.453890777874737
 20
-10.147136456658275
 10
27.553131266462515
 20
-9.849048151963192
 10
27.64095302832805
 20
-9.545536802420445
 10
27.65710695515572
 20
-9.514356644926238
 10
27.683963367213053
 20
-9.49173177576145
 10
27.717433619218305
 20
-9.481106626161468
 10
27.75242216871227
 20
-9.48409877883567
 10
27.783602326206474
 20
-9.500252705663337
 10
27.80622719537126
 20
-9.527109117720672
 10
27.816852344971245
 20
-9.560579369725925
 10
27.813860192297042
 20
-9.595567919219887
 10
27.725541540017645
 20
-9.900796518301734
 10
27.724479957705295
 20
-9.904209930899784
 10
27.624110085320552
 20
-10.205690561712746
 10
27.622913790881707
 20
-10.209059125529276
 10
27.51065103920804
 20
-10.506316180322875
 10
27.5093219198847
 20
-10.509634581202024
 10
27.385343391625664
 20
-10.802199115225953
 10
27.383883544200792
 20
-10.805462118147577
 10
27.2483848245546
 20
-11.092872589446298
 10
27.24679655204431
 20
-11.096075046784575
 10
27.09999140015385
 20
-11.37787804431358
 10
27.098277208174217
 20
-11.381014903957775
 10
26.940397219906405
 20
-11.656765862872646
 10
26.938559812720683
 20
-11.659832176197192
 10
26.769854055307015
 20
-11.929096079187163
 10
26.767896331559456
 20
-11.932087008858463
 10
26.588630950674233
 20
-12.194439072418076
 10
26.586555998817275
 20
-12.197349900025774
 10
26.39701379871332
 20
-12.45237624458192
 10
26.39482489213531
 20
-12.45520237808251
 10
26.195304889499617
 20
-12.702500680919718
 10
26.193005481360814
 20
-12.705237661880858
 10
25.983822433593772
 20
-12.94441779183485
 10
25.98141615137874
 20
-12.947061302468839
 10
25.762900060041396
 20
-13.177745935386936
 10
25.760390699836353
 20
-13.180291805362366
 10
25.53288629004872
 20
-13.402117019359991
 10
25.530277810552974
 20
-13.40456123238072
 10
25.294143987165
 20
-13.617177081954766
 10
25.291440503445784
 20
-13.619515782095947
 10
25.047049784838677
 20
-13.822586850189392
 10
25.044255561839336
 20
-13.82481634798046
 10
24.79199349225054
 20
-14.018022275127356
 10
24.789112938062274
 20
-14.020139053372441
 10
24.52937747936127
 20
-14.20317504308838
 10
24.526415138269034
 20
-14.205175762414946
 10
24.25961604214335
 20
-14.37775306203581
 10
24.256576587456944
 20
-14.379634566162752
 10
23.983134748998886
 20
-14.541480922373186
 10
23.980022975680427
 20
-14.543240243090098
 10
23.70036976939432
 20
-14.694100331423003
 10
23.69719058649387
 20
-14.69573469327275
 10
23.411767185771176
 20
-14.835370520902334
 10
23.408525608682336
 20
-14.836877345559529
 10
23.11778228981835
 20
-14.965068626752402
 10
23.11448343236612
 20
-14.966445537090918
 10
22.81887886421623
 20
-15.082990040722917
 10
22.81552793058958
 20
-15.084234864565962
 10
22.51552845098554
 20
-15.188948733156584
 10
22.512130727527406
 20
-15.19005950670348
 10
22.208209607595286
 20
-15.28277754646449
 10
22.204770454462995
 20
-15.283752517388706
 10
21.897407152003424
 20
-15.364328458829412
 10
21.893931994712634
 20
-15.365166089042988
 10
21.583611397820956
 20
-15.433472817721096
 10
21.58010571868653
 20
-15.434171785801093
 10
21.26731738080641
 20
-15.490101542855006
 10
21.26378671029364
 20
-15.49066074612814
 10
20.94902407791071
 20
-15.534125298274459
 10
20.945473985910628
 20
-15.534543854556661
 10
20.629233620104493
 20
-15.56547463328465
 10
20.62566970714694
 20
-15.565751882272764
 10
20.30845050022983
 20
-15.584100092016175
 10
20.304878388648223
 20
-15.584235596329638
 10
19.98718077712578
 20
-15.589972291445308
 10
19.983606102187462
 20
-15.589965837316154
 10
19.665931277283633
 20
-15.583081967747859
 10
19.66235967829983
 20
-15.58293356535795
 10
19.345208795290983
 20
-15.563439990913537
 10
19.341645906720384
 20
-15.563149874378496
 10
19.02551929432622
 20
-15.531077347597737
 10
19.021970736886185
 20
-15.530645974597624
 10
18.70736710796458
 20
-15.48604509223784
 10
18.703838479764084
 20
-15.48547314329512
 10
18.391254144555074
 20
-15.4284142665111
 10
18.38775101226324
 20
-15.427702643917073
 10
18.077679095423296
 20
-15.358275787261181
 10
18.074206985487592
 20
-15.35742561365255
 10
17.767136648149425
 20
-15.275740303070219
 10
17.763701038077283
 20
-15.274752919658047
 10
17.460116706162314
 20
-15.180938019702554
 10
17.456723015879966
 20
-15.179814984156405
 10
17.157103615881088
 20
-15.074018494695636
 10
17.15375719918322
 20
-15.072761578686245
 10
16.85857540262312
 20
-14.955150401422058
 10
16.85528153872689
 20
-14.953761587826381
 10
16.565003016484226
 20
-14.824521262994974
 10
16.5617669017009
 20
-14.82300274276806
 10
16.27684958938036
 20
-14.682337156436668
 10
16.27367632891775
 20
-14.680691325155262
 10
15.99456970442318
 20
-14.528822387576977
 10
15.99146430433181
 20
-14.527051841660333
 10
15.718608678781894
 20
-14.364219137194429
 10
15.715576038057593
 20
-14.362326669808256
 10
15.449401861162906
 20
-14.188787078958363
 10
15.446446764018273
 20
-14.18677567560841
 10
15.187373945015326
 20
-14.002802969774695
 10
15.18450105333229
 20
-14.000675803596895
 10
14.932938298546008
 20
-13.806560213181678
 10
14.930152144521376
 20
-13.804320639936293
 10
14.686496312600967
 20
-13.600368396484333
 10
14.683801291596536
 20
-13.598019949261998
 10
14.448436767441951
 20
-13.384552802357845
 10
14.445837131050514
 20
-13.382099186005856
 10
14.21913521941713
 20
-13.159453895690335
 10
14.216635068755277
 20
-13.15689898096799
 10
13.998953408493495
 20
-12.9254267864746
 10
13.996556687731799
 20
-12.922774603946781
 10
13.788238687585578
 20
-12.682840669596107
 10
13.785949177726375
 20
-12.680095403274775
 10
13.587323474580838
 20
-12.432078242401067
 10
13.585144787493427
 20
-12.42924422314468
 10
13.396524727926115
 20
-12.17353510096337
 10
13.39446030064876
 20
-12.170616799644636
 10
13.216143446602487
 20
-11.90761911600283
 10
13.214196535920244
 20
-11.90462113645557
 10
13.04646419527737
 20
-11.634749789439303
 10
13.044637872584273
 20
-11.631676861195574
 10
12.887754655382924
 20
-11.355357592597693
 10
12.886051801836627
 20
-11.352214563426609
 10
12.740265202829026
 20
-11.069883287107976
 10
12.738688504805575
 20
-11.066675115367987
 10
12.604228513016935
 20
-10.778777229571455
 10
12.602780457872807
 20
-10.775508976388178
 10
12.47985919377685
 20
-10.482498661090291
 10
12.478542065924973
 20
-10.479175482372224
 10
12.367353446808343
 20
-10.181514982781087
 10
12.366169324114257
 20
-10.178142121085763
 10
12.26688875815781
 20
-9.876301018415363
 10
12.265839508661692
 20
-9.87288379467886
 10
12.178623618221286
 20
-9.567338265350413
 10
12.177710897190977
 20
-9.563882070493168
 10
12.102697271714216
 20
-9.255114134931933
 10
12.101922519033915
 20
-9.251624421354174
 10
12.039229498002749
 20
-8.940121183566989
 10
12.038593935901483
 20
-8.936603456547186
 10
11.988320422143016
 20
-8.622856335680257
 10
11.9878250532665
 20
-8.619316144690126
 10
11.950050356926532
 20
-8.303820099779358
 10
11.949695962755404
 20
-8.300263029729177
 10
11.924479676180894
 20
-7.983515778866118
 10
11.924266815797887
 20
-7.979947441294114
 10
11.911648719525648
 20
-7.662448676439231
 10
11.91157772873359
 20
-7.658874700658974
 10
11.91157772873359
 20
-7.341125299341027
 10
11.911648719525648
 20
-7.3375513235607706
 10
11.924266815797887
 20
-7.0200525587058875
 10
11.924479676180894
 20
-7.016484221133884
 10
11.949695962755404
 20
-6.699736970270823
 10
11.95005035692653
 20
-6.696179900220643
 10
11.987825053266496
 20
-6.380683855309878
 10
11.988320422143014
 20
-6.377143664319747
 10
12.038593935901483
 20
-6.063396543452812
 10
12.039229498002749
 20
-6.059878816433008
 10
12.101922519033915
 20
-5.748375578645822
 10
12.102697271714218
 20
-5.744885865068064
 10
12.177710897190979
 20
-5.436117929506834
 10
12.178623618221286
 20
-5.432661734649588
 10
12.26583950866169
 20
-5.127116205321145
 10
12.266888758157808
 20
-5.123698981584642
 10
12.366169324114253
 20
-4.821857878914242
 10
12.36735344680834
 20
-4.818485017218919
 10
12.478542065924975
 20
-4.520824517627774
 10
12.479859193776852
 20
-4.517501338909705
 10
12.602780457872809
 20
-4.2244910236118205
 10
12.604228513016936
 20
-4.221222770428545
 10
12.738688504805571
 20
-3.9333248846320186
 10
12.740265202829022
 20
-3.930116712892029
 10
12.886051801836626
 20
-3.647785436573393
 10
12.887754655382922
 20
-3.644642407402307
 10
13.044637872584273
 20
-3.3683231388044255
 10
13.04646419527737
 20
-3.3652502105606987
 10
13.214196535920244
 20
-3.0953788635444286
 10
13.216143446602487
 20
-3.092380883997167
 10
13.39446030064876
 20
-2.8293832003553665
 10
13.396524727926115
 20
-2.826464899036631
 10
13.585144787493428
 20
-2.5707557768553184
 10
13.58732347458084
 20
-2.5679217575989326
 10
13.785949177726375
 20
-2.3199045967252263
 10
13.788238687585578
 20
-2.3171593304038947
 10
13.996556687731795
 20
-2.0772253960532234
 10
13.998953408493492
 20
-2.0745732135254027
 10
14.216635068755277
 20
-1.8431010190320107
 10
14.21913521941713
 20
-1.8405461043096647
 10
14.44583713105051
 20
-1.6179008139941455
 10
14.448436767441947
 20
-1.6154471976421572
 10
14.683801291596534
 20
-1.4019800507380038
 10
14.686496312600966
 20
-1.3996316035156677
 10
14.930152144521372
 20
-1.1956793600637103
 10
14.932938298546004
 20
-1.1934397868183253
 10
15.184501053332289
 20
-0.9993241964031054
 10
15.187373945015324
 20
-0.9971970302253049
 10
15.446446764018274
 20
-0.8132243243915901
 10
15.449401861162908
 20
-0.8112129210416374
 10
15.715576038057593
 20
-0.6376733301917432
 10
15.718608678781894
 20
-0.6357808628055703
 10
15.991464304331807
 20
-0.4729481583396671
 10
15.994569704423176
 20
-0.4711776124230225
 10
16.27367632891775
 20
-0.319308674844736
 10
16.27684958938036
 20
-0.3176628435633314
 10
16.5617669017009
 20
-0.17699725723193968
 10
16.565003016484226
 20
-0.17547873700502437
 10
16.855281538726892
 20
-0.046238412173618806
 10
16.85857540262312
 20
-0.04484959857794189
 10
17.153757199183215
 20
0.07276157868624557
 10
17.157103615881084
 20
0.07401849469563658
 10
17.456723015879966
 20
0.17981498415640607
 10
17.460116706162314
 20
0.1809380197025538
 10
17.76370103807728
 20
0.2747529196580462
 10
17.76713664814942
 20
0.2757403030702189
 10
18.074206985487596
 20
0.35742561365255143
 10
18.0776790954233
 20
0.3582757872611828
 10
18.387751012263237
 20
0.42770264391707213
 10
18.39125414455507
 20
0.4284142665110985
 10
18.703838479764084
 20
0.48547314329512126
 10
18.707367107964583
 20
0.4860450922378402
 10
19.021970736886185
 20
0.5306459745976227
 10
19.025519294326216
 20
0.5310773475977355
 10
19.34164590672038
 20
0.5631498743784935
 10
19.34520879529098
 20
0.5634399909135342
 10
19.66235967829983
 20
0.5829335653579487
 10
19.665931277283633
 20
0.5830819677478596
 10
19.983606102187462
 20
0.5899658373161545
 10
19.98718077712578
 20
0.5899722914453086
 10
20.30487838864822
 20
0.5842355963296381
 10
20.308450500229828
 20
0.5841000920161746
 10
20.625669707146947
 20
0.5657518822727622
 10
20.6292336201045
 20
0.5654746332846486
 10
20.945473985910624
 20
0.534543854556662
 10
20.949024077910707
 20
0.5341252982744599
 10
21.26378671029364
 20
0.49066074612814087
 10
21.26731738080641
 20
0.4901015428550055
 10
21.580105718686525
 20
0.4341717858010927
 10
21.583611397820953
 20
0.4334728177210972
 10
21.89393199471263
 20
0.36516608904298936
 10
21.89740715200342
 20
0.36432845882941395
 10
22.204770454462995
 20
0.28375251738870405
 10
22.208209607595286
 20
0.2827775464644892
 10
22.5121307275274
 20
0.19005950670348176
 10
22.51552845098553
 20
0.18894873315658622
 10
22.815527930589578
 20
0.08423486456596428
 10
22.818878864216227
 20
0.0829900407229189
 10
23.11448343236612
 20
-0.0335544629090814
 10
23.11778228981835
 20
-0.03493137324759692
 10
23.408525608682332
 20
-0.16312265444046609
 10
23.411767185771172
 20
-0.1646294790976623
 10
23.697190586493875
 20
-0.3042653067272522
 10
23.700369769394324
 20
-0.3058996685769977
 10
23.98002297568043
 20
-0.4567597569099038
 10
23.98313474899889
 20
-0.4585190776268158
 10
24.25657658745694
 20
-0.6203654338372464
 10
24.259616042143346
 20
-0.6222469379641878
 10
24.526415138269034
 20
-0.7948242375850533
 10
24.52937747936127
 20
-0.7968249569116188
 10
24.789112938062274
 20
-0.9798609466275559
 10
24.791993492250544
 20
-0.9819777248726422
 10
25.044255561839336
 20
-1.1751836520195391
 10
25.047049784838674
 20
-1.1774131498106064
 10
25.291440503445784
 20
-1.3804842179040524
 10
25.294143987165
 20
-1.382822918045234
 10
25.53027781055297
 20
-1.5954387676192758
 10
25.532886290048715
 20
-1.5978829806400052
 10
25.76039069983635
 20
-1.8197081946376337
 10
25.76290006004139
 20
-1.8222540646130616
 10
25.98141615137874
 20
-2.0529386975311645
 10
25.983822433593776
 20
-2.055582208165155
 10
26.193005481360814
 20
-2.2947623381191433
 10
26.195304889499617
 20
-2.2974993190802824
 10
26.39482489213531
 20
-2.5447976219174917
 10
26.397013798713324
 20
-2.547623755418083
 10
26.58655599881727
 20
-2.8026500999742248
 10
26.58863095067423
 20
-2.80556092758192
 10
26.767896331559456
 20
-3.0679129911415335
 10
26.769854055307015
 20
-3.0709039208128353
 10
26.938559812720683
 20
-3.3401678238028083
 10
26.940397219906405
 20
-3.3432341371273524
 10
27.098277208174217
 20
-3.6189850960422207
 10
27.09999140015385
 20
-3.622121955686417
 10
27.24679655204431
 20
-3.903924953215422
 10
27.2483848245546
 20
-3.907127410553699
 10
27.383883544200792
 20
-4.194537881852423
 10
27.385343391625664
 20
-4.197800884774045
 10
27.5093219198847
 20
-4.49036541879797
 10
27.510651039208042
 20
-4.493683819677121
 10
27.62291379088171
 20
-4.790940874470728
 10
27.624110085320552
 20
-4.7943094382872555
 10
27.7244799577053
 20
-5.09579006910022
 10
27.725541540017648
 20
-5.099203481698271
 10
27.813860192297042
 20
-5.404432080780113
 10
27.816852344971245
 20
-5.439420630274075
 10
27.80622719537126
 20
-5.472890882279328
 10
27.783602326206474
 20
-5.499747294336663
 10
27.75242216871227
 20
-5.515901221164331
 10
27.717433619218305
 20
-5.518893373838532
 10
27.683963367213053
 20
-5.50826822423855
 10
27.65710695515572
 20
-5.485643355073761
 10
27.64095302832805
 20
-5.454463197579555
 10
27.553131266462522
 20
-5.1509518480368195
 10
27.453890777874758
 20
-4.852863543341792
 10
27.342891231281772
 20
-4.558951290063255
 10
27.22030773658871
 20
-4.269678756282499
 10
27.086333678226307
 20
-3.9855022905838995
 10
26.941180410072647
 20
-3.7068702021313515
 10
26.785076922027294
 20
-3.4342220534283996
 10
26.618269478762606
 20
-3.167987966875588
 10
26.441021231223527
 20
-2.908587946221434
 10
26.25361180148734
 20
-2.6564312139752158
 10
26.056336841639865
 20
-2.4119155658292186
 10
25.84950756736221
 20
-2.1754267431063
 10
25.633450266965593
 20
-1.947337824225153
 10
25.408505786647318
 20
-1.7280086361414375
  0
LWPOLYLINE
  5
57
330
17
100
AcDbEntity
  8
ENGRAVE_LINES
100
AcDbPolyline
 90
18
 70
1
 10
24.460416360365222
 20
11.697329859159087
 10
24.489614461759153
 20
11.67782031153986
 10
24.50912400937838
 20
11.648622210145929
 10
24.515974851452363
 20
11.614180701233071
 10
24.50912400937838
 20
11.579739192320213
 10
24.150358291536108
 20
10.713602130590882
 10
24.130848743916882
 20
10.684404029196951
 10
24.10165064252295
 20
10.664894481577724
 10
24.067209133610092
 20
10.65804363950374
 10
24.032767624697232
 20
10.664894481577724
 10
24.0035695233033
 20
10.684404029196951
 10
23.984059975684076
 20
10.713602130590882
 10
23.977209133610092
 20
10.74804363950374
 10
23.984059975684076
 20
10.782485148416598
 10
24.342825693526347
 20
11.648622210145929
 10
24.362335241145573
 20
11.67782031153986
 10
24.391533342539503
 20
11.697329859159087
 10
24.425974851452363
 20
11.70418070123307
  0
LWPOLYLINE
  5
58
330
17
100
AcDbEntity
  8
ENGRAVE_LINES
100
AcDbPolyline
 90
18
 70
1
 10
24.022488986146193
 20
11.973781337133037
 10
24.029339828220177
 20
11.939339828220179
 10
24.022488986146193
 20
11.904898319307321
 10
24.002979438526967
 20
11.87570021791339
 10
23.34006683116458
 20
11.212787610551002
 10
23.31086872977065
 20
11.193278062931775
 10
23.27642722085779
 20
11.18642722085779
 10
23.24198571194493
 20
11.193278062931775
 10
23.212787610551
 20
11.212787610551
 10
23.193278062931775
 20
11.241985711944933
 10
23.18642722085779
 20
11.27642722085779
 10
23.193278062931775
 20
11.310868729770648
 10
23.212787610551
 20
11.34006683116458
 10
23.875700217913387
 20
12.002979438526967
 10
23.904898319307318
 20
12.022488986146195
 10
23.939339828220177
 20
12.029339828220179
 10
23.973781337133037
 20
12.022488986146195
 10
24.002979438526967
 20
12.00297943852697
  0
LWPOLYLINE
  5
59
330
17
100
AcDbEntity
  8
ENGRAVE_LINES
100
AcDbPolyline
 90
18
 70
1
 10
23.697329859159087
 20
12.460416360365222
 10
23.70418070123307
 20
12.425974851452365
 10
23.697329859159087
 20
12.391533342539507
 10
23.67782031153986
 20
12.362335241145574
 10
23.64862221014593
 20
12.342825693526349
 10
22.782485148416598
 20
11.984059975684078
 10
22.748043639503738
 20
11.977209133610094
 10
22.71360213059088
 20
11.984059975684078
 10
22.684404029196948
 20
12.003569523303305
 10
22.664894481577722
 20
12.032767624697236
 10
22.658043639503738
 20
12.067209133610094
 10
22.664894481577722
 20
12.101650642522952
 10
22.684404029196948
 20
12.130848743916884
 10
22.71360213059088
 20
12.15035829153611
 10
23.57973919232021
 20
12.50912400937838
 10
23.61418070123307
 20
12.515974851452365
 10
23.64862221014593
 20
12.50912400937838
 10
23.67782031153986
 20
12.489614461759153
  0
LWPOLYLINE
  5
5A
330
17
100
AcDbEntity
  8
ENGRAVE_LINES
100
AcDbPolyline
 90
18
 70
1
 10
23.583149157926016
 20
13.034441508912858
 10
23.59
 20
13.0
 10
23.583149157926016
 20
12.965558491087142
 10
23.56363961030679
 20
12.936360389693212
 10
23.53444150891286
 20
12.916850842073984
 10
23.5
 20
12.91
 10
21.625
 20
12.91
 10
21.59055849108714
 20
12.916850842073984
 10
21.56136038969321
 20
12.936360389693212
 10
21.541850842073984
 20
12.965558491087142
 10
21.535
 20
13.0
 10
21.541850842073984
 20
13.034441508912858
 10
21.56136038969321
 20
13.063639610306788
 10
21.59055849108714
 20
13.083149157926016
 10
21.625
 20
13.09
 10
23.5
 20
13.09
 10
23.53444150891286
 20
13.083149157926016
 10
23.56363961030679
 20
13.063639610306788
  0
LWPOLYLINE
  5
5B
330
17
100
AcDbEntity
  8
ENGRAVE_LINES
100
AcDbPolyline
 90
48
 70
1
 10
25.0
 20
12.7
 10
24.960842142333984
 20
12.702566541587856
 10
24.922354286469243
 20
12.71022225211328
 10
24.885194970290474
 20
12.722836140246613
 10
24.85
 20
12.740192378864668
 10
24.817371571297382
 20
12.76199399791263
 10
24.787867965644036
 20
12.787867965644036
 10
24.76199399791263
 20
12.817371571297384
 10
24.74019237886467
 20
12.85
 10
24.722836140246613
 20
12.885194970290472
 10
24.71022225211328
 20
12.922354286469243
 10
24.702566541587856
 20
12.960842142333984
 10
24.7
 20
13.0
 10
24.702566541587856
 20
13.039157857666016
 10
24.71022225211328
 20
13.077645713530757
 10
24.722836140246613
 20
13.114805029709526
 10
24.74019237886467
 20
13.15
 10
24.76199399791263
 20
13.182628428702616
 10
24.787867965644036
 20
13.212132034355964
 10
24.817371571297382
 20
13.23800600208737
 10
24.85
 20
13.259807621135332
 10
24.885194970290474
 20
13.277163859753387
 10
24.922354286469243
 20
13.28977774788672
 10
24.960842142333984
 20
13.297433458412144
 10
25.0
 20
13.3
 10
25.039157857666016
 20
13.297433458412144
 10
25.077645713530757
 20
13.28977774788672
 10
25.114805029709526
 20
13.277163859753387
 10
25.15
 20
13.259807621135332
 10
25.182628428702618
 20
13.23800600208737
 10
25.212132034355964
 20
13.212132034355964
 10
25.23800600208737
 20
13.182628428702616
 10
25.25980762113533
 20
13.15
 10
25.277163859753387
 20
13.114805029709528
 10
25.28977774788672
 20
13.077645713530757
 10
25.297433458412144
 20
13.039157857666016
 10
25.3
 20
13.0
 10
25.297433458412144
 20
12.960842142333984
 10
25.28977774788672
 20
12.922354286469243
 10
25.277163859753387
 20
12.885194970290472
 10
25.25980762113533
 20
12.85
 10
25.23800600208737
 20
12.817371571297384
 10
25.212132034355964
 20
12.787867965644036
 10
25.182628428702618
 20
12.76199399791263
 10
25.15
 20
12.740192378864668
 10
25.114805029709526
 20
12.722836140246613
 10
25.077645713530757
 20
12.71022225211328
 10
25.039157857666016
 20
12.702566541587856
  0
LWPOLYLINE
  5
5C
330
17
100
AcDbEntity
  8
ENGRAVE_LINES
100
AcDbPolyline
 90
18
 70
1
 10
23.70418070123307
 20
13.574025148547635
 10
23.697329859159087
 20
13.539583639634778
 10
23.67782031153986
 20
13.510385538240847
 10
23.64862221014593
 20
13.49087599062162
 10
23.61418070123307
 20
13.484025148547635
 10
23.57973919232021
 20
13.49087599062162
 10
22.71360213059088
 20
13.84964170846389
 10
22.684404029196948
 20
13.869151256083116
 10
22.664894481577722
 20
13.898349357477048
 10
22.658043639503738
 20
13.932790866389906
 10
22.664894481577722
 20
13.967232375302764
 10
22.684404029196948
 20
13.996430476696695
 10
22.71360213059088
 20
14.015940024315922
 10
22.748043639503738
 20
14.022790866389906
 10
22.782485148416598
 20
14.015940024315922
 10
23.64862221014593
 20
13.657174306473651
 10
23.67782031153986
 20
13.637664758854426
 10
23.697329859159087
 20
13.608466657460493
  0
LWPOLYLINE
  5
5D
330
17
100
AcDbEntity
  8
ENGRAVE_LINES
100
AcDbPolyline
 90
18
 70
1
 10
23.973781337133037
 20
13.977511013853805
 10
23.939339828220177
 20
13.970660171779821
 10
23.904898319307318
 20
13.977511013853805
 10
23.875700217913387
 20
13.997020561473033
 10
23.212787610551
 20
14.65993316883542
 10
23.193278062931775
 20
14.689131270229352
 10
23.18642722085779
 20
14.72357277914221
 10
23.193278062931775
 20
14.758014288055067
 10
23.212787610551
 20
14.787212389449
 10
23.24198571194493
 20
14.806721937068225
 10
23.27642722085779
 20
14.81357277914221
 10
23.31086872977065
 20
14.806721937068225
 10
23.34006683116458
 20
14.787212389448998
 10
24.002979438526967
 20
14.12429978208661
 10
24.022488986146193
 20
14.095101680692679
 10
24.029339828220177
 20
14.060660171779821
 10
24.022488986146193
 20
14.026218662866963
 10
24.002979438526967
 20
13.99702056147303
  0
LWPOLYLINE
  5
5E
330
17
100
AcDbEntity
  8
ENGRAVE_LINES
100
AcDbPolyline
 90
18
 70
1
 10
24.425974851452366
 20
14.29581929876693
 10
24.391533342539507
 20
14.302670140840913
 10
24.362335241145576
 20
14.32217968846014
 10
24.34282569352635
 20
14.351377789854071
 10
23.98405997568408
 20
15.217514851583404
 10
23.977209133610096
 20
15.251956360496262
 10
23.98405997568408
 20
15.28639786940912
 10
24.003569523303305
 20
15.315595970803052
 10
24.032767624697236
 20
15.335105518422278
 10
24.067209133610096
 20
15.341956360496262
 10
24.101650642522955
 20
15.335105518422278
 10
24.130848743916886
 20
15.31559597080305
 10
24.15035829153611
 20
15.28639786940912
 10
24.509124009378382
 20
14.420260807679787
 10
24.515974851452366
 20
14.385819298766929
 10
24.509124009378382
 20
14.351377789854071
 10
24.489614461759157
 20
14.322179688460139
 10
24.460416360365226
 20
14.302670140840913
  0
LWPOLYLINE
  5
5F
330
17
100
AcDbEntity
  8
ENGRAVE_LINES
100
AcDbPolyline
 90
20
 70
1
 10
12.0
 20
17.26
 10
11.965558491087142
 20
17.266850842073985
 10
11.936360389693212
 20
17.28636038969321
 10
11.486360389693212
 20
17.73636038969321
 10
11.466850842073985
 20
17.76555849108714
 10
11.46
 20
17.8
 10
11.466850842073985
 20
17.83444150891286
 10
11.486360389693212
 20
17.86363961030679
 10
11.936360389693212
 20
18.31363961030679
 10
11.965558491087142
 20
18.333149157926016
 10
12.0
 20
18.34
 10
12.034441508912858
 20
18.333149157926016
 10
12.063639610306788
 20
18.31363961030679
 10
12.513639610306788
 20
17.86363961030679
 10
12.533149157926015
 20
17.83444150891286
 10
12.54
 20
17.8
 10
12.533149157926015
 20
17.76555849108714
 10
12.513639610306788
 20
17.73636038969321
 10
12.063639610306788
 20
17.28636038969321
 10
12.034441508912858
 20
17.266850842073985
  0
LWPOLYLINE
  5
60
330
17
100
AcDbEntity
  8
ENGRAVE_LINES
100
AcDbPolyline
 90
4
 70
1
 10
12.0
 20
18.12272077938642
 10
11.67727922061358
 20
17.8
 10
12.0
 20
17.477279220613582
 10
12.32272077938642
 20
17.8
  0
LWPOLYLINE
  5
61
330
17
100
AcDbEntity
  8
ENGRAVE_LINES
100
AcDbPolyline
 90
20
 70
1
 10
15.936360389693212
 20
17.28636038969321
 10
15.486360389693212
 20
17.73636038969321
 10
15.466850842073985
 20
17.76555849108714
 10
15.46
 20
17.8
 10
15.466850842073985
 20
17.83444150891286
 10
15.486360389693212
 20
17.86363961030679
 10
15.936360389693212
 20
18.31363961030679
 10
15.965558491087142
 20
18.333149157926016
 10
16.0
 20
18.34
 10
16.03444150891286
 20
18.333149157926016
 10
16.06363961030679
 20
18.31363961030679
 10
16.51363961030679
 20
17.86363961030679
 10
16.533149157926015
 20
17.83444150891286
 10
16.54
 20
17.8
 10
16.533149157926015
 20
17.76555849108714
 10
16.51363961030679
 20
17.73636038969321
 10
16.06363961030679
 20
17.28636038969321
 10
16.03444150891286
 20
17.266850842073985
 10
16.0
 20
17.26
 10
15.965558491087142
 20
17.266850842073985
  0
LWPOLYLINE
  5
62
330
17
100
AcDbEntity
  8
ENGRAVE_LINES
100
AcDbPolyline
 90
4
 70
1
 10
16.0
 20
17.477279220613582
 10
16.32272077938642
 20
17.8
 10
16.0
 20
18.12272077938642
 10
15.67727922061358
 20
17.8
  0
LWPOLYLINE
  5
63
330
17
100
AcDbEntity
  8
ENGRAVE_LINES
100
AcDbPolyline
 90
20
 70
1
 10
19.93636038969321
 20
17.28636038969321
 10
19.48636038969321
 20
17.73636038969321
 10
19.466850842073985
 20
17.76555849108714
 10
19.46
 20
17.8
 10
19.466850842073985
 20
17.83444150891286
 10
19.48636038969321
 20
17.86363961030679
 10
19.93636038969321
 20
18.31363961030679
 10
19.96555849108714
 20
18.333149157926016
 10
20.0
 20
18.34
 10
20.03444150891286
 20
18.333149157926016
 10
20.06363961030679
 20
18.31363961030679
 10
20.51363961030679
 20
17.86363961030679
 10
20.533149157926015
 20
17.83444150891286
 10
20.54
 20
17.8
 10
20.533149157926015
 20
17.76555849108714
 10
20.51363961030679
 20
17.73636038969321
 10
20.06363961030679
 20
17.28636038969321
 10
20.03444150891286
 20
17.266850842073985
 10
20.0
 20
17.26
 10
19.96555849108714
 20
17.266850842073985
  0
LWPOLYLINE
  5
64
330
17
100
AcDbEntity
  8
ENGRAVE_LINES
100
AcDbPolyline
 90
4
 70
1
 10
20.0
 20
17.477279220613582
 10
20.32272077938642
 20
17.8
 10
20.0
 20
18.12272077938642
 10
19.67727922061358
 20
17.8
  0
LWPOLYLINE
  5
65
330
17
100
AcDbEntity
  8
ENGRAVE_LINES
100
AcDbPolyline
 90
20
 70
1
 10
24.0
 20
17.26
 10
23.96555849108714
 20
17.266850842073985
 10
23.93636038969321
 20
17.28636038969321
 10
23.48636038969321
 20
17.73636038969321
 10
23.466850842073985
 20
17.76555849108714
 10
23.46
 20
17.8
 10
23.466850842073985
 20
17.83444150891286
 10
23.48636038969321
 20
17.86363961030679
 10
23.93636038969321
 20
18.31363961030679
 10
23.96555849108714
 20
18.333149157926016
 10
24.0
 20
18.34
 10
24.03444150891286
 20
18.333149157926016
 10
24.06363961030679
 20
18.31363961030679
 10
24.51363961030679
 20
17.86363961030679
 10
24.533149157926015
 20
17.83444150891286
 10
24.54
 20
17.8
 10
24.533149157926015
 20
17.76555849108714
 10
24.51363961030679
 20
17.73636038969321
 10
24.06363961030679
 20
17.28636038969321
 10
24.03444150891286
 20
17.266850842073985
  0
LWPOLYLINE
  5
66
330
17
100
AcDbEntity
  8
ENGRAVE_LINES
100
AcDbPolyline
 90
4
 70
1
 10
24.0
 20
18.12272077938642
 10
23.67727922061358
 20
17.8
 10
24.0
 20
17.477279220613582
 10
24.32272077938642
 20
17.8
  0
LWPOLYLINE
  5
67
330
17
100
AcDbEntity
  8
ENGRAVE_LINES
100
AcDbPolyline
 90
18
 70
1
 10
25.0
 20
11.59
 10
25.03444150891286
 20
11.583149157926016
 10
25.06363961030679
 20
11.563639610306788
 10
25.083149157926016
 20
11.534441508912858
 10
25.09
 20
11.5
 10
25.09
 20
9.625
 10
25.083149157926016
 20
9.590558491087142
 10
25.06363961030679
 20
9.561360389693212
 10
25.03444150891286
 20
9.541850842073984
 10
25.0
 20
9.535
 10
24.96555849108714
 20
9.541850842073984
 10
24.93636038969321
 20
9.561360389693212
 10
24.916850842073984
 20
9.590558491087142
 10
24.91
 20
9.625
 10
24.91
 20
11.5
 10
24.916850842073984
 20
11.534441508912858
 10
24.93636038969321
 20
11.563639610306788
 10
24.96555849108714
 20
11.583149157926016
  0
LWPOLYLINE
  5
68
330
17
100
AcDbEntity
  8
ENGRAVE_LINES
100
AcDbPolyline
 90
18
 70
1
 10
25.574025148547634
 20
11.70418070123307
 10
25.608466657460493
 20
11.697329859159087
 10
25.637664758854424
 20
11.677820311539861
 10
25.65717430647365
 20
11.648622210145929
 10
26.015940024315924
 20
10.782485148416596
 10
26.022790866389908
 20
10.748043639503738
 10
26.015940024315924
 20
10.71360213059088
 10
25.9964304766967
 20
10.68440402919695
 10
25.967232375302768
 20
10.664894481577722
 10
25.932790866389908
 20
10.658043639503738
 10
25.89834935747705
 20
10.664894481577722
 10
25.869151256083118
 20
10.684404029196948
 10
25.849641708463892
 20
10.71360213059088
 10
25.490875990621618
 20
11.579739192320213
 10
25.484025148547634
 20
11.614180701233071
 10
25.490875990621618
 20
11.648622210145929
 10
25.510385538240843
 20
11.67782031153986
 10
25.539583639634774
 20
11.697329859159087
  0
LWPOLYLINE
  5
69
330
17
100
AcDbEntity
  8
ENGRAVE_LINES
100
AcDbPolyline
 90
18
 70
1
 10
25.997020561473033
 20
12.00297943852697
 10
26.026218662866963
 20
12.022488986146195
 10
26.060660171779823
 20
12.029339828220179
 10
26.095101680692682
 20
12.022488986146195
 10
26.124299782086613
 20
12.002979438526967
 10
26.787212389449
 20
11.34006683116458
 10
26.806721937068225
 20
11.310868729770648
 10
26.81357277914221
 20
11.27642722085779
 10
26.806721937068225
 20
11.241985711944933
 10
26.787212389449
 20
11.212787610551
 10
26.75801428805507
 20
11.193278062931775
 10
26.72357277914221
 20
11.18642722085779
 10
26.68913127022935
 20
11.193278062931775
 10
26.65993316883542
 20
11.212787610551002
 10
25.997020561473033
 20
11.87570021791339
 10
25.977511013853807
 20
11.904898319307321
 10
25.970660171779823
 20
11.939339828220179
 10
25.977511013853807
 20
11.973781337133037
  0
LWPOLYLINE
  5
6A
330
17
100
AcDbEntity
  8
ENGRAVE_LINES
100
AcDbPolyline
 90
18
 70
1
 10
26.29581929876693
 20
12.425974851452365
 10
26.302670140840913
 20
12.460416360365222
 10
26.32217968846014
 20
12.489614461759153
 10
26.35137778985407
 20
12.50912400937838
 10
26.38581929876693
 20
12.515974851452365
 10
26.42026080767979
 20
12.50912400937838
 10
27.28639786940912
 20
12.150358291536108
 10
27.315595970803052
 20
12.13084874391688
 10
27.335105518422278
 20
12.10165064252295
 10
27.341956360496262
 20
12.067209133610092
 10
27.335105518422278
 20
12.032767624697234
 10
27.315595970803052
 20
12.003569523303304
 10
27.28639786940912
 20
11.984059975684076
 10
27.251956360496262
 20
11.977209133610092
 10
27.217514851583402
 20
11.984059975684076
 10
26.35137778985407
 20
12.342825693526349
 10
26.32217968846014
 20
12.362335241145576
 10
26.302670140840913
 20
12.391533342539507
  0
LWPOLYLINE
  5
6B
330
17
100
AcDbEntity
  8
ENGRAVE_LINES
100
AcDbPolyline
 90
48
 70
1
 10
24.664728836322045
 20
11.70336267961502
 10
24.64203468470899
 20
11.709443559212648
 10
24.34055849108714
 20
11.834319087343436
 10
24.320211471389214
 20
11.846066444643242
 10
24.06132799490603
 20
12.044714722890605
 10
24.044714722890603
 20
12.06132799490603
 10
23.846066444643238
 20
12.320211471389214
 10
23.834319087343435
 20
12.340558491087142
 10
23.709443559212648
 20
12.64203468470899
 10
23.703362679615022
 20
12.664728836322045
 10
23.66076996247636
 20
12.988252642700196
 10
23.66076996247636
 20
13.011747357299804
 10
23.703362679615022
 20
13.335271163677955
 10
23.709443559212648
 20
13.35796531529101
 10
23.834319087343435
 20
13.659441508912858
 10
23.846066444643238
 20
13.679788528610786
 10
24.044714722890603
 20
13.93867200509397
 10
24.06132799490603
 20
13.955285277109395
 10
24.320211471389214
 20
14.153933555356758
 10
24.34055849108714
 20
14.165680912656564
 10
24.64203468470899
 20
14.290556440787352
 10
24.664728836322045
 20
14.29663732038498
 10
24.988252642700196
 20
14.339230037523643
 10
25.011747357299804
 20
14.339230037523643
 10
25.335271163677955
 20
14.29663732038498
 10
25.35796531529101
 20
14.290556440787352
 10
25.65944150891286
 20
14.165680912656564
 10
25.679788528610786
 20
14.153933555356758
 10
25.93867200509397
 20
13.955285277109395
 10
25.955285277109397
 20
13.93867200509397
 10
26.153933555356762
 20
13.679788528610786
 10
26.165680912656565
 20
13.659441508912858
 10
26.290556440787352
 20
13.35796531529101
 10
26.296637320384978
 20
13.335271163677955
 10
26.33923003752364
 20
13.011747357299804
 10
26.33923003752364
 20
12.988252642700196
 10
26.296637320384978
 20
12.664728836322045
 10
26.290556440787352
 20
12.64203468470899
 10
26.165680912656565
 20
12.340558491087142
 10
26.153933555356762
 20
12.320211471389214
 10
25.955285277109397
 20
12.06132799490603
 10
25.93867200509397
 20
12.044714722890605
 10
25.679788528610786
 20
11.846066444643242
 10
25.65944150891286
 20
11.834319087343436
 10
25.35796531529101
 20
11.709443559212648
 10
25.335271163677955
 20
11.70336267961502
 10
25.011747357299804
 20
11.660769962476357
 10
24.988252642700196
 20
11.660769962476357
  0
LWPOLYLINE
  5
6C
330
17
100
AcDbEntity
  8
ENGRAVE_LINES
100
AcDbPolyline
 90
24
 70
1
 10
23.880276185733734
 20
12.699970908221463
 10
23.99608309252641
 20
12.420388303226112
 10
24.180305277512282
 20
12.180305277512275
 10
24.420388303226105
 20
11.996083092526414
 10
24.69997090822146
 20
11.880276185733736
 10
25.0
 20
11.840776606452215
 10
25.30002909177854
 20
11.880276185733736
 10
25.579611696773895
 20
11.996083092526414
 10
25.819694722487718
 20
12.180305277512275
 10
26.00391690747359
 20
12.420388303226112
 10
26.119723814266266
 20
12.699970908221463
 10
26.159223393547787
 20
13.0
 10
26.119723814266266
 20
13.300029091778537
 10
26.00391690747359
 20
13.579611696773888
 10
25.819694722487718
 20
13.819694722487725
 10
25.579611696773895
 20
14.003916907473586
 10
25.30002909177854
 20
14.119723814266264
 10
25.0
 20
14.159223393547785
 10
24.69997090822146
 20
14.119723814266264
 10
24.420388303226105
 20
14.003916907473586
 10
24.180305277512282
 20
13.819694722487725
 10
23.99608309252641
 20
13.579611696773888
 10
23.880276185733734
 20
13.300029091778537
 10
23.840776606452213
 20
13.0
  0
LWPOLYLINE
  5
6D
330
17
100
AcDbEntity
  8
ENGRAVE_LINES
100
AcDbPolyline
 90
32
 70
1
 10
24.09367615563261
 20
12.605583589899654
 10
24.08023774550355
 20
12.638026781889968
 10
24.01172932476371
 20
12.98244187101855
 10
24.01172932476371
 20
13.01755812898145
 10
24.08023774550355
 20
13.361973218110032
 10
24.09367615563261
 20
13.394416410100346
 10
24.28877163182488
 20
13.686397424039658
 10
24.313602575960346
 20
13.711228368175123
 10
24.605583589899656
 20
13.906323844367387
 10
24.638026781889966
 20
13.91976225449645
 10
24.982441871018548
 20
13.988270675236292
 10
25.017558128981452
 20
13.988270675236292
 10
25.361973218110034
 20
13.91976225449645
 10
25.394416410100344
 20
13.906323844367387
 10
25.686397424039654
 20
13.711228368175123
 10
25.71122836817512
 20
13.686397424039658
 10
25.90632384436739
 20
13.394416410100346
 10
25.91976225449645
 20
13.361973218110032
 10
25.98827067523629
 20
13.01755812898145
 10
25.98827067523629
 20
12.98244187101855
 10
25.91976225449645
 20
12.63802678188997
 10
25.90632384436739
 20
12.605583589899656
 10
25.71122836817512
 20
12.313602575960342
 10
25.686397424039654
 20
12.288771631824877
 10
25.394416410100344
 20
12.093676155632613
 10
25.361973218110034
 20
12.08023774550355
 10
25.017558128981452
 20
12.011729324763708
 10
24.982441871018548
 20
12.011729324763708
 10
24.638026781889966
 20
12.08023774550355
 10
24.605583589899656
 20
12.093676155632613
 10
24.313602575960346
 20
12.288771631824877
 10
24.28877163182488
 20
12.313602575960342
  0
LWPOLYLINE
  5
6E
330
17
100
AcDbEntity
  8
ENGRAVE_LINES
100
AcDbPolyline
 90
16
 70
1
 10
25.30929883116568
 20
12.253286566973676
 10
25.571509719087263
 20
12.42849028091273
 10
25.746713433026326
 20
12.690701168834323
 10
25.80823679576125
 20
13.0
 10
25.746713433026326
 20
13.309298831165679
 10
25.571509719087263
 20
13.57150971908727
 10
25.30929883116568
 20
13.746713433026324
 10
25.0
 20
13.808236795761252
 10
24.69070116883432
 20
13.746713433026324
 10
24.428490280912737
 20
13.57150971908727
 10
24.253286566973674
 20
13.309298831165679
 10
24.19176320423875
 20
13.0
 10
24.253286566973674
 20
12.690701168834321
 10
24.428490280912737
 20
12.42849028091273
 10
24.69070116883432
 20
12.253286566973676
 10
25.0
 20
12.191763204238748
  0
LWPOLYLINE
  5
6F
330
17
100
AcDbEntity
  8
ENGRAVE_LINES
100
AcDbPolyline
 90
18
 70
1
 10
26.416850842073984
 20
13.034441508912858
 10
26.43636038969321
 20
13.063639610306788
 10
26.46555849108714
 20
13.083149157926016
 10
26.5
 20
13.09
 10
28.375
 20
13.09
 10
28.40944150891286
 20
13.083149157926016
 10
28.43863961030679
 20
13.063639610306788
 10
28.458149157926016
 20
13.034441508912858
 10
28.465
 20
13.0
 10
28.458149157926016
 20
12.965558491087142
 10
28.43863961030679
 20
12.936360389693212
 10
28.40944150891286
 20
12.916850842073984
 10
28.375
 20
12.91
 10
26.5
 20
12.91
 10
26.46555849108714
 20
12.916850842073984
 10
26.43636038969321
 20
12.936360389693212
 10
26.416850842073984
 20
12.965558491087142
 10
26.41
 20
13.0
  0
LWPOLYLINE
  5
70
330
17
100
AcDbEntity
  8
ENGRAVE_LINES
100
AcDbPolyline
 90
18
 70
1
 10
26.32217968846014
 20
13.510385538240847
 10
26.302670140840913
 20
13.539583639634778
 10
26.29581929876693
 20
13.574025148547635
 10
26.302670140840913
 20
13.608466657460493
 10
26.32217968846014
 20
13.637664758854426
 10
26.35137778985407
 20
13.657174306473651
 10
27.217514851583402
 20
14.015940024315922
 10
27.251956360496262
 20
14.022790866389906
 10
27.28639786940912
 20
14.015940024315922
 10
27.315595970803052
 20
13.996430476696695
 10
27.335105518422278
 20
13.967232375302764
 10
27.341956360496262
 20
13.932790866389906
 10
27.335105518422278
 20
13.898349357477048
 10
27.315595970803052
 20
13.869151256083116
 10
27.28639786940912
 20
13.84964170846389
 10
26.42026080767979
 20
13.49087599062162
 10
26.38581929876693
 20
13.484025148547635
 10
26.35137778985407
 20
13.49087599062162
  0
LWPOLYLINE
  5
71
330
17
100
AcDbEntity
  8
ENGRAVE_LINES
100
AcDbPolyline
 90
18
 70
1
 10
25.977511013853807
 20
14.026218662866963
 10
25.970660171779823
 20
14.060660171779821
 10
25.977511013853807
 20
14.095101680692679
 10
25.997020561473033
 20
14.12429978208661
 10
26.65993316883542
 20
14.787212389448998
 10
26.68913127022935
 20
14.806721937068225
 10
26.72357277914221
 20
14.81357277914221
 10
26.75801428805507
 20
14.806721937068225
 10
26.787212389449
 20
14.787212389449
 10
26.806721937068225
 20
14.758014288055067
 10
26.81357277914221
 20
14.72357277914221
 10
26.806721937068225
 20
14.689131270229352
 10
26.787212389449
 20
14.65993316883542
 10
26.124299782086613
 20
13.997020561473033
 10
26.095101680692682
 20
13.977511013853805
 10
26.060660171779823
 20
13.970660171779821
 10
26.026218662866963
 20
13.977511013853805
 10
25.997020561473033
 20
13.99702056147303
  0
LWPOLYLINE
  5
72
330
17
100
AcDbEntity
  8
ENGRAVE_LINES
100
AcDbPolyline
 90
18
 70
1
 10
25.510385538240843
 20
14.32217968846014
 10
25.490875990621618
 20
14.351377789854071
 10
25.484025148547634
 20
14.385819298766929
 10
25.490875990621618
 20
14.420260807679787
 10
25.849641708463892
 20
15.28639786940912
 10
25.869151256083118
 20
15.315595970803052
 10
25.89834935747705
 20
15.335105518422278
 10
25.932790866389908
 20
15.341956360496262
 10
25.967232375302768
 20
15.335105518422278
 10
25.9964304766967
 20
15.31559597080305
 10
26.015940024315924
 20
15.28639786940912
 10
26.022790866389908
 20
15.251956360496262
 10
26.015940024315924
 20
15.217514851583404
 10
25.65717430647365
 20
14.351377789854071
 10
25.637664758854424
 20
14.322179688460139
 10
25.608466657460493
 20
14.302670140840913
 10
25.574025148547634
 20
14.29581929876693
 10
25.539583639634774
 20
14.302670140840913
  0
LWPOLYLINE
  5
73
330
17
100
AcDbEntity
  8
ENGRAVE_LINES
100
AcDbPolyline
 90
18
 70
1
 10
25.03444150891286
 20
14.416850842073984
 10
25.0
 20
14.41
 10
24.96555849108714
 20
14.416850842073984
 10
24.93636038969321
 20
14.436360389693212
 10
24.916850842073984
 20
14.465558491087142
 10
24.91
 20
14.5
 10
24.91
 20
16.375
 10
24.916850842073984
 20
16.40944150891286
 10
24.93636038969321
 20
16.43863961030679
 10
24.96555849108714
 20
16.458149157926016
 10
25.0
 20
16.465
 10
25.03444150891286
 20
16.458149157926016
 10
25.06363961030679
 20
16.43863961030679
 10
25.083149157926016
 20
16.40944150891286
 10
25.09
 20
16.375
 10
25.09
 20
14.5
 10
25.083149157926016
 20
14.465558491087142
 10
25.06363961030679
 20
14.436360389693212
  0
LWPOLYLINE
  5
74
330
17
100
AcDbEntity
  8
ENGRAVE_LINES
100
AcDbPolyline
 90
20
 70
1
 10
27.93636038969321
 20
17.28636038969321
 10
27.48636038969321
 20
17.73636038969321
 10
27.466850842073985
 20
17.76555849108714
 10
27.46
 20
17.8
 10
27.466850842073985
 20
17.83444150891286
 10
27.48636038969321
 20
17.86363961030679
 10
27.93636038969321
 20
18.31363961030679
 10
27.96555849108714
 20
18.333149157926016
 10
28.0
 20
18.34
 10
28.03444150891286
 20
18.333149157926016
 10
28.06363961030679
 20
18.31363961030679
 10
28.51363961030679
 20
17.86363961030679
 10
28.533149157926015
 20
17.83444150891286
 10
28.54
 20
17.8
 10
28.533149157926015
 20
17.76555849108714
 10
28.51363961030679
 20
17.73636038969321
 10
28.06363961030679
 20
17.28636038969321
 10
28.03444150891286
 20
17.266850842073985
 10
28.0
 20
17.26
 10
27.96555849108714
 20
17.266850842073985
  0
LWPOLYLINE
  5
75
330
17
100
AcDbEntity
  8
ENGRAVE_LINES
100
AcDbPolyline
 90
4
 70
1
 10
28.0
 20
17.477279220613582
 10
28.32272077938642
 20
17.8
 10
28.0
 20
18.12272077938642
 10
27.67727922061358
 20
17.8
  0
LWPOLYLINE
  5
76
330
17
100
AcDbEntity
  8
ENGRAVE_LINES
100
AcDbPolyline
 90
20
 70
1
 10
31.93636038969321
 20
17.28636038969321
 10
31.48636038969321
 20
17.73636038969321
 10
31.466850842073985
 20
17.76555849108714
 10
31.46
 20
17.8
 10
31.466850842073985
 20
17.83444150891286
 10
31.48636038969321
 20
17.86363961030679
 10
31.93636038969321
 20
18.31363961030679
 10
31.96555849108714
 20
18.333149157926016
 10
32.0
 20
18.34
 10
32.034441508912856
 20
18.333149157926016
 10
32.06363961030679
 20
18.31363961030679
 10
32.51363961030679
 20
17.86363961030679
 10
32.53314915792602
 20
17.83444150891286
 10
32.540000000000006
 20
17.8
 10
32.53314915792602
 20
17.76555849108714
 10
32.51363961030679
 20
17.73636038969321
 10
32.06363961030679
 20
17.28636038969321
 10
32.034441508912856
 20
17.266850842073985
 10
32.0
 20
17.26
 10
31.96555849108714
 20
17.266850842073985
  0
LWPOLYLINE
  5
77
330
17
100
AcDbEntity
  8
ENGRAVE_LINES
100
AcDbPolyline
 90
4
 70
1
 10
32.0
 20
17.47727922061358
 10
32.32272077938642
 20
17.8
 10
32.0
 20
18.122720779386423
 10
31.67727922061358
 20
17.8
  0
LWPOLYLINE
  5
78
330
17
100
AcDbEntity
  8
ENGRAVE_FILL
100
AcDbPolyline
 90
10
 70
1
 10
-28.321328125
 20
12.417265625
 10
-27.190390625
 20
14.55171875
 10
-26.725546875
 20
14.55171875
 10
-26.725546875
 20
12.0
 10
-27.060234375
 20
12.0
 10
-27.060234375
 20
14.134453125
 10
-28.19171875
 20
12.0
 10
-28.6565625
 20
12.0
 10
-28.6565625
 20
14.55171875
 10
-28.321328125
 20
14.55171875
  0
LWPOLYLINE
  5
79
330
17
100
AcDbEntity
  8
ENGRAVE_FILL
100
AcDbPolyline
 90
13
 70
1
 10
-24.6985546875
 20
12.490546875
 10
-25.0452734375
 20
12.490546875
 10
-25.7031640625
 20
14.240546875
 10
-25.7031640625
 20
12.0
 10
-26.0383984375
 20
12.0
 10
-26.0383984375
 20
14.55171875
 10
-25.5237890625
 20
14.55171875
 10
-24.8730078125
 20
12.815390625
 10
-24.2183984375
 20
14.55171875
 10
-23.7037890625
 20
14.55171875
 10
-23.7037890625
 20
12.0
 10
-24.0406640625
 20
12.0
 10
-24.0406640625
 20
14.240546875
  0
LWPOLYLINE
  5
7A
330
17
100
AcDbEntity
  8
ENGRAVE_FILL
100
AcDbPolyline
 90
8
 70
1
 10
-21.073935546875
 20
14.55171875
 10
-21.073935546875
 20
12.0
 10
-21.419013671875
 20
12.0
 10
-21.419013671875
 20
14.26078125
 10
-22.673544921875
 20
14.26078125
 10
-22.673544921875
 20
12.0
 10
-23.018623046875
 20
12.0
 10
-23.018623046875
 20
14.55171875
  0
LWPOLYLINE
  5
7B
330
17
100
AcDbEntity
  8
ENGRAVE_FILL
100
AcDbPolyline
 90
18
 70
1
 10
-20.289443359375
 20
12.290390625
 10
-20.117177734374998
 20
12.30201171875
 10
-20.007255859375
 20
12.336875
 10
-19.963779296875
 20
12.3765234375
 10
-19.928505859375
 20
12.4375
 10
-19.851943359375
 20
12.618515625
 10
-20.670615234375
 20
14.55171875
 10
-20.299287109375
 20
14.55171875
 10
-19.665458984375
 20
13.054375
 10
-19.027802734375
 20
14.55171875
 10
-18.657021484375
 20
14.55171875
 10
-19.610771484375
 20
12.30953125
 10
-19.651513671875
 20
12.22900390625
 10
-19.701552734375
 20
12.159140625
 10
-19.910048828125
 20
12.03978515625
 10
-20.265380859375
 20
12.0
 10
-20.397177734375
 20
12.0
 10
-20.397177734375
 20
12.290390625
  0
LWPOLYLINE
  5
7C
330
17
100
AcDbEntity
  8
ENGRAVE_FILL
100
AcDbPolyline
 90
16
 70
1
 10
-16.310927734375
 20
12.0
 10
-16.656005859375
 20
12.0
 10
-16.656005859375
 20
14.26078125
 10
-17.485068359375
 20
14.26078125
 10
-17.485068359375
 20
13.946328125
 10
-17.528544921875
 20
13.10837890625
 10
-17.658974609375
 20
12.52828125
 10
-17.941572265625
 20
12.179921875
 10
-18.453583984375
 20
12.0
 10
-18.453583984375
 20
12.290390625
 10
-18.149111328125002
 20
12.4208203125
 10
-17.977255859375
 20
12.651328125
 10
-17.865693359375
 20
13.23826171875
 10
-17.828505859375
 20
14.1175
 10
-17.828505859375
 20
14.55171875
 10
-16.310927734375
 20
14.55171875
  0
LWPOLYLINE
  5
7D
330
17
100
AcDbEntity
  8
ENGRAVE_FILL
100
AcDbPolyline
 90
13
 70
1
 10
-13.870087890625
 20
12.4202734375
 10
-14.044404296875
 20
12.1859375
 10
-14.326044921874999
 20
12.046484375
 10
-14.706123046874998
 20
12.0
 10
-15.622138671874998
 20
12.0
 10
-15.622138671874998
 20
14.55171875
 10
-15.277060546875
 20
14.55171875
 10
-15.277060546875
 20
13.502265625
 10
-14.706123046874998
 20
13.502265625
 10
-14.326044921874999
 20
13.45564453125
 10
-14.044404296875
 20
13.31578125
 10
-13.870087890625
 20
13.0814453125
 10
-13.811982421875
 20
12.7503125
  0
LWPOLYLINE
  5
7E
330
17
100
AcDbEntity
  8
ENGRAVE_FILL
100
AcDbPolyline
 90
11
 70
1
 10
-14.480947265625
 20
12.3128125
 10
-14.311279296874998
 20
12.399765625
 10
-14.209970703124998
 20
12.54482421875
 10
-14.176201171874999
 20
12.7503125
 10
-14.209970703124998
 20
12.95744140625
 10
-14.311279296874998
 20
13.104140625
 10
-14.480947265625
 20
13.18986328125
 10
-14.723076171874999
 20
13.2184375
 10
-15.277060546875
 20
13.2184375
 10
-15.277060546875
 20
12.283828125
 10
-14.723076171874999
 20
12.283828125
  0
LWPOLYLINE
  5
7F
330
17
100
AcDbEntity
  8
ENGRAVE_FILL
100
AcDbPolyline
 90
4
 70
1
 10
-6.444550781249998
 20
13.098671875
 10
-5.523613281249997
 20
13.098671875
 10
-5.523613281249997
 20
12.818671875
 10
-6.444550781249998
 20
12.818671875
  0
LWPOLYLINE
  5
80
330
17
100
AcDbEntity
  8
ENGRAVE_FILL
100
AcDbPolyline
 90
34
 70
1
 10
-12.771484375
 20
14.04640625
 10
-12.94580078125
 20
13.719375
 10
-13.003906249999998
 20
13.273125
 10
-12.94580078125
 20
12.82810546875
 10
-12.771484375
 20
12.501484375
 10
-12.48779296875
 20
12.30091796875
 10
-12.1015625
 20
12.2340625
 10
-11.885683593749999
 20
12.25416015625
 10
-11.682109375
 20
12.314453125
 10
-11.490429687499999
 20
12.4153515625
 10
-11.310234374999997
 20
12.557265625
 10
-11.310234374999997
 20
12.196328125
 10
-11.496718749999998
 20
12.088593750000001
 10
-11.694140625
 20
12.011484375
 10
-11.9022265625
 20
11.965546875000001
 10
-12.121796874999998
 20
11.950234375
 10
-12.6399609375
 20
12.038828125
 10
-13.035078124999998
 20
12.304609375
 10
-13.284863281249999
 20
12.72419921875
 10
-13.368125
 20
13.273125
 10
-13.284863281249999
 20
13.823144531250001
 10
-13.035078124999998
 20
14.242734375000001
 10
-12.6399609375
 20
14.50892578125
 10
-12.121796874999998
 20
14.59765625
 10
-11.899765624999999
 20
14.58248046875
 10
-11.690859374999999
 20
14.536953125
 10
-11.494257812499997
 20
14.46107421875
 10
-11.310234374999997
 20
14.35484375
 10
-11.310234374999997
 20
13.991171875000001
 10
-11.490429687499999
 20
14.13294921875
 10
-11.682109375
 20
14.2334375
 10
-11.885683593749999
 20
14.29373046875
 10
-12.1015625
 20
14.313828125
 10
-12.48779296875
 20
14.246972656250001
  0
LWPOLYLINE
  5
81
330
17
100
AcDbEntity
  8
ENGRAVE_FILL
100
AcDbPolyline
 90
16
 70
1
 10
-3.4149316406249968
 20
12.70505859375
 10
-3.584736328124997
 20
12.289296875
 10
-3.8618652343749975
 20
12.035
 10
-4.240439453124999
 20
11.950234375
 10
-4.618603515624997
 20
12.035
 10
-4.895595703124997
 20
12.289296875
 10
-5.065400390624997
 20
12.70505859375
 10
-5.122001953124997
 20
13.273125
 10
-5.065400390624997
 20
13.84228515625
 10
-4.895595703124997
 20
14.258046875
 10
-4.618603515624997
 20
14.51275390625
 10
-4.240439453124999
 20
14.59765625
 10
-3.8618652343749975
 20
14.51275390625
 10
-3.584736328124997
 20
14.258046875
 10
-3.4149316406249968
 20
13.84228515625
 10
-3.3583300781249967
 20
13.273125
  0
LWPOLYLINE
  5
82
330
17
100
AcDbEntity
  8
ENGRAVE_FILL
100
AcDbPolyline
 90
16
 70
1
 10
-4.741787109374999
 20
12.81416015625
 10
-4.641298828124999
 20
12.486171875
 10
-4.473818359374998
 20
12.289296875000002
 10
-4.240439453124999
 20
12.223671875
 10
-4.005556640624998
 20
12.289296875000002
 10
-3.8379394531249993
 20
12.486171875
 10
-3.737041015624998
 20
12.81416015625
 10
-3.7034082031249973
 20
13.273125
 10
-3.737041015624998
 20
13.73359375
 10
-3.8379394531249993
 20
14.06171875
 10
-4.005556640624998
 20
14.25859375
 10
-4.240439453124999
 20
14.32421875
 10
-4.473818359374998
 20
14.25859375
 10
-4.641298828124999
 20
14.06171875
 10
-4.741787109374999
 20
13.73359375
 10
-4.775283203124999
 20
13.273125
  0
LWPOLYLINE
  5
83
330
17
100
AcDbEntity
  8
ENGRAVE_FILL
100
AcDbPolyline
 90
8
 70
1
 10
-10.729042968749997
 20
12.0
 10
-11.09326171875
 20
12.0
 10
-10.11927734375
 20
14.55171875
 10
-9.727714843749997
 20
14.55171875
 10
-8.755371093749996
 20
12.0
 10
-9.114121093749997
 20
12.0
 10
-9.346542968749997
 20
12.654609375
 10
-10.496621093749997
 20
12.654609375
  0
LWPOLYLINE
  5
84
330
17
100
AcDbEntity
  8
ENGRAVE_FILL
100
AcDbPolyline
 90
3
 70
1
 10
-9.924042968749998
 20
14.2115625
 10
-10.39271484375
 20
12.94171875
 10
-9.454277343749997
 20
12.94171875
  0
LWPOLYLINE
  5
85
330
17
100
AcDbEntity
  8
ENGRAVE_FILL
100
AcDbPolyline
 90
13
 70
1
 10
-6.790107421874997
 20
13.4576953125
 10
-6.954990234374996
 20
13.2184375
 10
-7.226787109374998
 20
13.07365234375
 10
-7.603583984375
 20
13.025390625
 10
-8.037802734375
 20
13.025390625
 10
-8.037802734375
 20
12.0
 10
-8.382880859375
 20
12.0
 10
-8.382880859375
 20
14.55171875
 10
-7.603583984375
 20
14.55171875
 10
-7.226787109374998
 20
14.503183593749998
 10
-6.954990234374996
 20
14.357578125
 10
-6.790107421874997
 20
14.11845703125
 10
-6.735146484374997
 20
13.789375
  0
LWPOLYLINE
  5
86
330
17
100
AcDbEntity
  8
ENGRAVE_FILL
100
AcDbPolyline
 90
11
 70
1
 10
-7.0993652343749964
 20
13.789375
 10
-7.132314453124997
 20
13.99240234375
 10
-7.231162109374999
 20
14.143203125
 10
-7.389892578124998
 20
14.23671875
 10
-7.603583984375
 20
14.267890625
 10
-8.037802734375
 20
14.267890625
 10
-8.037802734375
 20
13.30921875
 10
-7.603583984375
 20
13.30921875
 10
-7.389892578124998
 20
13.340390625
 10
-7.231162109374999
 20
13.43390625
 10
-7.132314453124997
 20
13.5851171875
  0
LWPOLYLINE
  5
87
330
17
100
AcDbEntity
  8
ENGRAVE_FILL
100
AcDbPolyline
 90
11
 70
1
 10
-2.741523437499996
 20
14.428671875
 10
-2.131210937499997
 20
14.55171875
 10
-1.7861328124999964
 20
14.55171875
 10
-1.7861328124999964
 20
12.290390625
 10
-1.2223046874999959
 20
12.290390625
 10
-1.2223046874999959
 20
12.0
 10
-2.691757812499997
 20
12.0
 10
-2.691757812499997
 20
12.290390625
 10
-2.1279296874999964
 20
12.290390625
 10
-2.1279296874999964
 20
14.237265625
 10
-2.741523437499996
 20
14.11421875
  0
ENDSEC
  0
SECTION
  2
OBJECTS
  0
DICTIONARY
  5
A
330
0
100
AcDbDictionary
281
1
  3
ACAD_COLOR
350
B
  3
ACAD_GROUP
350
C
  3
ACAD_LAYOUT
350
D
  3
ACAD_MATERIAL
350
E
  3
ACAD_MLEADERSTYLE
350
F
  3
ACAD_MLINESTYLE
350
10
  3
ACAD_PLOTSETTINGS
350
11
  3
ACAD_PLOTSTYLENAME
350
12
  3
ACAD_SCALELIST
350
14
  3
ACAD_TABLESTYLE
350
15
  3
ACAD_VISUALSTYLE
350
16
  3
EZDXF_META
350
2D
  0
DICTIONARY
  5
B
330
A
100
AcDbDictionary
281
1
  0
DICTIONARY
  5
C
330
A
100
AcDbDictionary
281
1
  0
DICTIONARY
  5
D
330
A
100
AcDbDictionary
281
1
  3
Model
350
1A
  3
Layout1
350
1E
  0
DICTIONARY
  5
E
330
A
100
AcDbDictionary
281
1
  3
ByBlock
350
1F
  3
ByLayer
350
20
  3
Global
350
21
  0
DICTIONARY
  5
F
330
A
100
AcDbDictionary
281
1
  3
Standard
350
2C
  0
DICTIONARY
  5
10
330
A
100
AcDbDictionary
281
1
  3
Standard
350
22
  0
DICTIONARY
  5
11
330
A
100
AcDbDictionary
281
1
  0
ACDBDICTIONARYWDFLT
  5
12
330
A
100
AcDbDictionary
281
1
  3
Normal
350
13
100
AcDbDictionaryWithDefault
340
13
  0
ACDBPLACEHOLDER
  5
13
330
12
  0
DICTIONARY
  5
14
330
A
100
AcDbDictionary
281
1
  0
DICTIONARY
  5
15
330
A
100
AcDbDictionary
281
1
  0
DICTIONARY
  5
16
330
A
100
AcDbDictionary
281
1
  0
LAYOUT
  5
1A
330
D
100
AcDbPlotSettings
  1

  4
A3
  6

 40
7.5
 41
20.0
 42
7.5
 43
20.0
 44
420.0
 45
297.0
 46
0.0
 47
0.0
 48
0.0
 49
0.0
140
0.0
141
0.0
142
1.0
143
1.0
 70
1024
 72
1
 73
0
 74
5
  7

 75
16
 76
0
 77
2
 78
300
147
1.0
148
0.0
149
0.0
100
AcDbLayout
  1
Model
 70
1
 71
0
 10
0.0
 20
0.0
 11
420.0
 21
297.0
 12
0.0
 22
0.0
 32
0.0
 14
1e+20
 24
1e+20
 34
1e+20
 15
-1e+20
 25
-1e+20
 35
-1e+20
146
0.0
 13
0.0
 23
0.0
 33
0.0
 16
1.0
 26
0.0
 36
0.0
 17
0.0
 27
1.0
 37
0.0
 76
1
330
17
  0
LAYOUT
  5
1E
330
D
100
AcDbPlotSettings
  1

  4
A3
  6

 40
7.5
 41
20.0
 42
7.5
 43
20.0
 44
420.0
 45
297.0
 46
0.0
 47
0.0
 48
0.0
 49
0.0
140
0.0
141
0.0
142
1.0
143
1.0
 70
0
 72
1
 73
0
 74
5
  7

 75
16
 76
0
 77
2
 78
300
147
1.0
148
0.0
149
0.0
100
AcDbLayout
  1
Layout1
 70
1
 71
1
 10
0.0
 20
0.0
 11
420.0
 21
297.0
 12
0.0
 22
0.0
 32
0.0
 14
1e+20
 24
1e+20
 34
1e+20
 15
-1e+20
 25
-1e+20
 35
-1e+20
146
0.0
 13
0.0
 23
0.0
 33
0.0
 16
1.0
 26
0.0
 36
0.0
 17
0.0
 27
1.0
 37
0.0
 76
1
330
1B
  0
MATERIAL
  5
1F
102
{ACAD_REACTORS
330
E
102
}
330
E
100
AcDbMaterial
  1
ByBlock
  2

 70
0
 40
1.0
 71
1
 41
1.0
 91
-1023410177
 42
1.0
 72
1
  3

 73
1
 74
1
 75
1
 44
0.5
 73
0
 45
1.0
 46
1.0
 77
1
  4

 78
1
 79
1
170
1
 48
1.0
171
1
  6

172
1
173
1
174
1
140
1.0
141
1.0
175
1
  7

176
1
177
1
178
1
143
1.0
179
1
  8

270
1
271
1
272
1
145
1.0
146
1.0
273
1
  9

274
1
275
1
276
1
 42
1.0
 72
1
  3

 73
1
 74
1
 75
1
 94
63
  0
MATERIAL
  5
20
102
{ACAD_REACTORS
330
E
102
}
330
E
100
AcDbMaterial
  1
ByLayer
  2

 70
0
 40
1.0
 71
1
 41
1.0
 91
-1023410177
 42
1.0
 72
1
  3

 73
1
 74
1
 75
1
 44
0.5
 73
0
 45
1.0
 46
1.0
 77
1
  4

 78
1
 79
1
170
1
 48
1.0
171
1
  6

172
1
173
1
174
1
140
1.0
141
1.0
175
1
  7

176
1
177
1
178
1
143
1.0
179
1
  8

270
1
271
1
272
1
145
1.0
146
1.0
273
1
  9

274
1
275
1
276
1
 42
1.0
 72
1
  3

 73
1
 74
1
 75
1
 94
63
  0
MATERIAL
  5
21
102
{ACAD_REACTORS
330
E
102
}
330
E
100
AcDbMaterial
  1
Global
  2

 70
0
 40
1.0
 71
1
 41
1.0
 91
-1023410177
 42
1.0
 72
1
  3

 73
1
 74
1
 75
1
 44
0.5
 73
0
 45
1.0
 46
1.0
 77
1
  4

 78
1
 79
1
170
1
 48
1.0
171
1
  6

172
1
173
1
174
1
140
1.0
141
1.0
175
1
  7

176
1
177
1
178
1
143
1.0
179
1
  8

270
1
271
1
272
1
145
1.0
146
1.0
273
1
  9

274
1
275
1
276
1
 42
1.0
 72
1
  3

 73
1
 74
1
 75
1
 94
63
  0
MLINESTYLE
  5
22
102
{ACAD_REACTORS
330
10
102
}
330
10
100
AcDbMlineStyle
  2
Standard
 70
0
  3

 62
256
 51
90.0
 52
90.0
 71
2
 49
0.5
 62
256
  6
BYLAYER
 49
-0.5
 62
256
  6
BYLAYER
  0
MLEADERSTYLE
  5
2C
102
{ACAD_REACTORS
330
F
102
}
330
F
100
AcDbMLeaderStyle
179
2
170
2
171
1
172
0
 90
2
 40
0.0
 41
0.0
173
1
 91
-1056964608
 92
-2
290
1
 42
2.0
291
1
 43
8.0
  3
Standard
 44
4.0
300

342
29
174
1
175
1
176
0
178
1
 93
-1056964608
 45
4.0
292
0
297
0
 46
4.0
 94
-1056964608
 47
1.0
 49
1.0
140
1.0
294
1
141
0.0
177
0
142
1.0
295
0
296
0
143
3.75
271
0
272
9
273
9
  0
DICTIONARY
  5
2D
330
A
100
AcDbDictionary
280
1
281
1
  3
CREATED_BY_EZDXF
350
2E
  3
WRITTEN_BY_EZDXF
350
8A
  0
DICTIONARYVAR
  5
2E
330
2D
100
DictionaryVariables
280
0
  1
1.4.3 @ 2026-09-24T11:47:31.740837+00:00
  0
DICTIONARYVAR
  5
8A
330
2D
100
DictionaryVariables
280
0
  1
1.4.3 @ 2026-09-24T11:47:34.216303+00:00
  0
ENDSEC
  0
EOF
