  0
SECTION
  2
HEADER
  9
$ACADVER
  1
AC1024
  9
$ACADMAINTVER
 70
6
  9
$DWGCODEPAGE
  3
ANSI_1252
  9
$LASTSAVEDBY
  1
ezdxf
  9
$INSBASE
 10
0.0
 20
0.0
 30
0.0
  9
$EXTMIN
 10
1e+20
 20
1e+20
 30
1e+20
  9
$EXTMAX
 10
-1e+20
 20
-1e+20
 30
-1e+20
  9
$LIMMIN
 10
0.0
 20
0.0
  9
$LIMMAX
 10
420.0
 20
297.0
  9
$ORTHOMODE
 70
0
  9
$REGENMODE
 70
1
  9
$FILLMODE
 70
1
  9
$QTEXTMODE
 70
0
  9
$MIRRTEXT
 70
1
  9
$LTSCALE
 40
1.0
  9
$ATTMODE
 70
1
  9
$TEXTSIZE
 40
2.5
  9
$TRACEWID
 40
1.0
  9
$TEXTSTYLE
  7
Standard
  9
$CLAYER
  8
0
  9
$CELTYPE
  6
ByLayer
  9
$CECOLOR
 62
256
  9
$CELTSCALE
 40
1.0
  9
$DISPSILH
 70
0
  9
$DIMSCALE
 40
1.0
  9
$DIMASZ
 40
2.5
  9
$DIMEXO
 40
0.625
  9
$DIMDLI
 40
3.75
  9
$DIMRND
 40
0.0
  9
$DIMDLE
 40
0.0
  9
$DIMEXE
 40
1.25
  9
$DIMTP
 40
0.0
  9
$DIMTM
 40
0.0
  9
$DIMTXT
 40
2.5
  9
$DIMCEN
 40
2.5
  9
$DIMTSZ
 40
0.0
  9
$DIMTOL
 70
0
  9
$DIMLIM
 70
0
  9
$DIMTIH
 70
0
  9
$DIMTOH
 70
0
  9
$DIMSE1
 70
0
  9
$DIMSE2
 70
0
  9
$DIMTAD
 70
1
  9
$DIMZIN
 70
8
  9
$DIMBLK
  1

  9
$DIMASO
 70
1
  9
$DIMSHO
 70
1
  9
$DIMPOST
  1

  9
$DIMAPOST
  1

  9
$DIMALT
 70
0
  9
$DIMALTD
 70
3
  9
$DIMALTF
 40
0.03937007874
  9
$DIMLFAC
 40
1.0
  9
$DIMTOFL
 70
1
  9
$DIMTVP
 40
0.0
  9
$DIMTIX
 70
0
  9
$DIMSOXD
 70
0
  9
$DIMSAH
 70
0
  9
$DIMBLK1
  1

  9
$DIMBLK2
  1

  9
$DIMSTYLE
  2
ISO-25
  9
$DIMCLRD
 70
0
  9
$DIMCLRE
 70
0
  9
$DIMCLRT
 70
0
  9
$DIMTFAC
 40
1.0
  9
$DIMGAP
 40
0.625
  9
$DIMJUST
 70
0
  9
$DIMSD1
 70
0
  9
$DIMSD2
 70
0
  9
$DIMTOLJ
 70
0
  9
$DIMTZIN
 70
8
  9
$DIMALTZ
 70
0
  9
$DIMALTTZ
 70
0
  9
$DIMUPT
 70
0
  9
$DIMDEC
 70
2
  9
$DIMTDEC
 70
2
  9
$DIMALTU
 70
2
  9
$DIMALTTD
 70
3
  9
$DIMTXSTY
  7
Standard
  9
$DIMAUNIT
 70
0
  9
$DIMADEC
 70
0
  9
$DIMALTRND
 40
0.0
  9
$DIMAZIN
 70
0
  9
$DIMDSEP
 70
44
  9
$DIMATFIT
 70
3
  9
$DIMFRAC
 70
0
  9
$DIMLDRBLK
  1

  9
$DIMLUNIT
 70
2
  9
$DIMLWD
 70
-2
  9
$DIMLWE
 70
-2
  9
$DIMTMOVE
 70
0
  9
$DIMFXL
 40
1.0
  9
$DIMFXLON
 70
0
  9
$DIMJOGANG
 40
0.785398163397
  9
$DIMTFILL
 70
0
  9
$DIMTFILLCLR
 70
0
  9
$DIMARCSYM
 70
0
  9
$DIMLTYPE
  6

  9
$DIMLTEX1
  6

  9
$DIMLTEX2
  6

  9
$DIMTXTDIRECTION
 70
0
  9
$LUNITS
 70
2
  9
$LUPREC
 70
4
  9
$SKETCHINC
 40
1.0
  9
$FILLETRAD
 40
10.0
  9
$AUNITS
 70
0
  9
$AUPREC
 70
2
  9
$MENU
  1
.
  9
$ELEVATION
 40
0.0
  9
$PELEVATION
 40
0.0
  9
$THICKNESS
 40
0.0
  9
$LIMCHECK
 70
0
  9
$CHAMFERA
 40
0.0
  9
$CHAMFERB
 40
0.0
  9
$CHAMFERC
 40
0.0
  9
$CHAMFERD
 40
0.0
  9
$SKPOLY
 70
0
  9
$TDCREATE
 40
2461308.6580324075
  9
$TDUCREATE
 40
2458532.153996898
  9
$TDUPDATE
 40
2461308.6580324075
  9
$TDUUPDATE
 40
2458532.1544311
  9
$TDINDWG
 40
0.0
  9
$TDUSRTIMER
 40
0.0
  9
$USRTIMER
 70
1
  9
$ANGBASE
 50
0.0
  9
$ANGDIR
 70
0
  9
$PDMODE
 70
0
  9
$PDSIZE
 40
0.0
  9
$PLINEWID
 40
0.0
  9
$SPLFRAME
 70
0
  9
$SPLINETYPE
 70
6
  9
$SPLINESEGS
 70
8
  9
$HANDSEED
  5
11D
  9
$SURFTAB1
 70
6
  9
$SURFTAB2
 70
6
  9
$SURFTYPE
 70
6
  9
$SURFU
 70
6
  9
$SURFV
 70
6
  9
$UCSBASE
  2

  9
$UCSNAME
  2

  9
$UCSORG
 10
0.0
 20
0.0
 30
0.0
  9
$UCSXDIR
 10
1.0
 20
0.0
 30
0.0
  9
$UCSYDIR
 10
0.0
 20
1.0
 30
0.0
  9
$UCSORTHOREF
  2

  9
$UCSORTHOVIEW
 70
0
  9
$UCSORGTOP
 10
0.0
 20
0.0
 30
0.0
  9
$UCSORGBOTTOM
 10
0.0
 20
0.0
 30
0.0
  9
$UCSORGLEFT
 10
0.0
 20
0.0
 30
0.0
  9
$UCSORGRIGHT
 10
0.0
 20
0.0
 30
0.0
  9
$UCSORGFRONT
 10
0.0
 20
0.0
 30
0.0
  9
$UCSORGBACK
 10
0.0
 20
0.0
 30
0.0
  9
$PUCSBASE
  2

  9
$PUCSNAME
  2

  9
$PUCSORG
 10
0.0
 20
0.0
 30
0.0
  9
$PUCSXDIR
 10
1.0
 20
0.0
 30
0.0
  9
$PUCSYDIR
 10
0.0
 20
1.0
 30
0.0
  9
$PUCSORTHOREF
  2

  9
$PUCSORTHOVIEW
 70
0
  9
$PUCSORGTOP
 10
0.0
 20
0.0
 30
0.0
  9
$PUCSORGBOTTOM
 10
0.0
 20
0.0
 30
0.0
  9
$PUCSORGLEFT
 10
0.0
 20
0.0
 30
0.0
  9
$PUCSORGRIGHT
 10
0.0
 20
0.0
 30
0.0
  9
$PUCSORGFRONT
 10
0.0
 20
0.0
 30
0.0
  9
$PUCSORGBACK
 10
0.0
 20
0.0
 30
0.0
  9
$USERI1
 70
0
  9
$USERI2
 70
0
  9
$USERI3
 70
0
  9
$USERI4
 70
0
  9
$USERI5
 70
0
  9
$USERR1
 40
0.0
  9
$USERR2
 40
0.0
  9
$USERR3
 40
0.0
  9
$USERR4
 40
0.0
  9
$USERR5
 40
0.0
  9
$WORLDVIEW
 70
1
  9
$SHADEDGE
 70
3
  9
$SHADEDIF
 70
70
  9
$TILEMODE
 70
1
  9
$MAXACTVP
 70
64
  9
$PINSBASE
 10
0.0
 20
0.0
 30
0.0
  9
$PLIMCHECK
 70
0
  9
$PEXTMIN
 10
1e+20
 20
1e+20
 30
1e+20
  9
$PEXTMAX
 10
-1e+20
 20
-1e+20
 30
-1e+20
  9
$PLIMMIN
 10
0.0
 20
0.0
  9
$PLIMMAX
 10
420.0
 20
297.0
  9
$UNITMODE
 70
0
  9
$VISRETAIN
 70
1
  9
$PLINEGEN
 70
0
  9
$PSLTSCALE
 70
1
  9
$TREEDEPTH
 70
3020
  9
$CMLSTYLE
  2
Standard
  9
$CMLJUST
 70
0
  9
$CMLSCALE
 40
20.0
  9
$PROXYGRAPHICS
 70
1
  9
$MEASUREMENT
 70
1
  9
$CELWEIGHT
370
-1
  9
$ENDCAPS
280
0
  9
$JOINSTYLE
280
0
  9
$LWDISPLAY
290
0
  9
$INSUNITS
 70
4
  9
$HYPERLINKBASE
  1

  9
$STYLESHEET
  1

  9
$XEDIT
290
1
  9
$CEPSNTYPE
380
0
  9
$PSTYLEMODE
290
1
  9
$FINGERPRINTGUID
  2
{3366D21B-CEEB-4BCF-852F-B3F1EF939BCB}
  9
$VERSIONGUID
  2
{6FD6513B-4603-4EA3-AA40-4DD69045F09F}
  9
$EXTNAMES
290
1
  9
$PSVPSCALE
 40
0.0
  9
$OLESTARTUP
290
0
  9
$SORTENTS
280
127
  9
$INDEXCTL
280
0
  9
$HIDETEXT
280
1
  9
$XCLIPFRAME
280
1
  9
$HALOGAP
280
0
  9
$OBSCOLOR
 70
257
  9
$OBSLTYPE
280
0
  9
$INTERSECTIONDISPLAY
280
0
  9
$INTERSECTIONCOLOR
 70
257
  9
$DIMASSOC
280
2
  9
$PROJECTNAME
  1

  9
$CAMERADISPLAY
290
0
  9
$LENSLENGTH
 40
50.0
  9
$CAMERAHEIGHT
 40
0.0
  9
$STEPSPERSEC
 40
24.0
  9
$STEPSIZE
 40
100.0
  9
$3DDWFPREC
 40
2.0
  9
$PSOLWIDTH
 40
0.005
  9
$PSOLHEIGHT
 40
0.08
  9
$LOFTANG1
 40
1.570796326795
  9
$LOFTANG2
 40
1.570796326795
  9
$LOFTMAG1
 40
0.0
  9
$LOFTMAG2
 40
0.0
  9
$LOFTPARAM
 70
7
  9
$LOFTNORMALS
280
1
  9
$LATITUDE
 40
37.795
  9
$LONGITUDE
 40
-122.394
  9
$NORTHDIRECTION
 40
0.0
  9
$TIMEZONE
 70
-8000
  9
$LIGHTGLYPHDISPLAY
280
1
  9
$TILEMODELIGHTSYNCH
280
1
  9
$CMATERIAL
347
20
  9
$SOLIDHIST
280
0
  9
$SHOWHIST
280
1
  9
$DWFFRAME
280
2
  9
$DGNFRAME
280
2
  9
$REALWORLDSCALE
290
1
  9
$INTERFERECOLOR
 62
256
  9
$CSHADOW
280
0
  9
$SHADOWPLANELOCATION
 40
0.0
  0
ENDSEC
  0
SECTION
  2
CLASSES
  0
CLASS
  1
ACDBDICTIONARYWDFLT
  2
AcDbDictionaryWithDefault
  3
ObjectDBX Classes
 90
0
 91
0
280
0
281
0
  0
CLASS
  1
SUN
  2
AcDbSun
  3
SCENEOE
 90
1153
 91
0
280
0
281
0
  0
CLASS
  1
VISUALSTYLE
  2
AcDbVisualStyle
  3
ObjectDBX Classes
 90
4095
 91
0
280
0
281
0
  0
CLASS
  1
MATERIAL
  2
AcDbMaterial
  3
ObjectDBX Classes
 90
1153
 91
0
280
0
281
0
  0
CLASS
  1
SCALE
  2
AcDbScale
  3
ObjectDBX Classes
 90
1153
 91
0
280
0
281
0
  0
CLASS
  1
TABLESTYLE
  2
AcDbTableStyle
  3
ObjectDBX Classes
 90
4095
 91
0
280
0
281
0
  0
CLASS
  1
MLEADERSTYLE
  2
AcDbMLeaderStyle
  3
ACDB_MLEADERSTYLE_CLASS
 90
4095
 91
0
280
0
281
0
  0
CLASS
  1
DICTIONARYVAR
  2
AcDbDictionaryVar
  3
ObjectDBX Classes
 90
0
 91
0
280
0
281
0
  0
CLASS
  1
CELLSTYLEMAP
  2
AcDbCellStyleMap
  3
ObjectDBX Classes
 90
1152
 91
0
280
0
281
0
  0
CLASS
  1
MENTALRAYRENDERSETTINGS
  2
AcDbMentalRayRenderSettings
  3
SCENEOE
 90
1024
 91
0
280
0
281
0
  0
CLASS
  1
ACDBDETAILVIEWSTYLE
  2
AcDbDetailViewStyle
  3
ObjectDBX Classes
 90
1025
 91
0
280
0
281
0
  0
CLASS
  1
ACDBSECTIONVIEWSTYLE
  2
AcDbSectionViewStyle
  3
ObjectDBX Classes
 90
1025
 91
0
280
0
281
0
  0
CLASS
  1
RASTERVARIABLES
  2
AcDbRasterVariables
  3
ISM
 90
0
 91
0
280
0
281
0
  0
CLASS
  1
ACDBPLACEHOLDER
  2
AcDbPlaceHolder
  3
ObjectDBX Classes
 90
0
 91
0
280
0
281
0
  0
CLASS
  1
LAYOUT
  2
AcDbLayout
  3
ObjectDBX Classes
 90
0
 91
0
280
0
281
0
  0
ENDSEC
  0
SECTION
  2
TABLES
  0
TABLE
  2
VPORT
  5
8
330
0
100
AcDbSymbolTable
 70
1
  0
VPORT
  5
23
330
8
100
AcDbSymbolTableRecord
100
AcDbViewportTableRecord
  2
*Active
 70
0
 10
0.0
 20
0.0
 11
1.0
 21
1.0
 12
0.0
 22
0.0
 13
0.0
 23
0.0
 14
0.5
 24
0.5
 15
0.5
 25
0.5
 16
0.0
 26
0.0
 36
1.0
 17
0.0
 27
0.0
 37
0.0
 40
1000.0
 41
1.34
 42
50.0
 43
0.0
 44
0.0
 50
0.0
 51
0.0
 71
0
 72
1000
 73
1
 74
3
 75
0
 76
0
 77
0
 78
0
281
0
 65
0
146
0.0
  0
ENDTAB
  0
TABLE
  2
LTYPE
  5
2
330
0
100
AcDbSymbolTable
 70
3
  0
LTYPE
  5
24
330
2
100
AcDbSymbolTableRecord
100
AcDbLinetypeTableRecord
  2
ByBlock
 70
0
  3

 72
65
 73
0
 40
0.0
  0
LTYPE
  5
25
330
2
100
AcDbSymbolTableRecord
100
AcDbLinetypeTableRecord
  2
ByLayer
 70
0
  3

 72
65
 73
0
 40
0.0
  0
LTYPE
  5
26
330
2
100
AcDbSymbolTableRecord
100
AcDbLinetypeTableRecord
  2
Continuous
 70
0
  3

 72
65
 73
0
 40
0.0
  0
ENDTAB
  0
TABLE
  2
LAYER
  5
1
330
0
100
AcDbSymbolTable
 70
7
  0
LAYER
  5
27
330
1
100
AcDbSymbolTableRecord
100
AcDbLayerTableRecord
  2
0
 70
0
 62
7
  6
Continuous
370
-3
390
13
347
21
  0
LAYER
  5
28
330
1
100
AcDbSymbolTableRecord
100
AcDbLayerTableRecord
  2
Defpoints
 70
0
 62
7
  6
Continuous
290
0
370
-3
390
13
347
21
  0
LAYER
  5
2F
330
1
100
AcDbSymbolTableRecord
100
AcDbLayerTableRecord
  2
CUT_OUTER
 70
0
 62
1
  6
Continuous
370
-3
390
13
347
21
  0
LAYER
  5
30
330
1
100
AcDbSymbolTableRecord
100
AcDbLayerTableRecord
  2
CUT_INNER
 70
0
 62
1
  6
Continuous
370
-3
390
13
347
21
  0
LAYER
  5
32
330
1
100
AcDbSymbolTableRecord
100
AcDbLayerTableRecord
  2
REFERENCE
 70
0
 62
8
  6
Continuous
290
0
370
-3
390
13
347
21
  0
LAYER
  5
11B
330
1
100
AcDbSymbolTableRecord
100
AcDbLayerTableRecord
  2
ENGRAVE_LINES
 70
0
 62
4
  6
Continuous
370
-3
390
13
347
21
  0
LAYER
  5
11C
330
1
100
AcDbSymbolTableRecord
100
AcDbLayerTableRecord
  2
ENGRAVE_FILL
 70
0
 62
5
  6
Continuous
370
-3
390
13
347
21
  0
ENDTAB
  0
TABLE
  2
STYLE
  5
5
330
0
100
AcDbSymbolTable
 70
1
  0
STYLE
  5
29
330
5
100
AcDbSymbolTableRecord
100
AcDbTextStyleTableRecord
  2
Standard
 70
0
 40
0.0
 41
1.0
 50
0.0
 71
0
 42
2.5
  3
txt
  4

  0
ENDTAB
  0
TABLE
  2
VIEW
  5
7
330
0
100
AcDbSymbolTable
 70
0
  0
ENDTAB
  0
TABLE
  2
UCS
  5
6
330
0
100
AcDbSymbolTable
 70
0
  0
ENDTAB
  0
TABLE
  2
APPID
  5
3
330
0
100
AcDbSymbolTable
 70
3
  0
APPID
  5
2A
330
3
100
AcDbSymbolTableRecord
100
AcDbRegAppTableRecord
  2
ACAD
 70
0
  0
APPID
  5
118
330
3
100
AcDbSymbolTableRecord
100
AcDbRegAppTableRecord
  2
HATCHBACKGROUNDCOLOR
 70
0
  0
APPID
  5
119
330
3
100
AcDbSymbolTableRecord
100
AcDbRegAppTableRecord
  2
EZDXF
 70
0
  0
ENDTAB
  0
TABLE
  2
DIMSTYLE
  5
4
330
0
100
AcDbSymbolTable
 70
1
100
AcDbDimStyleTable
  0
DIMSTYLE
105
2B
330
4
100
AcDbSymbolTableRecord
100
AcDbDimStyleTableRecord
  2
Standard
 70
0
 40
1.0
 41
2.5
 42
0.625
 43
3.75
 44
1.25
 45
0.0
 46
0.0
 47
0.0
 48
0.0
 49
2.5
140
2.5
141
2.5
142
0.0
143
0.03937007874
144
1.0
145
0.0
146
1.0
147
0.625
148
0.0
 69
0
 70
0
 71
0
 72
0
 73
0
 74
0
 75
0
 76
0
 77
1
 78
8
 79
3
170
0
171
3
172
1
173
0
174
0
175
0
176
0
177
0
178
0
179
2
271
2
272
2
273
2
274
3
275
0
276
0
277
2
278
44
279
0
280
0
281
0
282
0
283
0
284
8
285
0
286
0
288
0
289
3
290
0
371
-2
372
-2
  0
ENDTAB
  0
TABLE
  2
BLOCK_RECORD
  5
9
330
0
100
AcDbSymbolTable
 70
2
  0
BLOCK_RECORD
  5
17
330
9
100
AcDbSymbolTableRecord
100
AcDbBlockTableRecord
  2
*Model_Space
340
1A
 70
0
280
1
281
0
  0
BLOCK_RECORD
  5
1B
330
9
100
AcDbSymbolTableRecord
100
AcDbBlockTableRecord
  2
*Paper_Space
340
1E
 70
0
280
1
281
0
  0
ENDTAB
  0
ENDSEC
  0
SECTION
  2
BLOCKS
  0
BLOCK
  5
18
330
17
100
AcDbEntity
  8
0
100
AcDbBlockBegin
  2
*Model_Space
 70
0
 10
0.0
 20
0.0
 30
0.0
  3
*Model_Space
  1

  0
ENDBLK
  5
19
330
17
100
AcDbEntity
  8
0
100
AcDbBlockEnd
  0
BLOCK
  5
1C
330
1B
100
AcDbEntity
  8
0
100
AcDbBlockBegin
  2
*Paper_Space
 70
0
 10
0.0
 20
0.0
 30
0.0
  3
*Paper_Space
  1

  0
ENDBLK
  5
1D
330
1B
100
AcDbEntity
  8
0
100
AcDbBlockEnd
  0
ENDSEC
  0
SECTION
  2
ENTITIES
  0
LWPOLYLINE
  5
33
330
17
100
AcDbEntity
  8
CUT_OUTER
100
AcDbPolyline
 90
132
 70
1
 10
35.4901
 20
-32.4759
 10
35.2453
 20
-32.494
 10
35.0
 20
-32.5
 10
-35.0
 20
-32.5
 10
-35.2453
 20
-32.494
 10
-35.4901
 20
-32.4759
 10
-35.7337
 20
-32.4459
 10
-35.9754
 20
-32.4039
 10
-36.2149
 20
-32.3502
 10
-36.4514
 20
-32.2847
 10
-36.6844
 20
-32.2077
 10
-36.9134
 20
-32.1194
 10
-37.1378
 20
-32.0199
 10
-37.357
 20
-31.9096
 10
-37.5705
 20
-31.7887
 10
-37.7778
 20
-31.6573
 10
-37.9785
 20
-31.516
 10
-38.172
 20
-31.3651
 10
-38.3578
 20
-31.2048
 10
-38.5355
 20
-31.0355
 10
-38.7048
 20
-30.8578
 10
-38.8651
 20
-30.672
 10
-39.016
 20
-30.4785
 10
-39.1573
 20
-30.2778
 10
-39.2887
 20
-30.0705
 10
-39.4096
 20
-29.857
 10
-39.5199
 20
-29.6378
 10
-39.6194
 20
-29.4134
 10
-39.7077
 20
-29.1844
 10
-39.7847
 20
-28.9514
 10
-39.8502
 20
-28.7149
 10
-39.9039
 20
-28.4754
 10
-39.9459
 20
-28.2337
 10
-39.9759
 20
-27.9901
 10
-39.994
 20
-27.7453
 10
-40.0
 20
-27.5
 10
-40.0
 20
27.5
 10
-39.994
 20
27.7453
 10
-39.9759
 20
27.9901
 10
-39.9459
 20
28.2337
 10
-39.9039
 20
28.4754
 10
-39.8502
 20
28.7149
 10
-39.7847
 20
28.9514
 10
-39.7077
 20
29.1844
 10
-39.6194
 20
29.4134
 10
-39.5199
 20
29.6378
 10
-39.4096
 20
29.857
 10
-39.2887
 20
30.0705
 10
-39.1573
 20
30.2778
 10
-39.016
 20
30.4785
 10
-38.8651
 20
30.672
 10
-38.7048
 20
30.8578
 10
-38.5355
 20
31.0355
 10
-38.3578
 20
31.2048
 10
-38.172
 20
31.3651
 10
-37.9785
 20
31.516
 10
-37.7778
 20
31.6573
 10
-37.5705
 20
31.7887
 10
-37.357
 20
31.9096
 10
-37.1378
 20
32.0199
 10
-36.9134
 20
32.1194
 10
-36.6844
 20
32.2077
 10
-36.4514
 20
32.2847
 10
-36.2149
 20
32.3502
 10
-35.9754
 20
32.4039
 10
-35.7337
 20
32.4459
 10
-35.4901
 20
32.4759
 10
-35.2453
 20
32.494
 10
-35.0
 20
32.5
 10
35.0
 20
32.5
 10
35.2453
 20
32.494
 10
35.4901
 20
32.4759
 10
35.7337
 20
32.4459
 10
35.9754
 20
32.4039
 10
36.2149
 20
32.3502
 10
36.4514
 20
32.2847
 10
36.6844
 20
32.2077
 10
36.9134
 20
32.1194
 10
37.1378
 20
32.0199
 10
37.357
 20
31.9096
 10
37.5705
 20
31.7887
 10
37.7778
 20
31.6573
 10
37.9785
 20
31.516
 10
38.172
 20
31.3651
 10
38.3578
 20
31.2048
 10
38.5355
 20
31.0355
 10
38.7048
 20
30.8578
 10
38.8651
 20
30.672
 10
39.016
 20
30.4785
 10
39.1573
 20
30.2778
 10
39.2887
 20
30.0705
 10
39.4096
 20
29.857
 10
39.5199
 20
29.6378
 10
39.6194
 20
29.4134
 10
39.7077
 20
29.1844
 10
39.7847
 20
28.9514
 10
39.8502
 20
28.7149
 10
39.9039
 20
28.4754
 10
39.9459
 20
28.2337
 10
39.9759
 20
27.9901
 10
39.994
 20
27.7453
 10
40.0
 20
27.5
 10
40.0
 20
-27.5
 10
39.994
 20
-27.7453
 10
39.9759
 20
-27.9901
 10
39.9459
 20
-28.2337
 10
39.9039
 20
-28.4754
 10
39.8502
 20
-28.7149
 10
39.7847
 20
-28.9514
 10
39.7077
 20
-29.1844
 10
39.6194
 20
-29.4134
 10
39.5199
 20
-29.6378
 10
39.4096
 20
-29.857
 10
39.2887
 20
-30.0705
 10
39.1573
 20
-30.2778
 10
39.016
 20
-30.4785
 10
38.8651
 20
-30.672
 10
38.7048
 20
-30.8578
 10
38.5355
 20
-31.0355
 10
38.3578
 20
-31.2048
 10
38.172
 20
-31.3651
 10
37.9785
 20
-31.516
 10
37.7778
 20
-31.6573
 10
37.5705
 20
-31.7887
 10
37.357
 20
-31.9096
 10
37.1378
 20
-32.0199
 10
36.9134
 20
-32.1194
 10
36.6844
 20
-32.2077
 10
36.4514
 20
-32.2847
 10
36.2149
 20
-32.3502
 10
35.9754
 20
-32.4039
 10
35.7337
 20
-32.4459
  0
LWPOLYLINE
  5
34
330
17
100
AcDbEntity
  8
CUT_INNER
100
AcDbPolyline
 90
128
 70
1
 10
-28.8872
 20
20.94
 10
-28.8187
 20
20.935
 10
-28.75
 20
20.9333
 10
-28.6813
 20
20.935
 10
-28.6128
 20
20.94
 10
-28.5446
 20
20.9484
 10
-28.4769
 20
20.9602
 10
-28.4098
 20
20.9753
 10
-28.3436
 20
20.9936
 10
-28.2784
 20
21.0151
 10
-28.2142
 20
21.0399
 10
-28.1514
 20
21.0677
 10
-28.09
 20
21.0986
 10
-28.0302
 20
21.1325
 10
-27.9722
 20
21.1692
 10
-27.916
 20
21.2088
 10
-27.8618
 20
21.2511
 10
-27.8098
 20
21.296
 10
-27.76
 20
21.3433
 10
-27.7127
 20
21.3931
 10
-27.6678
 20
21.4451
 10
-27.6255
 20
21.4993
 10
-27.5859
 20
21.5555
 10
-27.5492
 20
21.6136
 10
-27.5153
 20
21.6733
 10
-27.4844
 20
21.7347
 10
-27.4566
 20
21.7975
 10
-27.4318
 20
21.8616
 10
-27.4103
 20
21.9269
 10
-27.392
 20
21.9931
 10
-27.3769
 20
22.0602
 10
-27.3651
 20
22.1279
 10
-27.3567
 20
22.1961
 10
-27.3517
 20
22.2646
 10
-27.35
 20
22.3333
 10
-27.3517
 20
22.402
 10
-27.3567
 20
22.4705
 10
-27.3651
 20
22.5387
 10
-27.3769
 20
22.6064
 10
-27.392
 20
22.6735
 10
-27.4103
 20
22.7397
 10
-27.4318
 20
22.8049
 10
-27.4566
 20
22.869
 10
-27.4844
 20
22.9319
 10
-27.5153
 20
22.9932
 10
-27.5492
 20
23.053
 10
-27.5859
 20
23.1111
 10
-27.6255
 20
23.1673
 10
-27.6678
 20
23.2214
 10
-27.7127
 20
23.2735
 10
-27.76
 20
23.3232
 10
-27.8098
 20
23.3706
 10
-27.8618
 20
23.4155
 10
-27.916
 20
23.4578
 10
-27.9722
 20
23.4973
 10
-28.0302
 20
23.5341
 10
-28.09
 20
23.568
 10
-28.1514
 20
23.5989
 10
-28.2142
 20
23.6267
 10
-28.2784
 20
23.6515
 10
-28.3436
 20
23.673
 10
-28.4098
 20
23.6913
 10
-28.4769
 20
23.7064
 10
-28.5446
 20
23.7181
 10
-28.6128
 20
23.7265
 10
-28.6813
 20
23.7316
 10
-28.75
 20
23.7333
 10
-28.8187
 20
23.7316
 10
-28.8872
 20
23.7265
 10
-28.9554
 20
23.7181
 10
-29.0231
 20
23.7064
 10
-29.0902
 20
23.6913
 10
-29.1564
 20
23.673
 10
-29.2216
 20
23.6515
 10
-29.2858
 20
23.6267
 10
-29.3486
 20
23.5989
 10
-29.4099
 20
23.568
 10
-29.4697
 20
23.5341
 10
-29.5278
 20
23.4973
 10
-29.584
 20
23.4578
 10
-29.6381
 20
23.4155
 10
-29.6902
 20
23.3706
 10
-29.7399
 20
23.3232
 10
-29.7873
 20
23.2735
 10
-29.8322
 20
23.2214
 10
-29.8745
 20
23.1673
 10
-29.914
 20
23.1111
 10
-29.9508
 20
23.053
 10
-29.9847
 20
22.9932
 10
-30.0156
 20
22.9319
 10
-30.0434
 20
22.869
 10
-30.0682
 20
22.8049
 10
-30.0897
 20
22.7397
 10
-30.108
 20
22.6735
 10
-30.1231
 20
22.6064
 10
-30.1348
 20
22.5387
 10
-30.1432
 20
22.4705
 10
-30.1483
 20
22.402
 10
-30.15
 20
22.3333
 10
-30.1483
 20
22.2646
 10
-30.1432
 20
22.1961
 10
-30.1348
 20
22.1279
 10
-30.1231
 20
22.0602
 10
-30.108
 20
21.9931
 10
-30.0897
 20
21.9269
 10
-30.0682
 20
21.8616
 10
-30.0434
 20
21.7975
 10
-30.0156
 20
21.7347
 10
-29.9847
 20
21.6733
 10
-29.9508
 20
21.6136
 10
-29.914
 20
21.5555
 10
-29.8745
 20
21.4993
 10
-29.8322
 20
21.4451
 10
-29.7873
 20
21.3931
 10
-29.7399
 20
21.3433
 10
-29.6902
 20
21.296
 10
-29.6381
 20
21.2511
 10
-29.584
 20
21.2088
 10
-29.5278
 20
21.1692
 10
-29.4697
 20
21.1325
 10
-29.4099
 20
21.0986
 10
-29.3486
 20
21.0677
 10
-29.2858
 20
21.0399
 10
-29.2216
 20
21.0151
 10
-29.1564
 20
20.9936
 10
-29.0902
 20
20.9753
 10
-29.0231
 20
20.9602
 10
-28.9554
 20
20.9484
  0
LWPOLYLINE
  5
35
330
17
100
AcDbEntity
  8
CUT_INNER
100
AcDbPolyline
 90
128
 70
1
 10
28.6128
 20
20.94
 10
28.6813
 20
20.935
 10
28.75
 20
20.9333
 10
28.8187
 20
20.935
 10
28.8872
 20
20.94
 10
28.9554
 20
20.9484
 10
29.0231
 20
20.9602
 10
29.0902
 20
20.9753
 10
29.1564
 20
20.9936
 10
29.2216
 20
21.0151
 10
29.2858
 20
21.0399
 10
29.3486
 20
21.0677
 10
29.4099
 20
21.0986
 10
29.4697
 20
21.1325
 10
29.5278
 20
21.1692
 10
29.584
 20
21.2088
 10
29.6381
 20
21.2511
 10
29.6902
 20
21.296
 10
29.7399
 20
21.3433
 10
29.7873
 20
21.3931
 10
29.8322
 20
21.4451
 10
29.8745
 20
21.4993
 10
29.914
 20
21.5555
 10
29.9508
 20
21.6136
 10
29.9847
 20
21.6733
 10
30.0156
 20
21.7347
 10
30.0434
 20
21.7975
 10
30.0682
 20
21.8616
 10
30.0897
 20
21.9269
 10
30.108
 20
21.9931
 10
30.1231
 20
22.0602
 10
30.1348
 20
22.1279
 10
30.1432
 20
22.1961
 10
30.1483
 20
22.2646
 10
30.15
 20
22.3333
 10
30.1483
 20
22.402
 10
30.1432
 20
22.4705
 10
30.1348
 20
22.5387
 10
30.1231
 20
22.6064
 10
30.108
 20
22.6735
 10
30.0897
 20
22.7397
 10
30.0682
 20
22.8049
 10
30.0434
 20
22.869
 10
30.0156
 20
22.9319
 10
29.9847
 20
22.9932
 10
29.9508
 20
23.053
 10
29.914
 20
23.1111
 10
29.8745
 20
23.1673
 10
29.8322
 20
23.2214
 10
29.7873
 20
23.2735
 10
29.7399
 20
23.3232
 10
29.6902
 20
23.3706
 10
29.6381
 20
23.4155
 10
29.584
 20
23.4578
 10
29.5278
 20
23.4973
 10
29.4697
 20
23.5341
 10
29.4099
 20
23.568
 10
29.3486
 20
23.5989
 10
29.2858
 20
23.6267
 10
29.2216
 20
23.6515
 10
29.1564
 20
23.673
 10
29.0902
 20
23.6913
 10
29.0231
 20
23.7064
 10
28.9554
 20
23.7181
 10
28.8872
 20
23.7265
 10
28.8187
 20
23.7316
 10
28.75
 20
23.7333
 10
28.6813
 20
23.7316
 10
28.6128
 20
23.7265
 10
28.5446
 20
23.7181
 10
28.4769
 20
23.7064
 10
28.4098
 20
23.6913
 10
28.3436
 20
23.673
 10
28.2784
 20
23.6515
 10
28.2142
 20
23.6267
 10
28.1514
 20
23.5989
 10
28.09
 20
23.568
 10
28.0302
 20
23.5341
 10
27.9722
 20
23.4973
 10
27.916
 20
23.4578
 10
27.8618
 20
23.4155
 10
27.8098
 20
23.3706
 10
27.76
 20
23.3232
 10
27.7127
 20
23.2735
 10
27.6678
 20
23.2214
 10
27.6255
 20
23.1673
 10
27.5859
 20
23.1111
 10
27.5492
 20
23.053
 10
27.5153
 20
22.9932
 10
27.4844
 20
22.9319
 10
27.4566
 20
22.869
 10
27.4318
 20
22.8049
 10
27.4103
 20
22.7397
 10
27.392
 20
22.6735
 10
27.3769
 20
22.6064
 10
27.3651
 20
22.5387
 10
27.3567
 20
22.4705
 10
27.3517
 20
22.402
 10
27.35
 20
22.3333
 10
27.3517
 20
22.2646
 10
27.3567
 20
22.1961
 10
27.3651
 20
22.1279
 10
27.3769
 20
22.0602
 10
27.392
 20
21.9931
 10
27.4103
 20
21.9269
 10
27.4318
 20
21.8616
 10
27.4566
 20
21.7975
 10
27.4844
 20
21.7347
 10
27.5153
 20
21.6733
 10
27.5492
 20
21.6136
 10
27.5859
 20
21.5555
 10
27.6255
 20
21.4993
 10
27.6678
 20
21.4451
 10
27.7127
 20
21.3931
 10
27.76
 20
21.3433
 10
27.8098
 20
21.296
 10
27.8618
 20
21.2511
 10
27.916
 20
21.2088
 10
27.9722
 20
21.1692
 10
28.0302
 20
21.1325
 10
28.09
 20
21.0986
 10
28.1514
 20
21.0677
 10
28.2142
 20
21.0399
 10
28.2784
 20
21.0151
 10
28.3436
 20
20.9936
 10
28.4098
 20
20.9753
 10
28.4769
 20
20.9602
 10
28.5446
 20
20.9484
  0
LWPOLYLINE
  5
36
330
17
100
AcDbEntity
  8
CUT_INNER
100
AcDbPolyline
 90
128
 70
1
 10
-29.2401
 20
7.02406
 10
-28.9953
 20
7.00601
 10
-28.75
 20
7.0
 10
-28.5047
 20
7.00601
 10
-28.2599
 20
7.02406
 10
-28.0163
 20
7.05411
 10
-27.7745
 20
7.09607
 10
-27.5351
 20
7.14984
 10
-27.2986
 20
7.21529
 10
-27.0655
 20
7.29227
 10
-26.8366
 20
7.3806
 10
-26.6122
 20
7.48004
 10
-26.393
 20
7.59039
 10
-26.1795
 20
7.71135
 10
-25.9721
 20
7.84265
 10
-25.7715
 20
7.98395
 10
-25.578
 20
8.13493
 10
-25.3922
 20
8.29524
 10
-25.2145
 20
8.46446
 10
-25.0452
 20
8.6422
 10
-24.8849
 20
8.82803
 10
-24.7339
 20
9.0215
 10
-24.5927
 20
9.22214
 10
-24.4613
 20
9.42947
 10
-24.3404
 20
9.64301
 10
-24.23
 20
9.86221
 10
-24.1306
 20
10.0866
 10
-24.0423
 20
10.3155
 10
-23.9653
 20
10.5486
 10
-23.8998
 20
10.7851
 10
-23.8461
 20
11.0245
 10
-23.8041
 20
11.2663
 10
-23.7741
 20
11.5099
 10
-23.756
 20
11.7547
 10
-23.75
 20
12.0
 10
-23.756
 20
12.2453
 10
-23.7741
 20
12.4901
 10
-23.8041
 20
12.7336
 10
-23.8461
 20
12.9754
 10
-23.8998
 20
13.2149
 10
-23.9653
 20
13.4514
 10
-24.0423
 20
13.6844
 10
-24.1306
 20
13.9134
 10
-24.23
 20
14.1378
 10
-24.3404
 20
14.357
 10
-24.4613
 20
14.5705
 10
-24.5927
 20
14.7778
 10
-24.7339
 20
14.9785
 10
-24.8849
 20
15.172
 10
-25.0452
 20
15.3578
 10
-25.2145
 20
15.5355
 10
-25.3922
 20
15.7047
 10
-25.578
 20
15.8651
 10
-25.7715
 20
16.016
 10
-25.9721
 20
16.1573
 10
-26.1795
 20
16.2886
 10
-26.393
 20
16.4096
 10
-26.6122
 20
16.5199
 10
-26.8366
 20
16.6194
 10
-27.0655
 20
16.7077
 10
-27.2986
 20
16.7847
 10
-27.5351
 20
16.8501
 10
-27.7745
 20
16.9039
 10
-28.0163
 20
16.9459
 10
-28.2599
 20
16.9759
 10
-28.5047
 20
16.994
 10
-28.75
 20
17.0
 10
-28.9953
 20
16.994
 10
-29.2401
 20
16.9759
 10
-29.4836
 20
16.9459
 10
-29.7254
 20
16.9039
 10
-29.9649
 20
16.8501
 10
-30.2014
 20
16.7847
 10
-30.4344
 20
16.7077
 10
-30.6634
 20
16.6194
 10
-30.8878
 20
16.5199
 10
-31.107
 20
16.4096
 10
-31.3205
 20
16.2886
 10
-31.5278
 20
16.1573
 10
-31.7285
 20
16.016
 10
-31.922
 20
15.8651
 10
-32.1078
 20
15.7047
 10
-32.2855
 20
15.5355
 10
-32.4547
 20
15.3578
 10
-32.6151
 20
15.172
 10
-32.766
 20
14.9785
 10
-32.9073
 20
14.7778
 10
-33.0386
 20
14.5705
 10
-33.1596
 20
14.357
 10
-33.2699
 20
14.1378
 10
-33.3694
 20
13.9134
 10
-33.4577
 20
13.6844
 10
-33.5347
 20
13.4514
 10
-33.6001
 20
13.2149
 10
-33.6539
 20
12.9754
 10
-33.6959
 20
12.7336
 10
-33.7259
 20
12.4901
 10
-33.744
 20
12.2453
 10
-33.75
 20
12.0
 10
-33.744
 20
11.7547
 10
-33.7259
 20
11.5099
 10
-33.6959
 20
11.2663
 10
-33.6539
 20
11.0245
 10
-33.6001
 20
10.7851
 10
-33.5347
 20
10.5486
 10
-33.4577
 20
10.3155
 10
-33.3694
 20
10.0866
 10
-33.2699
 20
9.86221
 10
-33.1596
 20
9.64301
 10
-33.0386
 20
9.42947
 10
-32.9073
 20
9.22214
 10
-32.766
 20
9.0215
 10
-32.6151
 20
8.82803
 10
-32.4547
 20
8.6422
 10
-32.2855
 20
8.46446
 10
-32.1078
 20
8.29524
 10
-31.922
 20
8.13493
 10
-31.7285
 20
7.98395
 10
-31.5278
 20
7.84265
 10
-31.3205
 20
7.71135
 10
-31.107
 20
7.59039
 10
-30.8878
 20
7.48004
 10
-30.6634
 20
7.3806
 10
-30.4344
 20
7.29227
 10
-30.2014
 20
7.21529
 10
-29.9649
 20
7.14984
 10
-29.7254
 20
7.09607
 10
-29.4836
 20
7.05411
  0
LWPOLYLINE
  5
37
330
17
100
AcDbEntity
  8
CUT_INNER
100
AcDbPolyline
 90
128
 70
1
 10
28.2599
 20
7.02406
 10
28.5047
 20
7.00601
 10
28.75
 20
7.0
 10
28.9953
 20
7.00601
 10
29.2401
 20
7.02406
 10
29.4836
 20
7.05411
 10
29.7254
 20
7.09607
 10
29.9649
 20
7.14984
 10
30.2014
 20
7.21529
 10
30.4344
 20
7.29227
 10
30.6634
 20
7.3806
 10
30.8878
 20
7.48004
 10
31.107
 20
7.59039
 10
31.3205
 20
7.71135
 10
31.5278
 20
7.84265
 10
31.7285
 20
7.98395
 10
31.922
 20
8.13493
 10
32.1078
 20
8.29524
 10
32.2855
 20
8.46446
 10
32.4547
 20
8.6422
 10
32.6151
 20
8.82803
 10
32.766
 20
9.0215
 10
32.9073
 20
9.22214
 10
33.0386
 20
9.42947
 10
33.1596
 20
9.64301
 10
33.2699
 20
9.86221
 10
33.3694
 20
10.0866
 10
33.4577
 20
10.3155
 10
33.5347
 20
10.5486
 10
33.6001
 20
10.7851
 10
33.6539
 20
11.0245
 10
33.6959
 20
11.2663
 10
33.7259
 20
11.5099
 10
33.744
 20
11.7547
 10
33.75
 20
12.0
 10
33.744
 20
12.2453
 10
33.7259
 20
12.4901
 10
33.6959
 20
12.7336
 10
33.6539
 20
12.9754
 10
33.6001
 20
13.2149
 10
33.5347
 20
13.4514
 10
33.4577
 20
13.6844
 10
33.3694
 20
13.9134
 10
33.2699
 20
14.1378
 10
33.1596
 20
14.357
 10
33.0386
 20
14.5705
 10
32.9073
 20
14.7778
 10
32.766
 20
14.9785
 10
32.6151
 20
15.172
 10
32.4547
 20
15.3578
 10
32.2855
 20
15.5355
 10
32.1078
 20
15.7047
 10
31.922
 20
15.8651
 10
31.7285
 20
16.016
 10
31.5278
 20
16.1573
 10
31.3205
 20
16.2886
 10
31.107
 20
16.4096
 10
30.8878
 20
16.5199
 10
30.6634
 20
16.6194
 10
30.4344
 20
16.7077
 10
30.2014
 20
16.7847
 10
29.9649
 20
16.8501
 10
29.7254
 20
16.9039
 10
29.4836
 20
16.9459
 10
29.2401
 20
16.9759
 10
28.9953
 20
16.994
 10
28.75
 20
17.0
 10
28.5047
 20
16.994
 10
28.2599
 20
16.9759
 10
28.0163
 20
16.9459
 10
27.7745
 20
16.9039
 10
27.5351
 20
16.8501
 10
27.2986
 20
16.7847
 10
27.0655
 20
16.7077
 10
26.8366
 20
16.6194
 10
26.6122
 20
16.5199
 10
26.393
 20
16.4096
 10
26.1795
 20
16.2886
 10
25.9721
 20
16.1573
 10
25.7715
 20
16.016
 10
25.578
 20
15.8651
 10
25.3922
 20
15.7047
 10
25.2145
 20
15.5355
 10
25.0452
 20
15.3578
 10
24.8849
 20
15.172
 10
24.7339
 20
14.9785
 10
24.5927
 20
14.7778
 10
24.4613
 20
14.5705
 10
24.3404
 20
14.357
 10
24.23
 20
14.1378
 10
24.1306
 20
13.9134
 10
24.0423
 20
13.6844
 10
23.9653
 20
13.4514
 10
23.8998
 20
13.2149
 10
23.8461
 20
12.9754
 10
23.8041
 20
12.7336
 10
23.7741
 20
12.4901
 10
23.756
 20
12.2453
 10
23.75
 20
12.0
 10
23.756
 20
11.7547
 10
23.7741
 20
11.5099
 10
23.8041
 20
11.2663
 10
23.8461
 20
11.0245
 10
23.8998
 20
10.7851
 10
23.9653
 20
10.5486
 10
24.0423
 20
10.3155
 10
24.1306
 20
10.0866
 10
24.23
 20
9.86221
 10
24.3404
 20
9.64301
 10
24.4613
 20
9.42947
 10
24.5927
 20
9.22214
 10
24.7339
 20
9.0215
 10
24.8849
 20
8.82803
 10
25.0452
 20
8.6422
 10
25.2145
 20
8.46446
 10
25.3922
 20
8.29524
 10
25.578
 20
8.13493
 10
25.7715
 20
7.98395
 10
25.9721
 20
7.84265
 10
26.1795
 20
7.71135
 10
26.393
 20
7.59039
 10
26.6122
 20
7.48004
 10
26.8366
 20
7.3806
 10
27.0655
 20
7.29227
 10
27.2986
 20
7.21529
 10
27.5351
 20
7.14984
 10
27.7745
 20
7.09607
 10
28.0163
 20
7.05411
  0
LWPOLYLINE
  5
38
330
17
100
AcDbEntity
  8
CUT_INNER
100
AcDbPolyline
 90
128
 70
1
 10
-28.8872
 20
-2.05995
 10
-28.8187
 20
-2.065
 10
-28.75
 20
-2.0667
 10
-28.6813
 20
-2.065
 10
-28.6128
 20
-2.05995
 10
-28.5446
 20
-2.05154
 10
-28.4769
 20
-2.03979
 10
-28.4098
 20
-2.02473
 10
-28.3436
 20
-2.00641
 10
-28.2784
 20
-1.98485
 10
-28.2142
 20
-1.96013
 10
-28.1514
 20
-1.93228
 10
-28.09
 20
-1.90138
 10
-28.0302
 20
-1.86751
 10
-27.9722
 20
-1.83075
 10
-27.916
 20
-1.79118
 10
-27.8618
 20
-1.7489
 10
-27.8098
 20
-1.70403
 10
-27.76
 20
-1.65665
 10
-27.7127
 20
-1.60687
 10
-27.6678
 20
-1.55484
 10
-27.6255
 20
-1.50067
 10
-27.5859
 20
-1.44449
 10
-27.5492
 20
-1.38643
 10
-27.5153
 20
-1.32664
 10
-27.4844
 20
-1.26527
 10
-27.4566
 20
-1.20245
 10
-27.4318
 20
-1.13834
 10
-27.4103
 20
-1.07309
 10
-27.392
 20
-1.00687
 10
-27.3769
 20
-0.939819
 10
-27.3651
 20
-0.872116
 10
-27.3567
 20
-0.803909
 10
-27.3517
 20
-0.735382
 10
-27.35
 20
-0.666687
 10
-27.3517
 20
-0.597992
 10
-27.3567
 20
-0.529465
 10
-27.3651
 20
-0.461273
 10
-27.3769
 20
-0.39357
 10
-27.392
 20
-0.326523
 10
-27.4103
 20
-0.2603
 10
-27.4318
 20
-0.195053
 10
-27.4566
 20
-0.130936
 10
-27.4844
 20
-0.0681152
 10
-27.5153
 20
-0.00674438
 10
-27.5492
 20
0.0530396
 10
-27.5859
 20
0.111084
 10
-27.6255
 20
0.167267
 10
-27.6678
 20
0.221436
 10
-27.7127
 20
0.273468
 10
-27.76
 20
0.323242
 10
-27.8098
 20
0.370621
 10
-27.8618
 20
0.415512
 10
-27.916
 20
0.457779
 10
-27.9722
 20
0.497345
 10
-28.0302
 20
0.534119
 10
-28.09
 20
0.567978
 10
-28.1514
 20
0.598877
 10
-28.2142
 20
0.626724
 10
-28.2784
 20
0.651459
 10
-28.3436
 20
0.673004
 10
-28.4098
 20
0.69133
 10
-28.4769
 20
0.70639
 10
-28.5446
 20
0.71814
 10
-28.6128
 20
0.726547
 10
-28.6813
 20
0.731613
 10
-28.75
 20
0.733292
 10
-28.8187
 20
0.731613
 10
-28.8872
 20
0.726547
 10
-28.9554
 20
0.71814
 10
-29.0231
 20
0.70639
 10
-29.0902
 20
0.69133
 10
-29.1564
 20
0.673004
 10
-29.2216
 20
0.651459
 10
-29.2858
 20
0.626724
 10
-29.3486
 20
0.598877
 10
-29.4099
 20
0.567978
 10
-29.4697
 20
0.534119
 10
-29.5278
 20
0.497345
 10
-29.584
 20
0.457779
 10
-29.6381
 20
0.415512
 10
-29.6902
 20
0.370621
 10
-29.7399
 20
0.323242
 10
-29.7873
 20
0.273468
 10
-29.8322
 20
0.221436
 10
-29.8745
 20
0.167267
 10
-29.914
 20
0.111084
 10
-29.9508
 20
0.0530396
 10
-29.9847
 20
-0.00674438
 10
-30.0156
 20
-0.0681152
 10
-30.0434
 20
-0.130936
 10
-30.0682
 20
-0.195053
 10
-30.0897
 20
-0.2603
 10
-30.108
 20
-0.326523
 10
-30.1231
 20
-0.39357
 10
-30.1348
 20
-0.461273
 10
-30.1432
 20
-0.529465
 10
-30.1483
 20
-0.597992
 10
-30.15
 20
-0.666687
 10
-30.1483
 20
-0.735382
 10
-30.1432
 20
-0.803909
 10
-30.1348
 20
-0.872116
 10
-30.1231
 20
-0.939819
 10
-30.108
 20
-1.00687
 10
-30.0897
 20
-1.07309
 10
-30.0682
 20
-1.13834
 10
-30.0434
 20
-1.20245
 10
-30.0156
 20
-1.26527
 10
-29.9847
 20
-1.32664
 10
-29.9508
 20
-1.38643
 10
-29.914
 20
-1.44449
 10
-29.8745
 20
-1.50067
 10
-29.8322
 20
-1.55484
 10
-29.7873
 20
-1.60687
 10
-29.7399
 20
-1.65665
 10
-29.6902
 20
-1.70403
 10
-29.6381
 20
-1.7489
 10
-29.584
 20
-1.79118
 10
-29.5278
 20
-1.83075
 10
-29.4697
 20
-1.86751
 10
-29.4099
 20
-1.90138
 10
-29.3486
 20
-1.93228
 10
-29.2858
 20
-1.96013
 10
-29.2216
 20
-1.98485
 10
-29.1564
 20
-2.00641
 10
-29.0902
 20
-2.02473
 10
-29.0231
 20
-2.03979
 10
-28.9554
 20
-2.05154
  0
LWPOLYLINE
  5
39
330
17
100
AcDbEntity
  8
CUT_INNER
100
AcDbPolyline
 90
128
 70
1
 10
28.6128
 20
-2.05995
 10
28.6813
 20
-2.065
 10
28.75
 20
-2.0667
 10
28.8187
 20
-2.065
 10
28.8872
 20
-2.05995
 10
28.9554
 20
-2.05154
 10
29.0231
 20
-2.03979
 10
29.0902
 20
-2.02473
 10
29.1564
 20
-2.00641
 10
29.2216
 20
-1.98485
 10
29.2858
 20
-1.96013
 10
29.3486
 20
-1.93228
 10
29.4099
 20
-1.90138
 10
29.4697
 20
-1.86751
 10
29.5278
 20
-1.83075
 10
29.584
 20
-1.79118
 10
29.6381
 20
-1.7489
 10
29.6902
 20
-1.70403
 10
29.7399
 20
-1.65665
 10
29.7873
 20
-1.60687
 10
29.8322
 20
-1.55484
 10
29.8745
 20
-1.50067
 10
29.914
 20
-1.44449
 10
29.9508
 20
-1.38643
 10
29.9847
 20
-1.32664
 10
30.0156
 20
-1.26527
 10
30.0434
 20
-1.20245
 10
30.0682
 20
-1.13834
 10
30.0897
 20
-1.07309
 10
30.108
 20
-1.00687
 10
30.1231
 20
-0.939819
 10
30.1348
 20
-0.872116
 10
30.1432
 20
-0.803909
 10
30.1483
 20
-0.735382
 10
30.15
 20
-0.666687
 10
30.1483
 20
-0.597992
 10
30.1432
 20
-0.529465
 10
30.1348
 20
-0.461273
 10
30.1231
 20
-0.39357
 10
30.108
 20
-0.326523
 10
30.0897
 20
-0.2603
 10
30.0682
 20
-0.195053
 10
30.0434
 20
-0.130936
 10
30.0156
 20
-0.0681152
 10
29.9847
 20
-0.00674438
 10
29.9508
 20
0.0530396
 10
29.914
 20
0.111084
 10
29.8745
 20
0.167267
 10
29.8322
 20
0.221436
 10
29.7873
 20
0.273468
 10
29.7399
 20
0.323242
 10
29.6902
 20
0.370621
 10
29.6381
 20
0.415512
 10
29.584
 20
0.457779
 10
29.5278
 20
0.497345
 10
29.4697
 20
0.534119
 10
29.4099
 20
0.567978
 10
29.3486
 20
0.598877
 10
29.2858
 20
0.626724
 10
29.2216
 20
0.651459
 10
29.1564
 20
0.673004
 10
29.0902
 20
0.69133
 10
29.0231
 20
0.70639
 10
28.9554
 20
0.71814
 10
28.8872
 20
0.726547
 10
28.8187
 20
0.731613
 10
28.75
 20
0.733292
 10
28.6813
 20
0.731613
 10
28.6128
 20
0.726547
 10
28.5446
 20
0.71814
 10
28.4769
 20
0.70639
 10
28.4098
 20
0.69133
 10
28.3436
 20
0.673004
 10
28.2784
 20
0.651459
 10
28.2142
 20
0.626724
 10
28.1514
 20
0.598877
 10
28.09
 20
0.567978
 10
28.0302
 20
0.534119
 10
27.9722
 20
0.497345
 10
27.916
 20
0.457779
 10
27.8618
 20
0.415512
 10
27.8098
 20
0.370621
 10
27.76
 20
0.323242
 10
27.7127
 20
0.273468
 10
27.6678
 20
0.221436
 10
27.6255
 20
0.167267
 10
27.5859
 20
0.111084
 10
27.5492
 20
0.0530396
 10
27.5153
 20
-0.00674438
 10
27.4844
 20
-0.0681152
 10
27.4566
 20
-0.130936
 10
27.4318
 20
-0.195053
 10
27.4103
 20
-0.2603
 10
27.392
 20
-0.326523
 10
27.3769
 20
-0.39357
 10
27.3651
 20
-0.461273
 10
27.3567
 20
-0.529465
 10
27.3517
 20
-0.597992
 10
27.35
 20
-0.666687
 10
27.3517
 20
-0.735382
 10
27.3567
 20
-0.803909
 10
27.3651
 20
-0.872116
 10
27.3769
 20
-0.939819
 10
27.392
 20
-1.00687
 10
27.4103
 20
-1.07309
 10
27.4318
 20
-1.13834
 10
27.4566
 20
-1.20245
 10
27.4844
 20
-1.26527
 10
27.5153
 20
-1.32664
 10
27.5492
 20
-1.38643
 10
27.5859
 20
-1.44449
 10
27.6255
 20
-1.50067
 10
27.6678
 20
-1.55484
 10
27.7127
 20
-1.60687
 10
27.76
 20
-1.65665
 10
27.8098
 20
-1.70403
 10
27.8618
 20
-1.7489
 10
27.916
 20
-1.79118
 10
27.9722
 20
-1.83075
 10
28.0302
 20
-1.86751
 10
28.09
 20
-1.90138
 10
28.1514
 20
-1.93228
 10
28.2142
 20
-1.96013
 10
28.2784
 20
-1.98485
 10
28.3436
 20
-2.00641
 10
28.4098
 20
-2.02473
 10
28.4769
 20
-2.03979
 10
28.5446
 20
-2.05154
  0
LWPOLYLINE
  5
3A
330
17
100
AcDbEntity
  8
ENGRAVE_LINES
100
AcDbPolyline
 90
303
 70
1
 10
-28.710714669166304
 20
-17.758848218788525
 10
-28.69890735669453
 20
-17.771231371720553
 10
-28.49912421566014
 20
-18.02527630156563
 10
-28.489873803808045
 20
-18.03967022337002
 10
-28.341779323493732
 20
-18.326933438421978
 10
-28.335420146247372
 20
-18.342817895261714
 10
-28.244366847028093
 20
-18.65291695447157
 10
-28.24112874162182
 20
-18.669717840689923
 10
-28.210407526968424
 20
-18.991444956102622
 10
-28.210407526968424
 20
-19.008555043897378
 10
-28.24112874162182
 20
-19.330282159310077
 10
-28.244366847028093
 20
-19.34708304552843
 10
-28.335420146247372
 20
-19.657182104738286
 10
-28.341779323493732
 20
-19.673066561578025
 10
-28.489873803808052
 20
-19.960329776629983
 10
-28.499124215660142
 20
-19.974723698434374
 10
-28.640511173121798
 20
-20.154511840233447
 10
-28.582654390373133
 20
-20.246092742270946
 10
-28.409592198597963
 20
-20.51440259550469
 10
-28.23401141925455
 20
-20.781071096624732
 10
-28.055927618056174
 20
-21.046074604743676
 10
-27.875356582616035
 20
-21.309389626579964
 10
-27.69231432104701
 20
-21.570992818541516
 10
-27.506817060543693
 20
-21.830860988793493
 10
-27.31888124594194
 20
-22.088971099316925
 10
-27.128523538262336
 20
-22.34530026794924
 10
-26.935760813233774
 20
-22.59982577041196
 10
-26.740610159795196
 20
-22.852525042328256
 10
-26.543088878582328
 20
-23.103375681220957
 10
-26.343214480394384
 20
-23.35235544849816
 10
-26.141004684639586
 20
-23.599442271427296
 10
-25.936477417765694
 20
-23.844614245090238
 10
-25.729650811671164
 20
-24.08784963432472
 10
-25.520543202097073
 20
-24.329126875652037
 10
-25.309173127000584
 20
-24.568424579189855
 10
-25.0955593249143
 20
-24.805721530545267
 10
-24.87972073328151
 20
-25.040996692699547
 10
-24.661676486780742
 20
-25.27422920786927
 10
-24.44144591562673
 20
-25.505398399358445
 10
-24.21904854385848
 20
-25.734483773389623
 10
-23.99450408760702
 20
-25.96146502092222
 10
-23.76783245334933
 20
-26.18632201945106
 10
-23.5390537361416
 20
-26.409034834792365
 10
-23.308188217838907
 20
-26.629583722849734
 10
-23.075256365296674
 20
-26.847949131365034
 10
-22.84027882855755
 20
-27.064111701650525
 10
-22.603276439018366
 20
-27.278052270307263
 10
-22.364270207584944
 20
-27.489751870922507
 10
-22.123281322809586
 20
-27.69919173575102
 10
-21.880331149012292
 20
-27.906353297379223
 10
-21.63544122438554
 20
-28.11121819037227
 10
-21.388633259087644
 20
-28.313768252899834
 10
-21.13992913331503
 20
-28.513985528348762
 10
-20.88935089536471
 20
-28.711852266913176
 10
-20.63692075967796
 20
-28.907350927169357
 10
-20.382661104873314
 20
-29.10046417762902
 10
-20.12659447175957
 20
-29.291174898278133
 10
-19.868743561340654
 20
-29.47946618209228
 10
-19.609131232799385
 20
-29.665321336538288
 10
-19.417212595490703
 20
-29.8
 10
-19.73022787504848
 20
-29.8
 10
-19.973866855183147
 20
-29.62558008498122
 10
-19.974553558352905
 20
-29.62508357136293
 10
-20.233088834439872
 20
-29.43629254104788
 10
-20.233770832269997
 20
-29.435789583816884
 10
-20.490517095376127
 20
-29.244572695206543
 10
-20.491194327405655
 20
-29.24406333895136
 10
-20.746128816276862
 20
-29.050437543942643
 10
-20.746801222467326
 20
-29.0499218338191
 10
-20.99990133646825
 20
-28.853904297865032
 10
-21.000568857209018
 20
-28.85338227959222
 10
-21.25181215832657
 20
-28.654990380180177
 10
-21.252474734440117
 20
-28.654462100036444
 10
-21.501838949272802
 20
-28.453713425147516
 10
-21.502496522019953
 20
-28.45317892996633
 10
-21.749959543752308
 20
-28.250091276516216
 10
-21.750612054837454
 20
-28.24955061368203
 10
-21.996151945199976
 20
-28.044141985943213
 10
-21.996799336776228
 20
-28.043595203387255
 10
-22.240394327990217
 20
-27.835883811392932
 10
-22.24103654266456
 20
-27.835330957588962
 10
-22.482665039371987
 20
-27.625335215518557
 10
-22.483302020210342
 20
-27.624776339478565
 10
-22.72294260138815
 20
-27.41251486402545
 10
-22.723574291920432
 20
-27.411950015295318
 10
-22.961205712779776
 20
-27.197441624016204
 10
-22.961832057004905
 20
-27.196870852671307
 10
-23.19743325087439
 20
-26.980134562318156
 10
-23.198054193265246
 20
-26.97955791895893
 10
-23.431604273458692
 20
-26.76061294379296
 10
-23.432219758967044
 20
-26.760030479540397
 10
-23.663698020634982
 20
-26.538896229628808
 10
-23.66430799469637
 20
-26.53830799611995
 10
-23.893693916661764
 20
-26.315004075615025
 10
-23.894298325200328
 20
-26.314410124998375
 10
-24.12157157177768
 20
-26.088956330399657
 10
-24.12217036121096
 20
-26.08835671533055
 10
-24.347310784009224
 20
-25.86077303372971
 10
-24.347903901252906
 20
-25.860167807365652
 10
-24.570891540961668
 20
-25.630474414674644
 10
-24.5714789334343
 20
-25.6298636306706
 10
-24.792294021593165
 20
-25.398080889833054
 10
-24.79287563722081
 20
-25.397464602336676
 10
-25.011498597972047
 20
-25.163613061522536
 10
-25.012074385192893
 20
-25.162991325169397
 10
-25.228485837016763
 20
-24.92709171595341
 10
-25.229055744785708
 20
-24.92646458586212
 10
-25.44323650221883
 20
-24.688537821385808
 10
-25.44380048001201
 20
-24.68790535315316
 10
-25.65573155534802
 20
-24.447972526270938
 10
-25.65628955316726
 20
-24.447334775966954
 10
-25.86595215814031
 20
-24.20541715737607
 10
-25.866504126517594
 20
-24.20477418153905
 10
-26.073879673967884
 20
-23.960893217893926
 10
-26.074425563969708
 20
-23.96024507352543
 10
-26.27949566949127
 20
-23.714422385536405
 10
-26.280035432723004
 20
-23.71376913009619
 10
-26.482781916293604
 20
-23.466026510612704
 10
-26.483315504903775
 20
-23.46536820201364
 10
-26.683720392496546
 20
-23.215727614092305
 10
-26.684247759181073
 20
-23.21506431069524
 10
-26.882293284358024
 20
-22.96354788565272
 10
-26.882814382364412
 20
-22.962879646261296
 10
-27.07848298785141
 20
-22.709509681712326
 10
-27.0789977709829
 20
-22.708836565567793
 10
-27.272272110226243
 20
-22.453635523448405
 10
-27.272780532845925
 20
-22.452957590224333
 10
-27.463643471550114
 20
-22.195948094800542
 10
-27.464145488584933
 20
-22.19526540459755
 10
-27.65258010623164
 20
-21.936470240459744
 10
-27.65307567317642
 20
-21.93578285380018
 10
-27.839065264524628
 20
-21.675224963843057
 10
-27.839554337446017
 20
-21.674532941665618
 10
-28.023082414012904
 20
-21.412235425054366
 10
-28.023564949553254
 20
-21.411538828708693
 10
-28.204615241076
 20
-21.14752493883109
 10
-28.205091196457225
 20
-21.146823830072343
 10
-28.383647652335384
 20
-20.88111697247732
 10
-28.384116985362745
 20
-20.8804114134607
 10
-28.56016377608114
 20
-20.61303514378344
 10
-28.56062644514699
 20
-20.61232519705867
 10
-28.734147963679142
 20
-20.343303218932206
 10
-28.734603927766614
 20
-20.342588947437996
 10
-28.767565953039178
 20
-20.290413699108726
 10
-28.954965787673885
 20
-20.452796580177456
 10
-28.968903253728964
 20
-20.462721404826173
 10
-29.248794477896794
 20
-20.624316678443282
 10
-29.264358361198223
 20
-20.631424465787003
 10
-29.569773692935406
 20
-20.737129739834344
 10
-29.58640147418938
 20
-20.741163595919307
 10
-29.906302407655044
 20
-20.7871584063804
 10
-29.923393115523776
 20
-20.787972537137584
 10
-30.24621759748872
 20
-20.772594511724055
 10
-30.263153529260432
 20
-20.770159492346703
 10
-30.577233841835465
 20
-20.693964432964055
 10
-30.593402888809788
 20
-20.688368271396843
 10
-30.887387351170172
 20
-20.55411006601545
 10
-30.90220512186141
 20
-20.545555022118076
 10
-31.165468369568394
 20
-20.35808611208677
 10
-31.17839931113644
 20
-20.34688138743563
 10
-31.401426324492196
 20
-20.11297738760842
 10
-31.412003079017545
 20
-20.099527950146033
 10
-31.586733080668175
 20
-19.8276427605076
 10
-31.594573376684817
 20
-19.812434707946025
 10
-31.714691169116094
 20
-19.512394967639857
 10
-31.71951163789829
 20
-19.495977958622866
 10
-31.78067585112789
 20
-19.178627885609547
 10
-31.782302268374245
 20
-19.16159527361711
 10
-31.782302268374245
 20
-18.83840472638289
 10
-31.78067585112789
 20
-18.821372114390453
 10
-31.71951163789829
 20
-18.50402204137713
 10
-31.714691169116094
 20
-18.487605032360136
 10
-31.594573376684817
 20
-18.18756529205397
 10
-31.586733080668175
 20
-18.1723572394924
 10
-31.412003079017545
 20
-17.900472049853967
 10
-31.401426324492196
 20
-17.88702261239158
 10
-31.17839931113644
 20
-17.65311861256437
 10
-31.165468369568394
 20
-17.64191388791323
 10
-30.90220512186141
 20
-17.454444977881924
 10
-30.887387351170172
 20
-17.44588993398455
 10
-30.593402888809788
 20
-17.311631728603157
 10
-30.577233841835465
 20
-17.306035567035945
 10
-30.473303235194628
 20
-17.280822274678496
 10
-30.47661809661864
 20
-17.274284977476096
 10
-30.476997771326523
 20
-17.273527393069777
 10
-30.619081489847662
 20
-16.98665676187865
 10
-30.619454014725658
 20
-16.985895636243956
 10
-30.758830418277267
 20
-16.697699938424243
 10
-30.759195760300024
 20
-16.69693533903704
 10
-30.836831295431022
 20
-16.53247131641103
 10
-30.935280077333832
 20
-16.563512098111598
 10
-31.225241822282253
 20
-16.695655278384635
 10
-31.496938033738616
 20
-16.862150930899723
 10
-31.74631834698335
 20
-17.060516988964466
 10
-31.969665075939293
 20
-17.28779627154617
 10
-32.16364863530839
 20
-17.540600568030033
 10
-32.325377177019355
 20
-17.81516114863512
 10
-32.45243970102187
 20
-18.107384947495337
 10
-32.54294199774394
 20
-18.41291558084359
 10
-32.59553488639383
 20
-18.727198290660212
 10
-32.60943432813803
 20
-19.045547845623584
 10
-32.5844331143145
 20
-19.363218387118277
 10
-32.51980650756461
 20
-19.68086830767926
 10
-32.51965328447019
 20
-19.715984231360693
 10
-32.53295000699443
 20
-19.74848575045489
 10
-32.55767236966811
 20
-19.77342480330676
 10
-32.59005661688293
 20
-19.78700464519268
 10
-32.62517254056437
 20
-19.787157868287096
 10
-32.65767405965857
 20
-19.77386114576285
 10
-32.68261311251043
 20
-19.749138783089176
 10
-32.69619295439635
 20
-19.716754535874355
 10
-32.76191700901811
 20
-19.393710486689724
 10
-32.76344634563822
 20
-19.38282869120768
 10
-32.789311336958235
 20
-19.05418281599617
 10
-32.78950311686462
 20
-19.043195752517786
 10
-32.775123457436706
 20
-18.713847404314457
 10
-32.77397482163269
 20
-18.702918864649874
 10
-32.71956487905849
 20
-18.3777778687441
 10
-32.71709295105827
 20
-18.36707077224821
 10
-32.62346385226009
 20
-18.05098423199734
 10
-32.61970548281661
 20
-18.040658196817425
 10
-32.488253022003256
 20
-17.738338234499953
 10
-32.48326423974833
 20
-17.728547198036757
 10
-32.315948070338344
 20
-17.44450070796252
 10
-32.30980324652482
 20
-17.435390632018198
 10
-32.1091176672277
 20
-17.173852093114846
 10
-32.10190840702536
 20
-17.165558787938643
 10
-31.87084517759279
 20
-16.930427137424047
 10
-31.862678954466304
 20
-16.92307423709432
 10
-31.604682695445213
 20
-16.717854746303004
 10
-31.595681248972262
 20
-16.711551865627854
 10
-31.314598090346344
 20
-16.53930388448903
 10
-31.30489561136097
 20
-16.534144984902007
 10
-31.004915855611372
 20
-16.397436334078666
 10
-30.994656985727694
 20
-16.393498322890217
 10
-30.903054448121093
 20
-16.364616153724615
 10
-30.899181071876317
 20
-16.338637575232312
 10
-30.88110523185858
 20
-16.308530838760714
 10
-30.85288398398298
 20
-16.287633165644763
 10
-30.818813757412332
 20
-16.279126037178482
 10
-30.784081435294638
 20
-16.284304586553557
 10
-30.75397469882304
 20
-16.302380426571293
 10
-30.744831021623003
 20
-16.314728498977484
 10
-30.680252640074485
 20
-16.29436701348747
 10
-30.669590315413394
 20
-16.291708597374054
 10
-30.34544842448819
 20
-16.231632448887673
 10
-30.334541595752032
 20
-16.23029325871046
 10
-30.005494368558136
 20
-16.210167868142033
 10
-29.994505631441864
 20
-16.210167868142033
 10
-29.665458404247968
 20
-16.230293258710464
 10
-29.65455157551181
 20
-16.231632448887677
 10
-29.330409684586606
 20
-16.291708597374054
 10
-29.319747359925515
 20
-16.29436701348747
 10
-29.005343014272306
 20
-16.393498322890217
 10
-28.995084144388628
 20
-16.397436334078666
 10
-28.69510438863903
 20
-16.534144984902007
 10
-28.685401909653656
 20
-16.53930388448903
 10
-28.404318751027738
 20
-16.711551865627854
 10
-28.395317304554787
 20
-16.717854746303004
 10
-28.137321045533696
 20
-16.92307423709432
 10
-28.12915482240721
 20
-16.930427137424047
 10
-27.89809159297464
 20
-17.165558787938643
 10
-27.890882332772303
 20
-17.173852093114846
 10
-27.690196753475174
 20
-17.435390632018198
 10
-27.68405192966165
 20
-17.44450070796252
 10
-27.51673576025167
 20
-17.728547198036757
 10
-27.511746977996747
 20
-17.73833823449995
 10
-27.380294517183387
 20
-18.04065819681742
 10
-27.372843631313973
 20
-18.07497489644134
 10
-27.379092342759666
 20
-18.10953072342588
 10
-27.39808934184757
 20
-18.139064866362006
 10
-27.426942507674774
 20
-18.159081019715355
 10
-27.461259207298692
 20
-18.16653190558477
 10
-27.495815034283233
 20
-18.160283194139076
 10
-27.525349177219358
 20
-18.141286195051173
 10
-27.545365330572707
 20
-18.11243302922397
 10
-27.67462282298064
 20
-17.815161148635134
 10
-27.83635136469162
 20
-17.540600568030012
 10
-28.03033492406071
 20
-17.28779627154617
 10
-28.25368165301665
 20
-17.060516988964466
 10
-28.503061966261384
 20
-16.862150930899723
 10
-28.774758177717747
 20
-16.695655278384635
 10
-29.064719922666168
 20
-16.563512098111598
 10
-29.368624539353206
 20
-16.467691340535442
 10
-29.681941509922375
 20
-16.409621472449313
 10
-30.0
 20
-16.390168181835055
 10
-30.318058490077625
 20
-16.40962147244931
 10
-30.631375460646794
 20
-16.467691340535442
 10
-30.6635716140591
 20
-16.477842748712906
 10
-30.596601164431178
 20
-16.619713729885326
 10
-30.45759370250673
 20
-16.907146548286537
 10
-30.315886092114358
 20
-17.193257807626914
 10
-30.293591811558173
 20
-17.237224755039474
 10
-30.263153529260432
 20
-17.229840507653297
 10
-30.24621759748872
 20
-17.227405488275945
 10
-29.923393115523773
 20
-17.212027462862416
 10
-29.90630240765504
 20
-17.2128415936196
 10
-29.586401474189376
 20
-17.258836404080697
 10
-29.569773692935406
 20
-17.26287026016566
 10
-29.264358361198227
 20
-17.368575534212997
 10
-29.248794477896794
 20
-17.375683321556718
 10
-28.968903253728964
 20
-17.537278595173827
 10
-28.954965787673885
 20
-17.547203419822544
  0
LWPOLYLINE
  5
3B
330
17
100
AcDbEntity
  8
ENGRAVE_LINES
100
AcDbPolyline
 90
34
 70
1
 10
-28.55
 20
-19.4
 10
-28.556850842073985
 20
-19.434441508912858
 10
-28.57636038969321
 20
-19.46363961030679
 10
-28.60555849108714
 20
-19.483149157926015
 10
-28.64
 20
-19.49
 10
-29.051175268255673
 20
-19.49
 10
-28.921161866124578
 20
-19.704644268453706
 10
-28.753182652146858
 20
-19.976165323320487
 10
-28.742521308331405
 20
-19.9930410539983
 10
-28.645926205081594
 20
-19.87021038820027
 10
-28.50570768373595
 20
-19.598224402185842
 10
-28.41949678004073
 20
-19.30461702761794
 10
-28.39040938067582
 20
-19.0
 10
-28.41949678004073
 20
-18.69538297238206
 10
-28.50570768373595
 20
-18.40177559781415
 10
-28.6459262050816
 20
-18.12978961179972
 10
-28.83508448138047
 20
-17.889255296525892
 10
-29.06634583968003
 20
-17.688866188852714
 10
-29.33135189194573
 20
-17.535864873240232
 10
-29.62052462898217
 20
-17.43578121587571
 10
-29.92341259464064
 20
-17.392232500901724
 10
-30.20811527141394
 20
-17.40579456091672
 10
-30.17149089601862
 20
-17.478022143366207
 10
-30.024420915246342
 20
-17.761414310371617
 10
-29.87468918795061
 20
-18.043409185158122
 10
-29.7223089882566
 20
-18.323981768112517
 10
-29.567293825083087
 20
-18.603107185712933
 10
-29.40965744094505
 20
-18.880760692733443
 10
-29.249413810737295
 20
-19.156917674434403
 10
-29.15864851230706
 20
-19.31
 10
-28.64
 20
-19.31
 10
-28.60555849108714
 20
-19.316850842073983
 10
-28.57636038969321
 20
-19.33636038969321
 10
-28.556850842073985
 20
-19.36555849108714
  0
LWPOLYLINE
  5
3C
330
17
100
AcDbEntity
  8
ENGRAVE_LINES
100
AcDbPolyline
 90
52
 70
1
 10
-31.443149157926015
 20
-19.36555849108714
 10
-31.42363961030679
 20
-19.33636038969321
 10
-31.39444150891286
 20
-19.316850842073983
 10
-31.36
 20
-19.31
 10
-29.36790979614803
 20
-19.31
 10
-29.40446026469115
 20
-19.24835495699501
 10
-29.404889010638115
 20
-19.247624023393737
 10
-29.565557945681288
 20
-18.97073408962785
 10
-29.565979790552614
 20
-18.96999915158894
 10
-29.724034559597772
 20
-18.691608720555735
 10
-29.72444946599576
 20
-18.69086984323343
 10
-29.87987605705804
 20
-18.411003595001258
 10
-29.880283988200116
 20
-18.410260843899053
 10
-30.033068622289736
 20
-18.128943589371584
 10
-30.033469542011694
 20
-18.128197030336374
 10
-30.183598674355572
 20
-17.845453709052816
 10
-30.183992547114784
 20
-17.84470340826909
 10
-30.331452868357264
 20
-17.56055908619343
 10
-30.331839659235843
 20
-17.559805110177397
 10
-30.38967122029648
 20
-17.445754459494534
 10
-30.526445525637182
 20
-17.478935546943195
 10
-30.804795309662083
 20
-17.606053633972127
 10
-31.054057694322083
 20
-17.78355257456115
 10
-31.265223687588737
 20
-18.005017094528373
 10
-31.430661200277758
 20
-18.262442889102
 10
-31.54439088963736
 20
-18.546525919349826
 10
-31.602302268374245
 20
-18.846998684387515
 10
-31.602302268374245
 20
-19.153001315612485
 10
-31.54439088963736
 20
-19.453474080650178
 10
-31.43066120027776
 20
-19.737557110897992
 10
-31.265223687588737
 20
-19.994982905471627
 10
-31.054057694322083
 20
-20.21644742543885
 10
-30.804795309662083
 20
-20.393946366027873
 10
-30.526445525637182
 20
-20.521064453056805
 10
-30.229068628675314
 20
-20.593207307657487
 10
-29.923412594640645
 20
-20.607767499098276
 10
-29.62052462898218
 20
-20.564218784124296
 10
-29.331351891945726
 20
-20.464135126759764
 10
-29.06634583968003
 20
-20.311133811147286
 10
-28.864803913845947
 20
-20.136496738297822
 10
-28.90558479095824
 20
-20.071945110391923
 10
-28.90603400964487
 20
-20.07122657745038
 10
-29.074459059577727
 20
-19.798984874796474
 10
-29.074901493039064
 20
-19.79826214410749
 10
-29.240755798374668
 20
-19.524446710812676
 10
-29.24119140738778
 20
-19.523719846448298
 10
-29.261184518379487
 20
-19.49
 10
-31.36
 20
-19.49
 10
-31.39444150891286
 20
-19.483149157926015
 10
-31.42363961030679
 20
-19.46363961030679
 10
-31.443149157926015
 20
-19.434441508912858
 10
-31.45
 20
-19.4
  0
LWPOLYLINE
  5
3D
330
17
100
AcDbEntity
  8
ENGRAVE_LINES
100
AcDbPolyline
 90
18
 70
1
 10
-1.413535684742269
 20
-20.654388669344304
 10
-1.4330452323614955
 20
-20.683586770738234
 10
-1.4622433337554268
 20
-20.70309631835746
 10
-2.3976713604231046
 20
-21.090563293627113
 10
-2.432112869335963
 20
-21.097414135701097
 10
-2.466554378248821
 20
-21.090563293627113
 10
-2.495752479642752
 20
-21.071053746007887
 10
-2.515262027261979
 20
-21.041855644613957
 10
-2.5221128693359627
 20
-21.007414135701097
 10
-2.515262027261979
 20
-20.972972626788238
 10
-2.495752479642752
 20
-20.943774525394307
 10
-2.466554378248821
 20
-20.92426497777508
 10
-1.5311263515811429
 20
-20.536798002505428
 10
-1.4966848426682848
 20
-20.529947160431444
 10
-1.4622433337554268
 20
-20.536798002505428
 10
-1.4330452323614955
 20
-20.556307550124654
 10
-1.413535684742269
 20
-20.585505651518584
 10
-1.4066848426682848
 20
-20.619947160431444
  0
LWPOLYLINE
  5
3E
330
17
100
AcDbEntity
  8
ENGRAVE_LINES
100
AcDbPolyline
 90
18
 70
1
 10
-1.5368508420739844
 20
-20.03444150891286
 10
-1.5563603896932108
 20
-20.06363961030679
 10
-1.585558491087142
 20
-20.083149157926016
 10
-1.62
 20
-20.09
 10
-3.6450000000000005
 20
-20.09
 10
-3.6794415089128587
 20
-20.083149157926016
 10
-3.70863961030679
 20
-20.06363961030679
 10
-3.7281491579260164
 20
-20.03444150891286
 10
-3.7350000000000003
 20
-20.0
 10
-3.7281491579260164
 20
-19.96555849108714
 10
-3.70863961030679
 20
-19.93636038969321
 10
-3.6794415089128587
 20
-19.916850842073984
 10
-3.6450000000000005
 20
-19.91
 10
-1.62
 20
-19.91
 10
-1.585558491087142
 20
-19.916850842073984
 10
-1.5563603896932108
 20
-19.93636038969321
 10
-1.5368508420739844
 20
-19.96555849108714
 10
-1.53
 20
-20.0
  0
LWPOLYLINE
  5
3F
330
17
100
AcDbEntity
  8
ENGRAVE_LINES
100
AcDbPolyline
 90
155
 70
1
 10
-21.789035547207646
 20
-17.79195820026257
 10
-21.59914892895334
 20
-18.050694047959805
 10
-21.40619009687496
 20
-18.307146881437323
 10
-21.210186496998016
 20
-18.56128022342722
 10
-21.011166008429075
 20
-18.81305792658056
 10
-20.809156939389077
 20
-19.062444178610342
 10
-20.60418802318952
 20
-19.30940350738211
 10
-20.396288414142308
 20
-19.553900785963297
 10
-20.185487683415083
 20
-19.79590123761695
 10
-19.97181581482446
 20
-20.035370440749094
 10
-19.755303200571586
 20
-20.272274333804337
 10
-19.535980636917515
 20
-20.506579220112574
 10
-19.313879319805416
 20
-20.738251772679096
 10
-19.089030840421653
 20
-20.96725903892678
 10
-18.861467180701975
 20
-21.193568445383487
 10
-18.631220708784312
 20
-21.41714780231343
 10
-18.398324174403612
 20
-21.63796530829694
 10
-18.162810704232122
 20
-21.855989554755254
 10
-17.9247137971717
 20
-22.07118953041401
 10
-17.684067319583516
 20
-22.28353462571938
 10
-17.44090550047626
 20
-22.492994637187014
 10
-17.195262926633767
 20
-22.69953977170152
 10
-16.947174537697173
 20
-22.903140650752633
 10
-16.69667562119456
 20
-23.103768314614474
 10
-16.44380180752224
 20
-23.301394226464303
 10
-16.188589064876595
 20
-23.49599027644171
 10
-15.931073694137355
 20
-23.68752878564737
 10
-15.671292323705467
 20
-23.875982510079147
 10
-15.409281904292532
 20
-24.061324644507664
 10
-15.14507970366415
 20
-24.24352882628966
 10
-14.878723301341061
 20
-24.422569139116263
 10
-14.61025058325196
 20
-24.598420116700733
 10
-14.339699736345532
 20
-24.771056746400035
 10
-14.099570609607003
 20
-24.92028178954006
 10
-14.103840572818742
 20
-24.919648400330292
 10
-14.15775
 20
-24.916999999999998
 10
-14.445608661170938
 20
-24.916999999999998
 10
-14.70752732108966
 20
-24.749871509290212
 10
-14.70842871436891
 20
-24.74928874369793
 10
-14.977799350543512
 20
-24.572849625261572
 10
-14.978693729576252
 20
-24.572256150978045
 10
-15.245940971879463
 20
-24.39261703043618
 10
-15.246828209451262
 20
-24.392012931875836
 10
-15.511914045243046
 20
-24.209199360688462
 10
-15.512794015155242
 20
-24.208584723776905
 10
-15.775680739229209
 20
-24.022622704930626
 10
-15.776553316316887
 20
-24.021997617092417
 10
-16.037203536263203
 20
-23.83291360140191
 10
-16.03806859641298
 20
-23.832278151548117
 10
-16.29644523793715
 20
-23.640099033893744
 10
-16.29730265810484
 20
-23.63945331240931
 10
-16.553368970300934
 20
-23.444206427911748
 10
-16.55421862852904
 20
-23.443550526642632
 10
-16.807938189107173
 20
-23.245263646774685
 10
-16.808779964542243
 20
-23.244597659014786
 10
-17.060116685009078
 20
-23.043298987651347
 10
-17.060950457918885
 20
-23.042623008129254
 10
-17.309868588710916
 20
-22.838341177535522
 10
-17.3106942405015
 20
-22.837655302401025
 10
-17.557158376069843
 20
-22.630419369160045
 10
-17.557975789302372
 20
-22.629723695970462
 10
-17.801950873148915
 20
-22.419563136850066
 10
-17.80275993155639
 20
-22.418857764556368
 10
-18.044211261220003
 20
-22.205802472316574
 10
-18.04501184972379
 20
-22.205087501249313
 10
-18.28390508171647
 20
-21.989167780390357
 10
-18.28469708644269
 20
-21.988443312245394
 10
-18.520998241134382
 20
-21.769689874697338
 10
-18.521781549430074
 20
-21.76895601252137
 10
-18.755457015881923
 20
-21.547399973275702
 10
-18.75623151633111
 20
-21.54665682145162
 10
-18.987248057076183
 20
-21.32232969413549
 10
-18.988013639515668
 20
-21.32157735836752
 10
-19.21633839528656
 20
-21.094511050761398
 10
-19.217094950821643
 20
-21.09374963806006
 10
-19.442695445224345
 20
-20.863976447559136
 10
-19.44344286624429
 20
-20.863206066226052
 10
-19.666287010377527
 20
-20.630758675246412
 10
-19.667025190570865
 20
-20.629979434858868
 10
-19.88708128759036
 20
-20.39489090618878
 10
-19.88781012196002
 20
-20.394102917584153
 10
-20.105046871586957
 20
-20.156406689681322
 10
-20.1057662564652
 20
-20.155610064941325
 10
-20.320152759438358
 20
-19.91533994717664
 10
-20.320862592501506
 20
-19.91453479961136
 10
-20.532368354972252
 20
-19.671724967459955
 10
-20.53306853525527
 20
-19.670911411591746
 10
-20.741663473124927
 20
-19.425596401771976
 10
-20.74235390103576
 20
-19.424774553319185
 10
-20.94800834423475
 20
-19.176989258880166
 10
-20.94868892156851
 20
-19.17615923474064
 10
-21.15137361827652
 20
-18.92593890009915
 10
-21.152044248229426
 20
-18.925100818333636
 10
-21.35173036903612
 20
-18.67248103426104
 10
-21.352390956219296
 20
-18.67163501407639
 10
-21.549050098224985
 20
-18.416651712636266
 10
-21.549700548678015
 20
-18.415797874368458
 10
-21.74330473953356
 20
-18.158487323805744
 10
-21.743944960737846
 20
-18.157625788902795
 10
-21.93446666262343
 20
-17.89802458848504
 10
-21.935096563515366
 20
-17.89715547948971
 10
-22.122508677057382
 20
-17.63530055430128
 10
-22.1231281680413
 20
-17.634423994833668
 10
-22.307404036166922
 20
-17.370352590523645
 10
-22.30801302912783
 20
-17.369468705263568
 10
-22.489126440856644
 20
-17.103218382747958
 10
-22.48972484917277
 20
-17.102327297417247
 10
-22.667650043344974
 20
-16.83393592753643
 10
-22.66823778190008
 20
-16.833037768881034
 10
-22.84294945084067
 20
-16.562543527013112
 10
-22.84352643603616
 20
-16.561638422785077
 10
-23.01499972915468
 20
-16.28907978341584
 10
-23.01556587892149
 20
-16.288167862355134
 10
-23.183776406246682
 20
-16.013583593605635
 10
-23.18433164005696
 20
-16.012664985421832
 10
-23.349255475705952
 20
-15.736094143533993
 10
-23.349799714584503
 20
-15.735168978887838
 10
-23.511413400165967
 20
-15.456650902669265
 10
-23.51194656670149
 20
-15.455719313154072
 10
-23.67022711465232
 20
-15.17529361838253
 10
-23.670749133008414
 20
-15.174355736505472
 10
-23.825674029863432
 20
-14.892062310294056
 10
-23.826184825789404
 20
-14.891118269457316
 10
-23.977732035383596
 20
-14.606997264580992
 10
-23.978231536224985
 20
-14.606047199062793
 10
-24.1263795028279
 20
-14.320139028247175
 10
-24.126867637536847
 20
-14.319183073182677
 10
-24.27159528891863
 20
-14.031528403355763
 10
-24.272071988063963
 20
-14.03056669471784
 10
-24.413358738492615
 20
-13.741206441225694
 10
-24.413823934269733
 20
-13.740239115805595
 10
-24.551649687439166
 20
-13.449214436592655
 10
-24.56019958137078
 20
-13.415154916821008
 10
-24.555064639448425
 20
-13.38041612086071
 10
-24.537026610031408
 20
-13.35028671548875
 10
-24.508831619583326
 20
-13.329353629549265
 10
-24.474772099811677
 20
-13.32080373561765
 10
-24.440033303851383
 20
-13.325938677540009
 10
-24.40990389847942
 20
-13.343976706957026
 10
-24.388970812539938
 20
-13.372171697405108
 10
-24.251374773043455
 20
-13.662711326861789
 10
-24.110558986823207
 20
-13.95110702902611
 10
-23.966313769523612
 20
-14.23780283290516
 10
-23.818659638256438
 20
-14.522757959539595
 10
-23.66761759500921
 20
-14.805931877560846
 10
-23.513209123659223
 20
-15.087284308953755
 10
-23.355456186915596
 20
-15.366775234789602
 10
-23.19438122319784
 20
-15.644364900913715
 10
-23.03000714344229
 20
-15.920013823603616
 10
-22.86235732784434
 20
-16.19368279518324
 10
-22.691455622532196
 20
-16.46533288960094
 10
-22.517326336176144
 20
-16.73492546796443
 10
-22.339994236529588
 20
-17.00242218403892
 10
-22.159484546907276
 20
-17.26778498969959
 10
-21.97582294259694
 20
-17.53097614034445
  0
LWPOLYLINE
  5
40
330
17
100
AcDbEntity
  8
ENGRAVE_LINES
100
AcDbPolyline
 90
54
 70
1
 10
-29.82284665833922
 20
-2.5451535064193647
 10
-29.80792069607402
 20
-2.4223797115293397
 10
-29.790038847245146
 20
-2.433092021413032
 10
-29.730238847245147
 20
-2.466962021413032
 10
-29.702481023260933
 20
-2.4818077257571223
 10
-29.641181023260934
 20
-2.512707725757122
 10
-29.63777296501383
 20
-2.5143211677540602
 10
-29.64420013509229
 20
-2.567187981090171
 10
-29.64427799569067
 20
-2.5678103169217814
 10
-29.669356365596627
 20
-2.7627440562907686
 10
-29.66951313704763
 20
-2.763903080302331
 10
-29.694591506953586
 20
-2.9406555771027287
 10
-29.69489731617582
 20
-2.942649925572777
 10
-29.719975686081774
 20
-3.0947957381284104
 10
-29.72062790778008
 20
-3.098315036077498
 10
-29.745706277686036
 20
-3.2200695114973215
 10
-29.747420276606018
 20
-3.2269908064347907
 10
-29.772498646511973
 20
-3.3134279944771716
 10
-29.77943892467298
 20
-3.3305461512002843
 10
-29.804517294578936
 20
-3.3777925512360447
 10
-29.82973327314271
 20
-3.407386209513944
 10
-29.86507890318548
 20
-3.4235824011057234
 10
-29.89015727309144
 20
-3.428979001733439
 10
-29.925816884856882
 20
-3.429425239056843
 10
-29.95885029739844
 20
-3.4159864632617656
 10
-29.984070828420688
 20
-3.3907727397373275
 10
-30.009149198326643
 20
-3.3529987727252824
 10
-30.020128680631274
 20
-3.3298833734226694
 10
-30.04520705053723
 20
-3.249036429573505
 10
-30.04741521696086
 20
-3.2404409535083736
 10
-30.07249358686682
 20
-3.1180695579518094
 10
-30.07325252215092
 20
-3.113859986770692
 10
-30.098330892056875
 20
-2.9529463560395603
 10
-30.098670006970398
 20
-2.9505610283686057
 10
-30.123748376876353
 20
-2.7554534748073776
 10
-30.123922492382505
 20
-2.754006283355482
 10
-30.14900086228846
 20
-2.530302531816248
 10
-30.149095628322733
 20
-2.529417712027706
 10
-30.17417399822869
 20
-2.283802184002617
 10
-30.174223607878844
 20
-2.2833025215598286
 10
-30.189385001503638
 20
-2.1261408558484596
 10
-30.188407453343494
 20
-2.127118983351009
 10
-30.138707453343496
 20
-2.174498983351009
 10
-30.114373209719506
 20
-2.196551155034231
 10
-30.062273209719507
 20
-2.241421155034231
 10
-30.038353127712345
 20
-2.261049815734115
 10
-29.99185054870147
 20
-2.2973923118631285
 10
-29.970071824544434
 20
-2.5106913761006693
 10
-29.94512422278997
 20
-2.7332286512628277
 10
-29.92029236259693
 20
-2.9264183805318353
 10
-29.898199117058752
 20
-3.068178166654848
 10
-29.897288058808872
 20
-3.0637550155606172
 10
-29.872664885798113
 20
-2.9143707980270004
 10
-29.84781039353884
 20
-2.7391961921811383
  0
LWPOLYLINE
  5
41
330
17
100
AcDbEntity
  8
ENGRAVE_LINES
100
AcDbPolyline
 90
11
 70
1
 10
-29.066552186452945
 20
-2.691965789179925
 10
-29.03495140017867
 20
-2.6966536138151276
 10
-28.96675140017867
 20
-2.7050636138151276
 10
-28.94616991709555
 20
-2.7070900306781183
 10
-28.967474273612535
 20
-2.7216820784768214
 10
-28.994074881062932
 20
-2.729642946411268
 10
-29.019153250968888
 20
-2.733072614254063
 10
-29.05309890983541
 20
-2.731234717021021
 10
-29.083941203610706
 20
-2.7169365165468475
 10
-29.109019573516665
 20
-2.698877057786304
 10
-29.124985246148675
 20
-2.6818241576965445
  0
LWPOLYLINE
  5
42
330
17
100
AcDbEntity
  8
ENGRAVE_LINES
100
AcDbPolyline
 90
33
 70
1
 10
-26.96555949626614
 20
-1.91685042572233
 10
-26.93636115902663
 20
-1.9363596203690912
 10
-26.91685125843779
 20
-1.9655574859131804
 10
-26.910000000006576
 20
-1.99999891200482
 10
-26.91685042572233
 20
-2.034440503733863
 10
-26.936359620369092
 20
-2.0636388409733692
 10
-26.96555748591318
 20
-2.0831487415622103
 10
-26.99999891200482
 20
-2.089999999993424
 10
-27.02506980359111
 20
-2.090000303071304
 10
-27.050115063358856
 20
-2.090004767983259
 10
-27.075115214091912
 20
-2.0900234648409444
 10
-27.10005728906016
 20
-2.0900712658354177
 10
-27.124938847494622
 20
-2.0901652352433726
 10
-27.149769923192814
 20
-2.0903214271409163
 10
-27.174573774340836
 20
-2.090551419578121
 10
-27.19938629977327
 20
-2.090858881605479
 10
-27.224254089545504
 20
-2.091236410794397
 10
-27.249231190242103
 20
-2.091662832937223
 10
-27.274293354685593
 20
-2.0920997368130005
 10
-27.274456188279952
 20
-2.0921024280926677
 10
-27.277165382690182
 20
-2.0921447533024184
 10
-27.241492910378064
 20
-2.0546019272623086
 10
-27.22060132972801
 20
-2.0315332768636063
 10
-27.175701329728007
 20
-1.9795032768636065
 10
-27.15549097312296
 20
-1.9548893231844051
 10
-27.1205531135255
 20
-1.9101473880923405
 10
-27.100653377400928
 20
-1.910072233377775
 10
-27.10048596253102
 20
-1.9100717568192738
 10
-27.075407592625066
 20
-1.9100236946182418
 10
-27.07530241798089
 20
-1.9100235545072548
 10
-27.05022404807493
 20
-1.9100047991518128
 10
-27.02509441454168
 20
-1.9100003045984528
 10
-27.00000108799518
 20
-1.9100000000065762
  0
LWPOLYLINE
  5
43
330
17
100
AcDbEntity
  8
ENGRAVE_LINES
100
AcDbPolyline
 90
520
 70
1
 10
-34.64919719894619
 20
-1.9071359511437982
 10
-34.64818130744229
 20
-1.9071383618783255
 10
-34.62310293753633
 20
-1.9073394171374216
 10
-34.62176902061537
 20
-1.907359999116057
 10
-34.59669065070941
 20
-1.9079328913600355
 10
-34.595063072789735
 20
-1.907984807416078
 10
-34.56998470288378
 20
-1.9090119328618402
 10
-34.5681182618754
 20
-1.9091077966578809
 10
-34.54303989196944
 20
-1.9106570908330227
 10
-34.541020605281794
 20
-1.9108046558121132
 10
-34.51594223537584
 20
-1.912921170885585
 10
-34.51388504845893
 20
-1.9131186014249169
 10
-34.488806678552976
 20
-1.915816325476566
 10
-34.48685005991557
 20
-1.9160484948977203
 10
-34.46177169000961
 20
-1.919303017320842
 10
-34.4600699675953
 20
-1.9195403954692847
 10
-34.43499159768935
 20
-1.92328303074709
 10
-34.43370664607029
 20
-1.9234842957201275
 10
-34.408628276164336
 20
-1.927598247994845
 10
-34.40792226828207
 20
-1.927716949731262
 10
-34.38285895286457
 20
-1.9320334393995513
 10
-34.35825240584129
 20
-1.9362626624273842
 10
-34.334596001246
 20
-1.9400781774621516
 10
-34.31201054772327
 20
-1.9432196081533668
 10
-34.29058079083427
 20
-1.9454560363697602
 10
-34.27032765833019
 20
-1.946605534217946
 10
-34.2511711521122
 20
-1.946540618195612
 10
-34.23289670439047
 20
-1.9451701514065696
 10
-34.215148572225104
 20
-1.942398068438207
 10
-34.19747133932348
 20
-1.9380791021179533
 10
-34.17939522576144
 20
-1.9320056053331345
 10
-34.16052777404563
 20
-1.9239463555110723
 10
-34.14060675015915
 20
-1.9137227228326559
 10
-34.11949620479306
 20
-1.9012836980091696
 10
-34.097140792315614
 20
-1.8867494454612328
 10
-34.07350446944053
 20
-1.870417790437494
 10
-34.04882278000311
 20
-1.8529671893978559
 10
-34.04819504375714
 20
-1.852527360719965
 10
-34.023116673851185
 20
-1.8351147337494917
 10
-34.02082031856396
 20
-1.833572069537198
 10
-33.99574194865801
 20
-1.8172784396505062
 10
-33.99134326024024
 20
-1.8145964172331328
 10
-33.96626489033428
 20
-1.8002734575490198
 10
-33.95909818750966
 20
-1.7965954989599047
 10
-33.934019817603705
 20
-1.7851126785555305
 10
-33.923259010823564
 20
-1.7809966017728718
 10
-33.89818064091761
 20
-1.7732036277402332
 10
-33.88326257586511
 20
-1.7699251462035053
 10
-33.858184205959155
 20
-1.7666115450284765
 10
-33.839761452308714
 20
-1.7660808592007404
 10
-33.81468308240276
 20
-1.7679343246974208
 10
-33.79532353637733
 20
-1.7715248011676181
 10
-33.770245166471376
 20
-1.779090124721268
 10
-33.75323535793506
 20
-1.7861931542471692
 10
-33.728156988029106
 20
-1.7998336698656805
 10
-33.71527965988876
 20
-1.808344663329349
 10
-33.6902012899828
 20
-1.8282081749367505
 10
-33.681314844032556
 20
-1.8362666404491774
 10
-33.6562364741266
 20
-1.8622577451989466
 10
-33.65036826236914
 20
-1.8689761996961898
 10
-33.62528989246318
 20
-1.9007367758032585
 10
-33.6214889848226
 20
-1.9059208887918715
 10
-33.59641061491664
 20
-1.9428202805150903
 10
-33.59400089928618
 20
-1.9465615796672853
 10
-33.568922529380224
 20
-1.9876976908761346
 10
-33.567484901262006
 20
-1.9901416409688035
 10
-33.54240653135605
 20
-2.034353751643244
 10
-33.541711966752175
 20
-2.0356011939680054
 10
-33.51663359684622
 20
-2.0814948544149634
 10
-33.49185381953991
 20
-2.1269311415891288
 10
-33.467911513436455
 20
-2.169256640869147
 10
-33.445188307977226
 20
-2.2062729575860236
 10
-33.42461090798245
 20
-2.2354152374328975
 10
-33.41493456499389
 20
-2.246362922547424
 10
-33.39885894018591
 20
-2.2204937500840587
 10
-33.377327648863364
 20
-2.1752110766120105
 10
-33.35417601550919
 20
-2.1159794484455614
 10
-33.33019788302919
 20
-2.0451144131623487
 10
-33.30575055588296
 20
-1.9650445723937426
 10
-33.281000985645576
 20
-1.8784053407367387
 10
-33.25602475047561
 20
-1.7880662969853833
 10
-33.23093913388586
 20
-1.6974381761750321
 10
-33.230700474897546
 20
-1.6965920560799646
 10
-33.20562210499159
 20
-1.609315213982848
 10
-33.2050630421897
 20
-1.607446146715439
 10
-33.179984672283744
 20
-1.5267980099889054
 10
-33.17887224649626
 20
-1.5234531055319829
 10
-33.153793876590306
 20
-1.4527041129572564
 10
-33.15151456595931
 20
-1.446917165554635
 10
-33.126436196053355
 20
-1.3891808281490268
 10
-33.1211075981395
 20
-1.378809134809796
 10
-33.09602922823355
 20
-1.3369173200417204
 10
-33.08051211866813
 20
-1.3176263568411446
 10
-33.05543374876218
 20
-1.294008372309573
 10
-33.032525726387476
 20
-1.2783179215231817
 10
-33.00592511893707
 20
-1.2703570535887336
 10
-32.98084674903111
 20
-1.2669273857459382
 10
-32.94690109016459
 20
-1.2687652829789802
 10
-32.916058796389294
 20
-1.2830634834531534
 10
-32.89098042648334
 20
-1.301122942213694
 10
-32.8672381619496
 20
-1.326482003139613
 10
-32.842159792043645
 20
-1.366636725630699
 10
-32.835042880615696
 20
-1.380611507320391
 10
-32.80996451070974
 20
-1.4427137875046518
 10
-32.80725378538569
 20
-1.4504155234087692
 10
-32.782175415479735
 20
-1.5335297705492072
 10
-32.78092213985225
 20
-1.5381185214154247
 10
-32.755843769946296
 20
-1.6405148286353042
 10
-32.755188995577036
 20
-1.6433915920913666
 10
-32.73011062567108
 20
-1.7625684429533621
 10
-32.72974636641467
 20
-1.7643928458533604
 10
-32.70466799650872
 20
-1.8971294345262477
 10
-32.70446679366657
 20
-1.8982319627037547
 10
-32.67938842376061
 20
-2.0406694896194684
 10
-32.679294169524034
 20
-2.0412146310848143
 10
-32.65421579961808
 20
-2.188964802518472
 10
-32.62916719370674
 20
-2.337066577982613
 10
-32.60422207621989
 20
-2.4800797420608234
 10
-32.57942525417039
 20
-2.612746703775774
 10
-32.5549042915732
 20
-2.7296594378898376
 10
-32.541568834136214
 20
-2.782970056368067
 10
-32.53017735678553
 20
-2.733493299081823
 10
-32.5056920844226
 20
-2.599072898086258
 10
-32.48091782254572
 20
-2.438157351201464
 10
-32.45600583393637
 20
-2.2557983482798174
 10
-32.43101649925121
 20
-2.057635186032275
 10
-32.405975495750624
 20
-1.8498844657431441
 10
-32.380904847684704
 20
-1.6393158311403861
 10
-32.380878234813665
 20
-1.6390946416515897
 10
-32.35579986490771
 20
-1.4328120189098066
 10
-32.35572200430933
 20
-1.4321896830781962
 10
-32.33064363440337
 20
-1.2372559437092374
 10
-32.33048686295237
 20
-1.2360969196976757
 10
-32.305408493046414
 20
-1.0593444228972735
 10
-32.30510268382418
 20
-1.0573500744272246
 10
-32.280024313918226
 20
-0.9052042618715938
 10
-32.27937209221992
 20
-0.901684963922507
 10
-32.25429372231397
 20
-0.7799304885026787
 10
-32.252579723393985
 20
-0.7730091935652083
 10
-32.22750135348803
 20
-0.6865720055228287
 10
-32.22056107532702
 20
-0.6694538487997168
 10
-32.195482705421064
 20
-0.622207448763956
 10
-32.17026672685729
 20
-0.5926137904860596
 10
-32.13492109681453
 20
-0.5764175988942789
 10
-32.109842726908575
 20
-0.5710209982665612
 10
-32.07418311514313
 20
-0.5705747609431536
 10
-32.04114970260157
 20
-0.5840135367382274
 10
-32.01592917157932
 20
-0.6092272602626645
 10
-31.990850801673364
 20
-0.6470012272747028
 10
-31.97987131936873
 20
-0.6701166265773233
 10
-31.954792949462767
 20
-0.7509635704265136
 10
-31.952584783039136
 20
-0.7595590464916439
 10
-31.92750641313318
 20
-0.8819304420481887
 10
-31.92674747784908
 20
-0.8861400132293067
 10
-31.901669107943125
 20
-1.0470536439604419
 10
-31.901329993029602
 20
-1.0494389716313959
 10
-31.876251623123647
 20
-1.2445465251926195
 10
-31.876077507617495
 20
-1.2459937166445147
 10
-31.85099913771154
 20
-1.4696974681837438
 10
-31.850904371677267
 20
-1.4705822879722865
 10
-31.82582600177131
 20
-1.7161978159973852
 10
-31.825776392121156
 20
-1.7166974784401732
 10
-31.8006980222152
 20
-1.9766576434015304
 10
-31.800679195205213
 20
-1.976855078277462
 10
-31.77560449802591
 20
-2.242909950039607
 10
-31.750547546130182
 20
-2.506323623712878
 10
-31.725524479485497
 20
-2.758268677201497
 10
-31.70055486971278
 20
-2.990141579853568
 10
-31.67568831424319
 20
-3.1936812798445344
 10
-31.661266447683623
 20
-3.2916995988891364
 10
-31.65345427888217
 20
-3.2400328330980335
 10
-31.628632483631318
 20
-3.0341373501416222
 10
-31.603683804891297
 20
-2.791425421775821
 10
-31.578675036865107
 20
-2.5197391567167515
 10
-31.553632191824757
 20
-2.227752675122022
 10
-31.528565949868007
 20
-1.9248055260697308
 10
-31.503488556028106
 20
-1.620747256027775
 10
-31.503470079475896
 20
-1.620526547095035
 10
-31.478391709569937
 20
-1.3253263335100216
 10
-31.478347300746396
 20
-1.3248205136943996
 10
-31.45326893084044
 20
-1.0481367706479703
 10
-31.45318350250447
 20
-1.047243785942766
 10
-31.428105132598514
 20
-0.7981979700003434
 10
-31.427941294295476
 20
-0.7966973018090869
 10
-31.40286292438952
 20
-0.5835754844996927
 10
-31.40251637833373
 20
-0.5809610904909777
 10
-31.37743800842777
 20
-0.41092972818867707
 10
-31.376532604142252
 20
-0.4058174005667454
 10
-31.351454234236297
 20
-0.2846751629550446
 10
-31.347767183409083
 20
-0.27178841464050657
 10
-31.322688813503127
 20
-0.20376290046949505
 10
-31.30516919134435
 20
-0.17471876676055487
 10
-31.278143795716264
 20
-0.15422177052612107
 10
-31.25306542581031
 20
-0.14181841966775122
 10
-31.220494225632237
 20
-0.1327897228896795
 10
-31.186889494157885
 20
-0.13641221776026624
 10
-31.156990744997447
 20
-0.15217499813657487
 10
-31.135014810791933
 20
-0.17785492730986846
 10
-31.109936440885978
 20
-0.221763649526674
 10
-31.100840115702322
 20
-0.24431237361254735
 10
-31.075761745796363
 20
-0.3433754200299436
 10
-31.074221728820802
 20
-0.35074027114954226
 10
-31.049143358914847
 20
-0.5019827450252939
 10
-31.048639254747144
 20
-0.5054366769126715
 10
-31.02356088484119
 20
-0.7041588920308968
 10
-31.02334031175623
 20
-0.7060711353043208
 10
-30.998261941850274
 20
-0.945999861732697
 10
-30.998150295373957
 20
-0.9471378768974844
 10
-30.973071925468002
 20
-1.2206314430438379
 10
-30.973012304702547
 20
-1.2213098586524325
 10
-30.947933934796588
 20
-1.519610180324523
 10
-30.947904100955476
 20
-1.5199738764946356
 10
-30.92282573104952
 20
-1.8334968267017155
 10
-30.92281661924031
 20
-1.8336116647129854
 10
-30.897742768491092
 20
-2.1522084203940444
 10
-30.872683539492975
 20
-2.465492076184545
 10
-30.84764898215288
 20
-2.763271259419825
 10
-30.8226539144862
 20
-3.0358563683350037
 10
-30.79773504378207
 20
-3.2742591407040313
 10
-30.779448821600532
 20
-3.4191600490041205
 10
-30.775749558106625
 20
-3.3940790404001735
 10
-30.75091351894848
 20
-3.1830166061191436
 10
-30.725955714600627
 20
-2.935168090794928
 10
-30.7009407515149
 20
-2.6591839002481583
 10
-30.675893246641163
 20
-2.3643470023068054
 10
-30.650823979225596
 20
-2.0603872634974194
 10
-30.625743654063797
 20
-1.7572698687666666
 10
-30.625720951761945
 20
-1.7570004181303887
 10
-30.60670459554287
 20
-1.5352796457415563
 10
-30.59616183490563
 20
-1.5575848231804355
 10
-30.56526183490563
 20
-1.6189548231804356
 10
-30.550137332229692
 20
-1.6472341723128627
 10
-30.516237332229693
 20
-1.7070241723128627
 10
-30.499809835699445
 20
-1.7344072985487289
 10
-30.463009835699445
 20
-1.792467298548729
 10
-30.449690812367624
 20
-1.8124086960204284
 10
-30.471434050132004
 20
-2.075194473930411
 10
-30.496511443971894
 20
-2.3792527439722284
 10
-30.496529920524104
 20
-2.3794734529049686
 10
-30.521608290430063
 20
-2.674673666489982
 10
-30.521652699253604
 20
-2.675179486305604
 10
-30.54673106915956
 20
-2.9518632293520333
 10
-30.54681649749553
 20
-2.9527562140572376
 10
-30.571894867401486
 20
-3.2018020299996595
 10
-30.572058705704524
 20
-3.2033026981909165
 10
-30.597137075610483
 20
-3.416424515500333
 10
-30.597483621666274
 20
-3.4190389095090477
 10
-30.62256199157223
 20
-3.5890702718113245
 10
-30.623467395857748
 20
-3.594182599433256
 10
-30.648545765763703
 20
-3.7153248370449568
 10
-30.652232816590917
 20
-3.7282115853594955
 10
-30.677311186496873
 20
-3.7962370995305057
 10
-30.69483080865565
 20
-3.825281233239446
 10
-30.721856204283736
 20
-3.8457782294738805
 10
-30.74693457418969
 20
-3.8581815803322494
 10
-30.779505774367767
 20
-3.86721027711032
 10
-30.813110505842115
 20
-3.863587782239733
 10
-30.843009255002553
 20
-3.8478250018634244
 10
-30.864985189208067
 20
-3.8221450726901307
 10
-30.890063559114022
 20
-3.7782363504733247
 10
-30.899159884297678
 20
-3.7556876263874512
 10
-30.924238254203637
 20
-3.6566245799700545
 10
-30.925778271179198
 20
-3.6492597288504562
 10
-30.950856641085153
 20
-3.4980172549747044
 10
-30.951360745252856
 20
-3.4945633230873265
 10
-30.97643911515881
 20
-3.2958411079691
 10
-30.97665968824377
 20
-3.2939288646956766
 10
-31.001738058149726
 20
-3.0540001382672997
 10
-31.001849704626043
 20
-3.052862123102512
 10
-31.026928074532
 20
-2.7793685569561126
 10
-31.026987695297457
 20
-2.7786901413475182
 10
-31.052066065203412
 20
-2.4803898196754735
 10
-31.052095899044524
 20
-2.4800261235053607
 10
-31.07717426895048
 20
-2.1665031732982807
 10
-31.07718338075969
 20
-2.166388335287011
 10
-31.102257231508908
 20
-1.8477915796059656
 10
-31.127316460507025
 20
-1.5345079238154464
 10
-31.152351017847124
 20
-1.236728740580128
 10
-31.1773460855138
 20
-0.9641436316649902
 10
-31.20226495621793
 20
-0.7257408592959681
 10
-31.220551178399468
 20
-0.58083995099588
 10
-31.22425044189338
 20
-0.6059209595998538
 10
-31.249086481051517
 20
-0.8169833938808552
 10
-31.274044285399373
 20
-1.0648319092050753
 10
-31.2990592484851
 20
-1.3408160997518452
 10
-31.324106753358837
 20
-1.635652997693191
 10
-31.349176020774404
 20
-1.9396127365025846
 10
-31.374256345936203
 20
-2.2427301312333374
 10
-31.374279048238055
 20
-2.242999581869615
 10
-31.39935741814401
 20
-2.5354002648260656
 10
-31.399407102600506
 20
-2.5359590961592575
 10
-31.42448547250646
 20
-2.808401491017896
 10
-31.424578320510882
 20
-2.80935458018536
 10
-31.44965669041684
 20
-3.0533282023388284
 10
-31.44983192068997
 20
-3.0548974574791132
 10
-31.474910290595925
 20
-3.2629212136725365
 10
-31.475274817024502
 20
-3.2656045575332766
 10
-31.500353186930457
 20
-3.431463526698496
 10
-31.501278049282632
 20
-3.4365768477892056
 10
-31.526356419188588
 20
-3.555513488486273
 10
-31.52985469989045
 20
-3.5677458048786344
 10
-31.55493306979641
 20
-3.63659953997138
 10
-31.56830154508842
 20
-3.6608531230526804
 10
-31.58841133216483
 20
-3.6798938396268044
 10
-31.613489702070787
 20
-3.697184839489501
 10
-31.645046424554973
 20
-3.710944935663382
 10
-31.67946077161564
 20
-3.711850306883496
 10
-31.711697342290172
 20
-3.699768482029433
 10
-31.737039381130035
 20
-3.676467236395408
 10
-31.76211775103599
 20
-3.642422219899767
 10
-31.775849771165475
 20
-3.6149384026338285
 10
-31.80092814107143
 20
-3.5314583272453106
 10
-31.803090199035672
 20
-3.5226846824642744
 10
-31.828168568941628
 20
-3.393256226634022
 10
-31.828853265491755
 20
-3.3892370737147317
 10
-31.85393163539771
 20
-3.2187917535886923
 10
-31.85422605460792
 20
-3.2166049072473903
 10
-31.87930442451388
 20
-3.0113314469499244
 10
-31.879451308815582
 20
-3.010053332300082
 10
-31.904529678721538
 20
-2.777170460809253
 10
-31.904606382559624
 20
-2.7764293701518423
 10
-31.92968475246558
 20
-2.523927495098653
 10
-31.92972094895696
 20
-2.5235551848984272
 10
-31.954799318862914
 20
-2.25991635228404
 10
-31.979875763383212
 20
-1.9938433032284641
 10
-32.00492050310823
 20
-1.7342317457490508
 10
-32.02992817545557
 20
-1.4893086238993303
 10
-32.05487577721
 20
-1.2667713487373848
 10
-32.07970763740311
 20
-1.0735816194679026
 10
-32.10180088294125
 20
-0.931821833345145
 10
-32.102711941191146
 20
-0.9362449844394698
 10
-32.12733511420189
 20
-1.0856292019730056
 10
-32.15218960646116
 20
-1.2608038078188606
 10
-32.17715334166071
 20
-1.4548464935801113
 10
-32.20218042218182
 20
-1.6607072344824547
 10
-32.22724562253473
 20
-1.8712301136868754
 10
-32.227261160340205
 20
-1.871359814045731
 10
-32.25233953024616
 20
-2.0794205417844562
 10
-32.252399976001804
 20
-2.079910701747426
 10
-32.27747834590776
 20
-2.278779905237153
 10
-32.27759938349551
 20
-2.279701368655565
 10
-32.30267775340147
 20
-2.463278304349666
 10
-32.30289757490913
 20
-2.464791464046229
 10
-32.32797594481509
 20
-2.6276822750197786
 10
-32.328384852514155
 20
-2.6301159043595845
 10
-32.35346322242011
 20
-2.7677923201701735
 10
-32.35430088330962
 20
-2.771857008623763
 10
-32.379379253215575
 20
-2.8807802310271184
 10
-32.38143465038615
 20
-2.888229019281127
 10
-32.4065130202921
 20
-2.965935525046706
 10
-32.413486231362334
 20
-2.9819966812264496
 10
-32.43856460126829
 20
-3.0271441297786623
 10
-32.45517039833447
 20
-3.048611482299647
 10
-32.4774208209853
 20
-3.064152344963044
 10
-32.502499190891264
 20
-3.076525259131963
 10
-32.5346741074548
 20
-3.085488559520323
 10
-32.56790201390372
 20
-3.082101489585412
 10
-32.597606623446836
 20
-3.0668305308200616
 10
-32.62268499335279
 20
-3.047306868401616
 10
-32.64768866328772
 20
-3.0169526120584487
 10
-32.67276703319367
 20
-2.967433711543339
 10
-32.67801913747696
 20
-2.954743741691951
 10
-32.703097507382914
 20
-2.8780513593437935
 10
-32.704864676268095
 20
-2.8719191903868273
 10
-32.72994304617405
 20
-2.7716644059949322
 10
-32.73071669458959
 20
-2.7682985618878004
 10
-32.755795064495544
 20
-2.648728182820955
 10
-32.75617953073808
 20
-2.64678936147812
 10
-32.781257900644036
 20
-2.5126160737259946
 10
-32.78145134848079
 20
-2.5115452956335167
 10
-32.80652971838675
 20
-2.3677681804499495
 10
-32.80660807550531
 20
-2.36731202427582
 10
-32.8316820390091
 20
-2.2190602269978656
 10
-32.856709697847165
 20
-2.071608821752085
 10
-32.88164293387475
 20
-1.9299956112008394
 10
-32.906444568991155
 20
-1.798723744201249
 10
-32.931027572765025
 20
-1.6819009608431115
 10
-32.95518899245159
 20
-1.5832486097384768
 10
-32.978399564162345
 20
-1.5063245831501266
 10
-32.979687016874905
 20
-1.5031364274055925
 10
-32.98517677354123
 20
-1.5157751453266606
 10
-33.00862655610077
 20
-1.581929703952518
 10
-33.032891811196656
 20
-1.6599629899282706
 10
-33.05757938324296
 20
-1.7458797913522275
 10
-33.08253686462287
 20
-1.8360449760733915
 10
-33.10761161316075
 20
-1.9267403426810028
 10
-33.10781902535651
 20
-1.927478302070573
 10
-33.13289739526247
 20
-2.015268541619065
 10
-33.133358551984664
 20
-2.016829311585614
 10
-33.158436921890626
 20
-2.098965942436731
 10
-33.15926212830841
 20
-2.1015305698417044
 10
-33.18434049821437
 20
-2.175647249683783
 10
-33.1857681652512
 20
-2.179565181207617
 10
-33.21084653515715
 20
-2.243726212896662
 10
-33.21339119642604
 20
-2.2496094951652763
 10
-33.23846956633199
 20
-2.3023520649745155
 10
-33.24330663223399
 20
-2.3112076655148743
 10
-33.268385002139944
 20
-2.3515642105292254
 10
-33.27832630410282
 20
-2.3647042988487406
 10
-33.303404674008775
 20
-2.3922052863438346
 10
-33.32449033298362
 20
-2.4092630807430897
 10
-33.34956870288958
 20
-2.423921220038158
 10
-33.386844204433935
 20
-2.435851500099109
 10
-33.41192257433989
 20
-2.438129068098703
 10
-33.45117344389289
 20
-2.432949831771979
 10
-33.47625181379885
 20
-2.4237113545100817
 10
-33.500469102277606
 20
-2.4102440310625415
 10
-33.52554747218357
 20
-2.390697007340819
 10
-33.53765402677148
 20
-2.379315932201732
 10
-33.56273239667743
 20
-2.3509425997102467
 10
-33.568817330809445
 20
-2.343251338482226
 10
-33.5938957007154
 20
-2.3077346612495195
 10
-33.5970772324166
 20
-2.3029069091658534
 10
-33.62215560232256
 20
-2.262054007278951
 10
-33.623789975994555
 20
-2.259281610068931
 10
-33.64886834590051
 20
-2.2149477634122223
 10
-33.64954621212212
 20
-2.2137274348688165
 10
-33.67460679132404
 20
-2.167776203541646
 10
-33.69932500884347
 20
-2.1225416254592138
 10
-33.72335158625445
 20
-2.080183780686779
 10
-33.74653329543107
 20
-2.04215876668959
 10
-33.768552718512716
 20
-2.009760196891955
 10
-33.788870581993635
 20
-1.9840285782963942
 10
-33.80667407023864
 20
-1.9655771267218884
 10
-33.82096770123773
 20
-1.9542557487245547
 10
-33.83110184986341
 20
-1.9487436275967727
 10
-33.83782748090773
 20
-1.9467147247955332
 10
-33.84378982722152
 20
-1.9462740660440547
 10
-33.8520854972663
 20
-1.9473701716566256
 10
-33.86433203571614
 20
-1.9511757202822808
 10
-33.88049626851254
 20
-1.9585769581965322
 10
-33.89983592601135
 20
-1.9696223784410953
 10
-33.92159331551548
 20
-1.9837583391598483
 10
-33.945220559182225
 20
-2.0001634078246915
 10
-33.96998599742636
 20
-2.017673221464714
 10
-33.97078236300494
 20
-2.018229849703971
 10
-33.9958607329109
 20
-2.0355578955267655
 10
-33.99796531774932
 20
-2.0369687201515285
 10
-34.023043687655274
 20
-2.0532732889923624
 10
-34.02641105380012
 20
-2.0553586099645993
 10
-34.05148942370607
 20
-2.070135606976426
 10
-34.0560856087898
 20
-2.072666313020936
 10
-34.081163978695756
 20
-2.085536737932472
 10
-34.08690366594965
 20
-2.0882313347712045
 10
-34.111982035855604
 20
-2.098943584164845
 10
-34.11867058301447
 20
-2.1014911348421443
 10
-34.143748952920426
 20
-2.109917359786437
 10
-34.1510529793007
 20
-2.1120325943282983
 10
-34.17613134920666
 20
-2.118159833562713
 10
-34.18360344118339
 20
-2.1196533828276896
 10
-34.20868181108934
 20
-2.123570376539639
 10
-34.21584000793544
 20
-2.1243964622293823
 10
-34.240918377841396
 20
-2.126277179699086
 10
-34.24734391983547
 20
-2.126528682284429
 10
-34.27242228974143
 20
-2.126613665840532
 10
-34.277827154340294
 20
-2.1264695731212178
 10
-34.30290552424625
 20
-2.1250462114640962
 10
-34.307147387925944
 20
-2.1247046846349362
 10
-34.3322257578319
 20
-2.1220874839653567
 10
-34.33528283114127
 20
-2.1217154695668508
 10
-34.360361201047226
 20
-2.118227296932684
 10
-34.36229317713341
 20
-2.1179371686230857
 10
-34.387371547039365
 20
-2.113892306393993
 10
-34.38828586637397
 20
-2.113740001961898
 10
-34.413364236279925
 20
-2.1094296848984575
 10
-34.438119948161855
 20
-2.1051661770223755
 10
-34.46220332941306
 20
-2.1012154465142596
 10
-34.485788768151444
 20
-2.097695612673551
 10
-34.50903810530873
 20
-2.0946784512956436
 10
-34.53210943511338
 20
-2.0921966280531077
 10
-34.55514926473077
 20
-2.0902521577044237
 10
-34.57828443851131
 20
-2.088822910504008
 10
-34.60161553610387
 20
-2.0878673474389147
 10
-34.62521300001954
 20
-2.087328285127227
 10
-34.64911639624204
 20
-2.0871366497243358
 10
-34.67333644608296
 20
-2.0872158706021144
 10
-34.69785906797862
 20
-2.0874870237546173
 10
-34.722650632334236
 20
-2.087874337473204
 10
-34.74764758666052
 20
-2.0883101045535932
 10
-34.772758367593845
 20
-2.088738814793983
 10
-34.77292849747643
 20
-2.0887415584741875
 10
-34.798006867382384
 20
-2.089122284575571
 10
-34.79825790000058
 20
-2.089125745412118
 10
-34.823336269906534
 20
-2.0894365016257535
 10
-34.82361692614878
 20
-2.0894395416661085
 10
-34.848695296054736
 20
-2.0896720795644113
 10
-34.848963675701924
 20
-2.089674167905961
 10
-34.87404204560788
 20
-2.0898319153282046
 10
-34.87426825269311
 20
-2.089833053922506
 10
-34.899346622599076
 20
-2.0899277666222247
 10
-34.89951403746898
 20
-2.089928243180726
 10
-34.92459240737494
 20
-2.0899763053817577
 10
-34.924697582019114
 20
-2.089976445492745
 10
-34.94977595192507
 20
-2.0899952008481875
 10
-34.974905585458316
 20
-2.0899996954015476
 10
-34.99999891200482
 20
-2.089999999993424
 10
-35.03444050373386
 20
-2.0831495742776696
 10
-35.06363884097337
 20
-2.0636403796309084
 10
-35.08314874156221
 20
-2.034442514086819
 10
-35.089999999993424
 20
-2.0000010879951793
 10
-35.08314957427767
 20
-1.9655594962661362
 10
-35.06364037963091
 20
-1.93636115902663
 10
-35.03444251408682
 20
-1.9168512584377895
 10
-35.00000108799518
 20
-1.9100000000065762
 10
-34.9749301964089
 20
-1.9099996969286963
 10
-34.94988493664075
 20
-1.9099952320167406
 10
-34.92488478590828
 20
-1.9099765351590559
 10
-34.89994271093996
 20
-1.9099287341645823
 10
-34.875061152505374
 20
-1.9098347647566272
 10
-34.85023007680711
 20
-1.9096785728590826
 10
-34.82542622565909
 20
-1.9094485804218784
 10
-34.80061370022675
 20
-1.9091411183945215
 10
-34.77574591045443
 20
-1.9087635892056019
 10
-34.750768809756664
 20
-1.9083371670627558
 10
-34.7257066453144
 20
-1.9079002631869997
 10
-34.725543811720044
 20
-1.9078975719073323
 10
-34.70046544181409
 20
-1.9075057774822195
 10
-34.7000546542358
 20
-1.9075002975903717
 10
-34.674976284329844
 20
-1.9072229993843088
 10
-34.674275568852146
 20
-1.907217979483552
  0
LWPOLYLINE
  5
44
330
17
100
AcDbEntity
  8
ENGRAVE_LINES
100
AcDbPolyline
 90
681
 70
1
 10
-10.775408379941357
 20
-17.53958013374113
 10
-10.509097965793403
 20
-17.72090444067482
 10
-10.239736997045105
 20
-17.89766532289625
 10
-9.967403663123113
 20
-18.06981147069972
 10
-9.69217701626431
 20
-18.23729291393335
 10
-9.414136948569833
 20
-18.400061036503633
 10
-9.133364168812943
 20
-18.55806859048833
 10
-8.849940179011812
 20
-18.711269709851035
 10
-8.563947250771788
 20
-18.859619923754824
 10
-8.275468401402424
 20
-19.00307616947187
 10
-7.984587369820591
 20
-19.141596804882962
 10
-7.6906908436426225
 20
-19.275459427852876
 10
-7.662187140054706
 20
-19.29597016784658
 10
-7.6437022720902
 20
-19.325827515847564
 10
-7.638050393330955
 20
-19.360485961280215
 10
-7.646091951083659
 20
-19.394669070006998
 10
-7.6666026910773635
 20
-19.423172773594914
 10
-7.696460039078349
 20
-19.44165764155942
 10
-7.731118484510999
 20
-19.447309520318665
 10
-7.765301593237782
 20
-19.43926796256596
 10
-8.05989586801631
 20
-19.305087532308363
 10
-8.061285849491476
 20
-19.304440076376622
 10
-8.353551346822636
 20
-19.16526014367736
 10
-8.35493009590683
 20
-19.164589100722193
 10
-8.644781977695057
 20
-19.020450066383074
 10
-8.646149094168456
 20
-19.019755631193146
 10
-8.933503222936478
 20
-18.87069933553154
 10
-8.934858309955942
 20
-18.86998170968576
 10
-9.219631273267975
 20
-18.716051420389324
 10
-9.22097393748224
 20
-18.715310812198318
 10
-9.5030830721567
 20
-18.556551211765374
 10
-9.504412923820567
 20
-18.555787836211035
 10
-9.78377633992537
 20
-18.39224500898023
 10
-9.785092993012832
 20
-18.3914590876533
 10
-10.061629597636234
 20
-18.22318050642633
 10
-10.062932669952536
 20
-18.222372267462077
 10
-10.336562190742482
 20
-18.04940677972347
 10
-10.337851304035059
 20
-18.048576457735475
 10
-10.60849431250056
 20
-17.87097427147319
 10
-10.609769092568841
 20
-17.870122107485237
 10
-10.877347027136171
 20
-17.68793477661648
 10
-10.878607103940194
 20
-17.687061017992594
 10
-11.143042292757587
 20
-17.500341427398833
 10
-11.144287300525415
 20
-17.499446327771476
 10
-11.405502984009503
 20
-17.308248677947166
 10
-11.406732561343407
 20
-17.307332497143612
 10
-11.664652914460705
 20
-17.111712288463018
 10
-11.66586670444206
 20
-17.110775292429935
 10
-11.920416858719362
 20
-16.910789309036595
 10
-11.921614509012255
 20
-16.90983176976284
 10
-12.17272057426918
 20
-16.705538063086458
 10
-12.173901737222687
 20
-16.70456025852413
 10
-12.42149082302042
 20
-16.496018130429484
 10
-12.422655155769524
 20
-16.495020344413238
 10
-12.666655392569188
 20
-16.282290329986246
 10
-12.667802557134298
 20
-16.281272852150906
 10
-12.908143117159112
 20
-16.064416702126636
 10
-12.909272780544173
 20
-16.063379827823113
 10
-13.145883898339171
 20
-15.842460490660887
 10
-13.146995732628332
 20
-15.841404520870459
 10
-13.379808725311673
 20
-15.616486124481396
 10
-13.380902407764463
 20
-15.615411365728322
 10
-13.609849694964522
 20
-15.386559198860432
 10
-13.610924908109542
 20
-15.385465963122988
 10
-13.835940031582009
 20
-15.152746456409293
 10
-13.836996463309085
 20
-15.151635061029205
 10
-13.997479481847332
 20
-14.979896146280343
 10
-14.054499559158225
 20
-14.978153056369019
 10
-14.0566978281262
 20
-14.978058947462317
 10
-14.371594619773015
 20
-14.96071947595618
 10
-14.37378993124214
 20
-14.960571656825442
 10
-14.68816874195555
 20
-14.935539476816839
 10
-14.690359783822595
 20
-14.935338035811236
 10
-15.00403271431888
 20
-14.9026281086415
 10
-15.006218177032492
 20
-14.902373166159165
 10
-15.31899774992138
 20
-14.862005042038668
 10
-15.321176327264773
 20
-14.86169675045472
 10
-15.632875599101899
 20
-14.813694556778026
 10
-15.635045988973571
 20
-14.813333100353512
 10
-15.945478661993521
 20
-14.757725527278813
 10
-15.947639567185492
 20
-14.757311122050568
 10
-16.256620100649112
 20
-14.69413140535202
 10
-16.258770229622243
 20
-14.693664299003546
 10
-16.566113950711397
 20
-14.622950200206768
 10
-16.56825201836733
 20
-14.622430671920204
 10
-16.87377523256097
 20
-14.544224455732818
 10
-16.8758999610102
 20
-14.543652816022073
 10
-17.17942006187572
 20
-14.458001225072728
 10
-17.181530181201392
 20
-14.457377815597887
 10
-17.482865759535567
 20
-14.364332042498951
 10
-17.48496000855245
 20
-14.36365723586208
 10
-17.783930960806913
 20
-14.263272892612603
 10
-17.786008087815226
 20
-14.262547092135042
 10
-18.08243572374152
 20
-14.154884176882339
 10
-18.084494487275027
 20
-14.154107816363652
 10
-18.37820163672501
 20
-14.039230677543337
 10
-18.380240806293045
 20
-14.038404221002024
 10
-18.671051925110593
 20
-13.916381518878
 10
-18.67307028193349
 20
-13.915505460274174
 10
-18.96081155687464
 20
-13.78641012590142
 10
-18.96280789461219
 20
-13.785484988841565
 10
-19.247307347230453
 20
-13.649394180476424
 10
-19.249280472702903
 20
-13.648420517900451
 10
-19.53036806213816
 20
-13.505415574884344
 10
-19.532316796039364
 20
-13.5043939687351
 10
-19.809824520648615
 20
-13.354560362879251
 10
-19.811747698250894
 20
-13.353491423754706
 10
-20.08550969602017
 20
-13.196918708255026
 10
-20.087406167870434
 20
-13.19580307504333
 10
-20.357258815547954
 20
-13.032584830955845
 10
-20.359127448154727
 20
-13.031423170453465
 10
-20.62490945904593
 20
-12.861656950762393
 10
-20.626749135556814
 20
-12.86044995727559
 10
-20.888301655922884
 20
-12.68423722858746
 10
-20.890111276792087
 20
-12.68298562351731
 10
-21.147277980794396
 20
-12.500431705415942
 10
-21.149056464439912
 20
-12.499136236827159
 10
-21.401683647573417
 20
-12.310350238925833
 10
-21.403429931023464
 20
-12.309011681099676
 10
-21.65136660198357
 20
-12.114106437828006
 10
-21.65307964151193
 20
-12.112725590799487
 10
-21.896177612439587
 20
-11.911817593964056
 10
-21.897856384189396
 20
-11.910395283043785
 10
-22.135970359240652
 20
-11.703604612202826
 10
-22.137613859836375
 20
-11.70214168748373
 10
-22.37060152202346
 20
-11.489591938177437
 10
-22.37220876917057
 20
-11.488089274026672
 10
-22.599930865422465
 20
-11.26990748390612
 10
-22.601500898494553
 20
-11.26836597844248
 10
-22.823821322886428
 20
-11.044682551341179
 10
-22.825353203499354
 20
-11.043103125898295
 10
-23.04213907860091
 20
-10.814051753891876
 10
-23.04363189117366
 20
-10.812435352467565
 10
-23.254753647467894
 20
-10.578152935968149
 10
-23.256206499769814
 20
-10.576500524660183
 10
-23.46153795309468
 20
-10.337127090593103
 10
-23.462949976778734
 20
-10.335439657021803
 10
-23.662368403745443
 20
-10.091118275133748
 10
-23.66373875486723
 20
-10.089396827851692
 10
-23.85712496621011
 20
-9.840273525200148
 10
-23.858452825732257
 20
-9.838519093089369
 10
-24.04569123754628
 20
-9.584742766764522
 10
-24.046975811827977
 20
-9.582956398421576
 10
-24.22795451465145
 20
-9.324678726552907
 10
-24.229195035922803
 20
-9.322861489662127
 10
-24.40380586162392
 20
-9.060236840762707
 10
-24.40500158844482
 20
-9.058389821458082
 10
-24.573140174872034
 20
-8.791575162160989
 10
-24.57429039257532
 20
-8.789699464376982
 10
-24.735856245932982
 20
-8.518854265618762
 10
-24.736960267051575
 20
-8.516951010430516
 10
-24.89185682196348
 20
-8.242237152137948
 10
-24.892913986641275
 20
-8.240307477091235
 10
-25.041048663866295
 20
-7.961889151428192
 10
-25.042058340252545
 20
-7.959934209859518
 10
-25.18334260201776
 20
-7.677977823091947
 10
-25.18430418664473
 20
-7.675998783439223
 10
-25.318653589563105
 20
-7.390672856476666
 10
-25.319566507706746
 20
-7.388670901580846
 10
-25.446900753247583
 20
-7.100145969254165
 10
-25.44776445927104
 20
-7.09812229565229
 10
-25.568007441753164
 20
-6.806570804787694
 10
-25.568821419432894
 20
-6.80452662199773
 10
-25.681901271511833
 20
-6.510122828347963
 10
-25.682665034346147
 20
-6.508059358145901
 10
-25.78851416996811
 20
-6.210979222240363
 10
-25.789227261467943
 20
-6.208897697929972
 10
-25.887782416264933
 20
-5.9093187799058375
 10
-25.888444410226683
 20
-5.9072204455815465
 10
-25.979646679328628
 20
-5.605321799058873
 10
-25.98025718008888
 20
-5.6032079088621956
 10
-26.064052053330162
 20
-5.299169973926366
 10
-26.064610696002195
 20
-5.29704179129631
 10
-26.140948090501492
 20
-4.991046286651835
 10
-26.141454541193344
 20
-4.988905083569781
 10
-26.210288831287418
 20
-4.681134897929893
 10
-26.21074278730145
 20
-4.678981954159329
 10
-26.272032831814847
 20
-4.369621036936227
 10
-26.272434021828676
 20
-4.367457639257878
 10
-26.326143188663202
 20
-4.056690890619116
 10
-26.326491372891848
 20
-4.0545183320618365
 10
-26.37258756092098
 20
-3.7425314924183164
 10
-26.37288253126019
 20
-3.7403510714862787
 10
-26.411338189515416
 20
-3.427330610478179
 10
-26.41157976966604
 20
-3.4251436303747695
 10
-26.44237191380364
 20
-3.111276635421533
 10
-26.44255995937702
 20
-3.109084403270457
 10
-26.465670185415462
 20
-2.794558467751585
 10
-26.465804584019708
 20
-2.792362293815608
 10
-26.48121907933939
 20
-2.4773654049490528
 10
-26.48129975064656
 20
-2.4751666018468894
 10
-26.489009302245428
 20
-2.159887028332027
 10
-26.48903619803955
 20
-2.1576869102538003
 10
-26.48903619803955
 20
-1.8423130897461908
 10
-26.489009302245428
 20
-1.8401129716679645
 10
-26.48129975064656
 20
-1.5248333981531017
 10
-26.48121907933939
 20
-1.5226345950509372
 10
-26.465804584019704
 20
-1.207637706184388
 10
-26.46567018541546
 20
-1.205441532248413
 10
-26.44255995937702
 20
-0.8909155967295408
 10
-26.44237191380364
 20
-0.8887233645784632
 10
-26.411579769666037
 20
-0.574856369625221
 10
-26.411338189515412
 20
-0.5726693895218131
 10
-26.37288253126019
 20
-0.2596489285137133
 10
-26.37258756092098
 20
-0.25746850758167394
 10
-26.326491372891844
 20
0.05451833206184751
 10
-26.3261431886632
 20
0.05669089061912441
 10
-26.272434021828676
 20
0.36745763925788527
 10
-26.272032831814847
 20
0.36962103693623627
 10
-26.21074278730145
 20
0.678981954159326
 10
-26.210288831287418
 20
0.6811348979298891
 10
-26.141454541193344
 20
0.9889050835697887
 10
-26.140948090501492
 20
0.9910462866518437
 10
-26.064610696002195
 20
1.2970417912963146
 10
-26.064052053330162
 20
1.2991699739263696
 10
-25.98025718008888
 20
1.6032079088622042
 10
-25.979646679328624
 20
1.605321799058883
 10
-25.888444410226676
 20
1.9072204455815558
 10
-25.88778241626493
 20
1.9093187799058458
 10
-25.78922726146794
 20
2.208897697929981
 10
-25.788514169968106
 20
2.2109792222403715
 10
-25.682665034346147
 20
2.508059358145904
 10
-25.681901271511833
 20
2.5101228283479675
 10
-25.568821419432886
 20
2.804526621997739
 10
-25.568007441753156
 20
2.806570804787702
 10
-25.44776445927103
 20
3.098122295652299
 10
-25.446900753247576
 20
3.1001459692541733
 10
-25.319566507706746
 20
3.3886709015808476
 10
-25.318653589563105
 20
3.3906728564766677
 10
-25.18430418664473
 20
3.67599878343923
 10
-25.18334260201776
 20
3.677977823091956
 10
-25.042058340252538
 20
3.959934209859527
 10
-25.041048663866288
 20
3.9618891514282
 10
-24.892913986641272
 20
4.240307477091237
 10
-24.891856821963476
 20
4.2422371521379505
 10
-24.73696026705157
 20
4.516951010430525
 10
-24.735856245932975
 20
4.518854265618769
 10
-24.574290392575318
 20
4.78969946437699
 10
-24.57314017487203
 20
4.791575162160998
 10
-24.405001588444815
 20
5.058389821458091
 10
-24.403805861623916
 20
5.060236840762715
 10
-24.229195035922803
 20
5.32286148966213
 10
-24.22795451465145
 20
5.32467872655291
 10
-24.046975811827974
 20
5.582956398421583
 10
-24.045691237546276
 20
5.58474276676453
 10
-23.858452825732257
 20
5.838519093089366
 10
-23.85712496621011
 20
5.8402735252001445
 10
-23.663738754867225
 20
6.089396827851699
 10
-23.66236840374544
 20
6.0911182751337565
 10
-23.462949976778727
 20
6.3354396570218094
 10
-23.461537953094673
 20
6.337127090593109
 10
-23.256206499769807
 20
6.57650052466019
 10
-23.254753647467886
 20
6.578152935968156
 10
-23.043631891173657
 20
6.8124353524675705
 10
-23.042139078600908
 20
6.814051753891882
 10
-22.825353203499354
 20
7.043103125898296
 10
-22.823821322886428
 20
7.044682551341179
 10
-22.601500898494546
 20
7.268365978442485
 10
-22.599930865422458
 20
7.269907483906127
 10
-22.372208769170562
 20
7.488089274026678
 10
-22.370601522023453
 20
7.489591938177443
 10
-22.137613859836367
 20
7.702141687483736
 10
-22.13597035924065
 20
7.703604612202831
 10
-21.897856384189392
 20
7.910395283043792
 10
-21.89617761243958
 20
7.911817593964063
 10
-21.653079641511923
 20
8.112725590799492
 10
-21.651366601983565
 20
8.114106437828012
 10
-21.40342993102346
 20
8.309011681099678
 10
-21.401683647573414
 20
8.310350238925835
 10
-21.14905646443991
 20
8.49913623682716
 10
-21.147277980794392
 20
8.500431705415943
 10
-20.890111276792094
 20
8.682985623517308
 10
-20.88830165592289
 20
8.684237228587458
 10
-20.626749135556803
 20
8.860449957275593
 10
-20.62490945904592
 20
8.861656950762395
 10
-20.35912744815472
 20
9.031423170453468
 10
-20.357258815547947
 20
9.03258483095585
 10
-20.08740616787043
 20
9.195803075043333
 10
-20.085509696020168
 20
9.19691870825503
 10
-19.81174769825089
 20
9.353491423754708
 10
-19.80982452064861
 20
9.354560362879253
 10
-19.532316796039368
 20
9.504393968735098
 10
-19.530368062138162
 20
9.505415574884342
 10
-19.249280472702896
 20
9.648420517900455
 10
-19.247307347230446
 20
9.649394180476428
 10
-18.962807894612183
 20
9.785484988841569
 10
-18.96081155687463
 20
9.786410125901423
 10
-18.673070281933487
 20
9.915505460274176
 10
-18.67105192511059
 20
9.916381518878001
 10
-18.380240806293035
 20
10.038404221002027
 10
-18.378201636725
 20
10.03923067754334
 10
-18.084494487275027
 20
10.154107816363652
 10
-18.08243572374152
 20
10.154884176882339
 10
-17.78600808781522
 20
10.262547092135046
 10
-17.783930960806906
 20
10.263272892612607
 10
-17.48496000855244
 20
10.363657235862084
 10
-17.48286575953556
 20
10.364332042498955
 10
-17.18153018120139
 20
10.457377815597887
 10
-17.179420061875717
 20
10.458001225072728
 10
-16.875899961010198
 20
10.543652816022073
 10
-16.873775232560966
 20
10.544224455732818
 10
-16.568252018367314
 20
10.622430671920208
 10
-16.566113950711383
 20
10.622950200206771
 10
-16.258770229622233
 20
10.693664299003547
 10
-16.2566201006491
 20
10.694131405352021
 10
-15.947639567185487
 20
10.75731112205057
 10
-15.945478661993516
 20
10.757725527278815
 10
-15.635045988973564
 20
10.813333100353514
 10
-15.632875599101892
 20
10.813694556778028
 10
-15.32117632726477
 20
10.86169675045472
 10
-15.318997749921376
 20
10.862005042038668
 10
-15.006218177032482
 20
10.902373166159165
 10
-15.00403271431887
 20
10.9026281086415
 10
-14.690359783822595
 20
10.935338035811236
 10
-14.68816874195555
 20
10.935539476816839
 10
-14.373789931242131
 20
10.960571656825444
 10
-14.371594619773006
 20
10.960719475956182
 10
-14.056697828126197
 20
10.978058947462317
 10
-14.054499559158222
 20
10.978153056369019
 10
-13.99734322071124
 20
10.979900311750171
 10
-13.856416086505302
 20
11.13117313087097
 10
-13.855355581176722
 20
11.132292118073892
 10
-13.629456034472724
 20
11.366596528647287
 10
-13.628376517330889
 20
11.367697186020285
 10
-13.398496655967978
 20
11.598097731494857
 10
-13.39739844377839
 20
11.599179736069196
 10
-13.16360572199777
 20
11.82560880941806
 10
-13.162489137011665
 20
11.826671843698346
 10
-12.924852157215291
 20
12.049063003253915
 10
-12.923717527075087
 20
12.050106755311251
 10
-12.682306019695456
 20
12.268394744261425
 10
-12.681153677338605
 20
12.269418907824951
 10
-12.436038480377604
 20
12.483539673361555
 10
-12.434868763938896
 20
12.484543947908316
 10
-12.186121802181585
 20
12.69443466002232
 10
-12.184935054893938
 20
12.69541875086544
 10
-11.932629318803532
 20
12.901017820783284
 10
-11.93142588889726
 20
12.901981439158446
 10
-11.675635413197263
 20
13.103228537414262
 10
-11.674415653797919
 20
13.10417140056444
 10
-11.415215495748027
 20
13.3010074747026
 10
-11.413979764772755
 20
13.301929305961023
 10
-11.151445982144521
 20
13.494296597864114
 10
-11.150194642197054
 20
13.495197126735457
 10
-10.884404270956134
 20
13.683039189572364
 10
-10.88313768922038
 20
13.683918151812115
 10
-10.614168720921592
 20
13.867179866601385
 10
-10.612887269053903
 20
13.868037004293386
 10
-10.340818627956041
 20
14.046664596076905
 10
-10.339522681976147
 20
14.04749965770903
 10
-10.064434201882989
 20
14.221440711331361
 10
-10.063124142063664
 20
14.222253451869319
 10
-9.78509654289813
 20
14.391456927358037
 10
-9.783772753653606
 20
14.392247108317274
 10
-9.502887617771911
 20
14.556663355859719
 10
-9.501550487545087
 20
14.557430745375395
 10
-9.217890235797844
 20
14.71701151988756
 10
-9.216540156946296
 20
14.717755892782588
 10
-8.930188024493507
 20
14.87245436806582
 10
-8.928825393174357
 20
14.873175505916942
 10
-8.63986540506155
 20
15.022946288398236
 10
-8.638490621115222
 20
15.02364397960011
 10
-8.347007567617732
 20
15.168443121652093
 10
-8.345621034450629
 20
15.169117161479384
 10
-8.05170044619337
 20
15.308902174315971
 10
-8.0503025706595
 20
15.309552364983439
 10
-7.754030693519533
 20
15.444282231127417
 10
-7.752621885801122
 20
15.444908381847931
 10
-7.454085655600256
 20
15.574543567166835
 10
-7.452666329087392
 20
15.575145494207373
 10
-7.151953346082396
 20
15.699647959514095
 10
-7.117510730491959
 20
15.706493235593738
 10
-7.083070329156156
 20
15.699636827704332
 10
-7.053875380975346
 20
15.680122561793542
 10
-7.034370552157195
 20
15.650921307949027
 10
-7.027525276077551
 20
15.61647869235859
 10
-7.034381683966958
 20
15.582038291022787
 10
-7.053895949877748
 20
15.552843342841976
 10
-7.083097203722262
 20
15.533338514023825
 10
-7.383097945642678
 20
15.409130933793353
 10
-7.68022000498696
 20
15.280109832403031
 10
-7.97508843754677
 20
15.146018183771462
 10
-8.267616719316386
 20
15.006895334757429
 10
-8.557719012967281
 20
14.862782108537491
 10
-8.845310193034111
 20
14.713720792627853
 10
-9.130305870894503
 20
14.559755126475244
 10
-9.412622419530992
 20
14.400930288622543
 10
-9.69217699806983
 20
14.237292883451968
 10
-9.968887576089235
 20
14.068890927509818
 10
-10.2426729576899
 20
13.895773835416817
 10
-10.513452805320446
 20
13.717992405368232
 10
-10.781147663351069
 20
13.535598804228101
 10
-11.04567898138864
 20
13.348646552221565
 10
-11.306969137325371
 20
13.157190507230728
 10
-11.56494146011629
 20
12.961286848697108
 10
-11.8195202522765
 20
12.760993061137162
 10
-12.07063081209411
 20
12.556367917273803
 10
-12.318199455548978
 20
12.347471460791503
 10
-12.562153537934964
 20
12.134364988716749
 10
-12.802421475175906
 20
11.917111033431778
 10
-13.03893276483056
 20
11.695773344325682
 10
-13.271618006780724
 20
11.470416869087884
 10
-13.500408923594911
 20
11.24110773465093
 10
-13.725238380563923
 20
11.007913227785952
 10
-13.744124022244867
 20
10.98764116113194
 10
-13.739272995450854
 20
10.987789455842558
 10
-13.737073082854907
 20
10.9878297982778
 10
-13.421705153059412
 20
10.989757366193937
 10
-13.419504911688746
 20
10.989743918045685
 10
-13.10418410626984
 20
10.983961502327313
 10
-13.101984851174207
 20
10.983894271633313
 10
-12.786899632431105
 20
10.970405328339599
 10
-12.784702678070778
 20
10.970284355282578
 10
-12.470041367496243
 20
10.949096946543342
 10
-12.467848026956384
 20
10.948922303427004
 10
-12.153798692679908
 20
10.9200490926241
 10
-12.151610276885748
 20
10.91982088382989
 10
-11.838360621268187
 20
10.883279128028503
 10
-11.83617843820152
 20
10.882997489953246
 10
-11.523915685648348
 20
10.838809029587617
 10
-11.521741039565763
 20
10.838474130561965
 10
-11.21065182462597
 20
10.786665376381706
 10
-11.20848601527932
 20
10.786277416569558
 10
-10.898756271096865
 20
10.726879333854363
 10
-10.89660059295642
 20
10.72643854513321
 10
-10.588415440140931
 20
10.659486635185386
 10
-10.586271181621704
 20
10.658993281007735
 10
-10.279814817604766
 20
10.584527559933639
 10
-10.27768326029644
 20
10.58398193516954
 10
-9.973138849239689
 20
10.502046909962575
 10
-9.971021267140626
 20
10.501449340723394
 10
-9.66857083046142
 20
10.412093982662878
 10
-9.666468489217227
 20
10.411444826106374
 10
-9.366292796797266
 20
10.314722541488175
 10
-9.364206952944329
 20
10.314022185605038
 10
-9.066485415086358
 20
10.209990783821466
 10
-9.064417315300826
 20
10.209239647203423
 10
-8.769327875497915
 20
10.097961306191472
 10
-8.767278755850588
 20
10.097159837781097
 10
-8.474997784432075
 20
9.978701066859651
 10
-8.472968869649627
 20
9.977849745682043
 10
-8.183671058367358
 20
9.852281345800321
 10
-8.181663561100327
 20
9.85138068067679
 10
-7.895521818718123
 20
9.718777702097713
 10
-7.893536938816133
 20
9.717828231341676
 10
-7.610722287764944
 20
9.578269928785497
 10
-7.6087612115595835
 20
9.577272219880735
 10
-7.329442685720057
 20
9.430842005155764
 10
-7.327506585315806
 20
9.429796654417235
 10
-7.051851128989395
 20
9.276582046565874
 10
-7.049941161563098
 20
9.275489678783318
 10
-6.778113529692065
 20
9.115582251773331
 10
-6.776230836801291
 20
9.114443519837836
 10
-6.508393496497267
 20
8.947938847830006
 10
-6.5065392033980265
 20
8.94675443234379
 10
-6.242852236837965
 20
8.773752032568757
 10
-6.241027451812156
 20
8.772522641438375
 10
-5.981648460559725
 20
8.593125914716731
 10
-5.979854274252732
 20
8.591852282729977
 10
-5.724938285062337
 20
8.406168451671236
 10
-5.723175769831173
 20
8.404851340057972
 10
-5.472875141990894
 20
8.212991384975286
 10
-5.4711453512632655
 20
8.21163158095246
 10
-5.225609685532099
 20
8.013710173531432
 10
-5.22391365317679
 20
8.01230848983258
 10
-4.983289702370624
 20
7.808443924593792
 10
-4.981628442079568
 20
7.807001198983273
 10
-4.746060023359329
 20
7.597315322579509
 10
-4.744434528041745
 20
7.595832417351791
 10
-4.514062436956132
 20
7.38045055574221
 10
-4.5124736781450725
 20
7.378928357206486
 10
-4.287435604479265
 20
7.157979240751248
 10
-4.285884531750949
 20
7.156418658701704
 10
-4.066314977231587
 20
6.930034345221864
 10
-4.0648025176378555
 20
6.928436312393911
 10
-3.850832715543473
 20
6.696752108242535
 10
-3.8493597730576994
 20
6.69511757975533
 10
-3.641117609782629
 20
6.458271958946989
 10
-3.6396850647594325
 20
6.456601911732569
 10
-3.437295003378142
 20
6.214736433179621
 10
-3.435903712027211
 20
6.213031865399007
 10
-3.2394867179046622
 20
5.966291088304035
 10
-3.2381375117790148
 20
5.964553018750652
 10
-3.0478109802715574
 20
5.713084416205706
 10
-3.046504665770529
 20
5.711313883696462
 10
-2.862382352060548
 20
5.455267754540695
 10
-2.8611197099478263
 20
5.4534658172951
 10
-2.6833116610540495
 20
5.192995196283522
 10
-2.6820934459910184
 20
5.1911629312912
 10
-2.5107059349951406
 20
4.926423497628201
 10
-2.5095328750898345
 20
4.924562000005198
 10
-2.344668337618759
 20
4.655711984297526
 10
-2.343541133990682
 20
4.653822366631771
 10
-2.1852981069923616
 20
4.38102245631658
 10
-2.184217433353442
 20
4.379105848002911
 10
-2.03269049620288
 20
4.102519091307406
 10
-2.031656998454798
 20
4.100576637872548
 10
-1.8869367164254527
 20
3.8203683463626152
 10
-1.8859510122736023
 20
3.8184012087805157
 10
-1.7481238824079341
 20
3.5347388585565933
 10
-1.7471865609922248
 20
3.5327482125545293
 10
-1.6163349604037678
 20
3.2458013441537608
 10
-1.6154465819465058
 20
3.2437883795096205
 10
-1.491648718584374
 20
2.9537284965741506
 10
-1.4908098140554293
 20
2.9516944164053287
 10
-1.3741396799606327
 20
2.6586948831772537
 10
-1.3733507507600815
 20
2.6566409032215565
 10
-1.2638780778416652
 20
2.3608768409258376
 10
-1.263139595500117
 20
2.3588041888148696
 10
-1.1609298138574693
 20
2.0604523709921354
 10
-1.1602422197542344
 20
2.058362285517548
 10
-1.0653564185705642
 20
1.757601032369305
 10
-1.064720123669853
 20
1.7554947627424022
 10
-0.9772150147001324
 20
1.4525038345518624
 10
-0.9766303993054258
 20
1.4503826396569612
 10
-0.8965582829806632
 20
1.1453431293491303
 10
-0.8960256965074123
 20
1.143208276991146
 10
-0.8234344306755073
 20
0.8363025018964274
 10
-0.8229541914422929
 20
0.8341552680431258
 10
-0.7578871627641548
 20
0.5255666609291126
 10
-0.7574595578024333
 20
0.5234083289484861
 10
-0.6999556558204504
 20
0.21332132838507256
 10
-0.6995809407030001
 20
0.21115318827829038
 10
-0.6496745345973692
 20
-0.10024687159837004
 10
-0.6493529332855381
 20
-0.10242352396797588
 10
-0.6070738513323466
 20
-0.4149505242267744
 10
-0.6068055560421939
 20
-0.41713438790822616
 10
-0.5721790677855274
 20
-0.730601536063466
 10
-0.5719642388729396
 20
-0.7327913057956976
 10
-0.545011040021671
 20
-1.0470112474500304
 10
-0.544849805886519
 20
-1.0492056144420228
 10
-0.525586005944811
 20
-1.3639905452652337
 10
-0.5254784629542085
 20
-1.3661881979782564
 10
-0.5139155755931105
 20
-1.6813499759549688
 10
-0.5138617880238161
 20
-1.6835496008864674
 10
-0.5100067241997237
 20
-1.998899858765671
 10
-0.5102116087886411
 20
-2.0000000000000018
 10
-0.5100067241997237
 20
-2.0011001412343323
 10
-0.5138617880238161
 20
-2.3164503991135383
 10
-0.5139155755931105
 20
-2.318650024045037
 10
-0.5254784629542085
 20
-2.633811802021752
 10
-0.5255860059448111
 20
-2.6360094547347748
 10
-0.5448498058865209
 20
-2.950794385557988
 10
-0.5450110400216727
 20
-2.952988752549979
 10
-0.5719642388729395
 20
-3.2672086942043137
 10
-0.5721790677855274
 20
-3.2693984639365463
 10
-0.6068055560421939
 20
-3.5828656120917772
 10
-0.6070738513323466
 20
-3.5850494757732285
 10
-0.6493529332855381
 20
-3.8975764760320293
 10
-0.6496745345973693
 20
-3.8997531284016356
 10
-0.699580940703002
 20
-4.211153188278299
 10
-0.6999556558204523
 20
-4.2133213283850806
 10
-0.757459557802437
 20
-4.523408328948496
 10
-0.7578871627641584
 20
-4.5255666609291225
 10
-0.8229541914422964
 20
-4.834155268043138
 10
-0.8234344306755108
 20
-4.836302501896439
 10
-0.8960256965074123
 20
-5.143208276991149
 10
-0.8965582829806632
 20
-5.145343129349134
 10
-0.9766303993054276
 20
-5.450382639656967
 10
-0.9772150147001342
 20
-5.452503834551868
 10
-1.064720123669853
 20
-5.7554947627424
 10
-1.0653564185705642
 20
-5.757601032369302
 10
-1.1602422197542361
 20
-6.058362285517557
 10
-1.160929813857471
 20
-6.060452370992144
 10
-1.2631395955001206
 20
-6.358804188814882
 10
-1.263878077841669
 20
-6.360876840925851
 10
-1.3733507507600835
 20
-6.656640903221559
 10
-1.3741396799606342
 20
-6.6586948831772546
 10
-1.4908098140554291
 20
-6.951694416405333
 10
-1.4916487185843743
 20
-6.953728496574157
 10
-1.6154465819465043
 20
-7.243788379509619
 10
-1.616334960403766
 20
-7.245801344153758
 10
-1.7471865609922284
 20
-7.532748212554537
 10
-1.748123882407938
 20
-7.534738858556602
 10
-1.8859510122736096
 20
-7.818401208780528
 10
-1.8869367164254598
 20
-7.820368346362627
 10
-2.0316569984547996
 20
-8.10057663787255
 10
-2.032690496202881
 20
-8.102519091307409
 10
-2.184217433353443
 20
-8.379105848002915
 10
-2.1852981069923634
 20
-8.381022456316582
 10
-2.3435411339906858
 20
-8.653822366631777
 10
-2.3446683376187627
 20
-8.655711984297534
 10
-2.50953287508984
 20
-8.924562000005208
 10
-2.5107059349951455
 20
-8.92642349762821
 10
-2.682093445991018
 20
-9.191162931291203
 10
-2.6833116610540495
 20
-9.192995196283524
 10
-2.861119709947828
 20
-9.453465817295102
 10
-2.8623823520605503
 20
-9.455267754540698
 10
-3.04650466577054
 20
-9.711313883696475
 10
-3.047810980271568
 20
-9.713084416205717
 10
-3.23813751177902
 20
-9.964553018750657
 10
-3.2394867179046676
 20
-9.96629108830404
 10
-3.4359037120272182
 20
-10.213031865399014
 10
-3.437295003378149
 20
-10.214736433179628
 10
-3.6396850647594325
 20
-10.45660191173257
 10
-3.6411176097826297
 20
-10.458271958946991
 10
-3.8493597730577016
 20
-10.69511757975533
 10
-3.8508327155434747
 20
-10.696752108242535
 10
-4.064802517637868
 20
-10.928436312393924
 10
-4.0663149772316
 20
-10.930034345221875
 10
-4.285884531750953
 20
-11.156418658701707
 10
-4.287435604479268
 20
-11.157979240751251
 10
-4.512473678145077
 20
-11.378928357206492
 10
-4.514062436956138
 20
-11.380450555742218
 10
-4.744434528041747
 20
-11.595832417351794
 10
-4.74606002335933
 20
-11.597315322579512
 10
-4.98162844207957
 20
-11.807001198983276
 10
-4.983289702370626
 20
-11.808443924593794
 10
-5.223913653176802
 20
-12.012308489832591
 10
-5.2256096855321115
 20
-12.013710173531443
 10
-5.471145351263271
 20
-12.211631580952465
 10
-5.472875141990899
 20
-12.212991384975291
 10
-5.723175769831181
 20
-12.404851340057977
 10
-5.724938285062345
 20
-12.406168451671242
 10
-5.979854274252732
 20
-12.591852282729977
 10
-5.981648460559725
 20
-12.593125914716731
 10
-6.2410274518121565
 20
-12.772522641438375
 10
-6.242852236837966
 20
-12.773752032568757
 10
-6.506539203398031
 20
-12.946754432343793
 10
-6.508393496497272
 20
-12.94793884783001
 10
-6.7762308368012985
 20
-13.114443519837838
 10
-6.778113529692071
 20
-13.115582251773333
 10
-7.049941161563106
 20
-13.275489678783321
 10
-7.051851128989402
 20
-13.276582046565878
 10
-7.327506585315805
 20
-13.429796654417235
 10
-7.329442685720057
 20
-13.430842005155764
 10
-7.608761211559596
 20
-13.577272219880742
 10
-7.610722287764958
 20
-13.578269928785504
 10
-7.8935369388161405
 20
-13.717828231341677
 10
-7.895521818718128
 20
-13.718777702097714
 10
-8.181663561100335
 20
-13.851380680676796
 10
-8.183671058367366
 20
-13.852281345800327
 10
-8.472968869649637
 20
-13.977849745682049
 10
-8.474997784432086
 20
-13.978701066859657
 10
-8.767278755850588
 20
-14.097159837781097
 10
-8.769327875497915
 20
-14.097961306191472
 10
-9.06441731530084
 20
-14.209239647203429
 10
-9.066485415086373
 20
-14.209990783821471
 10
-9.36420695294433
 20
-14.31402218560504
 10
-9.36629279679727
 20
-14.314722541488177
 10
-9.666468489217234
 20
-14.411444826106376
 10
-9.668570830461425
 20
-14.41209398266288
 10
-9.971021267140626
 20
-14.501449340723394
 10
-9.973138849239689
 20
-14.502046909962575
 10
-10.27768326029644
 20
-14.58398193516954
 10
-10.279814817604768
 20
-14.584527559933639
 10
-10.58627118162172
 20
-14.658993281007737
 10
-10.588415440140945
 20
-14.659486635185388
 10
-10.896600592956426
 20
-14.72643854513321
 10
-10.89875627109687
 20
-14.726879333854363
 10
-11.208486015279323
 20
-14.78627741656956
 10
-11.210651824625975
 20
-14.786665376381707
 10
-11.521741039565761
 20
-14.838474130561965
 10
-11.523915685648346
 20
-14.838809029587617
 10
-11.83617843820153
 20
-14.882997489953247
 10
-11.838360621268198
 20
-14.883279128028505
 10
-12.15161027688576
 20
-14.919820883829892
 10
-12.15379869267992
 20
-14.920049092624101
 10
-12.46784802695639
 20
-14.948922303427004
 10
-12.470041367496249
 20
-14.949096946543342
 10
-12.784702678070786
 20
-14.970284355282578
 10
-12.786899632431114
 20
-14.970405328339599
 10
-13.101984851174205
 20
-14.983894271633313
 10
-13.104184106269837
 20
-14.983961502327313
 10
-13.419504911688758
 20
-14.989743918045685
 10
-13.421705153059424
 20
-14.989757366193937
 10
-13.737073082854922
 20
-14.9878297982778
 10
-13.739272995450868
 20
-14.987789455842558
 10
-13.743877291175751
 20
-14.987648703640785
 10
-13.706003883263515
 20
-15.028178462065899
 10
-13.482054659578779
 20
-15.259795573220668
 10
-13.25419189888101
 20
-15.487563664172614
 10
-13.022481744600965
 20
-15.711416618971466
 10
-12.786991456981067
 20
-15.931289458142974
 10
-12.547789393551282
 20
-16.147118357550923
 10
-12.304944989286778
 20
-16.358840666923587
 10
-12.05852873645212
 20
-16.566394928040044
 10
-11.808612164139145
 20
-16.76972089256995
 10
-11.555267817503603
 20
-16.968759539562317
 10
-11.298569236707246
 20
-17.163453092577726
 10
-11.038590935570081
 20
-17.353745036460072
  0
LWPOLYLINE
  5
45
330
17
100
AcDbEntity
  8
ENGRAVE_LINES
100
AcDbPolyline
 90
739
 70
1
 10
-16.141203033720366
 20
-10.360676180164285
 10
-16.123744524258115
 20
-10.045626387666912
 10
-16.123572285840375
 20
-10.043141298113367
 10
-16.09740124143447
 20
-9.728695360407071
 10
-16.097160292408347
 20
-9.726215989573877
 10
-16.062296762457336
 20
-9.412614800825116
 10
-16.061987287411686
 20
-9.410143048135666
 10
-16.01845798054805
 20
-9.097626855356387
 10
-16.018080216568883
 20
-9.095164614397884
 10
-15.965918480197807
 20
-8.783972833394538
 10
-15.965472716686664
 20
-8.781521990467335
 10
-15.904718511438881
 20
-8.471893022426567
 10
-15.904205089891121
 20
-8.469455455099089
 10
-15.834904959009448
 20
-8.16162650395078
 10
-15.834324272752642
 20
-8.159204079621137
 10
-15.756531306435617
 20
-7.853410970318658
 10
-15.755883800328213
 20
-7.851005544784047
 10
-15.669657595058187
 20
-7.547482542640862
 10
-15.668943765148708
 20
-7.545095958675856
 10
-15.574350378035508
 20
-7.244075589897036
 10
-15.573570771182544
 20
-7.2417096758418555
 10
-15.470682669357743
 20
-6.943422549387879
 10
-15.469837882810996
 20
-6.941079117747716
 10
-15.35873388791149
 20
-6.645753748667017
 10
-15.35782456885423
 20
-6.6434345947234865
 10
-15.238589796637704
 20
-6.351297229089172
 10
-15.237616641690975
 20
-6.34900412952497
 10
-15.1103424368295
 20
-6.060278571109785
 10
-15.109306191518437
 20
-6.0580132826475825
 10
-14.974090057620144
 20
-5.772920721469845
 10
-14.972991515802828
 20
-5.770684979526485
 10
-14.82993704071529
 20
-5.48944382239846
 10
-14.828777043974599
 20
-5.487239339755464
 10
-14.782606195901899
 20
-5.402366685850489
 10
-14.862438916141967
 20
-5.2909190662789065
 10
-15.05303323419936
 20
-5.042891395475073
 10
-15.251852118476608
 20
-4.801406466722034
 10
-15.458671132571968
 20
-4.566736879922366
 10
-15.673256809149063
 20
-4.339147541490008
 10
-15.895366913486054
 20
-4.118895365311143
 10
-16.124750716922073
 20
-3.9062289827272068
 10
-16.36114927989183
 20
-3.701388461867816
 10
-16.604295744229166
 20
-3.50460503665025
 10
-16.853915634409535
 20
-3.3161008457513117
 10
-16.901254449192717
 20
-3.2827889681104394
 10
-16.917010110397783
 20
-3.2915018981250994
 10
-16.919206513371346
 20
-3.2926771215674338
 10
-17.19945103554254
 20
-3.4376742908443605
 10
-17.20167912232092
 20
-3.4387882771412763
 10
-17.485829195712498
 20
-3.575973943655088
 10
-17.488087259378716
 20
-3.577025839391836
 10
-17.775925199209734
 20
-3.70629490645399
 10
-17.778211509881803
 20
-3.707283905782836
 10
-18.06951680613043
 20
-3.828537341539447
 10
-18.071829612286592
 20
-3.829462686797021
 10
-18.36637909862087
 20
-3.9426076000962813
 10
-18.368716628441405
 20
-3.9434685823840163
 10
-18.666284653184906
 20
-4.0484182939392594
 10
-18.668645115909534
 20
-4.049214253666474
 10
-18.969003714911107
 20
-4.145888362460383
 10
-18.97138530221084
 20
-4.146618689849586
 10
-19.27430437348579
 20
-4.234943134728679
 10
-19.27670526084832
 20
-4.235607270282714
 10
-19.581952740857524
 20
-4.315514386694923
 10
-19.584371088984923
 20
-4.316111821625597
 10
-19.891713130416527
 20
-4.387540393457458
 10
-19.89414708663434
 20
-4.388070670075317
 10
-20.20334823755208
 20
-4.45096597654908
 10
-20.20579593722864
 20
-4.45142868861404
 10
-20.51661932144942
 20
-4.50574254620876
 10
-20.519078889424314
 20
-4.506137339241327
 10
-20.831286387986918
 20
-4.551828138605817
 10
-20.833755940007542
 20
-4.552154710158647
 10
-21.147108373593333
 20
-4.5891874479880235
 10
-21.149586017758395
 20
-4.589445547877627
 10
-21.463843329924508
 20
-4.617791853729026
 10
-21.466327168133404
 20
-4.617981284227431
 10
-21.781248609217677
 20
-4.637619442254335
 10
-21.78373673862459
 20
-4.6377400582405635
 10
-22.09908105018178
 20
-4.64865502382913
 10
-22.101571564653458
 20
-4.648706732900374
 10
-22.41709716428113
 20
-4.650890144194962
 10
-22.419588155857138
 20
-4.650872906737374
 10
-22.73505332226968
 20
-4.644323091046501
 10
-22.73754288262408
 20
-4.644236920265539
 10
-23.052705940833256
 20
-4.628958895343291
 10
-23.055192162736553
 20
-4.6288038572536045
 10
-23.36981166919643
 20
-4.604809327455607
 10
-23.37229264797669
 20
-4.604585540830465
 10
-23.686127575551392
 20
-4.5718928881472625
 10
-23.68860141055338
 20
-4.571600524427557
 10
-24.00141133316576
 20
-4.530234794402355
 10
-24.003876129207047
 20
-4.529874077565267
 10
-24.212990438173897
 20
-4.496308478633691
 10
-24.252081724379288
 20
-4.322227075948621
 10
-24.25519249762929
 20
-4.307230436191116
 10
-23.9765788190916
 20
-4.351951598682821
 10
-23.66623868502153
 20
-4.392990725877757
 10
-23.354881638908502
 20
-4.425425253951813
 10
-23.042746208547452
 20
-4.449230335108674
 10
-22.73007151804606
 20
-4.464387732492685
 10
-22.417097104634507
 20
-4.470885834159871
 10
-22.10406273515788
 20
-4.4687196619737914
 10
-21.791208222393017
 20
-4.457890875419203
 10
-21.478773241330227
 20
-4.438407770330776
 10
-21.166997145560426
 20
-4.410285272537712
 10
-20.85611878390847
 20
-4.373544926429211
 10
-20.546376317453266
 20
-4.328214878449506
 10
-20.238007037074862
 20
-4.274329855535136
 10
-19.93124718166787
 20
-4.211931138510946
 10
-19.626331757161136
 20
-4.141066530465227
 10
-19.323494356481874
 20
-4.061790320128228
 10
-19.02296698060202
 20
-3.974163240281988
 10
-18.72497986080485
 20
-3.87825242123364
 10
-18.42976128230621
 20
-3.7741313393872686
 10
-18.137537409368125
 20
-3.6618797609546037
 10
-17.84853211203561
 20
-3.5415836808465384
 10
-17.562966794632604
 20
-3.4133352567935247
 10
-17.28106022614548
 20
-3.2772327387440834
 10
-17.06673497395051
 20
-3.1663418830296934
 10
-17.1097271673912
 20
-3.1360886818465117
 10
-17.371441570705688
 20
-2.964771751399293
 10
-17.638763408438116
 20
-2.802343445271758
 10
-17.891083901682748
 20
-2.6604100649748323
 10
-18.085471917982005
 20
-2.750158347276058
 10
-18.08796914705409
 20
-2.7512656470830543
 10
-18.37844647123924
 20
-2.8748261812270646
 10
-18.3809761553251
 20
-2.875857182840441
 10
-18.675069601103658
 20
-2.9905451360605393
 10
-18.677629409687825
 20
-2.991498889652125
 10
-18.975068038357048
 20
-3.0972086036763877
 10
-18.977655613171336
 20
-3.098084230584095
 10
-19.278165404220566
 20
-3.194718318499638
 10
-19.28077836141666
 20
-3.1955150120369473
 10
-19.584082464973473
 20
-3.2829844480093135
 10
-19.586718397319117
 20
-3.2837014742084447
 10
-19.89253738920206
 20
-3.361925675498191
 10
-19.89519386829872
 20
-3.362562373786285
 10
-20.20324600744175
 20
-3.431469274987248
 10
-20.20592058596184
 20
-3.432025058794932
 10
-20.515922073973165
 20
-3.4915511782257402
 10
-20.518612287914713
 20
-3.492025535527513
 10
-20.830277530530942
 20
-3.542116033715163
 10
-20.83298090148755
 20
-3.542508527501109
 10
-21.146022771682453
 20
-3.5831172577028183
 10
-21.148736809126603
 20
-3.5834275263812096
 10
-21.46286691163185
 20
-3.61451707709788
 10
-21.465589115209333
 20
-3.614744834828299
 10
-21.78051805220363
 20
-3.6362865642705255
 10
-21.78324591403705
 20
-3.636431601227202
 10
-22.098683551758953
 20
-3.648405663702012
 10
-22.101414558758144
 20
-3.648467846267126
 10
-22.417070294796787
 20
-3.650863210461175
 10
-22.419801930974046
 20
-3.6508424813479574
 10
-22.735384961991713
 20
-3.6436569404903145
 10
-22.73811471077969
 20
-3.6435533187958207
 10
-23.053334300419454
 20
-3.6267934926909913
 10
-23.056059646989596
 20
-3.626607073878511
 10
-23.37062539372117
 20
-3.6002884028078364
 10
-23.37334382730054
 20
-3.600019358618942
 10
-23.68696593195784
 20
-3.5641660891159663
 10
-23.68967494814222
 20
-3.5638146674122977
 10
-24.00206448090578
 20
-3.5184598299252245
 10
-24.004761583966882
 20
-3.518026354460139
 10
-24.315630750545598
 20
-3.4632117329219576
 10
-24.318313455730312
 20
-3.462696603042268
 10
-24.404637800771294
 20
-3.4447581978609585
 10
-24.405893475111917
 20
-3.435788114420572
 10
-24.42792556921389
 20
-3.257156614635314
 10
-24.428043808160677
 20
-3.2560490815864904
 10
-24.283028816667613
 20
-3.286183543348486
 10
-23.974850173884775
 20
-3.3405237529492156
 10
-23.665164323447545
 20
-3.3854860514435687
 10
-23.35425656883267
 20
-3.421029016531928
 10
-23.042413339217408
 20
-3.447119903639431
 10
-22.729921925601626
 20
-3.46373467608247
 10
-22.417070216135933
 20
-3.4708580272129157
 10
-22.10414643089983
 20
-3.468483394519629
 10
-21.79143885637377
 20
-3.4566129656742848
 10
-21.47923557985047
 20
-3.4352576765159455
 10
-21.1678242240292
 20
-3.4044372009762265
 10
-20.857491682038614
 20
-3.3641799329543476
 10
-20.548523853131297
 20
-3.3145229601587607
 10
-20.241205379294136
 20
-3.2555120299394313
 10
-19.93581938301713
 20
-3.187201507142357
 10
-19.632647206461517
 20
-3.1096543240249197
 10
-19.331968152268622
 20
-3.022941922278496
 10
-19.03405922624767
 20
-2.9271441872116286
 10
-18.73919488217876
 20
-2.8223493741541095
 10
-18.447646768968212
 20
-2.708654027150436
 10
-18.159683480386782
 20
-2.586162890016756
 10
-18.092328279989086
 20
-2.555065224353859
 10
-18.18901633442533
 20
-2.504875892890144
 10
-18.47132627048314
 20
-2.3701724424400736
 10
-18.758002037751705
 20
-2.245028828855096
 10
-19.04872002271752
 20
-2.129586320317278
 10
-19.143429316430794
 20
-2.0956146375064106
 10
-19.283801774096325
 20
-2.145965436464242
 10
-19.286664809045497
 20
-2.146938423530288
 10
-19.587357889753207
 20
-2.243523752513752
 10
-19.59025199487397
 20
-2.244400010752419
 10
-19.89402000598756
 20
-2.3308294616613905
 10
-19.896941914273658
 20
-2.3316080019098697
 10
-20.203441947725675
 20
-2.4077840089872646
 10
-20.206388360785287
 20
-2.4084639523915548
 10
-20.515274424468878
 20
-2.474300524465091
 10
-20.518242016247996
 20
-2.4748811034720903
 10
-20.82916542458967
 20
-2.5303039210253226
 10
-20.832150845126737
 20
-2.530784480249284
 10
-21.144760612699486
 20
-2.575730979317059
 10
-21.147760491906965
 20
-2.576110976279417
 10
-21.461703729639684
 20
-2.6105304190731227
 10
-21.464714681108397
 20
-2.6108094248148714
 10
-21.779636994644203
 20
-2.6346629569977105
 10
-21.782655619466063
 20
-2.6348406565636333
 10
-22.09820150921976
 20
-2.648101351111287
 10
-22.101224399824623
 20
-2.6481775439054935
 10
-22.417037662287967
 20
-2.6508304315026425
 10
-22.420061406290273
 20
-2.6508050315150102
 10
-22.7357855361317
 20
-2.642847117453443
 10
-22.738806720182538
 20
-2.64272015335671
 10
-23.054085312687732
 20
-2.6241604209158718
 10
-23.057100526327968
 20
-2.62393203603327
 10
-23.371577679726798
 20
-2.5947914363395213
 10
-23.374583519237003
 20
-2.5944618884829858
 10
-23.68790423646263
 20
-2.55477331685894
 10
-23.690897308705345
 20
-2.554342978038078
 10
-24.002707898132215
 20
-2.504151236868778
 10
-24.005684824382296
 20
-2.503620592870928
 10
-24.315633299090376
 20
-2.442982341028727
 10
-24.318590718849048
 20
-2.442351990870576
 10
-24.49237763981338
 20
-2.4022472030248334
 10
-24.494110462240023
 20
-2.3599099110395407
 10
-24.49763581365934
 20
-2.2163030151545278
 10
-24.27958931307448
 20
-2.266621581119898
 10
-23.97260884897937
 20
-2.3266791720145372
 10
-23.663784101439706
 20
-2.3763902861356967
 10
-23.353463686812322
 20
-2.4156988071661574
 10
-23.041997909835658
 20
-2.4445603617404212
 10
-22.729738368188766
 20
-2.462942369535542
 10
-22.417037555590703
 20
-2.4708240800493613
 10
-22.104248463888617
 20
-2.4681965960246957
 10
-21.791724184583394
 20
-2.455062883492971
 10
-21.479817510242825
 20
-2.431437768426048
 10
-21.16888053625228
 20
-2.397347919999923
 10
-20.859264263352316
 20
-2.3528318204892833
 10
-20.551318201411995
 20
-2.297939721826839
 10
-20.245389974885295
 20
-2.2327335888765165
 10
-19.941824930395608
 20
-2.1572870294844884
 10
-19.64096574689187
 20
-2.071685211387105
 10
-19.417792649279264
 20
-1.999999999999999
 10
-19.64096574689186
 20
-1.928314788612895
 10
-19.941824930395605
 20
-1.8427129705155099
 10
-20.245389974885306
 20
-1.7672664111234808
 10
-20.551318201411984
 20
-1.7020602781731617
 10
-20.8592642633523
 20
-1.647168179510716
 10
-21.16888053625229
 20
-1.6026520800000754
 10
-21.479817510242828
 20
-1.5685622315739498
 10
-21.79172418458339
 20
-1.5449371165070267
 10
-22.10424846388861
 20
-1.5318034039753028
 10
-22.417037555590696
 20
-1.5291759199506372
 10
-22.72973836818876
 20
-1.5370576304644563
 10
-23.041997909835654
 20
-1.5554396382595765
 10
-23.35346368681232
 20
-1.5843011928338409
 10
-23.66378410143969
 20
-1.6236097138642978
 10
-23.972608848979387
 20
-1.6733208279854646
 10
-24.27958931307448
 20
-1.7333784188800998
 10
-24.49763581365934
 20
-1.7836969848454711
 10
-24.494110462240023
 20
-1.6400900889604666
 10
-24.49237763981338
 20
-1.5977527969751653
 10
-24.31859071884904
 20
-1.5576480091294203
 10
-24.31563329909037
 20
-1.5570176589712694
 10
-24.0056848243823
 20
-1.49637940712907
 10
-24.002707898132222
 20
-1.4958487631312198
 10
-23.690897308705345
 20
-1.445657021961918
 10
-23.687904236462625
 20
-1.4452266831410563
 10
-23.374583519237
 20
-1.4055381115170122
 10
-23.371577679726794
 20
-1.4052085636604768
 10
-23.05710052632797
 20
-1.376067963966728
 10
-23.054085312687736
 20
-1.3758395790841265
 10
-22.73880672018253
 20
-1.357279846643288
 10
-22.735785536131694
 20
-1.357152882546555
 10
-22.420061406290266
 20
-1.349194968484988
 10
-22.41703766228796
 20
-1.3491695684973557
 10
-22.101224399824623
 20
-1.3518224560945047
 10
-22.09820150921976
 20
-1.3518986488887113
 10
-21.78265561946606
 20
-1.3651593434363651
 10
-21.7796369946442
 20
-1.365337043002288
 10
-21.4647146811084
 20
-1.389190575185127
 10
-21.461703729639687
 20
-1.3894695809268758
 10
-21.147760491906958
 20
-1.423889023720583
 10
-21.14476061269948
 20
-1.4242690206829407
 10
-20.83215084512673
 20
-1.469215519750714
 10
-20.829165424589664
 20
-1.4696960789746756
 10
-20.518242016247992
 20
-1.5251188965279097
 10
-20.515274424468874
 20
-1.5256994755349094
 10
-20.206388360785283
 20
-1.5915360476084455
 10
-20.203441947725672
 20
-1.5922159910127351
 10
-19.89694191427366
 20
-1.6683919980901265
 10
-19.894020005987564
 20
-1.669170538338606
 10
-19.590251994873963
 20
-1.7555999892475809
 10
-19.5873578897532
 20
-1.756476247486248
 10
-19.28666480904549
 20
-1.8530615764697118
 10
-19.283801774096318
 20
-1.8540345635357582
 10
-19.143429316430797
 20
-1.9043853624935874
 10
-19.04872002271752
 20
-1.8704136796827202
 10
-18.75800203775171
 20
-1.7549711711449036
 10
-18.471326270483125
 20
-1.62982755755992
 10
-18.18901633442535
 20
-1.4951241071098644
 10
-18.092328279989083
 20
-1.4449347756461386
 10
-18.159683480386768
 20
-1.4138371099832467
 10
-18.447646768968223
 20
-1.2913459728495609
 10
-18.739194882178758
 20
-1.1776506258458903
 10
-19.03405922624766
 20
-1.0728558127883734
 10
-19.331968152268622
 20
-0.9770580777215022
 10
-19.632647206461513
 20
-0.8903456759750795
 10
-19.93581938301712
 20
-0.812798492857644
 10
-20.241205379294144
 20
-0.7444879700605646
 10
-20.54852385313129
 20
-0.6854770398412392
 10
-20.857491682038606
 20
-0.6358200670456511
 10
-21.1678242240292
 20
-0.5955627990237713
 10
-21.479235579850464
 20
-0.5647423234840532
 10
-21.79143885637378
 20
-0.5433870343257128
 10
-22.104146430899814
 20
-0.5315166054803695
 10
-22.417070216135937
 20
-0.5291419727870826
 10
-22.72992192560162
 20
-0.5362653239175296
 10
-23.042413339217415
 20
-0.5528800963605681
 10
-23.35425656883267
 20
-0.5789709834680686
 10
-23.665164323447534
 20
-0.6145139485564275
 10
-23.974850173884764
 20
-0.6594762470507815
 10
-24.283028816667613
 20
-0.7138164566515123
 10
-24.428043808160673
 20
-0.7439509184135064
 10
-24.42792556921389
 20
-0.7428433853646936
 10
-24.405893475111917
 20
-0.5642118855794354
 10
-24.40463780077129
 20
-0.5552418021390391
 10
-24.318313455730312
 20
-0.5373033969577303
 10
-24.315630750545598
 20
-0.5367882670780406
 10
-24.00476158396688
 20
-0.4819736455398593
 10
-24.002064480905776
 20
-0.4815401700747739
 10
-23.68967494814221
 20
-0.436185332587699
 10
-23.68696593195783
 20
-0.43583391088403034
 10
-23.373343827300538
 20
-0.3999806413810545
 10
-23.370625393721166
 20
-0.3997115971921602
 10
-23.056059646989592
 20
-0.37339292612148756
 10
-23.05333430041945
 20
-0.37320650730900673
 10
-22.738114710779694
 20
-0.3564466812041791
 10
-22.735384961991716
 20
-0.3563430595096856
 10
-22.419801930974042
 20
-0.3491575186520409
 10
-22.417070294796783
 20
-0.3491367895388232
 10
-22.101414558758137
 20
-0.3515321537328723
 10
-22.098683551758945
 20
-0.3515943362979865
 10
-21.78324591403705
 20
-0.3635683987727962
 10
-21.78051805220363
 20
-0.36371343572947257
 10
-21.465589115209333
 20
-0.3852551651716992
 10
-21.46286691163185
 20
-0.3854829229021185
 10
-21.1487368091266
 20
-0.4165724736187887
 10
-21.14602277168245
 20
-0.4168827422971799
 10
-20.832980901487545
 20
-0.45749147249888944
 10
-20.83027753053094
 20
-0.4578839662848352
 10
-20.518612287914706
 20
-0.5079744644724872
 10
-20.515922073973158
 20
-0.5084488217742599
 10
-20.205920585961845
 20
-0.5679749412050646
 10
-20.203246007441752
 20
-0.5685307250127485
 10
-19.895193868298712
 20
-0.6374376262137149
 10
-19.892537389202054
 20
-0.6380743245018091
 10
-19.58671839731911
 20
-0.7162985257915554
 10
-19.584082464973466
 20
-0.7170155519906865
 10
-19.28077836141666
 20
-0.8044849879630509
 10
-19.278165404220566
 20
-0.8052816815003601
 10
-18.977655613171333
 20
-0.901915769415905
 10
-18.975068038357044
 20
-0.9027913963236125
 10
-18.67762940968782
 20
-1.0085011103478754
 10
-18.675069601103655
 20
-1.009454863939461
 10
-18.380976155325097
 20
-1.124142817159561
 10
-18.378446471239236
 20
-1.125173818772937
 10
-18.087969147054082
 20
-1.2487343529169455
 10
-18.085471917981998
 20
-1.249841652723942
 10
-17.891083901682745
 20
-1.3395899350251668
 10
-17.638763408438116
 20
-1.1976565547282403
 10
-17.371441570705695
 20
-1.035228248600709
 10
-17.1097271673912
 20
-0.8639113181534861
 10
-17.06673497395051
 20
-0.8336581169703058
 10
-17.2810602261455
 20
-0.7227672612559074
 10
-17.56296679463259
 20
-0.5866647432064797
 10
-17.848532112035596
 20
-0.45841631915346387
 10
-18.13753740936812
 20
-0.3381202390453969
 10
-18.429761282306192
 20
-0.22586866061273556
 10
-18.724979860804808
 20
-0.12174757876637324
 10
-19.02296698060206
 20
-0.025836759717997856
 10
-19.323494356481863
 20
0.061790320128226876
 10
-19.626331757161147
 20
0.1410665304652317
 10
-19.931247181667853
 20
0.21193113851094472
 10
-20.23800703707486
 20
0.2743298555351362
 10
-20.546376317453277
 20
0.32821487844950764
 10
-20.856118783908453
 20
0.37354492642921067
 10
-21.166997145560412
 20
0.41028527253771185
 10
-21.47877324133023
 20
0.43840777033077677
 10
-21.791208222392996
 20
0.45789087541920287
 10
-22.104062735157864
 20
0.46871966197379084
 10
-22.417097104634514
 20
0.47088583415987245
 10
-22.730071518046064
 20
0.4643877324926859
 10
-23.04274620854743
 20
0.4492303351086767
 10
-23.354881638908516
 20
0.4254252539518128
 10
-23.66623868502149
 20
0.3929907258777636
 10
-23.97657881909163
 20
0.35195159868281733
 10
-24.25519249762929
 20
0.3072304361911183
 10
-24.25208172437929
 20
0.3222270759486143
 10
-24.212990438173897
 20
0.4963084786336926
 10
-24.003876129207036
 20
0.5298740775652683
 10
-24.001411333165755
 20
0.5302347944023563
 10
-23.688601410553375
 20
0.57160052442756
 10
-23.68612757555138
 20
0.5718928881472656
 10
-23.372292647976682
 20
0.6045855408304663
 10
-23.369811669196423
 20
0.604809327455609
 10
-23.055192162736546
 20
0.6288038572536065
 10
-23.05270594083325
 20
0.6289588953432926
 10
-22.73754288262408
 20
0.6442369202655404
 10
-22.73505332226968
 20
0.6443230910465028
 10
-22.41958815585713
 20
0.6508729067373755
 10
-22.417097164281124
 20
0.6508901441949644
 10
-22.10157156465345
 20
0.6487067329003744
 10
-22.099081050181773
 20
0.6486550238291307
 10
-21.783736738624572
 20
0.6377400582405637
 10
-21.78124860921766
 20
0.6376194422543354
 10
-21.466327168133393
 20
0.6179812842274314
 10
-21.463843329924497
 20
0.6177918537290261
 10
-21.1495860177584
 20
0.5894455478776295
 10
-21.147108373593337
 20
0.5891874479880252
 10
-20.833755940007535
 20
0.5521547101586473
 10
-20.83128638798691
 20
0.5518281386058167
 10
-20.51907888942431
 20
0.506137339241327
 10
-20.516619321449415
 20
0.5057425462087597
 10
-20.205795937228633
 20
0.4514286886140404
 10
-20.203348237552074
 20
0.45096597654908
 10
-19.894147086634334
 20
0.3880706700753188
 10
-19.89171313041652
 20
0.3875403934574597
 10
-19.58437108898492
 20
0.3161118216255987
 10
-19.58195274085752
 20
0.3155143866949245
 10
-19.27670526084832
 20
0.23560727028271622
 10
-19.27430437348579
 20
0.23494313472868078
 10
-18.971385302210834
 20
0.14661868984958537
 10
-18.969003714911096
 20
0.14588836246038292
 10
-18.668645115909527
 20
0.04921425366647378
 10
-18.666284653184903
 20
0.0484182939392591
 10
-18.368716628441394
 20
-0.05653141761598536
 10
-18.36637909862086
 20
-0.05739239990372057
 10
-18.071829612286585
 20
-0.17053731320298093
 10
-18.069516806130423
 20
-0.17146265846055497
 10
-17.778211509881796
 20
-0.2927160942171638
 10
-17.775925199209727
 20
-0.2937050935460103
 10
-17.488087259378712
 20
-0.42297416060816423
 10
-17.485829195712494
 20
-0.42402605634491225
 10
-17.20167912232091
 20
-0.5612117228587277
 10
-17.199451035542534
 20
-0.5623257091556426
 10
-16.91920651337134
 20
-0.7073228784325676
 10
-16.917010110397776
 20
-0.7084981018749024
 10
-16.901254449192717
 20
-0.7172110318895587
 10
-16.853915634409528
 20
-0.6838991542486822
 10
-16.604295744229184
 20
-0.4953949633497598
 10
-16.36114927989183
 20
-0.2986115381321805
 10
-16.12475071692203
 20
-0.09377101727275208
 10
-15.895366913486043
 20
0.11889536531115631
 10
-15.673256809149064
 20
0.33914754149000736
 10
-15.458671132571986
 20
0.5667368799223492
 10
-15.251852118476602
 20
0.8014064667220426
 10
-15.053033234199356
 20
1.0428913954750794
 10
-14.862438916141965
 20
1.2909190662789105
 10
-14.782606195901899
 20
1.4023666858504902
 10
-14.8287770439746
 20
1.4872393397554675
 10
-14.829937040715292
 20
1.4894438223984634
 10
-14.97299151580283
 20
1.7706849795264874
 10
-14.974090057620145
 20
1.7729207214698477
 10
-15.109306191518439
 20
2.058013282647587
 10
-15.110342436829502
 20
2.0602785711097886
 10
-15.237616641690977
 20
2.3490041295249733
 10
-15.238589796637704
 20
2.351297229089176
 10
-15.35782456885423
 20
2.6434345947234856
 10
-15.35873388791149
 20
2.6457537486670164
 10
-15.469837882810996
 20
2.9410791177477202
 10
-15.470682669357743
 20
2.943422549387884
 10
-15.573570771182544
 20
3.2417096758418604
 10
-15.574350378035508
 20
3.2440755898970406
 10
-15.668943765148708
 20
3.5450959586758595
 10
-15.669657595058187
 20
3.5474825426408647
 10
-15.755883800328215
 20
3.8510055447840497
 10
-15.756531306435619
 20
3.853410970318661
 10
-15.834324272752642
 20
4.159204079621143
 10
-15.834904959009448
 20
4.161626503950786
 10
-15.904205089891121
 20
4.4694554550990935
 10
-15.904718511438881
 20
4.4718930224265705
 10
-15.965472716686662
 20
4.781521990467338
 10
-15.965918480197805
 20
4.78397283339454
 10
-16.018080216568883
 20
5.095164614397889
 10
-16.01845798054805
 20
5.097626855356392
 10
-16.061987287411686
 20
5.41014304813567
 10
-16.062296762457336
 20
5.4126148008251205
 10
-16.097160292408347
 20
5.726215989573881
 10
-16.09740124143447
 20
5.728695360407076
 10
-16.123572285840375
 20
6.043141298113361
 10
-16.123744524258115
 20
6.045626387666908
 10
-16.141203033720362
 20
6.360676180164286
 10
-16.141306429579437
 20
6.363165084633728
 10
-16.15003902929308
 20
6.678577375148099
 10
-16.150073503382867
 20
6.681068187806414
 10
-16.150073503382867
 20
6.996601341857274
 10
-16.15003902929308
 20
6.999092154515589
 10
-16.141306429579437
 20
7.314504445029961
 10
-16.141203033720362
 20
7.316993349499404
 10
-16.123744524258115
 20
7.632043141996776
 10
-16.123572285840375
 20
7.634528231550321
 10
-16.099945957686916
 20
7.918399321887646
 10
-16.259179507539656
 20
7.655415935448676
 10
-16.42218401231436
 20
7.375491848996528
 10
-16.580369713236276
 20
7.0928166877657395
 10
-16.73369019346662
 20
6.807473397858936
 10
-16.882100463781146
 20
6.519545708294211
 10
-17.025556975771128
 20
6.229118106436737
 10
-17.164017634621732
 20
5.936275813207855
 10
-17.297441811464537
 20
5.641104758077338
 10
-17.42579035529869
 20
5.3436915538503404
 10
-17.549025604479727
 20
5.044123471250965
 10
-17.667111397770242
 20
4.742488413315265
 10
-17.780013084951094
 20
4.438874889596911
 10
-17.887697536988732
 20
4.133371990196014
 10
-17.99013315575636
 20
3.8260693596171214
 10
-18.0872898833058
 20
3.5170571704648257
 10
-18.179139210687886
 20
3.206426096982845
 10
-18.265860073011392
 20
2.8935244188516767
 10
-18.28166077816063
 20
2.862163786043905
 10
-18.30825992085128
 20
2.839237007346503
 10
-18.341608022730515
 20
2.828234476984384
 10
-18.37662813758852
 20
2.8308312304669943
 10
-18.40798877039629
 20
2.8466319356162355
 10
-18.430915549093694
 20
2.8732310783068846
 10
-18.44191807945581
 20
2.906579180186119
 10
-18.4393213259732
 20
2.941599295044122
 10
-18.35239457695538
 20
3.255243842773553
 10
-18.351970108977927
 20
3.256725946295027
 10
-18.259683619029563
 20
3.568835487623432
 10
-18.259233826013194
 20
3.5703101028799247
 10
-18.161614674997296
 20
3.8807930546987843
 10
-18.161139688925946
 20
3.882259748990132
 10
-18.05821652148203
 20
4.191025005485294
 10
-18.057716481732083
 20
4.192483348435607
 10
-17.949519498870888
 20
4.499440307820706
 10
-17.948994552170298
 20
4.500889871504644
 10
-17.835555502411843
 20
4.80594846260661
 10
-17.835005802797077
 20
4.80738882167496
 10
-17.716357972854613
 20
5.110459530363808
 10
-17.71578368162545
 20
5.111890262168291
 10
-17.59196188663803
 20
5.412884157623508
 10
-17.591363172310224
 20
5.414304842340795
 10
-17.462403745626837
 20
5.71313360314655
 10
-17.461780783882684
 20
5.714543823901457
 10
-17.327721566400836
 20
6.011119763962971
 10
-17.327074540037604
 20
6.0125191069507835
 10
-17.18795486909959
 20
6.30675520122427
 10
-17.187283967975898
 20
6.30814325583216
 10
-17.04314466582594
 20
6.5999531658608195
 10
-17.042450086806035
 20
6.601329524788339
 10
-16.893333448611692
 20
6.890627624036899
 10
-16.892615395507693
 20
6.891991883415495
 10
-16.7385651769491
 20
7.178693282395792
 10
-16.73782386046118
 20
7.180045041907316
 10
-16.578885264891674
 20
7.464065613087663
 10
-16.578120902546246
 20
7.465404476081828
 10
-16.41434056772828
 20
7.746660878572735
 10
-16.41355338381416
 20
7.7479864521835164
 10
-16.244979368234215
 20
8.026396156192678
 10
-16.244169593736807
 20
8.02770805145359
 10
-16.0708513625035
 20
8.30318936250276
 10
-16.07001923503703
 20
8.304487194460988
 10
-16.053267781702374
 20
8.330127678825452
 10
-16.01845798054805
 20
8.580042674307302
 10
-16.018080216568883
 20
8.582504915265805
 10
-15.996204412580337
 20
8.713013806987643
 10
-15.822227075948627
 20
8.752081724379288
 10
-15.806601438415473
 20
8.755322971487866
 10
-15.818264589233552
 20
8.68574176258468
 10
-15.708500695396598
 20
8.847625567745013
 10
-15.707624600999376
 20
8.848894134857709
 10
-15.520384359512159
 20
9.115108811355878
 10
-15.519486664054575
 20
9.116362185512978
 10
-15.341230032679265
 20
9.360796447694508
 10
-15.447282919877107
 20
9.344073237426198
 10
-15.75508265359131
 20
9.286917675415463
 10
-16.061214097616826
 20
9.221412154105348
 10
-16.365450778688803
 20
9.147605133886207
 10
-16.667567625270504
 20
9.065551216522048
 10
-16.967341134059765
 20
8.975311104756509
 10
-17.26454953533434
 20
8.876951557405615
 10
-17.55897295701541
 20
8.770545339970116
 10
-17.850393587326504
 20
8.656171170804402
 10
-18.13859583592924
 20
8.533913662881154
 10
-18.423366493414818
 20
8.403863261195559
 10
-18.704494889034006
 20
8.26611617585508
 10
-18.9817730465505
 20
8.120774310903629
 10
-19.25499583809867
 20
7.967945188934447
 10
-19.52396113593626
 20
7.807741871545352
 10
-19.78846996197585
 20
7.640282875697262
 10
-20.048326634987596
 20
7.4656920860361
 10
-20.303338915362442
 20
7.284098663244019
 10
-20.553318147328678
 20
7.095636948487904
 10
-20.798079398518546
 20
6.900446364034424
 10
-21.037441596778773
 20
6.698671310107274
 10
-21.271227664126762
 20
6.490461058060707
 10
-21.499264647750607
 20
6.275969639950466
 10
-21.721383847958915
 20
6.055355734581478
 10
-21.93742094298226
 20
5.828782550119701
 10
-22.147216110537766
 20
5.5964177033514
 10
-22.350614146063663
 20
5.358433095682273
 10
-22.547464577538726
 20
5.115004785965815
 10
-22.737621776799436
 20
4.866312860257333
 10
-22.920945067275042
 20
4.6125412985871375
 10
-23.09729882805825
 20
4.353877838854483
 10
-23.266552594236863
 20
4.090513837940079
 10
-23.428581153410086
 20
3.8226441301426335
 10
-23.583264638319953
 20
3.550466883041532
 10
-23.730488615527378
 20
3.274183450895421
 10
-23.870144170069853
 20
2.9939982256805657
 10
-24.002127986035145
 20
2.710118485884599
 10
-24.12634242299335
 20
2.422754243164122
 10
-24.242695588231182
 20
2.1321180869782457
 10
-24.351101404732393
 20
1.838425027319025
 10
-24.451479674857467
 20
1.5418923356474676
 10
-24.543756139672798
 20
1.2427393841586802
 10
-24.627862533886887
 20
0.9411874834921439
 10
-24.703736636352303
 20
0.6374597190083608
 10
-24.77132231609641
 20
0.3317807857518387
 10
-24.830569573846468
 20
0.024376822224347717
 10
-24.88143457901865
 20
-0.284524756910512
 10
-24.92387970214369
 20
-0.5946954290674882
 10
-24.95787354270447
 20
-0.9059057327966054
 10
-24.98339095236619
 20
-1.2179254375388384
 10
-25.000413053580665
 20
-1.5305237139472596
 10
-25.008927253551853
 20
-1.8434693046530006
 10
-25.00892725355185
 20
-2.156530695347007
 10
-25.000413053580665
 20
-2.469476286052747
 10
-24.98339095236619
 20
-2.782074562461169
 10
-24.95787354270447
 20
-3.0940942672033978
 10
-24.92387970214369
 20
-3.405304570932515
 10
-24.88143457901865
 20
-3.7154752430894904
 10
-24.830569573846468
 20
-4.0243768222243474
 10
-24.771322316096413
 20
-4.331780785751837
 10
-24.703736636352296
 20
-4.637459719008376
 10
-24.62786253388689
 20
-4.941187483492141
 10
-24.543756139672798
 20
-5.2427393841586785
 10
-24.451479674857463
 20
-5.541892335647477
 10
-24.351101404732397
 20
-5.8384250273190155
 10
-24.24269558823116
 20
-6.132118086978286
 10
-24.12634242299336
 20
-6.4227542431641
 10
-24.00212798603514
 20
-6.710118485884603
 10
-23.870144170069846
 20
-6.993998225680574
 10
-23.730488615527364
 20
-7.2741834508954435
 10
-23.58326463831991
 20
-7.550466883041613
 10
-23.428581153410125
 20
-7.822644130142566
 10
-23.266552594236884
 20
-8.09051383794005
 10
-23.097298828058264
 20
-8.353877838854467
 10
-22.920945067275046
 20
-8.612541298587134
 10
-22.737621776799426
 20
-8.866312860257345
 10
-22.5474645775387
 20
-9.115004785965846
 10
-22.35061414606369
 20
-9.35843309568224
 10
-22.147216110537748
 20
-9.59641770335142
 10
-21.937420942982275
 20
-9.828782550119687
 10
-21.721383847958943
 20
-10.055355734581445
 10
-21.499264647750614
 20
-10.275969639950453
 10
-21.271227664126695
 20
-10.490461058060767
 10
-21.037441596778798
 20
-10.698671310107256
 10
-20.798079398518563
 20
-10.900446364034407
 10
-20.553318147328632
 20
-11.09563694848794
 10
-20.30333891536246
 20
-11.284098663244007
 10
-20.048326634987614
 20
-11.465692086036087
 10
-19.788469961975846
 20
-11.640282875697263
 10
-19.523961135936243
 20
-11.80774187154536
 10
-19.2549958380987
 20
-11.96794518893443
 10
-18.981773046550504
 20
-12.120774310903629
 10
-18.70449488903401
 20
-12.26611617585508
 10
-18.42336649341477
 20
-12.403863261195584
 10
-18.138595835929305
 20
-12.533913662881131
 10
-17.850393587326504
 20
-12.6561711708044
 10
-17.558972957015413
 20
-12.770545339970115
 10
-17.264549535334332
 20
-12.876951557405617
 10
-16.967341134059758
 20
-12.975311104756512
 10
-16.667567625270497
 20
-13.065551216522051
 10
-16.365450778688796
 20
-13.147605133886211
 10
-16.06121409761682
 20
-13.221412154105348
 10
-15.75508265359131
 20
-13.286917675415463
 10
-15.44728291987709
 20
-13.344073237426201
 10
-15.340878347608866
 20
-13.360851904019517
 10
-15.494813929968085
 20
-13.150727204079011
 10
-15.495709546886827
 20
-13.149482568381423
 10
-15.682539008610366
 20
-12.885124994575623
 10
-15.683413290789487
 20
-12.88386528097479
 10
-15.818210200756846
 20
-12.686066238879187
 10
-15.806601438415475
 20
-12.755322971487866
 10
-15.822227075948614
 20
-12.752081724379291
 10
-15.996204412580338
 20
-12.713013806987643
 10
-16.018080216568887
 20
-12.582504915265801
 10
-16.018457980548053
 20
-12.580042674307297
 10
-16.05323039054537
 20
-12.330396126519071
 10
-16.218189169099755
 20
-12.06967308205267
 10
-16.218997949491882
 20
-12.068370345716277
 10
-16.387391432239543
 20
-11.791903693903594
 10
-16.388177900639825
 20
-11.790587367523013
 10
-16.551836804494656
 20
-11.511291936508773
 10
-16.552600732609022
 20
-11.509962402183932
 10
-16.711477551074886
 20
-11.227919265145358
 10
-16.712218717152194
 20
-11.226576908810143
 10
-16.8662673318647
 20
-10.941867936521671
 10
-16.86698552076113
 20
-10.94051314783191
 10
-17.016161214874746
 20
-10.65322098489997
 10
-17.016856218116214
 20
-10.65185415712033
 10
-17.161115689284603
 20
-10.362062197993422
 10
-17.161787305127316
 20
-10.360683727883242
 10
-17.301088678073
 20
-10.068476092644447
 10
-17.309725588564298
 20
-10.034438534704982
 10
-17.30467944388974
 20
-9.999686729036203
 10
-17.28671847383261
 20
-9.96951132302528
 10
-17.258577073267514
 20
-9.948506248696637
 10
-17.224539515328047
 20
-9.939869338205341
 10
-17.189787709659267
 20
-9.9449154828799
 10
-17.159612303648345
 20
-9.962876452937028
 10
-17.138607229319703
 20
-9.991017853502127
 10
-16.999635792650242
 20
-10.282533392912892
 10
-16.85605968061488
 20
-10.570952603475398
 10
-16.70759063385109
 20
-10.856883859412612
 10
-16.554271749581623
 20
-11.14024416131626
 10
-16.396147532827335
 20
-11.42095125606923
 10
-16.233263883489684
 20
-11.698923660719357
 10
-16.100003383361116
 20
-11.91770935057077
 10
-16.123572285840375
 20
-11.634528231550327
 10
-16.123744524258115
 20
-11.632043141996782
 10
-16.141203033720366
 20
-11.316993349499405
 10
-16.14130642957944
 20
-11.31450444502996
 10
-16.15003902929308
 20
-10.999092154515589
 10
-16.150073503382867
 20
-10.996601341857275
 10
-16.150073503382867
 20
-10.681068187806414
 10
-16.15003902929308
 20
-10.6785773751481
 10
-16.14130642957944
 20
-10.36316508463373
  0
LWPOLYLINE
  5
46
330
17
100
AcDbEntity
  8
ENGRAVE_LINES
100
AcDbPolyline
 90
1294
 70
1
 10
-13.265213004418351
 20
-13.507596771387158
 10
-12.952332544931192
 20
-13.496954759621907
 10
-12.639857244858808
 20
-13.477807405027866
 10
-12.328018270593237
 20
-13.450168872644245
 10
-12.017046317778815
 20
-13.414059609206578
 10
-11.707171440644734
 20
-13.36950632802034
 10
-11.39862288181413
 20
-13.316541989198788
 10
-11.091628902711388
 20
-13.255205775279244
 10
-10.786416614697295
 20
-13.185543062236341
 10
-10.483211811053605
 20
-13.107605385913201
 10
-10.182238799943205
 20
-13.021450403895674
 10
-9.883720238469337
 20
-12.927141852857872
 10
-9.587876967955543
 20
-12.82474950141026
 10
-9.294927850569346
 20
-12.714349098485501
 10
-9.005089607410198
 20
-12.59602231730014
 10
-8.71857665818078
 20
-12.469856694933352
 10
-8.43560096256192
 20
-12.3359455675681
 10
-8.156371863405669
 20
-12.194388001441371
 10
-7.881095931866631
 20
-12.045288719556481
 10
-7.6099768145814926
 20
-11.888758024209453
 10
-7.343215083013665
 20
-11.724911715388679
 10
-7.081008085071963
 20
-11.553871005106929
 10
-6.823549799114664
 20
-11.37576242772995
 10
-6.571030690446147
 20
-11.19071774636754
 10
-6.32363757041199
 20
-10.998873855396134
 10
-6.081553458198037
 20
-10.800372679185859
 10
-5.844957445434254
 20
-10.59536106710602
 10
-5.61402456370445
 20
-10.383990684887335
 10
-5.3889256550595
 20
-10.166417902421015
 10
-5.169827245629906
 20
-9.942803678077697
 10
-4.956891422431126
 20
-9.713313439631737
 10
-4.750275713453539
 20
-9.478116961879739
 10
-4.550132971124058
 20
-9.23738824104205
 10
-4.356611259227845
 20
-8.991305366042555
 10
-4.169853743371594
 20
-8.740050386759535
 10
-3.9899985850713153
 20
-8.48380917934734
 10
-3.8171788395414263
 20
-8.222771308726529
 10
-3.6515223572617814
 20
-7.957129888345552
 10
-3.493151689395118
 20
-7.687081437317268
 10
-3.3421839971248044
 20
-7.412825735035906
 10
-3.1987309649799265
 20
-7.13456567338183
 10
-3.062898718212247
 20
-6.852507106624253
 10
-2.9347877442856496
 20
-6.566858699132011
 10
-2.814492818536381
 20
-6.277831771005471
 10
-2.702102934059173
 20
-5.985640141743969
 10
-2.5977012358709577
 20
-5.6904999720640514
 10
-2.5013649594008784
 20
-5.39262960398561
 10
-2.4131653733523217
 20
-5.092249399304729
 10
-2.3331677269788536
 20
-4.789581576571621
 10
-2.2614312018135294
 20
-4.484850046695759
 10
-2.198008867886845
 20
-4.178280247298316
 10
-2.1429476444660764
 20
-3.8700989759357065
 10
-2.0962882653447688
 20
-3.560534222316505
 10
-2.0580652487083073
 20
-3.249814999637116
 10
-2.0283068715976267
 20
-2.938171175159509
 10
-2.0070351489901435
 20
-2.6258333001577925
 10
-1.9942658175132597
 20
-2.3130324393582598
 10
-1.9900083238025574
 20
-2.0000000000000013
 10
-1.9942658175132597
 20
-1.6869675606417338
 10
-2.0070351489901435
 20
-1.37416669984221
 10
-2.0283068715976267
 20
-1.0618288248404864
 10
-2.0580652487083078
 20
-0.7501850003628846
 10
-2.0962882653447683
 20
-0.43946577768349304
 10
-2.1429476444660764
 20
-0.12990102406429782
 10
-2.198008867886848
 20
0.17828024729832834
 10
-2.2614312018135254
 20
0.48485004669574416
 10
-2.333167726978856
 20
0.7895815765716306
 10
-2.4131653733523226
 20
1.0922493993047309
 10
-2.5013649594008833
 20
1.3926296039856239
 10
-2.597701235870954
 20
1.6904999720640455
 10
-2.7021029340591753
 20
1.9856401417439786
 10
-2.814492818536376
 20
2.277831771005464
 10
-2.9347877442856536
 20
2.5668586991320193
 10
-3.062898718212249
 20
2.8525071066242558
 10
-3.1987309649799265
 20
3.134565673381832
 10
-3.342183997124802
 20
3.4128257350359017
 10
-3.4931516893951278
 20
3.6870814373172838
 10
-3.6515223572617725
 20
3.957129888345538
 10
-3.8171788395414
 20
4.222771308726489
 10
-3.9899985850713335
 20
4.483809179347367
 10
-4.169853743371603
 20
4.740050386759547
 10
-4.356611259227843
 20
4.99130536604255
 10
-4.550132971124065
 20
5.237388241042058
 10
-4.750275713453538
 20
5.478116961879738
 10
-4.956891422431146
 20
5.713313439631758
 10
-5.169827245629875
 20
5.942803678077664
 10
-5.3889256550595235
 20
6.1664179024210375
 10
-5.614024563704481
 20
6.383990684887366
 10
-5.844957445434245
 20
6.595361067106012
 10
-6.081553458198017
 20
6.800372679185844
 10
-6.323637570411991
 20
6.998873855396136
 10
-6.571030690446149
 20
7.19071774636754
 10
-6.823549799114693
 20
7.375762427729968
 10
-7.081008085071939
 20
7.553871005106913
 10
-7.343215083013647
 20
7.724911715388668
 10
-7.609976814581524
 20
7.888758024209471
 10
-7.881095931866636
 20
8.045288719556485
 10
-8.156371863405726
 20
8.194388001441402
 10
-8.435600962561812
 20
8.335945567568048
 10
-8.718576658180892
 20
8.469856694933403
 10
-9.005089607410138
 20
8.596022317300115
 10
-9.294927850569351
 20
8.714349098485503
 10
-9.587876967955536
 20
8.824749501410258
 10
-9.88372023846934
 20
8.927141852857872
 10
-10.182238799943196
 20
9.02145040389567
 10
-10.483211811053609
 20
9.107605385913201
 10
-10.786416614697275
 20
9.185543062236336
 10
-11.09162890271142
 20
9.25520577527925
 10
-11.398622881814111
 20
9.316541989198784
 10
-11.707171440644746
 20
9.369506328020341
 10
-12.01704631777881
 20
9.414059609206578
 10
-12.32801827059324
 20
9.450168872644245
 10
-12.63985724485881
 20
9.477807405027866
 10
-12.952332544931195
 20
9.496954759621907
 10
-13.265213004418353
 20
9.507596771387158
 10
-13.578267157194716
 20
9.509725567459855
 10
-13.891263408638364
 20
9.503339572975975
 10
-14.203970206961822
 20
9.48844351223631
 10
-14.516156214512723
 20
9.465048405211448
 10
-14.827590478914942
 20
9.43317155938932
 10
-15.086864324550328
 20
9.399485814154685
 10
-15.182733301415986
 20
9.272647632343867
 10
-15.373597697373317
 20
9.010924983135231
 10
-15.55995097886748
 20
8.745971369781087
 10
-15.74173846377368
 20
8.477864538304647
 10
-15.880545771498614
 20
8.265400190746721
 10
-15.883536509620443
 20
8.243928355820382
 10
-15.918124774816125
 20
7.932803203050027
 10
-15.944089185925124
 20
7.620839971031713
 10
-15.9614098518488
 20
7.308277651953441
 10
-15.970073503382867
 20
6.995355696958821
 10
-15.970073503382867
 20
6.682313832704867
 10
-15.9614098518488
 20
6.369391877710246
 10
-15.944089185925126
 20
6.056829558631974
 10
-15.918124774816125
 20
5.744866326613663
 10
-15.883536509620445
 20
5.433741173843312
 10
-15.840350888092777
 20
5.12369245046453
 10
-15.788600994344074
 20
4.814957681977759
 10
-15.728326473496193
 20
4.507773387274745
 10
-15.659573501310136
 20
4.202374897443623
 10
-15.582394748811126
 20
3.8989961754833278
 10
-15.496849341937876
 20
3.5978696370671197
 10
-15.403002816246847
 20
3.299225972491305
 10
-15.300927066705825
 20
3.003293969944748
 10
-15.190700292616018
 20
2.710300340236911
 10
-15.072406937704306
 20
2.420469543116788
 10
-14.946137625431502
 20
2.1340236153158916
 10
-14.811989089566648
 20
1.8511820004482322
 10
-14.670064100080292
 20
1.5721613808968309
 10
-14.666582798742441
 20
1.5657619471432835
 10
-14.50677505997309
 20
1.8054756216665997
 10
-14.342107012476516
 20
2.071423649848424
 10
-14.18646605920773
 20
2.342753362975562
 10
-14.161049249647021
 20
2.390728124463911
 10
-14.28215812211589
 20
2.658358681857983
 10
-14.283246440280479
 20
2.6608642415706343
 10
-14.404599183407827
 20
2.9522708187084725
 10
-14.405610959296673
 20
2.9548082535257207
 10
-14.518063936686064
 20
3.249763520201841
 10
-14.518998238183032
 20
3.2523304924677223
 10
-14.622447850572906
 20
3.550562716011905
 10
-14.623303816936486
 20
3.553156860858565
 10
-14.717654759571902
 20
3.854391289647051
 10
-14.718431602228195
 20
3.8570102171734253
 10
-14.803596952662001
 20
4.160969333748681
 10
-14.804293955931195
 20
4.163610631222228
 10
-14.880195254102835
 20
4.470014407960667
 10
-14.880811775858545
 20
4.472675642040146
 10
-14.947379096376759
 20
4.781241799132508
 10
-14.94791456863759
 20
4.783920518109728
 10
-15.0050865852004
 20
5.094364783616213
 10
-15.005540514653221
 20
5.09705851967472
 10
-15.053264556545853
 20
5.409094891415499
 10
-15.053636525000256
 20
5.411801162904092
 10
-15.091868625618945
 20
5.725142171943768
 10
-15.092158290392524
 20
5.727858485662759
 10
-15.120863227749522
 20
6.042215461146127
 10
-15.121070321983563
 20
6.044939314644256
 10
-15.140221651156
 20
6.360022649739356
 10
-15.140345984061339
 20
6.362751533619202
 10
-15.149926061554078
 20
6.678270952322632
 10
-15.14996751858686
 20
6.681002352552453
 10
-15.14996751858686
 20
6.996667177111229
 10
-15.149926061554078
 20
6.999398577341051
 10
-15.140345984061339
 20
7.3149179960444854
 10
-15.140221651156
 20
7.3176468799243315
 10
-15.121070321983563
 20
7.632730215019432
 10
-15.120863227749522
 20
7.635454068517561
 10
-15.092158290392524
 20
7.949811044000929
 10
-15.091868625618945
 20
7.95252735771992
 10
-15.053636525000256
 20
8.265868366759596
 10
-15.053264556545853
 20
8.268574638248188
 10
-15.005540514653221
 20
8.580611009988967
 10
-15.0050865852004
 20
8.583304746047475
 10
-14.947914568637588
 20
8.893749011553966
 10
-14.947379096376757
 20
8.896427730531185
 10
-14.945634388925866
 20
8.904515147437571
 10
-14.935788114420577
 20
8.905893475111913
 10
-14.757156614635315
 20
8.927925569213889
 10
-14.75642625133551
 20
8.928003541954686
 10
-14.77113886975403
 20
8.859804670634235
 10
-14.827816071495816
 20
8.552047251471645
 10
-14.875127069303833
 20
8.24271150550398
 10
-14.91302827709833
 20
7.9320824136683905
 10
-14.94148477773236
 20
7.62044614841895
 10
-14.960470355159687
 20
7.308089810086154
 10
-14.969967518586861
 20
6.995301162380082
 10
-14.969967518586861
 20
6.6823683672836
 10
-14.960470355159687
 20
6.369579719577533
 10
-14.94148477773236
 20
6.057223381244738
 10
-14.91302827709833
 20
5.745587115995297
 10
-14.875127069303833
 20
5.434958024159711
 10
-14.827816071495816
 20
5.125622278192036
 10
-14.771138869754033
 20
4.817864859029464
 10
-14.705147678936454
 20
4.511969293547641
 10
-14.62990329457559
 20
4.208217393357587
 10
-14.545475036869396
 20
3.9068889951810433
 10
-14.451940686818954
 20
3.6082617030465935
 10
-14.349386414571264
 20
3.312610632541678
 10
-14.237906700033632
 20
3.020208157358063
 10
-14.117604245832233
 20
2.7313236583622533
 10
-14.054492274725655
 20
2.5918566510227716
 10
-14.040027895225187
 20
2.6191584709051794
 10
-13.902957827032585
 20
2.900326954142123
 10
-13.77541058597245
 20
3.185941416062453
 10
-13.657530153558085
 20
3.4756794412057856
 10
-13.595829216780636
 20
3.643252181768295
 10
-13.67131037138702
 20
3.8593808121814384
 10
-13.67225927497193
 20
3.8622519190999305
 10
-13.766315410192826
 20
4.163745696793019
 10
-13.767167327377152
 20
4.166647060276266
 10
-13.851042113767893
 20
4.4711303517197285
 10
-13.851796082866187
 20
4.474058696567878
 10
-13.925394838498926
 20
4.781187786251114
 10
-13.926050008394297
 20
4.784139806806441
 10
-13.989289651423217
 20
5.093567992513416
 10
-13.989845282528101
 20
5.096540356391905
 10
-14.042654424976245
 20
5.407918340575488
 10
-14.043109890067294
 20
5.410907692428601
 10
-14.085428918412763
 20
5.7238839765145295
 10
-14.08578370333889
 20
5.72688694181687
 10
-14.117564845809486
 20
6.041108222992415
 10
-14.117818550072254
 20
6.044121411851069
 10
-14.13902593057258
 20
6.359232981890405
 10
-14.139178267778306
 20
6.362252992871614
 10
-14.149787946388425
 20
6.67789913854763
 10
-14.149838744571486
 20
6.680922562516488
 10
-14.149838744571486
 20
6.996746967147195
 10
-14.149787946388425
 20
6.999770391116054
 10
-14.139178267778304
 20
7.315416536792078
 10
-14.139025930572577
 20
7.318436547773286
 10
-14.117818550072254
 20
7.633548117812617
 10
-14.117564845809486
 20
7.636561306671272
 10
-14.085783703338889
 20
7.950782587846822
 10
-14.085428918412761
 20
7.953785553149163
 10
-14.043109890067294
 20
8.266761837235084
 10
-14.042654424976245
 20
8.269751189088195
 10
-13.989845282528101
 20
8.581129173271778
 10
-13.989289651423217
 20
8.584101537150268
 10
-13.926050008394295
 20
8.89352972285725
 10
-13.925394838498924
 20
8.896481743412577
 10
-13.902416524718461
 20
8.992370709648169
 10
-13.85990991103954
 20
8.994110462240023
 10
-13.71605729069657
 20
8.9976418458562
 10
-13.749998235641385
 20
8.8560055989622
 10
-13.812632307270583
 20
8.549540441674699
 10
-13.864935758908691
 20
8.241144156828565
 10
-13.906849547882096
 20
7.931164877111412
 10
-13.938326359872494
 20
7.619952522171842
 10
-13.959330662327487
 20
7.307858403613781
 10
-13.969838744571486
 20
6.995234828418891
 10
-13.969838744571486
 20
6.682434701244791
 10
-13.95933066232749
 20
6.369811126049913
 10
-13.938326359872494
 20
6.057717007491843
 10
-13.906849547882098
 20
5.7465046525522805
 10
-13.864935758908693
 20
5.436525372835122
 10
-13.812632307270583
 20
5.1281290879889845
 10
-13.749998235641387
 20
4.82166393070149
 10
-13.677104248399676
 20
4.517475853709478
 10
-13.594032631814494
 20
4.215908239271086
 10
-13.50087716115668
 20
3.9173015115393883
 10
-13.500686731784885
 20
3.916756246439362
 10
-13.451290928692481
 20
4.066213614140935
 10
-13.363164949083409
 20
4.366343138310169
 10
-13.285171140994114
 20
4.669263730974041
 10
-13.217397547618825
 20
4.97463344067221
 10
-13.159920675077625
 20
5.2821075512620315
 10
-13.112805406052583
 20
5.591338971051161
 10
-13.076104926545044
 20
5.901978624611389
 10
-13.049860665836707
 20
6.213675846831903
 10
-13.034102249722237
 20
6.526078778767032
 10
-13.028847467066216
 20
6.8388347648318435
 10
-13.034102249722237
 20
7.151590750896656
 10
-13.049860665836707
 20
7.463993682831779
 10
-13.07610492654504
 20
7.775690905052241
 10
-13.11280540605259
 20
8.08633055861258
 10
-13.159920675077627
 20
8.395561978401664
 10
-13.217397547618823
 20
8.703036088991478
 10
-13.282775837464355
 20
8.997613200760373
 10
-13.140090088960472
 20
8.994110462240023
 10
-13.09722924871161
 20
8.992356211513883
 10
-13.041345730381817
 20
8.740560004180086
 10
-13.040740244437924
 20
8.737597393891402
 10
-12.982707662372327
 20
8.427150499915737
 10
-12.982202042923356
 20
8.424169221343767
 10
-12.934631244524768
 20
8.111948027796533
 10
-12.93422606233848
 20
8.108951446353156
 10
-12.897170747831911
 20
7.7953084036642455
 10
-12.89686646029762
 20
7.792299902035969
 10
-12.870368459519726
 20
7.477589065687563
 10
-12.870165410131957
 20
7.474572040016973
 10
-12.854254635311502
 20
7.159148670868536
 10
-12.854153053282255
 20
7.156126526920574
 10
-12.848847465273726
 20
6.8403466901731615
 10
-12.849121886122504
 20
6.8388347648318435
 10
-12.848847465273726
 20
6.8373228394905246
 10
-12.854153053282255
 20
6.521543002743114
 10
-12.854254635311502
 20
6.518520858795152
 10
-12.870165410131957
 20
6.203097489646709
 10
-12.870368459519726
 20
6.200080463976119
 10
-12.89686646029762
 20
5.885369627627713
 10
-12.897170747831913
 20
5.882361125999437
 10
-12.934226062338482
 20
5.568718083310537
 10
-12.934631244524768
 20
5.565721501867161
 10
-12.982202042923356
 20
5.25350030831992
 10
-12.982707662372327
 20
5.250519029747949
 10
-13.040740244437925
 20
4.940072135772284
 10
-13.041345730381819
 20
4.9371095254836
 10
-13.109774586120487
 20
4.628787378593956
 10
-13.110479255057397
 20
4.625846780926776
 10
-13.189227138657127
 20
4.319997430120041
 10
-13.19003019512257
 20
4.317082164563668
 10
-13.279008212152098
 20
4.014050867424536
 10
-13.279908749616979
 20
4.0111642248721555
 10
-13.379016457374147
 20
3.711293057829602
 10
-13.380013459268088
 20
3.708438296863365
 10
-13.404606688265414
 20
3.64164587850466
 10
-13.397742994840701
 20
3.6219927522747457
 10
-13.28474655571681
 20
3.330315320330829
 10
-13.162015399647146
 20
3.0425984753426225
 10
-13.029688071514785
 20
2.7591670060428624
 10
-12.944429113788404
 20
2.5914888300904657
 10
-12.821148422187449
 20
2.875309448245516
 10
-12.70524398967747
 20
3.165986411163948
 10
-12.598214670247257
 20
3.4600470495180495
 10
-12.500159066519105
 20
3.7572204548295756
 10
-12.411167513923663
 20
4.05723285092942
 10
-12.331321997476772
 20
4.359807846178953
 10
-12.260696076249378
 20
4.664666688100493
 10
-12.1993548156
 20
4.97152852018266
 10
-12.147354727232004
 20
5.280110640625003
 10
-12.104743717131392
 20
5.590128762780977
 10
-12.07156104143242
 20
5.901297277062877
 10
-12.047837270252312
 20
6.213329514063934
 10
-12.03359425952793
 20
6.525938008658192
 10
-12.028845130880681
 20
6.8388347648318435
 10
-12.03359425952793
 20
7.1517315210054955
 10
-12.047837270252312
 20
7.464340015599747
 10
-12.07156104143242
 20
7.77637225260081
 10
-12.10474371713139
 20
8.087540766882709
 10
-12.147354727232003
 20
8.397558889038681
 10
-12.199354815599998
 20
8.706141009481025
 10
-12.243707690935274
 20
8.92801784147653
 10
-12.242843385364699
 20
8.927925569213889
 10
-12.064211885579436
 20
8.905893475111915
 10
-12.055479581483574
 20
8.904671086238883
 10
-12.022579087049674
 20
8.740085195901493
 10
-12.022084329214033
 20
8.737398658988456
 10
-11.969630259110398
 20
8.426122492227679
 10
-11.96921726259402
 20
8.42342217747223
 10
-11.926234241196298
 20
8.110697472123828
 10
-11.925903386479405
 20
8.107985867237907
 10
-11.892431012643756
 20
7.794100726376595
 10
-11.892182604532014
 20
7.791380329473372
 10
-11.868251715265096
 20
7.476623925245254
 10
-11.868085982608795
 20
7.473897242537701
 10
-11.853718624658624
 20
7.15855954975542
 10
-11.853635720141861
 20
7.155829093247409
 10
-11.848845129686875
 20
6.8402006222458
 10
-11.84909532934188
 20
6.8388347648318435
 10
-11.848845129686875
 20
6.837468907417886
 10
-11.853635720141861
 20
6.521840436416279
 10
-11.853718624658624
 20
6.519109979908268
 10
-11.868085982608795
 20
6.203772287125978
 10
-11.868251715265096
 20
6.201045604418424
 10
-11.892182604532014
 20
5.886289200190316
 10
-11.892431012643756
 20
5.883568803287095
 10
-11.925903386479405
 20
5.569683662425781
 10
-11.926234241196298
 20
5.566972057539862
 10
-11.969217262594022
 20
5.254247352191454
 10
-11.9696302591104
 20
5.251547037436005
 10
-12.022084329214035
 20
4.940270870675229
 10
-12.022579087049676
 20
4.937584333762191
 10
-12.084455881634696
 20
4.628043474172374
 10
-12.085031944985333
 20
4.625373190120613
 10
-12.156274458978366
 20
4.317852807603173
 10
-12.156931297135621
 20
4.315201236458321
 10
-12.237473897131373
 20
4.00998463951503
 10
-12.238210904971666
 20
4.007354224083128
 10
-12.327979389698841
 20
3.704722598813209
 10
-12.328795888240878
 20
3.7021157624102323
 10
-12.427707556921371
 20
3.402347913462828
 10
-12.428602793951669
 20
3.3997670576821566
 10
-12.536566522490135
 20
3.1031391514025923
 10
-12.537539673256004
 20
3.10058665390251
 10
-12.65445599818947
 20
2.8073719639093713
 10
-12.65550616615884
 20
2.8048501762226024
 10
-12.781267376289176
 20
2.5153188316495614
 10
-12.78239359397654
 20
2.5128300770168766
 10
-12.839249138128036
 20
2.3921010288991322
 10
-12.736853073091783
 20
2.206434800561727
 10
-12.576675969153545
 20
1.9377580153083847
 10
-12.407563452697921
 20
1.6746138032531248
 10
-12.333575138981622
 20
1.5675712371208912
 10
-12.258008005264655
 20
1.7111806360237167
 10
-12.119958022101818
 20
1.9921386594441428
 10
-11.9897366272579
 20
2.2768096925692602
 10
-11.867443582156483
 20
2.564975651515446
 10
-11.753172574384553
 20
2.856415774968573
 10
-11.647011145919508
 20
3.1509067933067407
 10
-11.54904062606395
 20
3.4482230996453214
 10
-11.45933606914005
 20
3.748136922672329
 10
-11.377966196991135
 20
4.050418501141918
 10
-11.304993346334514
 20
4.3548362598923225
 10
-11.240473421005865
 20
4.661156987253599
 10
-11.184455849131803
 20
4.969146013709004
 10
-11.136983545263528
 20
5.278567391672754
 10
-11.098092877500255
 20
5.589184076248044
 10
-11.067813639628055
 20
5.900758106824181
 10
-11.046169028295035
 20
6.21305078937667
 10
-11.033175625240629
 20
6.5258228793281585
 10
-11.028843384592472
 20
6.838834764831843
 10
-11.033175625240629
 20
7.151846650335524
 10
-11.046169028295035
 20
7.46461874028701
 10
-11.067813639628055
 20
7.776911422839507
 10
-11.098092877500255
 20
8.088485453415645
 10
-11.136983545263528
 20
8.399102137990942
 10
-11.184455849131798
 20
8.708523515954665
 10
-11.192950925910413
 20
8.75523011781509
 10
-11.177772924051386
 20
8.752081724379291
 10
-11.003011603257074
 20
8.712837757456748
 10
-10.95887643553398
 20
8.425167615063106
 10
-10.958532783111371
 20
8.422700381962217
 10
-10.919332610662448
 20
8.109611707965128
 10
-10.919057372268098
 20
8.107135909106585
 10
-10.888537162292856
 20
7.793082270235213
 10
-10.888330548784388
 20
7.7905998023059535
 10
-10.866513682537475
 20
7.475821792190179
 10
-10.866375852199615
 20
7.473334556986252
 10
-10.853279043383383
 20
7.158073324190157
 10
-10.853210101806695
 20
7.155583227159781
 10
-10.84884338376699
 20
6.84008029043994
 10
-10.849073262651322
 20
6.8388347648318435
 10
-10.84884338376699
 20
6.837589239223746
 10
-10.853210101806695
 20
6.522086302503902
 10
-10.853279043383383
 20
6.519596205473525
 10
-10.866375852199615
 20
6.204334972677428
 10
-10.866513682537475
 20
6.201847737473501
 10
-10.888330548784388
 20
5.887069727357734
 10
-10.888537162292856
 20
5.884587259428475
 10
-10.919057372268098
 20
5.570533620557101
 10
-10.919332610662448
 20
5.568057821698558
 10
-10.958532783111371
 20
5.254969147701473
 10
-10.95887643553398
 20
5.252501914600583
 10
-11.006726539561823
 20
4.940618059856843
 10
-11.0071383427437
 20
4.938161282638396
 10
-11.06360172082195
 20
4.627721178526062
 10
-11.064081359284433
 20
4.625276739304687
 10
-11.129114755333859
 20
4.316518211157599
 10
-11.129661861630293
 20
4.314087982595902
 10
-11.203215454159018
 20
4.007247567507859
 10
-11.203829609156257
 20
4.004833411381787
 10
-11.285847049427543
 20
3.7001461769977
 10
-11.286527782627044
 20
3.697749942770254
 10
-11.376946237827568
 20
3.395449307202874
 10
-11.37769302772583
 20
3.393072830607252
 10
-11.476443229101287
 20
3.0933903836178027
 10
-11.477255503589378
 20
3.0910354852510604
 10
-11.5842617995107
 20
2.7942008108302936
 10
-11.585138936312537
 20
2.7918692947586043
 10
-11.70031935023186
 20
2.498109795244714
 10
-11.701260677380938
 20
2.495803447621285
 10
-11.824526970633134
 20
2.2053441694889657
 10
-11.825531766987302
 20
2.2030647571856883
 10
-11.956789506388777
 20
1.9161282186401556
 10
-11.957857002182712
 20
1.9138774878940157
 10
-12.097005632375849
 20
1.6306835084017526
 10
-12.09813500981075
 20
1.6284631834770573
 10
-12.217736950122353
 20
1.4011690952813582
 10
-12.043305663112395
 20
1.166104717784955
 10
-11.848571581846432
 20
0.9213138740967547
 10
-11.645724007617563
 20
0.6832030150633926
 10
-11.434991924608319
 20
0.4520409317740183
 10
-11.216613217417082
 20
0.2280885712024265
 10
-10.99083440252259
 20
0.011598741637685846
 10
-10.757910350004236
 20
-0.19718417269808225
 10
-10.518103995832185
 20
-0.3980244875226386
 10
-10.271686045052636
 20
-0.5906954845453372
 10
-10.09766319045622
 20
-0.7175777183946033
 10
-9.942275177519816
 20
-0.6344346714861756
 10
-9.940062720765832
 20
-0.6332899569918838
 10
-9.657838395504927
 20
-0.49218502604930536
 10
-9.655595105451836
 20
-0.49110198131367
 10
-9.369573707730787
 20
-0.35786185465890263
 10
-9.367301302942646
 20
-0.3568413093926225
 10
-9.077701951146915
 20
-0.23156806107209746
 10
-9.075402172492321
 20
-0.23061079710559812
 10
-8.782446726045384
 20
-0.11340039781288362
 10
-8.780121335363798
 20
-0.11250714849736304
 10
-8.48403422476264
 20
-0.003449392050887845
 10
-8.481685003514663
 20
-0.0026208416965041725
 10
-8.18269305839563
 20
0.09820072375067096
 10
-8.18032180629825
 20
0.09896394039904376
 10
-7.8786540816649335
 20
0.19147207636470787
 10
-7.876262615312762
 20
0.19216937461375344
 10
-7.5721502160590575
 20
0.2762932114582262
 10
-7.5697403675326695
 20
0.27692405711411205
 10
-7.2634162713953945
 20
0.35259914833285166
 10
-7.260989886857777
 20
0.35316305811047155
 10
-6.952688765934586
 20
0.42033142970593584
 10
-6.950247704216815
 20
0.4208279715991497
 10
-6.640205745186021
 20
0.4794381664941563
 10
-6.637751876363225
 20
0.47986696010674634
 10
-6.326206599543351
 20
0.5298740775652647
 10
-6.323741803502067
 20
0.5302347944023528
 10
-6.010931880889688
 20
0.5716005244275565
 10
-6.008458045887695
 20
0.571892888147262
 10
-5.694623118312993
 20
0.6045855408304628
 10
-5.692142139532734
 20
0.6048093274556054
 10
-5.377522633072859
 20
0.628803857253603
 10
-5.375036411169563
 20
0.6289588953432891
 10
-5.059873352960394
 20
0.6442369202655368
 10
-5.057383792605994
 20
0.6443230910464992
 10
-4.741918626193443
 20
0.650872906737372
 10
-4.739427634617436
 20
0.6508901441949608
 10
-4.423902034989766
 20
0.6487067329003708
 10
-4.421411520518087
 20
0.6486550238291271
 10
-4.106067208960887
 20
0.6377400582405601
 10
-4.103579079553973
 20
0.6376194422543319
 10
-3.7886576384697035
 20
0.6179812842274278
 10
-3.7861738002608094
 20
0.6177918537290226
 10
-3.4719164880947124
 20
0.5894455478776259
 10
-3.4694388439296486
 20
0.5891874479880217
 10
-3.1560864103438484
 20
0.5521547101586437
 10
-3.1536168583232245
 20
0.5518281386058131
 10
-2.8414093597606236
 20
0.5061373392413234
 10
-2.8389497917857303
 20
0.5057425462087561
 10
-2.787093221585682
 20
0.4966810324611439
 10
-2.7479182756207123
 20
0.32222707594862765
 10
-2.744664168063579
 20
0.306539439838718
 10
-2.8687067877895784
 20
0.32821487844950237
 10
-3.1784492542447675
 20
0.3735449264292069
 10
-3.489327615896732
 20
0.41028527253770913
 10
-3.8011037116665363
 20
0.43840777033077283
 10
-4.113538692729311
 20
0.4578908754191994
 10
-4.426393205494176
 20
0.4687196619737873
 10
-4.739427574970827
 20
0.4708858341598689
 10
-5.052401988382382
 20
0.4643877324926823
 10
-5.36507667888375
 20
0.44923033510867305
 10
-5.677212109244833
 20
0.42542525395180925
 10
-5.988569155357808
 20
0.39299072587776007
 10
-6.298909289427923
 20
0.35195159868281645
 10
-6.607994762707496
 20
0.3023393120682137
 10
-6.915588787633001
 20
0.24419187355447106
 10
-7.221455719225936
 20
0.17755382936417072
 10
-7.525361235618236
 20
0.102476230295506
 10
-7.827072517564136
 20
0.019016592612730965
 10
-8.126358426800921
 20
-0.07276114601654177
 10
-8.42298968312171
 20
-0.1727866755033573
 10
-8.716739040025166
 20
-0.2809833672014271
 10
-9.00738145880665
 20
-0.3972683326115116
 10
-9.294694280958623
 20
-0.5215524868816581
 10
-9.578457398747158
 20
-0.6537406170542475
 10
-9.858453423834398
 20
-0.7937314550077342
 10
-9.93275173378299
 20
-0.833486052241698
 10
-9.760135177300594
 20
-0.950669007154359
 10
-9.495579723764228
 20
-1.1175651771651482
 10
-9.225566948623802
 20
-1.2754797769369506
 10
-9.108273573938053
 20
-1.338888750211834
 10
-9.059562658076317
 20
-1.3154958271918435
 10
-9.05708252119388
 20
-1.3143507564755086
 10
-8.7685138284197
 20
-1.1863961121114914
 10
-8.76600008234502
 20
-1.1853268382583222
 10
-8.47368103242344
 20
-1.0661888740459604
 10
-8.471135992988819
 20
-1.0651963821430943
 10
-8.175335889929528
 20
-0.9549848560043444
 10
-8.172761901796813
 20
-0.9540700604022111
 10
-7.873753256590247
 20
-0.8528865066226797
 10
-7.871152691090781
 20
-0.8520502500926413
 10
-7.5692109706526525
 20
-0.7599878857813559
 10
-7.566586223602642
 20
-0.7592309387392874
 10
-7.26198959699524
 20
-0.6763745779508114
 10
-7.259343086488561
 20
-0.6756976377473425
 10
-6.952372168652658
 20
-0.602123613345352
 10
-6.94970633283315
 20
-0.6015273036234206
 10
-6.640643926066625
 20
-0.5373033969577339
 10
-6.637961220881912
 20
-0.5367882670780442
 10
-6.3270920543031925
 20
-0.4819736455398628
 10
-6.32439495124209
 20
-0.48154017007477745
 10
-6.012005418478521
 20
-0.43618533258770253
 10
-6.009296402294143
 20
-0.4358339108840339
 10
-5.695674297636852
 20
-0.39998064138105804
 10
-5.692955864057479
 20
-0.39971159719216376
 10
-5.378390117325904
 20
-0.3733929261214911
 10
-5.375664770755762
 20
-0.3732065073090103
 10
-5.060445181116007
 20
-0.35644668120418266
 10
-5.057715432328029
 20
-0.35634305950968914
 10
-4.742132401310354
 20
-0.3491575186520445
 10
-4.739400765133095
 20
-0.34913678953882676
 10
-4.42374502909445
 20
-0.35153215373287583
 10
-4.421014022095259
 20
-0.35159433629799003
 10
-4.105576384373363
 20
-0.36356839877279973
 10
-4.102848522539941
 20
-0.3637134357294761
 10
-3.7879195855456445
 20
-0.3852551651717028
 10
-3.78519738196816
 20
-0.38548292290212205
 10
-3.4710672794629134
 20
-0.41657247361879224
 10
-3.4683532420187633
 20
-0.4168827422971835
 10
-3.155311371823857
 20
-0.457491472498893
 10
-3.1526080008672492
 20
-0.45788396628483874
 10
-2.8409427582510185
 20
-0.5079744644724907
 10
-2.8382525443094724
 20
-0.5084488217742634
 10
-2.5953842751348004
 20
-0.5550840998485309
 10
-2.594106524888087
 20
-0.5642118855794216
 10
-2.5720744307861114
 20
-0.7428433853646847
 10
-2.5720738840293302
 20
-0.7428485067838204
 10
-2.870854323467593
 20
-0.6854770398412449
 10
-3.1798221523749253
 20
-0.6358200670456537
 10
-3.4901546943655153
 20
-0.5955627990237748
 10
-3.8015660501867767
 20
-0.5647423234840566
 10
-4.113769326710093
 20
-0.5433870343257162
 10
-4.426476901236127
 20
-0.531516605480373
 10
-4.739400686472249
 20
-0.5291419727870861
 10
-5.052252395937933
 20
-0.5362653239175331
 10
-5.364743809553727
 20
-0.5528800963605716
 10
-5.676587039168977
 20
-0.5789709834680716
 10
-5.987494793783847
 20
-0.6145139485564316
 10
-6.297180644221078
 20
-0.659476247050785
 10
-6.605359287003931
 20
-0.7138164566515168
 10
-6.911746807196897
 20
-0.7774845154952738
 10
-7.216060939967342
 20
-0.8504217682753306
 10
-7.5180213306268495
 20
-0.9325610202788038
 10
-7.8173497929128475
 20
-1.0238265992909534
 10
-8.113770565272613
 20
-1.124134425309543
 10
-8.407010564913277
 20
-1.2333920880049682
 10
-8.696799639384228
 20
-1.351498931854918
 10
-8.908212974188384
 20
-1.4452420119119285
 10
-8.670394464021513
 20
-1.5636615591819485
 10
-8.385861460193016
 20
-1.6936034280789551
 10
-8.097123838571548
 20
-1.813913466814306
 10
-7.858885097604293
 20
-1.9039135166226007
 10
-7.564829921681895
 20
-1.803980442819472
 10
-7.561950945377247
 20
-1.8030556896696306
 10
-7.259677743875163
 20
-1.7115353847421455
 10
-7.256769326747479
 20
-1.7107078687228041
 10
-6.951592239088389
 20
-1.6293936649927465
 10
-6.948657664300018
 20
-1.628664320244133
 10
-6.640921189185355
 20
-1.5576480091294238
 10
-6.637963769426682
 20
-1.557017658971273
 10
-6.328015294718611
 20
-1.4963794071290735
 10
-6.325038368468531
 20
-1.4958487631312234
 10
-6.013227779041658
 20
-1.4456570219619216
 10
-6.010234706798941
 20
-1.4452266831410598
 10
-5.6969139895733125
 20
-1.4055381115170158
 10
-5.6939081500631055
 20
-1.4052085636604803
 10
-5.379430996664284
 20
-1.3760679639667315
 10
-5.376415783024047
 20
-1.37583957908413
 10
-5.061137190518841
 20
-1.3572798466432916
 10
-5.0581160064680075
 20
-1.3571528825465586
 10
-4.74239187662658
 20
-1.3491949684849915
 10
-4.739368132624272
 20
-1.3491695684973593
 10
-4.423554870160935
 20
-1.3518224560945082
 10
-4.420531979556069
 20
-1.3518986488887148
 10
-4.104986089802371
 20
-1.3651593434363687
 10
-4.101967464980514
 20
-1.3653370430022915
 10
-3.7870451514447145
 20
-1.3891905751851306
 10
-3.7840341999760017
 20
-1.3894695809268793
 10
-3.470090962243271
 20
-1.4238890237205866
 10
-3.4670910830357924
 20
-1.4242690206829443
 10
-3.1544813154630438
 20
-1.4692155197507175
 10
-3.151495894925977
 20
-1.4696960789746791
 10
-2.8405724865843056
 20
-1.5251188965279132
 10
-2.8376048948051866
 20
-1.5256994755349127
 10
-2.5287188311215933
 20
-1.5915360476084488
 10
-2.525772418061985
 20
-1.5922159910127387
 10
-2.5076647799233
 20
-1.5967163741137516
 10
-2.505889537759977
 20
-1.6400900889604577
 10
-2.5023688113221048
 20
-1.7835085839884595
 10
-2.567720445221593
 20
-1.76726641112349
 10
-2.873648671748312
 20
-1.7020602781731633
 10
-3.18159473368862
 20
-1.6471681795107185
 10
-3.4912110065885993
 20
-1.6026520800000792
 10
-3.802147980579141
 20
-1.5685622315739536
 10
-4.114054654919702
 20
-1.5449371165070305
 10
-4.4265789342249215
 20
-1.5318034039753063
 10
-4.739368025927007
 20
-1.5291759199506407
 10
-5.0520688385250745
 20
-1.5370576304644599
 10
-5.364328380171968
 20
-1.55543963825958
 10
-5.6757941571486255
 20
-1.584301192833844
 10
-5.986114571776013
 20
-1.6236097138643029
 10
-6.294939319315692
 20
-1.6733208279854663
 10
-6.6019197834107946
 20
-1.7333784188801034
 10
-6.906709429621083
 20
-1.8037146906260737
 10
-7.208964196607806
 20
-1.8842502442276434
 10
-7.508342884526883
 20
-1.9748941672449318
 10
-7.582217326556097
 20
-2.0000000000000018
 10
-7.508342884526883
 20
-2.025105832755072
 10
-7.208964196607817
 20
-2.115749755772356
 10
-6.9067094296210705
 20
-2.196285309373933
 10
-6.601919783410793
 20
-2.2666215811199
 10
-6.294939319315689
 20
-2.3266791720145372
 10
-5.986114571776013
 20
-2.3763902861356994
 10
-5.675794157148628
 20
-2.41569880716616
 10
-5.364328380171968
 20
-2.444560361740423
 10
-5.052068838525079
 20
-2.4629423695355435
 10
-4.739368025927012
 20
-2.470824080049363
 10
-4.4265789342249295
 20
-2.4681965960246974
 10
-4.114054654919705
 20
-2.455062883492973
 10
-3.802147980579136
 20
-2.4314377684260498
 10
-3.491211006588593
 20
-2.3973479199999246
 10
-3.1815947336886246
 20
-2.352831820489285
 10
-2.873648671748317
 20
-2.297939721826843
 10
-2.5677204452215925
 20
-2.2327335888765147
 10
-2.5023688113221048
 20
-2.216491416011545
 10
-2.505889537759977
 20
-2.3599099110395376
 10
-2.5076647799233
 20
-2.4032836258862527
 10
-2.525772418061987
 20
-2.4077840089872664
 10
-2.528718831121596
 20
-2.4084639523915565
 10
-2.8376048948051875
 20
-2.4743005244650926
 10
-2.8405724865843074
 20
-2.474881103472092
 10
-3.1514958949259824
 20
-2.5303039210253244
 10
-3.1544813154630478
 20
-2.530784480249286
 10
-3.467091083035797
 20
-2.575730979317061
 10
-3.470090962243276
 20
-2.576110976279419
 10
-3.7840341999759963
 20
-2.6105304190731244
 10
-3.787045151444709
 20
-2.610809424814873
 10
-4.1019674649805165
 20
-2.6346629569977122
 10
-4.104986089802374
 20
-2.634840656563635
 10
-4.42053197955607
 20
-2.648101351111289
 10
-4.4235548701609355
 20
-2.6481775439054953
 10
-4.739368132624278
 20
-2.6508304315026443
 10
-4.742391876626585
 20
-2.650805031515012
 10
-5.058116006468012
 20
-2.642847117453445
 10
-5.061137190518846
 20
-2.642720153356712
 10
-5.376415783024041
 20
-2.6241604209158735
 10
-5.3794309966642775
 20
-2.623932036033272
 10
-5.693908150063108
 20
-2.594791436339523
 10
-5.696913989573315
 20
-2.5944618884829875
 10
-6.010234706798941
 20
-2.5547733168589417
 10
-6.013227779041658
 20
-2.55434297803808
 10
-6.325038368468528
 20
-2.50415123686878
 10
-6.3280152947186075
 20
-2.50362059287093
 10
-6.637963769426687
 20
-2.4429823410287286
 10
-6.6409211891853595
 20
-2.442351990870578
 10
-6.948657664300013
 20
-2.3713356797558722
 10
-6.951592239088384
 20
-2.370606335007259
 10
-7.256769326747483
 20
-2.2892921312771977
 10
-7.259677743875165
 20
-2.2884646152578565
 10
-7.561950945377247
 20
-2.196944310330373
 10
-7.564829921681896
 20
-2.1960195571805317
 10
-7.858885097604294
 20
-2.096086483377402
 10
-8.097123838571546
 20
-2.1860865331856956
 10
-8.385861460193006
 20
-2.306396571921041
 10
-8.670394464021532
 20
-2.4363384408180644
 10
-8.908212974188386
 20
-2.5547579880880753
 10
-8.696799639384228
 20
-2.6485010681450856
 10
-8.407010564913278
 20
-2.7666079119950355
 10
-8.113770565272613
 20
-2.8758655746904602
 10
-7.81734979291286
 20
-2.9761734007090452
 10
-7.518021330626837
 20
-3.067438979721204
 10
-7.216060939967351
 20
-3.14957823172467
 10
-6.911746807196904
 20
-3.222515484504726
 10
-6.605359287003928
 20
-3.286183543348487
 10
-6.297180644221086
 20
-3.3405237529492173
 10
-5.987494793783854
 20
-3.3854860514435705
 10
-5.676587039168982
 20
-3.42102901653193
 10
-5.364743809553716
 20
-3.447119903639433
 10
-5.052252395937938
 20
-3.463734676082472
 10
-4.739400686472246
 20
-3.4708580272129175
 10
-4.426476901236143
 20
-3.4684833945196307
 10
-4.113769326710081
 20
-3.4566129656742866
 10
-3.8015660501867825
 20
-3.4352576765159477
 10
-3.4901546943655126
 20
-3.4044372009762283
 10
-3.179822152374927
 20
-3.36417993295435
 10
-2.8708543234676034
 20
-3.3145229601587616
 10
-2.572073884029331
 20
-3.257151493216183
 10
-2.5720744307861114
 20
-3.25715661463531
 10
-2.594106524888085
 20
-3.4357881144205673
 10
-2.595384275134801
 20
-3.444915900151473
 10
-2.838252544309474
 20
-3.491551178225742
 10
-2.8409427582510216
 20
-3.4920255355275147
 10
-3.1526080008672506
 20
-3.542116033715165
 10
-3.1553113718238577
 20
-3.5425085275011106
 10
-3.468353242018764
 20
-3.58311725770282
 10
-3.4710672794629143
 20
-3.5834275263812114
 10
-3.7851973819681586
 20
-3.6145170770978816
 10
-3.787919585545643
 20
-3.6147448348283007
 10
-4.10284852253994
 20
-3.6362865642705273
 10
-4.105576384373362
 20
-3.636431601227204
 10
-4.421014022095265
 20
-3.6484056637020137
 10
-4.423745029094455
 20
-3.6484678462671276
 10
-4.739400765133099
 20
-3.6508632104611767
 10
-4.742132401310356
 20
-3.650842481347959
 10
-5.057715432328022
 20
-3.6436569404903163
 10
-5.060445181116001
 20
-3.6435533187958224
 10
-5.375664770755765
 20
-3.626793492690993
 10
-5.3783901173259085
 20
-3.6266070738785126
 10
-5.692955864057484
 20
-3.600288402807838
 10
-5.695674297636855
 20
-3.600019358618944
 10
-6.009296402294152
 20
-3.564166089115968
 10
-6.012005418478531
 20
-3.5638146674122995
 10
-6.324394951242091
 20
-3.5184598299252263
 10
-6.327092054303193
 20
-3.5180263544601407
 10
-6.63796122088191
 20
-3.4632117329219594
 10
-6.640643926066623
 20
-3.4626966030422697
 10
-6.949706332833157
 20
-3.3984726963765794
 10
-6.952372168652665
 20
-3.397876386654648
 10
-7.259343086488565
 20
-3.3243023622526593
 10
-7.261989596995243
 20
-3.3236254220491905
 10
-7.566586223602638
 20
-3.240769061260718
 10
-7.56921097065265
 20
-3.2400121142186493
 10
-7.871152691090785
 20
-3.1479497499073603
 10
-7.873753256590248
 20
-3.147113493377322
 10
-8.172761901796813
 20
-3.0459299395977926
 10
-8.175335889929528
 20
-3.045015143995659
 10
-8.47113599298882
 20
-2.9348036178569092
 10
-8.473681032423443
 20
-2.933811125954043
 10
-8.76600008234502
 20
-2.8146731617416814
 10
-8.7685138284197
 20
-2.813603887888512
 10
-9.057082521193877
 20
-2.6856492435244967
 10
-9.059562658076313
 20
-2.684504172808162
 10
-9.108273573938055
 20
-2.6611112497881693
 10
-9.225566948623806
 20
-2.724520223063053
 10
-9.495579723764232
 20
-2.8824348228348553
 10
-9.76013517730059
 20
-3.049330992845641
 10
-9.932751733782991
 20
-3.1665139477583053
 10
-9.85845342383442
 20
-3.2062685449922568
 10
-9.578457398747156
 20
-3.346259382945756
 10
-9.294694280958637
 20
-3.4784475131183394
 10
-9.00738145880666
 20
-3.6027316673884875
 10
-8.71673904002516
 20
-3.719016632798577
 10
-8.422989683121711
 20
-3.8272133244966446
 10
-8.126358426800929
 20
-3.9272388539834586
 10
-7.827072517564154
 20
-4.019016592612728
 10
-7.525361235618234
 20
-4.102476230295511
 10
-7.221455719225944
 20
-4.177553829364173
 10
-6.915588787633009
 20
-4.244191873554473
 10
-6.607994762707508
 20
-4.302339312068215
 10
-6.298909289427926
 20
-4.35195159868282
 10
-5.98856915535783
 20
-4.39299072587776
 10
-5.677212109244812
 20
-4.425425253951815
 10
-5.365076678883766
 20
-4.449230335108676
 10
-5.0524019883823765
 20
-4.4643877324926855
 10
-4.739427574970817
 20
-4.470885834159873
 10
-4.426393205494188
 20
-4.468719661973793
 10
-4.113538692729329
 20
-4.4578908754192055
 10
-3.8011037116665354
 20
-4.438407770330778
 10
-3.4893276158967454
 20
-4.410285272537715
 10
-3.178449254244778
 20
-4.373544926429213
 10
-2.868706787789571
 20
-4.328214878449506
 10
-2.744664168063579
 20
-4.306539439838723
 10
-2.747918275620709
 20
-4.322227075948616
 10
-2.7870932215856827
 20
-4.496681032461149
 10
-2.8389497917857307
 20
-4.5057425462087615
 10
-2.841409359760625
 20
-4.506137339241329
 10
-3.1536168583232285
 20
-4.551828138605819
 10
-3.156086410343852
 20
-4.552154710158649
 10
-3.469438843929644
 20
-4.589187447988025
 10
-3.471916488094708
 20
-4.589445547877629
 10
-3.7861738002608205
 20
-4.6177918537290275
 10
-3.7886576384697146
 20
-4.617981284227433
 10
-4.103579079553986
 20
-4.637619442254337
 10
-4.1060672089609005
 20
-4.637740058240565
 10
-4.421411520518091
 20
-4.648655023829132
 10
-4.423902034989769
 20
-4.648706732900376
 10
-4.739427634617442
 20
-4.650890144194964
 10
-4.741918626193449
 20
-4.6508729067373755
 10
-5.057383792605992
 20
-4.644323091046503
 10
-5.059873352960392
 20
-4.6442369202655405
 10
-5.3750364111695665
 20
-4.628958895343293
 10
-5.3775226330728625
 20
-4.628803857253606
 10
-5.69214213953274
 20
-4.604809327455609
 10
-5.694623118312999
 20
-4.604585540830467
 10
-6.0084580458877035
 20
-4.571892888147264
 10
-6.010931880889696
 20
-4.571600524427558
 10
-6.32374180350207
 20
-4.530234794402356
 10
-6.3262065995433545
 20
-4.529874077565268
 10
-6.6377518763632315
 20
-4.479866960106748
 10
-6.6402057451860275
 20
-4.479438166494158
 10
-6.950247704216814
 20
-4.420827971599153
 10
-6.952688765934584
 20
-4.420331429705939
 10
-7.260989886857788
 20
-4.353163058110473
 10
-7.263416271395406
 20
-4.352599148332853
 10
-7.569740367532672
 20
-4.276924057114115
 10
-7.572150216059061
 20
-4.2762932114582295
 10
-7.876262615312772
 20
-4.192169374613753
 10
-7.878654081664942
 20
-4.1914720763647075
 10
-8.180321806298249
 20
-4.098963940399047
 10
-8.182693058395628
 20
-4.098200723750675
 10
-8.481685003514665
 20
-3.9973791583034974
 10
-8.484034224762642
 20
-3.9965506079491138
 10
-8.780121335363804
 20
-3.887492851502637
 10
-8.78244672604539
 20
-3.8865996021871165
 10
-9.07540217249233
 20
-3.769389202894402
 10
-9.077701951146924
 20
-3.7684319389279026
 10
-9.367301302942648
 20
-3.643158690607381
 10
-9.369573707730789
 20
-3.6421381453411006
 10
-9.655595105451841
 20
-3.5088980186863297
 10
-9.657838395504932
 20
-3.5078149739506945
 10
-9.94006272076584
 20
-3.3667100430081143
 10
-9.942275177519821
 20
-3.365565328513823
 10
-10.09766319045622
 20
-3.2824222816053994
 10
-10.271686045052633
 20
-3.4093045154546617
 10
-10.51810399583219
 20
-3.601975512477367
 10
-10.757910350004233
 20
-3.8028158273019175
 10
-10.990834402522598
 20
-4.011598741637695
 10
-11.21661321741708
 20
-4.2280885712024245
 10
-11.434991924608315
 20
-4.4520409317740155
 10
-11.645724007617561
 20
-4.683203015063393
 10
-11.848571581846437
 20
-4.921313874096762
 10
-12.043305663112399
 20
-5.166104717784959
 10
-12.217736950122353
 20
-5.401169095281358
 10
-12.098135009810747
 20
-5.628463183477068
 10
-12.097005632375845
 20
-5.630683508401762
 10
-11.957857002182712
 20
-5.9138774878940135
 10
-11.956789506388777
 20
-5.9161282186401545
 10
-11.8255317669873
 20
-6.203064757185693
 10
-11.824526970633132
 20
-6.20534416948897
 10
-11.701260677380937
 20
-6.495803447621286
 10
-11.700319350231858
 20
-6.498109795244716
 10
-11.585138936312534
 20
-6.791869294758613
 10
-11.584261799510696
 20
-6.7942008108303025
 10
-11.477255503589376
 20
-7.091035485251067
 10
-11.476443229101285
 20
-7.093390383617809
 10
-11.377693027725826
 20
-7.393072830607265
 10
-11.376946237827564
 20
-7.395449307202886
 10
-11.286527782627044
 20
-7.697749942770254
 10
-11.285847049427543
 20
-7.700146176997701
 10
-11.203829609156255
 20
-8.004833411381794
 10
-11.203215454159016
 20
-8.007247567507866
 10
-11.129661861630291
 20
-8.314087982595906
 10
-11.129114755333857
 20
-8.316518211157604
 10
-11.064081359284431
 20
-8.625276739304699
 10
-11.063601720821948
 20
-8.627721178526071
 10
-11.007138342743696
 20
-8.938161282638402
 10
-11.00672653956182
 20
-8.94061805985685
 10
-10.95887643553398
 20
-9.25250191460058
 10
-10.958532783111371
 20
-9.25496914770147
 10
-10.919332610662448
 20
-9.56805782169856
 10
-10.919057372268098
 20
-9.570533620557102
 10
-10.888537162292856
 20
-9.884587259428473
 10
-10.888330548784388
 20
-9.887069727357733
 10
-10.866513682537475
 20
-10.201847737473509
 10
-10.866375852199615
 20
-10.204334972677435
 10
-10.853279043383383
 20
-10.519596205473528
 10
-10.853210101806695
 20
-10.522086302503906
 10
-10.84884338376699
 20
-10.837589239223748
 10
-10.849073262651322
 20
-10.838834764831844
 10
-10.84884338376699
 20
-10.840080290439941
 10
-10.853210101806695
 20
-11.155583227159784
 10
-10.853279043383383
 20
-11.158073324190163
 10
-10.866375852199615
 20
-11.47333455698626
 10
-10.866513682537475
 20
-11.475821792190185
 10
-10.888330548784388
 20
-11.790599802305954
 10
-10.888537162292856
 20
-11.793082270235214
 10
-10.919057372268098
 20
-12.107135909106587
 10
-10.919332610662448
 20
-12.10961170796513
 10
-10.958532783111371
 20
-12.422700381962214
 10
-10.95887643553398
 20
-12.425167615063103
 10
-11.003011603257075
 20
-12.71283775745675
 10
-11.177772924051382
 20
-12.75208172437929
 10
-11.192950925910415
 20
-12.75523011781509
 10
-11.184455849131803
 20
-12.708523515954685
 10
-11.136983545263528
 20
-12.399102137990939
 10
-11.098092877500255
 20
-12.088485453415647
 10
-11.067813639628055
 20
-11.776911422839504
 10
-11.046169028295035
 20
-11.464618740287017
 10
-11.033175625240629
 20
-11.151846650335527
 10
-11.028843384592472
 20
-10.838834764831844
 10
-11.033175625240629
 20
-10.525822879328164
 10
-11.046169028295035
 20
-10.213050789376677
 10
-11.067813639628055
 20
-9.900758106824183
 10
-11.098092877500255
 20
-9.589184076248042
 10
-11.136983545263528
 20
-9.278567391672745
 10
-11.184455849131798
 20
-8.969146013709022
 10
-11.240473421005865
 20
-8.661156987253598
 10
-11.304993346334511
 20
-8.354836259892332
 10
-11.377966196991133
 20
-8.050418501141925
 10
-11.459336069140047
 20
-7.748136922672338
 10
-11.549040626063949
 20
-7.44822309964533
 10
-11.647011145919507
 20
-7.1509067933067465
 10
-11.75317257438455
 20
-6.856415774968582
 10
-11.86744358215648
 20
-6.564975651515454
 10
-11.989736627257903
 20
-6.276809692569253
 10
-12.11995802210181
 20
-5.992138659444157
 10
-12.258008005264664
 20
-5.711180636023704
 10
-12.333575138981622
 20
-5.567571237120892
 10
-12.407563452697946
 20
-5.674613803253163
 10
-12.576675969153527
 20
-5.937758015308353
 10
-12.73685307309178
 20
-6.2064348005617225
 10
-12.839249138128036
 20
-6.392101028899131
 10
-12.782393593976538
 20
-6.512830077016879
 10
-12.781267376289174
 20
-6.515318831649564
 10
-12.655506166158837
 20
-6.8048501762226055
 10
-12.654455998189466
 20
-6.807371963909374
 10
-12.537539673256001
 20
-7.100586653902515
 10
-12.536566522490132
 20
-7.103139151402598
 10
-12.42860279395167
 20
-7.399767057682155
 10
-12.427707556921373
 20
-7.402347913462825
 10
-12.328795888240874
 20
-7.70211576241024
 10
-12.327979389698838
 20
-7.704722598813217
 10
-12.238210904971666
 20
-8.007354224083128
 10
-12.237473897131373
 20
-8.009984639515029
 10
-12.156931297135621
 20
-8.315201236458323
 10
-12.156274458978366
 20
-8.317852807603176
 10
-12.085031944985333
 20
-8.625373190120616
 10
-12.084455881634696
 20
-8.628043474172376
 10
-12.022579087049674
 20
-8.937584333762194
 10
-12.022084329214033
 20
-8.940270870675231
 10
-11.969630259110398
 20
-9.251547037436008
 10
-11.96921726259402
 20
-9.254247352191458
 10
-11.926234241196298
 20
-9.566972057539857
 10
-11.925903386479405
 20
-9.569683662425778
 10
-11.892431012643756
 20
-9.883568803287092
 10
-11.892182604532014
 20
-9.886289200190314
 10
-11.868251715265096
 20
-10.201045604418434
 10
-11.868085982608795
 20
-10.203772287125988
 10
-11.853718624658624
 20
-10.519109979908269
 10
-11.853635720141861
 20
-10.521840436416278
 10
-11.848845129686875
 20
-10.837468907417886
 10
-11.84909532934188
 20
-10.838834764831844
 10
-11.848845129686875
 20
-10.840200622245801
 10
-11.853635720141861
 20
-11.155829093247409
 10
-11.853718624658624
 20
-11.158559549755418
 10
-11.868085982608795
 20
-11.473897242537708
 10
-11.868251715265096
 20
-11.476623925245262
 10
-11.892182604532014
 20
-11.79138032947337
 10
-11.892431012643756
 20
-11.794100726376591
 10
-11.925903386479405
 20
-12.107985867237904
 10
-11.926234241196298
 20
-12.110697472123825
 10
-11.969217262594022
 20
-12.423422177472233
 10
-11.9696302591104
 20
-12.426122492227682
 10
-12.022084329214035
 20
-12.73739865898846
 10
-12.022579087049676
 20
-12.740085195901496
 10
-12.055479581483576
 20
-12.904671086238883
 10
-12.06421188557943
 20
-12.905893475111915
 10
-12.242843385364687
 20
-12.927925569213889
 10
-12.243707690935274
 20
-12.928017841476532
 10
-12.1993548156
 20
-12.706141009481028
 10
-12.147354727232004
 20
-12.397558889038683
 10
-12.10474371713139
 20
-12.087540766882706
 10
-12.07156104143242
 20
-11.77637225260081
 10
-12.047837270252312
 20
-11.464340015599754
 10
-12.03359425952793
 20
-11.151731521005496
 10
-12.028845130880681
 20
-10.838834764831844
 10
-12.03359425952793
 20
-10.52593800865819
 10
-12.047837270252312
 20
-10.213329514063942
 10
-12.07156104143242
 20
-9.901297277062874
 10
-12.10474371713139
 20
-9.590128762780976
 10
-12.147354727232003
 20
-9.280110640625008
 10
-12.199354815599998
 20
-8.971528520182662
 10
-12.260696076249378
 20
-8.664666688100487
 10
-12.33132199747677
 20
-8.359807846178962
 10
-12.411167513923665
 20
-8.057232850929411
 10
-12.5001590665191
 20
-7.757220454829588
 10
-12.598214670247263
 20
-7.460047049518038
 10
-12.705243989677465
 20
-7.165986411163957
 10
-12.821148422187445
 20
-6.875309448245519
 10
-12.944429113788404
 20
-6.591488830090464
 10
-13.029688071514782
 20
-6.759167006042854
 10
-13.162015399647144
 20
-7.042598475342619
 10
-13.284746555716808
 20
-7.330315320330827
 10
-13.397742994840707
 20
-7.621992752274756
 10
-13.404606688265416
 20
-7.641645878504658
 10
-13.380013459268088
 20
-7.708438296863366
 10
-13.379016457374147
 20
-7.711293057829603
 10
-13.27990874961698
 20
-8.011164224872148
 10
-13.2790082121521
 20
-8.01405086742453
 10
-13.190030195122569
 20
-8.317082164563674
 10
-13.189227138657126
 20
-8.319997430120047
 10
-13.110479255057395
 20
-8.625846780926782
 10
-13.109774586120485
 20
-8.628787378593962
 10
-13.041345730381817
 20
-8.937109525483601
 10
-13.040740244437924
 20
-8.940072135772285
 10
-12.982707662372327
 20
-9.25051902974795
 10
-12.982202042923356
 20
-9.25350030831992
 10
-12.934631244524768
 20
-9.565721501867154
 10
-12.93422606233848
 20
-9.56871808331053
 10
-12.897170747831911
 20
-9.882361125999441
 10
-12.89686646029762
 20
-9.885369627627718
 10
-12.870368459519726
 20
-10.200080463976123
 10
-12.870165410131957
 20
-10.203097489646712
 10
-12.854254635311502
 20
-10.518520858795151
 10
-12.854153053282255
 20
-10.521543002743114
 10
-12.848847465273726
 20
-10.837322839490525
 10
-12.849121886122504
 20
-10.838834764831843
 10
-12.848847465273726
 20
-10.840346690173162
 10
-12.854153053282255
 20
-11.156126526920573
 10
-12.854254635311502
 20
-11.159148670868536
 10
-12.870165410131957
 20
-11.47457204001698
 10
-12.870368459519726
 20
-11.47758906568757
 10
-12.89686646029762
 20
-11.792299902035973
 10
-12.897170747831911
 20
-11.795308403664249
 10
-12.934226062338482
 20
-12.108951446353151
 10
-12.934631244524768
 20
-12.111948027796528
 10
-12.982202042923356
 20
-12.424169221343767
 10
-12.982707662372327
 20
-12.427150499915738
 10
-13.040740244437925
 20
-12.737597393891404
 10
-13.041345730381819
 20
-12.740560004180086
 10
-13.097229248711612
 20
-12.992356211513885
 10
-13.14009008896046
 20
-12.994110462240023
 10
-13.282775837464355
 20
-12.997613200760373
 10
-13.217397547618827
 20
-12.703036088991487
 10
-13.159920675077625
 20
-12.395561978401654
 10
-13.112805406052583
 20
-12.086330558612524
 10
-13.07610492654504
 20
-11.775690905052246
 10
-13.049860665836707
 20
-11.463993682831786
 10
-13.034102249722237
 20
-11.151590750896654
 10
-13.028847467066216
 20
-10.838834764831843
 10
-13.034102249722237
 20
-10.526078778767033
 10
-13.049860665836707
 20
-10.213675846831906
 10
-13.07610492654504
 20
-9.901978624611445
 10
-13.11280540605259
 20
-9.591338971051107
 10
-13.159920675077627
 20
-9.282107551262023
 10
-13.217397547618823
 20
-8.974633440672209
 10
-13.285171140994112
 20
-8.669263730974047
 10
-13.363164949083407
 20
-8.366343138310173
 10
-13.451290928692481
 20
-8.066213614140935
 10
-13.500686731784887
 20
-7.916756246439359
 10
-13.500877161156685
 20
-7.917301511539397
 10
-13.594032631814498
 20
-8.215908239271096
 10
-13.677104248399674
 20
-8.517475853709472
 10
-13.749998235641387
 20
-8.821663930701488
 10
-13.812632307270585
 20
-9.12812908798899
 10
-13.864935758908693
 20
-9.436525372835124
 10
-13.9068495478821
 20
-9.74650465255228
 10
-13.938326359872496
 20
-10.057717007491846
 10
-13.959330662327488
 20
-10.369811126049909
 10
-13.969838744571488
 20
-10.682434701244798
 10
-13.969838744571488
 20
-10.995234828418896
 10
-13.95933066232749
 20
-11.307858403613778
 10
-13.938326359872496
 20
-11.619952522171845
 10
-13.906849547882102
 20
-11.931164877111405
 10
-13.864935758908693
 20
-12.24114415682857
 10
-13.812632307270585
 20
-12.549540441674704
 10
-13.749998235641389
 20
-12.856005598962197
 10
-13.716057290696574
 20
-12.9976418458562
 10
-13.859909911039537
 20
-12.994110462240023
 10
-13.902416524718465
 20
-12.992370709648169
 10
-13.925394838498928
 20
-12.896481743412574
 10
-13.926050008394299
 20
-12.893529722857247
 10
-13.989289651423219
 20
-12.584101537150273
 10
-13.989845282528103
 20
-12.581129173271783
 10
-14.042654424976247
 20
-12.2697511890882
 10
-14.043109890067296
 20
-12.266761837235089
 10
-14.085428918412765
 20
-11.95378555314916
 10
-14.085783703338892
 20
-11.950782587846819
 10
-14.117564845809488
 20
-11.636561306671274
 10
-14.117818550072256
 20
-11.63354811781262
 10
-14.139025930572581
 20
-11.318436547773285
 10
-14.139178267778307
 20
-11.315416536792076
 10
-14.149787946388427
 20
-10.999770391116058
 10
-14.149838744571488
 20
-10.9967469671472
 10
-14.149838744571488
 20
-10.680922562516495
 10
-14.149787946388427
 20
-10.677899138547636
 10
-14.139178267778306
 20
-10.36225299287161
 10
-14.13902593057258
 20
-10.359232981890402
 10
-14.117818550072256
 20
-10.044121411851071
 10
-14.117564845809488
 20
-10.041108222992417
 10
-14.08578370333889
 20
-9.726886941816867
 10
-14.085428918412763
 20
-9.723883976514525
 10
-14.043109890067296
 20
-9.410907692428605
 10
-14.042654424976247
 20
-9.407918340575494
 10
-13.989845282528103
 20
-9.09654035639191
 10
-13.989289651423219
 20
-9.093567992513421
 10
-13.926050008394297
 20
-8.784139806806438
 10
-13.925394838498926
 20
-8.781187786251111
 10
-13.851796082866187
 20
-8.47405869656788
 10
-13.851042113767893
 20
-8.471130351719731
 10
-13.767167327377152
 20
-8.166647060276263
 10
-13.766315410192826
 20
-8.163745696793015
 10
-13.672259274971934
 20
-7.862251919099936
 10
-13.671310371387024
 20
-7.859380812181444
 10
-13.595829216780638
 20
-7.643252181768293
 10
-13.657530153558085
 20
-7.475679441205784
 10
-13.775410585972434
 20
-7.185941416062493
 10
-13.902957827032601
 20
-6.900326954142086
 10
-14.0400278952252
 20
-6.619158470905148
 10
-14.054492274725654
 20
-6.591856651022768
 10
-14.117604245832235
 20
-6.731323658362253
 10
-14.237906700033614
 20
-7.020208157358018
 10
-14.349386414571276
 20
-7.312610632541717
 10
-14.45194068681896
 20
-7.608261703046604
 10
-14.545475036869396
 20
-7.906888995181044
 10
-14.629903294575596
 20
-8.2082173933576
 10
-14.705147678936452
 20
-8.51196929354763
 10
-14.771138869754031
 20
-8.817864859029454
 10
-14.827816071495818
 20
-9.125622278192044
 10
-14.875127069303835
 20
-9.434958024159709
 10
-14.913028277098332
 20
-9.7455871159953
 10
-14.941484777732361
 20
-10.05722338124474
 10
-14.96047035515969
 20
-10.369579719577535
 10
-14.969967518586863
 20
-10.682368367283607
 10
-14.969967518586863
 20
-10.995301162380088
 10
-14.96047035515969
 20
-11.308089810086154
 10
-14.941484777732361
 20
-11.620446148418951
 10
-14.913028277098332
 20
-11.93208241366839
 10
-14.875127069303835
 20
-12.242711505503982
 10
-14.827816071495818
 20
-12.552047251471647
 10
-14.771138869754033
 20
-12.859804670634231
 10
-14.756426251335512
 20
-12.928003541954684
 10
-14.75715661463531
 20
-12.927925569213889
 10
-14.935788114420564
 20
-12.905893475111915
 10
-14.94563438892587
 20
-12.904515147437571
 10
-14.94737909637676
 20
-12.896427730531181
 10
-14.947914568637591
 20
-12.893749011553963
 10
-15.005086585200402
 20
-12.583304746047476
 10
-15.005540514653223
 20
-12.580611009988969
 10
-15.053264556545855
 20
-12.26857463824819
 10
-15.053636525000258
 20
-12.265868366759598
 10
-15.091868625618947
 20
-11.952527357719921
 10
-15.092158290392526
 20
-11.94981104400093
 10
-15.120863227749524
 20
-11.635454068517562
 10
-15.121070321983565
 20
-11.632730215019434
 10
-15.140221651156002
 20
-11.317646879924332
 10
-15.14034598406134
 20
-11.314917996044485
 10
-15.14992606155408
 20
-10.999398577341056
 10
-15.149967518586863
 20
-10.996667177111235
 10
-15.149967518586863
 20
-10.68100235255246
 10
-15.14992606155408
 20
-10.678270952322638
 10
-15.14034598406134
 20
-10.362751533619203
 10
-15.140221651156002
 20
-10.360022649739356
 10
-15.121070321983565
 20
-10.044939314644257
 10
-15.120863227749524
 20
-10.042215461146128
 10
-15.092158290392526
 20
-9.72785848566276
 10
-15.091868625618947
 20
-9.725142171943768
 10
-15.053636525000258
 20
-9.411801162904093
 10
-15.053264556545855
 20
-9.409094891415501
 10
-15.005540514653223
 20
-9.097058519674722
 10
-15.005086585200402
 20
-9.094364783616214
 10
-14.94791456863759
 20
-8.783920518109722
 10
-14.947379096376759
 20
-8.781241799132504
 10
-14.880811775858545
 20
-8.472675642040148
 10
-14.880195254102835
 20
-8.47001440796067
 10
-14.804293955931197
 20
-8.16361063122223
 10
-14.803596952662003
 20
-8.160969333748682
 10
-14.718431602228197
 20
-7.85701021717343
 10
-14.717654759571904
 20
-7.854391289647056
 10
-14.623303816936486
 20
-7.553156860858562
 10
-14.622447850572906
 20
-7.550562716011901
 10
-14.518998238183032
 20
-7.252330492467722
 10
-14.518063936686065
 20
-7.249763520201842
 10
-14.405610959296675
 20
-6.954808253525718
 10
-14.404599183407827
 20
-6.9522708187084685
 10
-14.283246440280482
 20
-6.660864241570639
 10
-14.282158122115893
 20
-6.6583586818579885
 10
-14.16104924964702
 20
-6.39072812446391
 10
-14.186466059207712
 20
-6.342753362975593
 10
-14.342107012476516
 20
-6.071423649848424
 10
-14.506775059973089
 20
-5.805475621666601
 10
-14.666582798742441
 20
-5.565761947143282
 10
-14.670064100080289
 20
-5.572161380896824
 10
-14.811989089566644
 20
-5.851182000448223
 10
-14.946137625431502
 20
-6.134023615315893
 10
-15.072406937704278
 20
-6.420469543116725
 10
-15.190700292616018
 20
-6.710300340236913
 10
-15.300927066705823
 20
-7.003293969944739
 10
-15.403002816246847
 20
-7.299225972491302
 10
-15.496849341937878
 20
-7.597869637067121
 10
-15.582394748811122
 20
-7.898996175483318
 10
-15.659573501310136
 20
-8.202374897443619
 10
-15.728326473496193
 20
-8.50777338727475
 10
-15.788600994344078
 20
-8.814957681977761
 10
-15.840350888092775
 20
-9.12369245046452
 10
-15.883536509620445
 20
-9.433741173843307
 10
-15.918124774816125
 20
-9.744866326613659
 10
-15.944089185925124
 20
-10.056829558631977
 10
-15.961409851848803
 20
-10.369391877710251
 10
-15.970073503382867
 20
-10.682313832704866
 10
-15.970073503382867
 20
-10.995355696958823
 10
-15.961409851848803
 20
-11.30827765195344
 10
-15.944089185925124
 20
-11.620839971031717
 10
-15.918124774816125
 20
-11.932803203050026
 10
-15.883536509620447
 20
-12.243928355820376
 10
-15.880452770306063
 20
-12.266067887540324
 10
-15.71653597958218
 20
-12.515629952122273
 10
-15.535101021794347
 20
-12.781864993131592
 10
-15.349156573844622
 20
-13.044970301412071
 10
-15.158756611220987
 20
-13.304869503414725
 10
-15.086940209362195
 20
-13.399475954940257
 10
-14.827590478914942
 20
-13.43317155938932
 10
-14.516156214512723
 20
-13.465048405211448
 10
-14.203970206961822
 20
-13.48844351223631
 10
-13.891263408638363
 20
-13.503339572975975
 10
-13.578267157194714
 20
-13.509725567459855
  0
LWPOLYLINE
  5
47
330
17
100
AcDbEntity
  8
ENGRAVE_LINES
100
AcDbPolyline
 90
24
 70
1
 10
-13.499830244643999
 20
1.5329060715986031
 10
-13.371261176055723
 20
1.7517422571153383
 10
-13.221004324361935
 20
2.026241460695213
 10
-13.079147432567781
 20
2.3051743495725727
 10
-13.041249702570813
 20
2.3856477130174114
 10
-13.046262721889333
 20
2.394737402051094
 10
-13.047678345169677
 20
2.397409420703539
 10
-13.190823197105571
 20
2.6789313664281873
 10
-13.192148258648919
 20
2.681649432810233
 10
-13.32575498061974
 20
2.9678212315685126
 10
-13.326987984632343
 20
2.9705822773949664
 10
-13.450905754888746
 20
3.2610808845775514
 10
-13.452045309495853
 20
3.2638817930459396
 10
-13.49951749870569
 20
3.3864216389458526
 10
-13.60925146887687
 20
3.116706783330333
 10
-13.61043791561337
 20
3.1139254136870944
 10
-13.739218334707298
 20
2.825549516257489
 10
-13.740497548002763
 20
2.8228095735034207
 10
-13.87889286475253
 20
2.538922640267556
 10
-13.880263400568936
 20
2.536227217382959
 10
-13.959463680917196
 20
2.386735025987236
 10
-13.850982467350347
 20
2.1651696622311345
 10
-13.704908773021208
 20
1.8884217443130877
 10
-13.550503372640195
 20
1.6162344805035862
  0
LWPOLYLINE
  5
48
330
17
100
AcDbEntity
  8
ENGRAVE_LINES
100
AcDbPolyline
 90
24
 70
1
 10
-14.163260114893488
 20
0.7061320053610075
 10
-14.07986511554718
 20
0.7289197315804131
 10
-14.069430461361188
 20
0.7311161460676556
 10
-14.028957457767557
 20
0.7371580642748815
 10
-13.871009302285694
 20
0.9573538128916325
 10
-13.696413441107705
 20
1.2170521369264642
 10
-13.605909570039993
 20
1.3609150661905907
 10
-13.70500862478836
 20
1.5238765189903636
 10
-13.706392394815632
 20
1.5262318207571561
 10
-13.862145816591594
 20
1.8007953891139254
 10
-13.863457468410129
 20
1.8031916018356957
 10
-14.010806444981387
 20
2.0823556406500145
 10
-14.012044770209128
 20
2.084790556774109
 10
-14.064947703584705
 20
2.1928411333829505
 10
-14.186723451450362
 20
1.9805488154531696
 10
-14.18827188958388
 20
1.977951506788892
 10
-14.354532014003079
 20
1.7094321860902586
 10
-14.356166831108002
 20
1.706888361020738
 10
-14.53135364483904
 20
1.4441058751981393
 10
-14.53307299545451
 20
1.4416184053165229
 10
-14.570571157419879
 20
1.3892704347502813
 10
-14.520471384413021
 20
1.2971755118146318
 10
-14.363325544180688
 20
1.026435057369287
 10
-14.198746967379014
 20
0.7601474293549908
  0
LWPOLYLINE
  5
49
330
17
100
AcDbEntity
  8
ENGRAVE_LINES
100
AcDbPolyline
 90
22
 70
1
 10
-12.968294452757961
 20
0.734372642378645
 10
-12.836628432148329
 20
0.7066579572544588
 10
-12.718042399937286
 20
0.8927218082293966
 10
-12.557164784823303
 20
1.1612615664231574
 10
-12.429069645298595
 20
1.3891588692240688
 10
-12.556494244132365
 20
1.5735103615399775
 10
-12.558171564689365
 20
1.576026364063811
 10
-12.728919128981337
 20
1.8417147602136972
 10
-12.730510981236414
 20
1.84428568987996
 10
-12.892236741848441
 20
2.115560150371175
 10
-12.893741328841546
 20
2.1181831049897397
 10
-12.934614122204936
 20
2.192294325794053
 10
-13.061180419109084
 20
1.943427299430525
 10
-13.06245555448326
 20
1.9410114567869394
 10
-13.214024209069446
 20
1.664115764493518
 10
-13.215372075219431
 20
1.6617397336135076
 10
-13.375274389482115
 20
1.3895715294507918
 10
-13.376693744662772
 20
1.387237499294136
 10
-13.394263516477444
 20
1.359308982978299
 10
-13.387908514868302
 20
1.3488586280541244
 10
-13.217273993046648
 20
1.0865405116198774
 10
-13.038757007196649
 20
0.8295217963286272
  0
LWPOLYLINE
  5
4A
330
17
100
AcDbEntity
  8
ENGRAVE_LINES
100
AcDbPolyline
 90
13
 70
1
 10
-13.365891288240975
 20
0.984978877301755
 10
-13.367415404953398
 20
0.9872458872593751
 10
-13.500052177732174
 20
1.1911496930883703
 10
-13.544782405813407
 20
1.120047522954628
 10
-13.546271942419086
 20
1.1177576437872099
 10
-13.722392095854657
 20
0.855792048684426
 10
-13.723950441623852
 20
0.8535484300972607
 10
-13.780872867299273
 20
0.7741927953546954
 10
-13.753037108132148
 20
0.7783481919200808
 10
-13.742415916875956
 20
0.7792950503468775
 10
-13.42265701438312
 20
0.7887747338595367
 10
-13.411998384300023
 20
0.7884587444091147
 10
-13.21734166016369
 20
0.7711054781760384
  0
LWPOLYLINE
  5
4B
330
17
100
AcDbEntity
  8
ENGRAVE_LINES
100
AcDbPolyline
 90
46
 70
1
 10
-11.869247500468571
 20
0.2636017182599635
 10
-11.620837989978478
 20
0.062037001057287294
 10
-11.612970242766842
 20
0.05483944602833343
 10
-11.390143993029636
 20
-0.17469068826992176
 10
-11.383182746436423
 20
-0.18276826776191826
 10
-11.189067749557253
 20
-0.43704171920646484
 10
-11.183110724225392
 20
-0.4458859316517085
 10
-11.02043192925512
 20
-0.7213332583585449
 10
-11.01556274876231
 20
-0.7308199504010571
 10
-10.886603809386001
 20
-1.0235744756912057
 10
-10.882890826352986
 20
-1.0335704749697956
 10
-10.845456354450887
 20
-1.1561574832933967
 10
-10.77045470660237
 20
-1.1076228340134795
 10
-10.76834481844567
 20
-1.1062985575589974
 10
-10.498796506026842
 20
-0.9422714909588668
 10
-10.496650775780338
 20
-0.9410061143860925
 10
-10.272422161821508
 20
-0.8129232265647346
 10
-10.37895373821239
 20
-0.7352497254645107
 10
-10.381366823149856
 20
-0.7334274483079162
 10
-10.630167241801734
 20
-0.5388936305820817
 10
-10.632517747886272
 20
-0.5369913177535955
 10
-10.874642646355063
 20
-0.33420919797520565
 10
-10.876927920221375
 20
-0.332228996897835
 10
-11.112103976175613
 20
-0.12142748536115888
 10
-11.114321438095695
 20
-0.11937163138194339
 10
-11.342283173394453
 20
0.09921130894030385
 10
-11.344430320189714
 20
0.10134049507365711
 10
-11.5649204005672
 20
0.3274581171544399
 10
-11.566994808434176
 20
0.32965823191333166
 10
-11.779764333991151
 20
0.5630552832113296
 10
-11.781763661237608
 20
0.5653238429994875
 10
-11.986572447411646
 20
0.8057368536005259
 10
-11.988494437099993
 20
0.8080712975576076
 10
-12.185111285797484
 20
1.0552288775922987
 10
-12.186953768292524
 20
1.0576265704847152
 10
-12.313259587876084
 20
1.227836854221759
 10
-12.400862970979713
 20
1.0719794594788392
 10
-12.402113469335143
 20
1.069825024512368
 10
-12.56427140125932
 20
0.7991481388731394
 10
-12.565581046104676
 20
0.7970291375657496
 10
-12.656195233524132
 20
0.6548536692591329
 10
-12.456441241443901
 20
0.5873213119128275
 10
-12.44655966008667
 20
0.5833137447628672
 10
-12.157755184422102
 20
0.44573614862513666
 10
-12.148416948610157
 20
0.4405879842433841
 10
-11.877911302374093
 20
0.2698182109305042
  0
LWPOLYLINE
  5
4C
330
17
100
AcDbEntity
  8
ENGRAVE_LINES
100
AcDbPolyline
 90
24
 70
1
 10
-9.346559387596121
 20
-1.4533690839287825
 10
-9.34411514477517
 20
-1.4521492712655981
 10
-9.30871501692674
 20
-1.4351487191099648
 10
-9.312497687940153
 20
-1.4331038015190116
 10
-9.315133188374416
 20
-1.4316213001153457
 10
-9.587756555640343
 20
-1.2721799184701617
 10
-9.590340765975592
 20
-1.270609717879771
 10
-9.85745404805696
 20
-1.1020999285615778
 10
-9.859984051111203
 20
-1.1004438013030637
 10
-10.11197002590486
 20
-0.9293799026562425
 10
-10.134467853817975
 20
-0.9414177550373234
 10
-10.406289236559154
 20
-1.096686376014828
 10
-10.673709332174512
 20
-1.259418368065133
 10
-10.790787688988216
 20
-1.3351814632667065
 10
-10.789462043398004
 20
-1.3395225670340163
 10
-10.786957379967607
 20
-1.3498875516303126
 10
-10.765682183636851
 20
-1.4682643180526538
 10
-10.606733378276076
 20
-1.5841163633559912
 10
-10.348367419823433
 20
-1.760677870372125
 10
-10.139987216110088
 20
-1.8939871346842239
 10
-9.907342919959072
 20
-1.7549201840678248
 10
-9.904977185522206
 20
-1.753554326653869
 10
-9.62923961624968
 20
-1.59988886418621
 10
-9.626833519291432
 20
-1.5985954333498107
  0
LWPOLYLINE
  5
4D
330
17
100
AcDbEntity
  8
ENGRAVE_LINES
100
AcDbPolyline
 90
14
 70
1
 10
-10.448798375127893
 20
-1.9100615683209947
 10
-10.709419972559829
 20
-1.7319586081666325
 10
-10.711651701330522
 20
-1.7303832819797458
 10
-10.726483564537041
 20
-1.7195728724001684
 10
-10.710158064141211
 20
-1.9946683434895658
 10
-10.71089350868573
 20
-2.0000000000000004
 10
-10.710158064141211
 20
-2.005331656510435
 10
-10.726483564537041
 20
-2.280427127599835
 10
-10.711651701330522
 20
-2.2696167180202576
 10
-10.709419972559829
 20
-2.2680413918333713
 10
-10.448798375127893
 20
-2.0899384316790073
 10
-10.446519864963241
 20
-2.088431561634638
 10
-10.308289510732394
 20
-2.0000000000000013
 10
-10.446519864963241
 20
-1.9115684383653637
  0
LWPOLYLINE
  5
4E
330
17
100
AcDbEntity
  8
ENGRAVE_LINES
100
AcDbPolyline
 90
24
 70
1
 10
-9.587756555640347
 20
-2.727820081529842
 10
-9.31513318837442
 20
-2.568378699884658
 10
-9.312497687940157
 20
-2.566896198480992
 10
-9.308715016926744
 20
-2.5648512808900383
 10
-9.344115144775166
 20
-2.5478507287344074
 10
-9.346559387596118
 20
-2.546630916071223
 10
-9.626833519291438
 20
-2.4014045666501893
 10
-9.629239616249686
 20
-2.40011113581379
 10
-9.904977185522212
 20
-2.246445673346131
 10
-9.907342919959078
 20
-2.245079815932175
 10
-10.139987216110088
 20
-2.1060128653157792
 10
-10.348367419823441
 20
-2.239322129627883
 10
-10.606733378276065
 20
-2.4158836366440055
 10
-10.765682183636851
 20
-2.5317356819473504
 10
-10.786957379967607
 20
-2.650112448369687
 10
-10.789462043398004
 20
-2.6604774329659837
 10
-10.790787688988216
 20
-2.6648185367332955
 10
-10.673709332174523
 20
-2.7405816319348637
 10
-10.40628923655916
 20
-2.9033136239851722
 10
-10.134467853817958
 20
-3.0585822449626914
 10
-10.111970025904862
 20
-3.0706200973437614
 10
-9.8599840511112
 20
-2.8995561986969363
 10
-9.857454048056956
 20
-2.897900071438422
 10
-9.590340765975595
 20
-2.7293902821202325
  0
LWPOLYLINE
  5
4F
330
17
100
AcDbEntity
  8
ENGRAVE_LINES
100
AcDbPolyline
 90
46
 70
1
 10
-11.189067749557255
 20
-3.5629582807935347
 10
-11.383182746436423
 20
-3.817231732238081
 10
-11.390143993029636
 20
-3.8253093117300776
 10
-11.61297024276684
 20
-4.054839446028332
 10
-11.620837989978476
 20
-4.062037001057286
 10
-11.869247500468573
 20
-4.263601718259964
 10
-11.877911302374095
 20
-4.269818210930504
 10
-12.148416948610157
 20
-4.4405879842433835
 10
-12.1577551844221
 20
-4.445736148625136
 10
-12.446559660086667
 20
-4.583313744762867
 10
-12.4564412414439
 20
-4.587321311912827
 10
-12.65619523352413
 20
-4.654853669259133
 10
-12.565581046104676
 20
-4.79702913756575
 10
-12.56427140125932
 20
-4.799148138873139
 10
-12.40211346933514
 20
-5.069825024512372
 10
-12.40086297097971
 20
-5.071979459478843
 10
-12.313259587876082
 20
-5.227836854221758
 10
-12.186953768292527
 20
-5.05762657048472
 10
-12.185111285797488
 20
-5.055228877592303
 10
-11.988494437099993
 20
-4.80807129755761
 10
-11.986572447411646
 20
-4.805736853600528
 10
-11.781763661237605
 20
-4.565323842999486
 10
-11.779764333991148
 20
-4.563055283211328
 10
-11.566994808434176
 20
-4.329658231913333
 10
-11.5649204005672
 20
-4.327458117154442
 10
-11.344430320189712
 20
-4.101340495073656
 10
-11.342283173394451
 20
-4.099211308940303
 10
-11.114321438095699
 20
-3.8806283686180616
 10
-11.112103976175616
 20
-3.8785725146388463
 10
-10.876927920221375
 20
-3.6677710031021675
 10
-10.874642646355063
 20
-3.665790802024797
 10
-10.632517747886272
 20
-3.4630086822464063
 10
-10.630167241801734
 20
-3.46110636941792
 10
-10.381366823149856
 20
-3.2665725516920854
 10
-10.37895373821239
 20
-3.264750274535491
 10
-10.27242216182151
 20
-3.187076773435269
 10
-10.49665077578034
 20
-3.058993885613911
 10
-10.498796506026844
 20
-3.057728509041137
 10
-10.768344818445675
 20
-2.8937014424410026
 10
-10.770454706602376
 20
-2.8923771659865203
 10
-10.845456354450889
 20
-2.8438425167066055
 10
-10.882890826352986
 20
-2.9664295250302053
 10
-10.886603809386001
 20
-2.9764255243087954
 10
-11.01556274876231
 20
-3.2691800495989427
 10
-11.02043192925512
 20
-3.2786667416414548
 10
-11.183110724225394
 20
-3.5541140683482917
  0
LWPOLYLINE
  5
50
330
17
100
AcDbEntity
  8
ENGRAVE_LINES
100
AcDbPolyline
 90
22
 70
1
 10
-13.21537207521943
 20
-5.661739733613508
 10
-13.214024209069445
 20
-5.664115764493518
 10
-13.062455554483257
 20
-5.94101145678694
 10
-13.061180419109082
 20
-5.943427299430526
 10
-12.934614122204934
 20
-6.192294325794053
 10
-12.893741328841546
 20
-6.1181831049897415
 10
-12.892236741848441
 20
-6.115560150371177
 10
-12.730510981236414
 20
-5.844285689879959
 10
-12.728919128981335
 20
-5.841714760213695
 10
-12.558171564689363
 20
-5.576026364063812
 10
-12.556494244132365
 20
-5.573510361539978
 10
-12.429069645298593
 20
-5.389158869224068
 10
-12.557164784823305
 20
-5.161261566423155
 10
-12.718042399937291
 20
-4.892721808229387
 10
-12.836628432148329
 20
-4.706657957254459
 10
-12.96829445275796
 20
-4.734372642378644
 10
-13.038757007196644
 20
-4.829521796328621
 10
-13.217273993046648
 20
-5.086540511619879
 10
-13.387908514868299
 20
-5.348858628054122
 10
-13.394263516477443
 20
-5.359308982978299
 10
-13.376693744662772
 20
-5.387237499294134
 10
-13.375274389482115
 20
-5.38957152945079
  0
LWPOLYLINE
  5
51
330
17
100
AcDbEntity
  8
ENGRAVE_LINES
100
AcDbPolyline
 90
13
 70
1
 10
-13.367415404953398
 20
-4.987245887259377
 10
-13.365891288240975
 20
-4.9849788773017565
 10
-13.217341660163688
 20
-4.771105478176038
 10
-13.411998384300025
 20
-4.788458744409114
 10
-13.422657014383121
 20
-4.788774733859537
 10
-13.742415916875954
 20
-4.779295050346877
 10
-13.753037108132146
 20
-4.77834819192008
 10
-13.780872867299271
 20
-4.774192795354695
 10
-13.723950441623847
 20
-4.853548430097265
 10
-13.722392095854653
 20
-4.85579204868443
 10
-13.546271942419086
 20
-5.117757643787208
 10
-13.544782405813407
 20
-5.120047522954626
 10
-13.500052177732172
 20
-5.191149693088371
  0
LWPOLYLINE
  5
52
330
17
100
AcDbEntity
  8
ENGRAVE_LINES
100
AcDbPolyline
 90
24
 70
1
 10
-13.74049754800276
 20
-6.822809573503424
 10
-13.739218334707292
 20
-6.825549516257492
 10
-13.610437915613366
 20
-7.113925413687101
 10
-13.609251468876868
 20
-7.116706783330338
 10
-13.49951749870569
 20
-7.386421638945852
 10
-13.452045309495851
 20
-7.263881793045937
 10
-13.450905754888744
 20
-7.261080884577549
 10
-13.326987984632343
 20
-6.970582277394968
 10
-13.32575498061974
 20
-6.967821231568514
 10
-13.192148258648917
 20
-6.6816494328102305
 10
-13.19082319710557
 20
-6.678931366428185
 10
-13.04767834516968
 20
-6.397409420703545
 10
-13.046262721889336
 20
-6.394737402051099
 10
-13.041249702570811
 20
-6.385647713017409
 10
-13.079147432567781
 20
-6.305174349572568
 10
-13.22100432436193
 20
-6.0262414606952195
 10
-13.371261176055722
 20
-5.751742257115338
 10
-13.499830244643997
 20
-5.532906071598603
 10
-13.550503372640206
 20
-5.616234480503605
 10
-13.704908773021197
 20
-5.88842174431307
 10
-13.850982467350335
 20
-6.165169662231107
 10
-13.959463680917194
 20
-6.386735025987239
 10
-13.880263400568937
 20
-6.536227217382953
 10
-13.87889286475253
 20
-6.538922640267551
  0
LWPOLYLINE
  5
53
330
17
100
AcDbEntity
  8
ENGRAVE_LINES
100
AcDbPolyline
 90
24
 70
1
 10
-14.533072995454507
 20
-5.441618405316525
 10
-14.531353644839037
 20
-5.444105875198142
 10
-14.356166831107998
 20
-5.706888361020742
 10
-14.354532014003075
 20
-5.709432186090263
 10
-14.18827188958388
 20
-5.977951506788892
 10
-14.186723451450362
 20
-5.98054881545317
 10
-14.064947703584707
 20
-6.192841133382949
 10
-14.012044770209132
 20
-6.08479055677411
 10
-14.01080644498139
 20
-6.0823556406500145
 10
-13.863457468410127
 20
-5.803191601835692
 10
-13.862145816591593
 20
-5.800795389113923
 10
-13.706392394815635
 20
-5.526231820757163
 10
-13.705008624788363
 20
-5.523876518990369
 10
-13.605909570039993
 20
-5.360915066190591
 10
-13.696413441107705
 20
-5.217052136926463
 10
-13.871009302285673
 20
-4.9573538128916645
 10
-14.028957457767557
 20
-4.737158064274881
 10
-14.069430461361186
 20
-4.731116146067656
 10
-14.079865115547179
 20
-4.7289197315804135
 10
-14.163260114893486
 20
-4.706132005361008
 10
-14.198746967378984
 20
-4.760147429354946
 10
-14.363325544180698
 20
-5.02643505736931
 10
-14.520471384413035
 20
-5.297175511814654
 10
-14.570571157419879
 20
-5.389270434750279
  0
LWPOLYLINE
  5
54
330
17
100
AcDbEntity
  8
ENGRAVE_LINES
100
AcDbPolyline
 90
48
 70
1
 10
-15.7142830036106
 20
-3.6971143843473495
 10
-15.720753503506574
 20
-3.688638602632531
 10
-15.899464263462379
 20
-3.4233122292752256
 10
-15.904886889961388
 20
-3.4141306517183305
 10
-16.050962304745678
 20
-3.1295298904429596
 10
-16.055260936058218
 20
-3.1197714062666217
 10
-16.15709244819594
 20
-2.845623177520287
 10
-16.364802284813045
 20
-2.9759927637576964
 10
-16.366930297805826
 20
-2.977287714283487
 10
-16.638722795696303
 20
-3.1375687468348916
 10
-16.640885832220754
 20
-3.1388043070946803
 10
-16.72696814772317
 20
-3.1864080972949465
 10
-16.49461479692567
 20
-3.3618732029124967
 10
-16.492232665257728
 20
-3.3637357607417866
 10
-16.246735363094963
 20
-3.562421767272552
 10
-16.244417145981963
 20
-3.5643632982066014
 10
-16.005732986611623
 20
-3.771184299620898
 10
-16.003481300969508
 20
-3.773202611965398
 10
-15.77187972264984
 20
-3.9879251386834316
 10
-15.769697110290597
 20
-3.9900179540694958
 10
-15.545439556118769
 20
-4.212399616886393
 10
-15.543328480881112
 20
-4.214564572842486
 10
-15.326668103663557
 20
-4.444354336548978
 10
-15.32463094863163
 20
-4.446588989167789
 10
-15.115812325112877
 20
-4.68352745593094
 10
-15.113851389926104
 20
-4.685829282628184
 10
-14.913110244698688
 20
-4.929648984812245
 10
-14.91122774295584
 20
-4.932015387174279
 10
-14.718790682362936
 20
-5.182441089271133
 10
-14.716988739123305
 20
-5.184869395988171
 10
-14.687035133180789
 20
-5.2266850584113
 10
-14.677993820427119
 20
-5.210065042963877
 10
-14.676773257425978
 20
-5.207893508455301
 10
-14.518376799071595
 20
-4.93499841270224
 10
-14.517096604872194
 20
-4.932861489920878
 10
-14.351208257793743
 20
-4.66445465765154
 10
-14.349869413141187
 20
-4.662353983674453
 10
-14.345851833198843
 20
-4.656238724957048
 10
-14.388451450375879
 20
-4.644598357778069
 10
-14.398553087819945
 20
-4.641183220075182
 10
-14.695000528536887
 20
-4.520956205576374
 10
-14.704627344392373
 20
-4.516370285705116
 10
-14.9847744187507
 20
-4.361925354252539
 10
-14.993791273625234
 20
-4.356233028475443
 10
-15.253705330790922
 20
-4.169738248359227
 10
-15.26198564780726
 20
-4.163019424452471
 10
-15.498018064156334
 20
-3.9470927735838472
 10
-15.50544560581424
 20
-3.939441769107239
  0
LWPOLYLINE
  5
55
330
17
100
AcDbEntity
  8
ENGRAVE_LINES
100
AcDbPolyline
 90
387
 70
1
 10
-11.397121874624956
 20
-13.92601448131142
 10
-11.089491423991072
 20
-13.867660520238095
 10
-10.783472478418894
 20
-13.8013726338559
 10
-10.47926962173957
 20
-13.72719513781898
 10
-10.177086223668677
 20
-13.645177622247676
 10
-9.877124303846582
 20
-13.555374918575831
 10
-9.579584396781572
 20
-13.457847062894146
 10
-9.284665417785863
 20
-13.352659255814034
 10
-8.992564529994553
 20
-13.239881818879025
 10
-8.703477012554703
 20
-13.119590147552172
 10
-8.417596130075458
 20
-12.991864660811949
 10
-8.135113003423864
 20
-12.85679074738934
 10
-7.856216481954401
 20
-12.714458708682736
 10
-7.581093017256758
 20
-12.564963698388357
 10
-7.30992653850689
 20
-12.408405658886918
 10
-7.042898329504144
 20
-12.244889254428776
 10
-6.780186907477089
 20
-12.074523801162425
 10
-6.521967903738724
 20
-11.897423194052983
 10
-6.2684139462713135
 20
-11.713705830739743
 10
-6.019694544318647
 20
-11.523494532383282
 10
-5.775975975063534
 20
-11.326916461555491
 10
-5.537421172466
 20
-11.124103037227155
 10
-5.304189618336501
 20
-10.915189846910012
 10
-5.076437235717106
 20
-10.70031655601204
 10
-4.85431628464161
 20
-10.479626814466378
 10
-4.637975260344917
 20
-10.253268160696814
 10
-4.427558793988662
 20
-10.02139192298307
 10
-4.223207555970718
 20
-9.784153118293071
 10
-4.025058161882596
 20
-9.54171034864923
 10
-3.8332430811766174
 20
-9.294225695096827
 10
-3.647890548606658
 20
-9.041864609348613
 10
-3.4691244784981503
 20
-8.78479580317385
 10
-3.2970643819077337
 20
-8.523191135609526
 10
-3.1318252867259075
 20
-8.257225498066552
 10
-2.9735176607771714
 20
-7.98707669740921
 10
-2.822247337968492
 20
-7.712925337085157
 10
-2.6781154475360296
 20
-7.4349546963863675
 10
-2.5412183464366525
 20
-7.153350607920435
 10
-2.4116475549302594
 20
-6.8683013333755785
 10
-2.2894896953953903
 20
-6.579997437661335
 10
-2.174826434419316
 20
-6.28863166150965
 10
-2.0677344282011783
 20
-5.9943987926212206
 10
-1.9682852713047951
 20
-5.6974955354434975
 10
-1.8765454487953155
 20
-5.39812037966721
 10
-1.7925762917917456
 20
-5.096473467529441
 10
-1.7164339364650498
 20
-4.792756460011855
 10
-1.6481692865092483
 20
-4.487172402023589
 10
-1.5878279791106482
 20
-4.179925586659192
 10
-1.535450354437814
 20
-3.871221418621613
 10
-1.4910714286728568
 20
-3.5612662769025407
 10
-1.4547208706019443
 20
-3.2502673768111077
 10
-1.4264229817807392
 20
-2.938432631443624
 10
-1.4061966802879893
 20
-2.625970512686692
 10
-1.3940554880781721
 20
-2.313089911846918
 10
-1.3900075219416212
 20
-2.0000000000000018
 10
-1.3940554880781721
 20
-1.686910088153092
 10
-1.4061966802879893
 20
-1.3740294873133143
 10
-1.4264229817807392
 20
-1.0615673685563787
 10
-1.4547208706019443
 20
-0.7497326231888904
 10
-1.4910714286728548
 20
-0.4387337230974672
 10
-1.5354503544378122
 20
-0.12877858137839118
 10
-1.5878279791106478
 20
0.1799255866591912
 10
-1.6481692865092499
 20
0.48717240202360007
 10
-1.7164339364650458
 20
0.7927564600118387
 10
-1.792576291791742
 20
1.0964734675294296
 10
-1.876545448795315
 20
1.3981203796672073
 10
-1.9682852713047954
 20
1.6974955354434955
 10
-2.0677344282011783
 20
1.9943987926212206
 10
-2.1748264344193164
 20
2.2886316615096494
 10
-2.289489695395391
 20
2.5799974376613384
 10
-2.411647554930254
 20
2.868301333375566
 10
-2.5412183464366507
 20
3.1533506079204274
 10
-2.67811544753603
 20
3.4349546963863644
 10
-2.8222473379684994
 20
3.712925337085171
 10
-2.9735176607771536
 20
3.9870766974091807
 10
-3.1318252867259133
 20
4.257225498066561
 10
-3.2970643819077354
 20
4.523191135609527
 10
-3.4691244784981414
 20
4.784795803173838
 10
-3.6478905486066378
 20
5.041864609348585
 10
-3.833243081176627
 20
5.294225695096839
 10
-4.025058161882564
 20
5.5417103486491905
 10
-4.223207555970759
 20
5.784153118293118
 10
-4.427558793988625
 20
6.021391922983031
 10
-4.637975260344913
 20
6.253268160696809
 10
-4.854316284641604
 20
6.479626814466377
 10
-5.076437235717103
 20
6.70031655601204
 10
-5.304189618336478
 20
6.91518984690999
 10
-5.537421172465998
 20
7.124103037227152
 10
-5.775975975063536
 20
7.326916461555491
 10
-6.019694544318665
 20
7.5234945323833
 10
-6.26841394627133
 20
7.713705830739756
 10
-6.521967903738713
 20
7.897423194052978
 10
-6.780186907477081
 20
8.07452380116242
 10
-7.042898329504124
 20
8.24488925442876
 10
-7.309926538506893
 20
8.40840565888692
 10
-7.581093017256789
 20
8.564963698388375
 10
-7.8562164819543705
 20
8.714458708682722
 10
-8.135113003423864
 20
8.85679074738934
 10
-8.41759613007542
 20
8.99186466081193
 10
-8.703477012554725
 20
9.119590147552184
 10
-8.99256452999455
 20
9.239881818879025
 10
-9.284665417785863
 20
9.352659255814034
 10
-9.579584396781568
 20
9.457847062894146
 10
-9.87712430384658
 20
9.555374918575831
 10
-10.177086223668681
 20
9.645177622247676
 10
-10.479269621739576
 20
9.727195137818981
 10
-10.783472478418883
 20
9.801372633855896
 10
-11.089491423991063
 20
9.867660520238093
 10
-11.39712187462494
 20
9.926014481311416
 10
-11.70615816914453
 20
9.97639550551432
 10
-12.016393706520635
 20
10.01876991145845
 10
-12.327621083990195
 20
10.05310937044571
 10
-12.63963223571235
 20
10.079390925407008
 10
-12.952218571866823
 20
10.097597006249751
 10
-13.26517111810365
 20
10.107715441604078
 10
-13.578280655249221
 20
10.10973946695982
 10
-13.891337859176245
 20
10.10366772918878
 10
-14.204133440743806
 20
10.089504287449374
 10
-14.51645828571461
 20
10.067258610472912
 10
-14.562550616912983
 20
10.062775312792132
 10
-14.583640004641673
 20
10.037666690847061
 10
-14.78769649671536
 20
9.786093817119651
 10
-14.932614308196785
 20
9.60103935515723
 10
-14.84956790793654
 20
9.611829027655682
 10
-14.847136327050936
 20
9.61211137657485
 10
-14.533266641590084
 20
9.644237499854444
 10
-14.530828281209518
 20
9.64445361364362
 10
-14.216200973956155
 20
9.668031670789363
 10
-14.213757637957512
 20
9.668181389569527
 10
-13.898605467339191
 20
9.683193937748642
 10
-13.896158963280282
 20
9.683277150759201
 10
-13.58071507601371
 20
9.689713083824746
 10
-13.578267213796039
 20
9.689729729505466
 10
-13.262764972407254
 20
9.687584286212545
 10
-13.260317562937082
 20
9.687534352249106
 10
-12.944990373121975
 20
9.676809119777202
 10
-12.942545226970626
 20
9.676692643110295
 10
-12.627626364923515
 20
9.657395555889092
 10
-12.625185290987927
 20
9.6572126226871
 10
-12.310907730825958
 20
9.629357956526658
 10
-12.308472534990486
 20
9.6291087021219
 10
-11.995068776401485
 20
9.59271706365154
 10
-11.992641260201916
 20
9.59240167244017
 10
-11.680343156443236
 20
9.547499983863883
 10
-11.677925115734025
 20
9.547118689169453
 10
-11.3669637021096
 20
9.493740168349088
 10
-11.364556925735336
 20
9.493293252249957
 10
-11.055162248677874
 20
9.431477388130963
 10
-11.052768517149875
 20
9.430965181251604
 10
-10.745169464034577
 20
9.36075770464945
 10
-10.742790548213717
 20
9.360180585915865
 10
-10.437214678029488
 20
9.281633435684803
 10
-10.434852337816107
 20
9.280991832044199
 10
-10.131525712819467
 20
9.19416311665338
 10
-10.129181695851425
 20
9.193457502758307
 10
-9.828328714327723
 20
9.098411457303653
 10
-9.826004754687506
 20
9.09764235516087
 10
-9.527847984943078
 20
8.994449293844532
 10
-9.525545801874944
 20
8.993617272428827
 10
-9.230305817583117
 20
8.882353536541384
 10
-9.228027114221216
 20
8.88145921137465
 10
-8.9359223312439
 20
8.762207112818505
 10
-8.933668793352306
 20
8.761251145514388
 10
-8.644915308157922
 20
8.634098905910177
 10
-8.64268860288352
 20
8.633082003684619
 10
-8.357500032680797
 20
8.498123689105656
 10
-8.355301807319952
 20
8.497046604253692
 10
-8.073889132025837
 20
8.354382055636734
 10
-8.071721012805725
 20
8.353245584975971
 10
-7.794292418964384
 20
8.20298034425981
 10
-7.792156009839936
 20
8.20178532854093
 10
-7.518916736608211
 20
8.044030560587416
 10
-7.516813618075515
 20
8.042777883872207
 10
-7.247965805388866
 20
7.87765029422749
 10
-7.245897533315934
 20
7.876340883234823
 10
-6.981640072347152
 20
7.703962631791658
 10
-6.979608176822898
 20
7.702597455211904
 10
-6.720136562844221
 20
7.523096065836863
 10
-6.718142547046521
 20
7.521676133615271
 10
-6.463648734803996
 20
7.335184399807746
 10
-6.461694073887648
 20
7.333710762397293
 10
-6.212366335594761
 20
7.14036664905007
 10
-6.210452475600175
 20
7.1388403966343414
 10
-5.966475261655773
 20
6.938786937968423
 10
-5.964603618439212
 20
6.93720919965511
 10
-5.726157420972766
 20
6.730594393404295
 10
-5.7243293791589025
 20
6.728966336389889
 10
-5.491590598504069
 20
6.515943034313399
 10
-5.489807510461651
 20
6.514265863019709
 10
-5.262948324656916
 20
6.294991657823834
 10
-5.2612115094983025
 20
6.293266613006968
 10
-5.040399746911216
 20
6.0679037217594205
 10
-5.038710489516503
 20
6.066132079591882
 10
-4.824109504685784
 20
5.834847223715072
 10
-4.8224690547522675
 20
5.833030294841667
 10
-4.614237607539601
 20
5.5959945767737205
 10
-4.612647178657259
 20
5.594133705341943
 10
-4.410939316798176
 20
5.351522481956653
 10
-4.4094000855518685
 20
5.349619044622308
 10
-4.214365030692645
 20
5.101611797501726
 10
-4.212878135791682
 20
5.099667202410485
 10
-4.024660173096509
 20
4.846447405066064
 10
-4.023226714532249
 20
4.844463090811732
 10
-3.8419650859423866
 20
4.586218072952297
 10
-3.8405861241744716
 20
4.58419550751256
 10
-3.6664149253983105
 20
4.3211163164594755
 10
-3.665091480570147
 20
4.319056996109895
 10
-3.49813956188043
 20
4.051338255462005
 10
-3.496872613064493
 20
4.049243703669093
 10
-3.337263483976054
 20
3.7770834693219366
 10
-3.336053968449586
 20
3.7749552356161087
 10
-3.183905706348118
 20
3.498554849241971
 10
-3.1827545188997313
 20
3.496394508071214
 10
-3.038179681689222
 20
3.215958448168381
 10
-3.0370876739569472
 20
3.2137675977334945
 10
-2.90019321679036
 20
2.9295033283549206
 10
-2.8991611966316113
 20
2.92728358942718
 10
-2.7700483927864243
 20
2.6394014067004523
 10
-2.769077123680351
 20
2.637154421422579
 10
-2.647841489637518
 20
2.3458672979747663
 10
-2.646931690120195
 20
2.343594728646084
 10
-2.5336629149019076
 20
2.0491181560485017
 10
-2.5328152580347627
 20
2.0468216838951823
 10
-2.4275971368533344
 20
1.7493735132446961
 10
-2.426812249725228
 20
1.7470548371760037
 10
-2.329722621992155
 20
1.4468551179307607
 10
-2.329001085255465
 20
1.4445159532822178
 10
-2.240111776996523
 20
1.1417867704710505
 10
-2.239454124437579
 20
1.1394288477354406
 10
-2.1588308951566035
 20
0.8343941576613823
 10
-2.158237613300804
 20
0.8320192212085541
 10
-2.0859401073313895
 20
0.5249046857679921
 10
-2.085411635083269
 20
0.5225144925543882
 10
-2.0214933374644355
 20
0.2135473122944453
 10
-2.0210300657829685
 20
0.21114363056332122
 10
-1.9655382626914142
 20
-0.09944762339904953
 10
-1.9651405343007877
 20
-0.10186301542575665
 10
-1.9181162780690102
 20
-0.4138485704986132
 10
-1.9177843872050793
 20
-0.41627388593579484
 10
-1.879262465951228
 20
-0.7294229380358797
 10
-1.8789966581438429
 20
-0.7318563826571771
 10
-1.8490055700357808
 20
-1.0459372669566904
 10
-1.848806041927146
 20
-1.0483770405218513
 10
-1.827367974099774
 20
-1.3631574028319848
 10
-1.8272348732989738
 20
-1.365601700418658
 10
-1.8143656854403791
 20
-1.6808486690831164
 10
-1.814299110414179
 20
-1.683295682422123
 10
-1.8100083230327877
 20
-1.998776040593464
 10
-1.8102345249011271
 20
-2.0000000000000013
 10
-1.8100083230327877
 20
-2.0012239594065386
 10
-1.814299110414179
 20
-2.31670431757787
 10
-1.8143656854403791
 20
-2.3191513309168763
 10
-1.8272348732989738
 20
-2.634398299581345
 10
-1.827367974099774
 20
-2.6368425971680187
 10
-1.848806041927146
 20
-2.9516229594781422
 10
-1.8490055700357808
 20
-2.9540627330433025
 10
-1.8789966581438429
 20
-3.2681436173428264
 10
-1.879262465951228
 20
-3.270577061964125
 10
-1.9177843872050793
 20
-3.5837261140642
 10
-1.91811627806901
 20
-3.5861514295013808
 10
-1.9651405343007875
 20
-3.898136984574247
 10
-1.9655382626914142
 20
-3.900552376600954
 10
-2.0210300657829667
 20
-4.211143630563316
 10
-2.0214933374644337
 20
-4.213547312294441
 10
-2.085411635083271
 20
-4.522514492554394
 10
-2.0859401073313912
 20
-4.524904685767996
 10
-2.1582376133008023
 20
-4.832019221208548
 10
-2.1588308951566018
 20
-4.834394157661377
 10
-2.2394541244375774
 20
-5.139428847735436
 10
-2.240111776996521
 20
-5.141786770471046
 10
-2.329001085255463
 20
-5.444515953282214
 10
-2.329722621992153
 20
-5.446855117930758
 10
-2.426812249725228
 20
-5.747054837176001
 10
-2.4275971368533344
 20
-5.749373513244692
 10
-2.5328152580347627
 20
-6.046821683895177
 10
-2.5336629149019076
 20
-6.049118156048498
 10
-2.646931690120195
 20
-6.34359472864608
 10
-2.647841489637518
 20
-6.3458672979747615
 10
-2.7690771236803493
 20
-6.637154421422576
 10
-2.7700483927864226
 20
-6.63940140670045
 10
-2.8991611966316095
 20
-6.927283589427177
 10
-2.9001932167903584
 20
-6.929503328354918
 10
-3.0370876739569472
 20
-7.213767597733493
 10
-3.038179681689222
 20
-7.215958448168379
 10
-3.1827545188997295
 20
-7.496394508071211
 10
-3.183905706348116
 20
-7.498554849241968
 10
-3.3360539684495842
 20
-7.7749552356161065
 10
-3.337263483976052
 20
-7.777083469321935
 10
-3.496872613064493
 20
-8.049243703669092
 10
-3.49813956188043
 20
-8.051338255462005
 10
-3.665091480570147
 20
-8.319056996109895
 10
-3.666414925398311
 20
-8.321116316459474
 10
-3.840586124174472
 20
-8.584195507512558
 10
-3.8419650859423866
 20
-8.586218072952295
 10
-4.023226714532243
 20
-8.844463090811724
 10
-4.024660173096502
 20
-8.846447405066055
 10
-4.212878135791679
 20
-9.099667202410485
 10
-4.214365030692643
 20
-9.101611797501727
 10
-4.409400085551861
 20
-9.3496190446223
 10
-4.410939316798169
 20
-9.351522481956644
 10
-4.612647178657259
 20
-9.594133705341944
 10
-4.614237607539601
 20
-9.595994576773721
 10
-4.822469054752262
 20
-9.833030294841661
 10
-4.8241095046857785
 20
-9.834847223715068
 10
-5.038710489516503
 20
-10.066132079591883
 10
-5.040399746911216
 20
-10.06790372175942
 10
-5.261211509498295
 20
-10.29326661300696
 10
-5.262948324656909
 20
-10.294991657823827
 10
-5.489807510461652
 20
-10.51426586301971
 10
-5.49159059850407
 20
-10.515943034313402
 10
-5.7243293791588945
 20
-10.728966336389885
 10
-5.726157420972759
 20
-10.73059439340429
 10
-5.964603618439214
 20
-10.937209199655111
 10
-5.966475261655774
 20
-10.938786937968423
 10
-6.21045247560017
 20
-11.138840396634336
 10
-6.212366335594755
 20
-11.140366649050064
 10
-6.461694073887649
 20
-11.333710762397295
 10
-6.463648734803999
 20
-11.33518439980775
 10
-6.718142547046514
 20
-11.521676133615268
 10
-6.720136562844214
 20
-11.52309606583686
 10
-6.979608176822901
 20
-11.702597455211906
 10
-6.981640072347155
 20
-11.70396263179166
 10
-7.245897533315928
 20
-11.87634088323482
 10
-7.247965805388859
 20
-11.877650294227486
 10
-7.516813618075508
 20
-12.042777883872203
 10
-7.518916736608204
 20
-12.044030560587412
 10
-7.792156009839932
 20
-12.201785328540927
 10
-7.794292418964379
 20
-12.202980344259807
 10
-8.07172101280572
 20
-12.353245584975967
 10
-8.073889132025831
 20
-12.354382055636732
 10
-8.355301807319956
 20
-12.497046604253693
 10
-8.3575000326808
 20
-12.498123689105654
 10
-8.642688602883517
 20
-12.633082003684615
 10
-8.644915308157918
 20
-12.634098905910177
 10
-8.933668793352311
 20
-12.761251145514391
 10
-8.935922331243905
 20
-12.762207112818507
 10
-9.228027114221211
 20
-12.881459211374649
 10
-9.230305817583112
 20
-12.882353536541382
 10
-9.525545801874951
 20
-12.993617272428828
 10
-9.527847984943085
 20
-12.994449293844534
 10
-9.826004754687503
 20
-13.09764235516087
 10
-9.82832871432772
 20
-13.098411457303653
 10
-10.129181695851434
 20
-13.19345750275831
 10
-10.131525712819476
 20
-13.194163116653383
 10
-10.434852337816103
 20
-13.280991832044199
 10
-10.437214678029484
 20
-13.281633435684803
 10
-10.742790548213723
 20
-13.360180585915867
 10
-10.745169464034584
 20
-13.360757704649451
 10
-11.052768517149872
 20
-13.430965181251603
 10
-11.055162248677867
 20
-13.431477388130961
 10
-11.364556925735341
 20
-13.49329325224996
 10
-11.366963702109608
 20
-13.49374016834909
 10
-11.677925115734022
 20
-13.547118689169451
 10
-11.68034315644323
 20
-13.547499983863881
 10
-11.99264126020191
 20
-13.59240167244017
 10
-11.995068776401482
 20
-13.59271706365154
 10
-12.308472534990482
 20
-13.6291087021219
 10
-12.310907730825955
 20
-13.629357956526658
 10
-12.625185290987925
 20
-13.6572126226871
 10
-12.627626364923513
 20
-13.657395555889092
 10
-12.942545226970623
 20
-13.676692643110295
 10
-12.944990373121971
 20
-13.676809119777202
 10
-13.26031756293708
 20
-13.687534352249106
 10
-13.262764972407252
 20
-13.687584286212545
 10
-13.578267213796037
 20
-13.689729729505466
 10
-13.580715076013709
 20
-13.689713083824746
 10
-13.89615896328028
 20
-13.683277150759201
 10
-13.89860546733919
 20
-13.683193937748642
 10
-14.213757637957512
 20
-13.668181389569527
 10
-14.216200973956155
 20
-13.668031670789363
 10
-14.530828281209518
 20
-13.64445361364362
 10
-14.533266641590084
 20
-13.644237499854444
 10
-14.847136327050936
 20
-13.61211137657485
 10
-14.84956790793654
 20
-13.611829027655682
 10
-14.93288331940714
 20
-13.601004404300252
 10
-14.76481249453886
 20
-13.814748769592246
 10
-14.56287886052741
 20
-14.062743385271935
 10
-14.516458285714613
 20
-14.067258610472912
 10
-14.204133440743814
 20
-14.089504287449374
 10
-13.891337859176247
 20
-14.10366772918878
 10
-13.578280655249225
 20
-14.10973946695982
 10
-13.265171118103655
 20
-14.107715441604078
 10
-12.95221857186683
 20
-14.097597006249751
 10
-12.639632235712352
 20
-14.07939092540701
 10
-12.3276210839902
 20
-14.05310937044571
 10
-12.016393706520642
 20
-14.018769911458449
 10
-11.706158169144528
 20
-13.97639550551432
  0
LWPOLYLINE
  5
56
330
17
100
AcDbEntity
  8
ENGRAVE_LINES
100
AcDbPolyline
 90
334
 70
1
 10
-18.15236802779408
 20
9.18067035345332
 10
-18.43987625485766
 20
9.056651410138786
 10
-18.724082010539213
 20
8.92524072804765
 10
-19.004795293849334
 20
8.786526159586542
 10
-19.28182843863285
 20
8.64060044005257
 10
-19.554996239029183
 20
8.487561125637024
 10
-19.824116073288973
 20
8.32751052820565
 10
-20.089008025862668
 20
8.160555646899825
 10
-20.349495007680122
 20
7.986808096604022
 10
-20.605402874540335
 20
7.8063840333277
 10
-20.85656054353315
 20
7.619404076550782
 10
-21.102800107412946
 20
7.425993228586163
 10
-21.34395694685124
 20
7.226280791010794
 10
-21.579869840489334
 20
7.0204002782238755
 10
-21.81038107272085
 20
6.808489328187529
 10
-22.03533653912908
 20
6.590689610411875
 10
-22.254585849511756
 20
6.367146731243515
 10
-22.46798242842122
 20
6.138010136523471
 10
-22.675383613155276
 20
5.903433011677403
 10
-22.876650749132004
 20
5.663572179305989
 10
-23.071649282584662
 20
5.418587994344146
 10
-23.260248850515715
 20
5.168644236857982
 10
-23.44232336784878
 20
4.91390800255244
 10
-23.617751111720096
 20
4.654549591063036
 10
-23.78641480285528
 20
4.39074239210362
 10
-23.94820168397365
 20
4.122662769550571
 10
-24.103003595170406
 20
3.850489943537547
 10
-24.25071704622546
 20
3.5744058706401987
 10
-24.39124328578948
 20
3.2945951222332512
 10
-24.52448836740316
 20
3.011244761097082
 10
-24.650363212302757
 20
2.7245442163615916
 10
-24.76878366897289
 20
2.4346851568651813
 10
-24.87967056940433
 20
2.1418613630182564
 10
-24.982949782020302
 20
1.8462685972550534
 10
-25.078552261236254
 20
1.5481044731590623
 10
-25.166414093618794
 20
1.2475683233526198
 10
-25.24647654061421
 20
0.9448610662356455
 10
-25.318686077816903
 20
0.6401850716658883
 10
-25.38299443075248
 20
0.3337440256669439
 10
-25.43935860715056
 20
0.025742794258533926
 10
-25.487740925686797
 20
-0.28361271350419315
 10
-25.528109041173984
 20
-0.5941156831875565
 10
-25.56043596618585
 20
-0.905558533241131
 10
-25.584700089099076
 20
-1.217733053773005
 10
-25.600885188541465
 20
-1.5304305457460723
 10
-25.608980444236334
 20
-1.8434419604985164
 10
-25.608980444236334
 20
-2.1565580395014754
 10
-25.600885188541465
 20
-2.4695694542539193
 10
-25.584700089099076
 20
-2.7822669462269873
 10
-25.56043596618585
 20
-3.094441466758865
 10
-25.528109041173984
 20
-3.4058843168124353
 10
-25.487740925686794
 20
-3.7163872864958054
 10
-25.439358607150563
 20
-4.025742794258516
 10
-25.38299443075248
 20
-4.333744025666947
 10
-25.318686077816906
 20
-4.640185071665877
 10
-25.246476540614214
 20
-4.944861066235641
 10
-25.16641409361879
 20
-5.247568323352623
 10
-25.07855226123625
 20
-5.54810447315908
 10
-24.98294978202032
 20
-5.846268597255014
 10
-24.879670569404325
 20
-6.141861363018269
 10
-24.76878366897289
 20
-6.43468515686518
 10
-24.65036321230277
 20
-6.72454421636157
 10
-24.524488367403155
 20
-7.011244761097087
 10
-24.39124328578949
 20
-7.294595122233232
 10
-24.250717046225443
 20
-7.574405870640225
 10
-24.103003595170406
 20
-7.8504899435375455
 10
-23.948201683973625
 20
-8.12266276955062
 10
-23.786414802855305
 20
-8.39074239210358
 10
-23.617751111720125
 20
-8.654549591062999
 10
-23.442323367848765
 20
-8.913908002552454
 10
-23.26024885051573
 20
-9.168644236857963
 10
-23.071649282584644
 20
-9.418587994344165
 10
-22.876650749132022
 20
-9.663572179305968
 10
-22.675383613155297
 20
-9.903433011677379
 10
-22.46798242842119
 20
-10.1380101365235
 10
-22.254585849511777
 20
-10.367146731243492
 10
-22.035336539129087
 20
-10.59068961041187
 10
-21.810381072720855
 20
-10.808489328187525
 10
-21.579869840489337
 20
-11.020400278223873
 10
-21.343956946851222
 20
-11.226280791010806
 10
-21.10280010741297
 20
-11.425993228586142
 10
-20.85656054353317
 20
-11.619404076550767
 10
-20.605402874540314
 20
-11.806384033327715
 10
-20.349495007680105
 20
-11.986808096604033
 10
-20.089008025862686
 20
-12.160555646899812
 10
-19.824116073288966
 20
-12.327510528205655
 10
-19.55499623902919
 20
-12.48756112563702
 10
-19.28182843863286
 20
-12.640600440052564
 10
-19.004795293849334
 20
-12.78652615958654
 10
-18.72408201053922
 20
-12.925240728047646
 10
-18.43987625485766
 20
-13.056651410138786
 10
-18.152368027794026
 20
-13.18067035345334
 10
-17.861749538149255
 20
-13.297214647207747
 10
-17.568215074038132
 20
-13.406206377669985
 10
-17.271960873001373
 20
-13.50757268024744
 10
-16.97318499081415
 20
-13.601245788199378
 10
-16.672087169079102
 20
-13.687163077941294
 10
-16.368868701692957
 20
-13.765267110910704
 10
-16.06373230027402
 20
-13.835505671966963
 10
-15.756881958643511
 20
-13.89783180429863
 10
-15.44852281644877
 20
-13.95220384081568
 10
-15.138861022019915
 20
-13.99858543200549
 10
-14.828103594554003
 20
-14.036945570233474
 10
-14.81497026372999
 20
-14.038223019867575
 10
-14.904876400993118
 20
-13.927809328424026
 10
-14.905834437873251
 20
-13.926612076144364
 10
-15.105926183479605
 20
-13.672145048935352
 10
-15.106863683827761
 20
-13.670931648431786
 10
-15.185296323981957
 20
-13.567609376962974
 10
-15.476529356486232
 20
-13.52168558018259
 10
-15.478941988143664
 20
-13.52127143648657
 10
-15.789148720826917
 20
-13.463668917042913
 10
-15.791549196769605
 20
-13.46318931120061
 10
-16.10007459371147
 20
-13.397171535638806
 10
-16.102461138089087
 20
-13.396626822458273
 10
-16.409076954999932
 20
-13.322242630129761
 10
-16.411447802268604
 20
-13.321633212584864
 10
-16.715927207548738
 20
-13.238937632240296
 10
-16.71828060377716
 20
-13.238263961172608
 10
-17.020398346324853
 20
-13.147318170252097
 10
-17.022732550491845
 20
-13.146580744037363
 10
-17.322265126342018
 20
-13.047452023411957
 10
-17.32457841162452
 20
-13.0466513875914
 10
-17.621304229294985
 20
-12.9394130717893
 10
-17.623594884345525
 20
-12.938549818666035
 10
-17.917294428768294
 20
-12.823281241620395
 10
-17.91956075898105
 20
-12.822356009821252
 10
-18.21001675389767
 20
-12.69914244617963
 10
-18.21225708266211
 20
-12.6981559201827
 10
-18.499254651362598
 20
-12.56708852222166
 10
-18.501467321303824
 20
-12.566041431849927
 10
-18.784794145590556
 20
-12.42721716204142
 10
-18.786977519795425
 20
-12.42611028192284
 10
-19.06642399705418
 20
-12.279631841202228
 10
-19.06857646028226
 20
-12.278465990196672
 10
-19.34393585854435
 20
-12.124441741985523
 10
-19.346055818422872
 20
-12.123217782578987
 10
-19.617124429303573
 20
-11.961761672618794
 10
-19.619210317505452
 20
-11.960480510285343
 10
-19.885787606905602
 20
-11.791711982341504
 10
-19.887837880309668
 20
-11.79037456487341
 10
-20.149726636769028
 20
-11.614418472371785
 10
-20.151739778601623
 20
-11.613025789178357
 10
-20.408746259194054
 20
-11.43001230283988
 10
-20.410720780151106
 20
-11.428565384215512
 10
-20.66265485381387
 20
-11.238629895757049
 10
-20.664589293162695
 20
-11.237129812119012
 10
-20.91126458135369
 20
-11.040412834091796
 10
-20.913157508013605
 20
-11.038860695188353
 10
-21.15439152259251
 20
-10.835507757028074
 10
-21.15624153619354
 20
-10.833904711117507
 10
-21.39185581442488
 20
-10.62406625148297
 10
-21.393661546343754
 20
-10.6224134844841
 10
-21.623481782922024
 20
-10.406244739964054
 10
-21.625241897294647
 20
-10.404543474578915
 10
-21.84909807329381
 20
-10.182204364849422
 10
-21.850811268003536
 20
-10.180455859658707
 10
-22.06853777665544
 20
-9.952110869176055
 10
-22.070202784296367
 20
-9.950316417708045
 10
-22.281638553505164
 20
-9.716134474024607
 10
-22.283254142319745
 20
-9.714295403798218
 10
-22.488242753821563
 20
-9.47444975259139
 10
-22.48980772861185
 20
-9.47256742413409
 10
-22.688197533691586
 20
-9.227235501040711
 10
-22.689710736703425
 20
-9.225311306882018
 10
-22.881354968383107
 20
-8.974674606233103
 10
-22.88281528016264
 20
-8.972709969874398
 10
-23.06757216177831
 20
-8.716953910427266
 10
-23.068978502000125
 20
-8.714950285288701
 10
-23.246711352086898
 20
-8.45426407305587
 10
-23.248062680353264
 20
-8.452222941401146
 10
-23.418640013761078
 20
-8.186799429677428
 10
-23.4199353303716
 20
-8.184722301517228
 10
-23.583230955536703
 20
-7.914757848208635
 10
-23.584469302227905
 20
-7.912646260183529
 10
-23.740362414528253
 20
-7.63834058254345
 10
-23.74154287518249
 20
-7.636196096787097
 10
-23.889918146307878
 20
-7.3577521236673045
 10
-23.891039847631063
 20
-7.3555763266508185
 10
-24.031787510902014
 20
-7.073200048376532
 10
-24.032849623069687
 20
-7.070994549734802
 10
-24.165865554641794
 20
-6.784894865714927
 10
-24.166867291913004
 20
-6.7826612970558395
 10
-24.292053087806835
 20
-6.49304986124106
 10
-24.292993709105446
 20
-6.4907898749384465
 10
-24.4102567580049
 20
-6.197880939241577
 10
-24.4111355674678
 20
-6.1955962072128035
 10
-24.52038911923314
 20
-5.899606463007149
 10
-24.521205466725064
 20
-5.89729867547624
 10
-24.62236869656986
 20
-5.598447093289297
 10
-24.623121978164342
 20
-5.596117957536531
 10
-24.71612004644892
 20
-5.294625625057567
 10
-24.716809704875068
 20
-5.292276864156446
 10
-24.80157381247221
 20
-4.988366822677836
 10
-24.802199337526975
 20
-4.986000174220366
 10
-24.878666776718877
 20
-4.6798972536336745
 10
-24.879227705644503
 20
-4.677514468444912
 10
-24.947341906513376
 20
-4.369445120913767
 10
-24.94783782433973
 20
-4.367047961756578
 10
-25.00754839661771
 20
-4.057240094189425
 10
-25.007978936469282
 20
-4.054830334460405
 10
-25.059241706816703
 20
-3.743513139907041
 10
-25.05960655018402
 20
-3.7410925623245816
 10
-25.102383594868456
 20
-3.4284963504212125
 10
-25.1026824718437
 20
-3.4260667457066414
 10
-25.136942144795558
 20
-3.1124227722949054
 10
-25.13717483427226
 20
-3.1099859378477546
 10
-25.162891790496307
 20
-2.7955262338937548
 10
-25.1630581203329
 20
-2.793083972462038
 10
-25.18021333465823
 20
-2.478041172401916
 10
-25.18031318180541
 20
-2.4755952907484837
 10
-25.188893962960098
 20
-2.160202460387606
 10
-25.18892725355185
 20
-2.15775476795352
 10
-25.188927253551853
 20
-1.8422452320464895
 10
-25.1888939629601
 20
-1.8397975396124004
 10
-25.18031318180541
 20
-1.5244047092515227
 10
-25.18021333465823
 20
-1.5219588275980915
 10
-25.1630581203329
 20
-1.2069160275379696
 10
-25.162891790496307
 20
-1.204473766106253
 10
-25.13717483427226
 20
-0.8900140621522481
 10
-25.136942144795558
 20
-0.8875772277050971
 10
-25.1026824718437
 20
-0.5739332542933613
 10
-25.102383594868456
 20
-0.5715036495787901
 10
-25.05960655018402
 20
-0.2589074376754205
 10
-25.059241706816703
 20
-0.256486860092961
 10
-25.007978936469282
 20
0.05483033446040293
 10
-25.00754839661771
 20
0.05724009418942279
 10
-24.94783782433973
 20
0.36704796175657484
 10
-24.947341906513376
 20
0.3694451209137634
 10
-24.879227705644507
 20
0.6775144684449084
 10
-24.87866677671888
 20
0.6798972536336727
 10
-24.802199337526975
 20
0.986000174220365
 10
-24.80157381247221
 20
0.9883668226778346
 10
-24.716809704875068
 20
1.2922768641564437
 10
-24.71612004644892
 20
1.2946256250575645
 10
-24.623121978164345
 20
1.596117957536524
 10
-24.622368696569865
 20
1.5984470932892902
 10
-24.521205466725068
 20
1.8972986754762333
 10
-24.520389119233144
 20
1.899606463007141
 10
-24.411135567467806
 20
2.195596207212795
 10
-24.410256758004905
 20
2.197880939241571
 10
-24.292993709105446
 20
2.4907898749384416
 10
-24.292053087806835
 20
2.4930498612410528
 10
-24.166867291913007
 20
2.7826612970558324
 10
-24.165865554641798
 20
2.7848948657149197
 10
-24.03284962306969
 20
3.070994549734799
 10
-24.031787510902017
 20
3.073200048376529
 10
-23.891039847631067
 20
3.3555763266508163
 10
-23.88991814630788
 20
3.3577521236673036
 10
-23.74154287518249
 20
3.6361960967870965
 10
-23.740362414528256
 20
3.638340582543448
 10
-23.584469302227912
 20
3.9126462601835272
 10
-23.583230955536706
 20
3.914757848208635
 10
-23.419935330371597
 20
4.1847223015172315
 10
-23.418640013761074
 20
4.18679942967743
 10
-23.24806268035326
 20
4.452222941401147
 10
-23.246711352086894
 20
4.454264073055869
 10
-23.06897850200012
 20
4.714950285288703
 10
-23.067572161778305
 20
4.716953910427268
 10
-22.88281528016264
 20
4.9727099698743995
 10
-22.881354968383107
 20
4.974674606233106
 10
-22.689710736703425
 20
5.225311306882021
 10
-22.688197533691586
 20
5.227235501040716
 10
-22.489807728611847
 20
5.472567424134093
 10
-22.48824275382156
 20
5.474449752591392
 10
-22.28325414231975
 20
5.714295403798215
 10
-22.281638553505168
 20
5.716134474024605
 10
-22.070202784296367
 20
5.950316417708045
 10
-22.06853777665544
 20
5.952110869176054
 10
-21.85081126800354
 20
6.180455859658705
 10
-21.849098073293813
 20
6.182204364849419
 10
-21.625241897294654
 20
6.404543474578912
 10
-21.623481782922028
 20
6.406244739964053
 10
-21.39366154634375
 20
6.622413484484103
 10
-21.39185581442488
 20
6.624066251482973
 10
-21.156241536193537
 20
6.833904711117509
 10
-21.154391522592505
 20
6.835507757028076
 10
-20.913157508013605
 20
7.038860695188353
 10
-20.91126458135369
 20
7.0404128340917955
 10
-20.664589293162702
 20
7.237129812119007
 10
-20.662654853813876
 20
7.238629895757046
 10
-20.41072078015111
 20
7.428565384215509
 10
-20.408746259194057
 20
7.430012302839877
 10
-20.151739778601627
 20
7.613025789178353
 10
-20.14972663676903
 20
7.6144184723717805
 10
-19.88783788030967
 20
7.7903745648734075
 10
-19.885787606905605
 20
7.791711982341501
 10
-19.619210317505445
 20
7.960480510285348
 10
-19.617124429303566
 20
7.961761672618799
 10
-19.346055818422865
 20
8.12321778257899
 10
-19.34393585854434
 20
8.124441741985526
 10
-19.068576460282255
 20
8.278465990196672
 10
-19.066423997054176
 20
8.279631841202228
 10
-18.78697751979542
 20
8.42611028192284
 10
-18.784794145590553
 20
8.42721716204142
 10
-18.50146732130382
 20
8.566041431849929
 10
-18.499254651362595
 20
8.567088522221663
 10
-18.212257082662102
 20
8.698155920182701
 10
-18.210016753897662
 20
8.69914244617963
 10
-17.91956075898105
 20
8.822356009821254
 10
-17.917294428768294
 20
8.823281241620396
 10
-17.623594884345522
 20
8.938549818666036
 10
-17.62130422929498
 20
8.939413071789302
 10
-17.324578411624525
 20
9.046651387591398
 10
-17.322265126342025
 20
9.047452023411955
 10
-17.022732550491853
 20
9.14658074403736
 10
-17.02039834632486
 20
9.147318170252094
 10
-16.718280603777167
 20
9.238263961172605
 10
-16.715927207548745
 20
9.238937632240292
 10
-16.41144780226861
 20
9.32163321258486
 10
-16.40907695499994
 20
9.322242630129757
 10
-16.102461138089094
 20
9.396626822458273
 10
-16.100074593711476
 20
9.397171535638806
 10
-15.791549196769605
 20
9.46318931120061
 10
-15.789148720826917
 20
9.463668917042913
 10
-15.478941988143673
 20
9.521271436486568
 10
-15.476529356486243
 20
9.521685580182588
 10
-15.18543932734474
 20
9.567586827126114
 10
-15.130545664194543
 20
9.64021316209434
 10
-15.129605563116689
 20
9.641435051563839
 10
-14.928937696136208
 20
9.897680186496613
 10
-14.92797680294163
 20
9.898885793472735
 10
-14.814956083915982
 20
10.03822439910628
 10
-14.828103594554012
 20
10.036945570233472
 10
-15.138861022019913
 20
9.998585432005491
 10
-15.448522816448744
 20
9.952203840815685
 10
-15.756881958643525
 20
9.897831804298624
 10
-16.063732300274015
 20
9.835505671966965
 10
-16.36886870169289
 20
9.765267110910719
 10
-16.672087169079166
 20
9.687163077941277
 10
-16.973184990814143
 20
9.60124578819938
 10
-17.27196087300137
 20
9.507572680247442
 10
-17.56821507403812
 20
9.406206377669989
 10
-17.86174953814919
 20
9.297214647207772
  0
LWPOLYLINE
  5
57
330
17
100
AcDbEntity
  8
ENGRAVE_LINES
100
AcDbPolyline
 90
396
 70
1
 10
-11.241307011482538
 20
-14.609291562050512
 10
-10.933738333952455
 20
-14.550307915527453
 10
-10.627703470765448
 20
-14.483823146829792
 10
-10.323385334158475
 20
-14.409876992860836
 10
-10.020965810308411
 20
-14.32851365007693
 10
-9.72062565062068
 20
-14.239781748071728
 10
-9.422544363697595
 20
-14.143734320511214
 10
-9.126900108048622
 20
-14.04042877343623
 10
-8.83386958560779
 20
-13.929926850951778
 10
-8.543627936121908
 20
-13.812294598323605
 10
-8.256348632471914
 20
-13.687602322503833
 10
-7.9722033769913985
 20
-13.555924550109822
 10
-7.691361998842526
 20
-13.417339982880666
 10
-7.413992352511458
 20
-13.271931450638226
 10
-7.140260217485036
 20
-13.119785861781363
 10
-6.870329199166569
 20
-12.960994151341966
 10
-6.604360631091549
 20
-12.795651226634549
 10
-6.342513478501003
 20
-12.62385591053156
 10
-6.0849442433306695
 20
-12.44571088239863
 10
-5.831806870672165
 20
-12.261322616724684
 10
-5.583252656762309
 20
-12.070801319483724
 10
-5.339430158555981
 20
-11.87426086226663
 10
-5.100485104935618
 20
-11.67181871422163
 10
-4.866560309611655
 20
-11.463595871845085
 10
-4.637795585764925
 20
-11.249716786663717
 10
-4.414327662482359
 20
-11.03030929085172
 10
-4.196290103036405
 20
-10.805504520827743
 10
-3.9838132250560747
 20
-10.575436838876401
 10
-3.777024022638485
 20
-10.340243752842426
 10
-3.57604609044614
 20
-10.100065833943995
 10
-3.3809995498364924
 20
-9.855046632755712
 10
-3.192000977067423
 20
-9.605332593410836
 10
-3.009163333621126
 20
-9.351072966073508
 10
-2.8325958986891013
 20
-9.092419717734675
 10
-2.6624042038575313
 20
-8.829527441383572
 10
-2.4986899700327396
 20
-8.562553263609976
 10
-2.3415510466442995
 20
-8.291656750692239
 10
-2.1910813531617057
 20
-8.016999813226628
 10
-2.047370822960545
 20
-7.738746609356499
 10
-1.9105053495704007
 20
-7.457063446656989
 10
-1.780566735337834
 20
-7.172118682735932
 10
-1.6576326425343295
 20
-6.884082624609022
 10
-1.5417765469387998
 20
-6.593127426910039
 10
-1.4330676939222224
 20
-6.299426988996628
 10
-1.3315710570608295
 20
-6.003156851013522
 10
-1.2373472993023726
 20
-5.7044940889748155
 10
-1.15045273670886
 20
-5.4036172089285355
 10
-1.0709393047973037
 20
-5.100706040266256
 10
-0.9988545274986976
 20
-4.795941628241969
 10
-0.9342414887536914
 20
-4.489506125764127
 10
-0.8771388067620182
 20
-4.181582684525794
 10
-0.8275806109009756
 20
-3.8723553455376183
 10
-0.7855965213268555
 20
-3.562008929129538
 10
-0.7512116312714228
 20
-3.250728924486488
 10
-0.7244464920440977
 20
-2.9387013787844323
 10
-0.7053171007487503
 20
-2.6261127859929294
 10
-0.6938348907224949
 20
-2.3131499754105507
 10
-0.6900067247021486
 20
-2.0000000000000018
 10
-0.6938348907224949
 20
-1.6868500245894547
 10
-0.7053171007487502
 20
-1.373887214007082
 10
-0.7244464920440963
 20
-1.0612986212155722
 10
-0.7512116312714227
 20
-0.7492710755135249
 10
-0.7855965213268553
 20
-0.4379910708704672
 10
-0.8275806109009753
 20
-0.12764465446238848
 10
-0.8771388067620157
 20
0.18158268452578158
 10
-0.934241488753689
 20
0.48950612576412195
 10
-0.998854527498693
 20
0.7959416282419511
 10
-1.0709393047973033
 20
1.1007060402662503
 10
-1.1504527367088602
 20
1.4036172089285368
 10
-1.237347299302372
 20
1.7044940889748148
 10
-1.3315710570608277
 20
2.003156851013513
 10
-1.4330676939222204
 20
2.2994269889966197
 10
-1.5417765469387947
 20
2.5931274269100286
 10
-1.6576326425343335
 20
2.884082624609026
 10
-1.7805667353378336
 20
3.1721186827359293
 10
-1.9105053495703972
 20
3.4570634466569814
 10
-2.0473708229605343
 20
3.7387466093564807
 10
-2.1910813531617195
 20
4.016999813226656
 10
-2.341551046644272
 20
4.291656750692191
 10
-2.498689970032755
 20
4.562553263610001
 10
-2.662404203857534
 20
4.829527441383577
 10
-2.832595898689093
 20
5.0924197177346615
 10
-3.009163333621116
 20
5.351072966073495
 10
-3.192000977067409
 20
5.605332593410819
 10
-3.380999549836487
 20
5.855046632755708
 10
-3.5760460904461184
 20
6.10006583394397
 10
-3.7770240226384915
 20
6.34024375284243
 10
-3.9838132250560827
 20
6.575436838876412
 10
-4.196290103036374
 20
6.805504520827712
 10
-4.414327662482372
 20
7.030309290851734
 10
-4.637795585764922
 20
7.249716786663711
 10
-4.866560309611672
 20
7.463595871845102
 10
-5.100485104935595
 20
7.671818714221611
 10
-5.3394301585559685
 20
7.874260862266618
 10
-5.583252656762304
 20
8.07080131948372
 10
-5.831806870672157
 20
8.26132261672468
 10
-6.0849442433306695
 20
8.44571088239863
 10
-6.342513478501002
 20
8.62385591053156
 10
-6.604360631091544
 20
8.795651226634545
 10
-6.87032919916658
 20
8.960994151341973
 10
-7.140260217485043
 20
9.119785861781367
 10
-7.413992352511442
 20
9.271931450638217
 10
-7.691361998842499
 20
9.417339982880652
 10
-7.972203376991421
 20
9.555924550109832
 10
-8.256348632471877
 20
9.687602322503816
 10
-8.543627936121897
 20
9.8122945983236
 10
-8.833869585607792
 20
9.929926850951778
 10
-9.126900108048607
 20
10.040428773436224
 10
-9.422544363697572
 20
10.143734320511205
 10
-9.720625650620695
 20
10.239781748071733
 10
-10.020965810308411
 20
10.32851365007693
 10
-10.32338533415846
 20
10.40987699286083
 10
-10.627703470765452
 20
10.483823146829794
 10
-10.93373833395246
 20
10.550307915527455
 10
-11.241307011482519
 20
10.609291562050508
 10
-11.550225674381378
 20
10.660738832798607
 10
-11.860309686810341
 20
10.704618978545094
 10
-12.171373716418788
 20
10.74090577281511
 10
-12.48323184511602
 20
10.769577527560966
 10
-12.795697680190074
 20
10.790617106124573
 10
-13.108584465713017
 20
10.804011933479874
 10
-13.421705194160868
 20
10.809754003748658
 10
-13.734872718185988
 20
10.807839884985606
 10
-13.91680992788898
 20
10.802278108683572
 10
-13.946040405399632
 20
10.770901775359276
 10
-14.16275020759391
 20
10.530142924253196
 10
-14.37530419742987
 20
10.28570732095914
 10
-14.400263978348068
 20
10.25599068285806
 10
-14.215761061913609
 20
10.269132103869891
 10
-14.213437958054968
 20
10.2692674092616
 10
-13.89831752325375
 20
10.283536120785069
 10
-13.895991697766052
 20
10.283611319773305
 10
-13.580607696097243
 20
10.289728185736756
 10
-13.578280703872089
 20
10.289743228048495
 10
-13.262843980018054
 20
10.287704159123821
 10
-13.260517376727055
 20
10.287659034702779
 10
-12.945238810616695
 20
10.2774653940753
 10
-12.94291415167144
 20
10.277360133088651
 10
-12.62800451749995
 20
10.25901873554576
 10
-12.625683357012171
 20
10.258853408363972
 10
-12.311353182331493
 20
10.232376515739247
 10
-12.309037072074085
 20
10.23215123288903
 10
-11.995496497048238
 20
10.197556545864765
 10
-11.993186985417855
 20
10.197271457955193
 10
-11.680645622337254
 20
10.15458210422892
 10
-11.678344253319139
 20
10.154237401850727
 10
-11.367011046467823
 20
10.10348192067358
 10
-11.364719358603622
 20
10.10307783427176
 10
-11.054802444573058
 20
10.044290157369035
 10
-11.052521969932238
 20
10.04382695708877
 10
-10.74422853847509
 20
9.977046385975441
 10
-10.741960801630706
 20
9.976524381481507
 10
-10.435496957147597
 20
9.901795561187855
 10
-10.433243474157067
 20
9.901215101457597
 10
-10.128814097908961
 20
9.818587990682524
 10
-10.126576375300525
 20
9.817949463772553
 10
-9.824384988438775
 20
9.72747930148454
 10
-9.822164522204334
 20
9.72678313427131
 10
-9.522413149710045
 20
9.62853040277932
 10
-9.520211424305044
 20
9.627777060673742
 10
-9.223100459928654
 20
9.52180744519279
 10
-9.22091894727967
 20
9.520997431829084
 10
-8.926647019571082
 20
9.407381776567506
 10
-8.924487178091788
 20
9.406515633466517
 10
-8.633251017610569
 20
9.285329894264233
 10
-8.631114291226748
 20
9.284408200471399
 10
-8.343108599021225
 20
9.155733394020928
 10
-8.34099641620545
 20
9.154756765719165
 10
-8.056413733648597
 20
9.018678915403285
 10
-8.054327506465246
 20
9.01764800550106
 10
-7.773358086534361
 20
8.874258083883293
 10
-7.77129920969561
 20
8.87317358157812
 10
-7.494130889781901
 20
8.72256744958457
 10
-7.492100739715316
 20
8.721430079902273
 10
-7.218918816048347
 20
8.56370842273541
 10
-7.216918749976689
 20
8.562518946045401
 10
-6.9479058537477085
 20
8.39778720587265
 10
-6.945937208781594
 20
8.396546417379614
 10
-6.6812731840485045
 20
8.224914722841776
 10
-6.679337276292488
 20
8.22362345205404
 10
-6.419199059748132
 20
8.045206544640623
 10
-6.417297183420863
 20
8.043865654815605
 10
-6.16185868610495
 20
7.858782812156334
 10
-6.159992112673934
 20
7.857393199723427
 10
-5.90942410370775
 20
7.665768155847193
 10
-5.907594081039335
 20
7.664330749808473
 10
-5.662064073460897
 20
7.466291612423005
 10
-5.66027182498603
 20
7.464807373732159
 10
-5.419943963762069
 20
7.26048653857979
 10
-5.418190687658397
 20
7.258956459499692
 10
-5.183225639947976
 20
7.048490521846381
 10
-5.181512508338818
 20
7.046915625285725
 10
-4.952067356082022
 20
6.830445288602605
 10
-4.95039551425277
 20
6.828826627432061
 10
-4.726623649156193
 20
6.606496609330486
 10
-4.72499421478865
 20
6.604835265678819
 10
-4.507045235777952
 20
6.376794201161831
 10
-4.505459298203123
 20
6.375091285692465
 10
-4.293478911411171
 20
6.141491627787362
 10
-4.29193753088101
 20
6.139748278955857
 10
-4.086067452238498
 20
5.9007461967942705
 10
-4.084571659217097
 20
5.898963580087239
 10
-3.8849495197107284
 20
5.6547188545009
 10
-3.8835003141854116
 20
5.652898161656828
 10
-3.6902595678470185
 20
5.403574078358746
 10
-3.6888579186598243
 20
5.401716526571285
 10
-3.5021277533479136
 20
5.147479766993852
 10
-3.5007745975478866
 20
5.14558659809808
 10
-3.3206798485812623
 20
4.886607127960975
 10
-3.319376090798008
 20
4.884679607603192
 10
-3.146037157499212
 20
4.621130563285661
 10
-3.14478366933812
 20
4.6191699800772605
 10
-2.9783164345424926
 20
4.351227552870698
 10
-2.977114054002039
 20
4.349235217526685
 10
-2.817629806586187
 20
4.077078535844889
 10
-2.8164793374977086
 20
4.075055780307627
 10
-2.664084697979195
 20
3.7988667899335193
 10
-2.662986909469496
 20
3.7968149664822843
 10
-2.5177837587274845
 20
3.5167783089311
 10
-2.5167393847046533
 20
3.514698789278032
 10
-2.3788247958691535
 20
3.231001678358336
 10
-2.3778345345319187
 20
3.2288958527314047
 10
-2.247300708087175
 20
2.941727949386444
 10
-2.246365221458138
 20
2.9395972256000378
 10
-2.1232994236035463
 20
2.649150511113094
 10
-2.1224193370865954
 20
2.6469963136268486
 10
-2.0069038413963454
 20
2.353464961275379
 10
-2.006079743358555
 20
2.3512887302418783
 10
-1.8981917757790097
 20
2.0548689754862246
 10
-1.8974242171572946
 20
2.052672165788209
 10
-1.7972359043788877
 20
1.7535621750816748
 10
-1.7965253983116853
 20
1.751346255359408
 10
-1.7041037195498263
 20
1.4497459936673998
 10
-1.7034507410340463
 20
1.4475124453368295
 10
-1.6188574832512947
 20
1.1436235424536407
 10
-1.618262468824767
 20
1.1413738587160258
 10
-1.541554185424193
 20
0.8353994744686118
 10
-1.5410175328738285
 20
0.8331351593122677
 10
-1.4722455058911803
 20
0.5252798477411588
 10
-1.471767573987037
 20
0.5230024149359888
 10
-1.4109777798070018
 20
0.21347198754411476
 10
-1.4105588880624347
 20
0.21118295962960654
 10
-1.3577919666818983
 20
-0.09981565220952582
 10
-1.3574323951399545
 20
-0.10211474494216831
 10
-1.3127236229988106
 20
-0.41437362832497737
 10
-1.3124236120450112
 20
-0.41668124885588437
 10
-1.2758028784426882
 20
-0.7299916483453914
 10
-1.2755626286443222
 20
-0.7323062539535781
 10
-1.2470544157577974
 20
-1.0464587111393586
 10
-1.2468740877298363
 20
-1.048778754434083
 10
-1.2264974542464846
 20
-1.3635632479621669
 10
-1.226377168544206
 20
-1.3658871779174124
 10
-1.214145736920433
 20
-1.6810932638965381
 10
-1.214085573958824
 20
-1.6834195268879295
 10
-1.2100075213130113
 20
-1.9988364795782774
 10
-1.2102233615717084
 20
-2.0000000000000018
 10
-1.2100075213130113
 20
-2.0011635204217257
 10
-1.214085573958824
 20
-2.3165804731120807
 10
-1.214145736920433
 20
-2.318906736103472
 10
-1.226377168544206
 20
-2.6341128220825945
 10
-1.2264974542464846
 20
-2.6364367520378402
 10
-1.2468740877298363
 20
-2.9512212455659204
 10
-1.2470544157577974
 20
-2.9535412888606447
 10
-1.2755626286443222
 20
-3.2676937460464215
 10
-1.2758028784426882
 20
-3.2700083516546083
 10
-1.312423612045013
 20
-3.583318751144123
 10
-1.3127236229988124
 20
-3.58562637167503
 10
-1.3574323951399563
 20
-3.897885255057835
 10
-1.3577919666819
 20
-3.900184347790477
 10
-1.4105588880624347
 20
-4.211182959629605
 10
-1.410977779807002
 20
-4.213471987544114
 10
-1.4717675739870373
 20
-4.523002414935985
 10
-1.4722455058911803
 20
-4.525279847741155
 10
-1.541017532873832
 20
-4.833135159312282
 10
-1.5415541854241965
 20
-4.835399474468626
 10
-1.6182624688247707
 20
-5.141373858716037
 10
-1.6188574832512983
 20
-5.143623542453652
 10
-1.703450741034048
 20
-5.447512445336836
 10
-1.704103719549828
 20
-5.449745993667407
 10
-1.7965253983116853
 20
-5.751346255359411
 10
-1.7972359043788877
 20
-5.753562175081678
 10
-1.8974242171572981
 20
-6.052672165788219
 10
-1.8981917757790132
 20
-6.054868975486234
 10
-2.0060797433585567
 20
-6.351288730241884
 10
-2.006903841396347
 20
-6.353464961275385
 10
-2.122419337086597
 20
-6.646996313626852
 10
-2.123299423603548
 20
-6.649150511113098
 10
-2.246365221458138
 20
-6.939597225600038
 10
-2.247300708087175
 20
-6.941727949386443
 10
-2.3778345345319205
 20
-7.228895852731411
 10
-2.3788247958691553
 20
-7.231001678358343
 10
-2.5167393847046533
 20
-7.514698789278035
 10
-2.517783758727485
 20
-7.516778308931104
 10
-2.6629869094694962
 20
-7.796814966482286
 10
-2.664084697979195
 20
-7.798866789933521
 10
-2.816479337497714
 20
-8.075055780307634
 10
-2.817629806586192
 20
-8.077078535844896
 10
-2.977114054002041
 20
-8.349235217526688
 10
-2.978316434542494
 20
-8.351227552870702
 10
-3.1447836693381195
 20
-8.619169980077263
 10
-3.146037157499212
 20
-8.621130563285664
 10
-3.319376090798006
 20
-8.884679607603191
 10
-3.3206798485812605
 20
-8.886607127960973
 10
-3.5007745975478954
 20
-9.145586598098092
 10
-3.5021277533479225
 20
-9.147479766993863
 10
-3.6888579186598314
 20
-9.401716526571294
 10
-3.690259567847026
 20
-9.403574078358757
 10
-3.8835003141854174
 20
-9.652898161656834
 10
-3.8849495197107333
 20
-9.654718854500905
 10
-4.084571659217099
 20
-9.898963580087242
 10
-4.0860674522385
 20
-9.900746196794277
 10
-4.291937530881017
 20
-10.139748278955866
 10
-4.293478911411178
 20
-10.141491627787369
 10
-4.505459298203128
 20
-10.37509128569247
 10
-4.507045235777957
 20
-10.376794201161836
 10
-4.724994214788655
 20
-10.60483526567882
 10
-4.726623649156198
 20
-10.606496609330488
 10
-4.950395514252771
 20
-10.828826627432061
 10
-4.952067356082023
 20
-10.830445288602604
 10
-5.181512508338822
 20
-11.04691562528573
 10
-5.183225639947981
 20
-11.048490521846386
 10
-5.418190687658399
 20
-11.258956459499693
 10
-5.419943963762071
 20
-11.26048653857979
 10
-5.660271824986032
 20
-11.46480737373216
 10
-5.6620640734609
 20
-11.466291612423007
 10
-5.907594081039335
 20
-11.66433074980847
 10
-5.9094241037077495
 20
-11.66576815584719
 10
-6.159992112673939
 20
-11.85739319972343
 10
-6.161858686104956
 20
-11.858782812156338
 10
-6.417297183420874
 20
-12.043865654815612
 10
-6.419199059748142
 20
-12.04520654464063
 10
-6.679337276292496
 20
-12.223623452054046
 10
-6.6812731840485124
 20
-12.224914722841781
 10
-6.945937208781599
 20
-12.39654641737962
 10
-6.947905853747715
 20
-12.397787205872655
 10
-7.216918749976703
 20
-12.562518946045408
 10
-7.218918816048359
 20
-12.563708422735417
 10
-7.492100739715323
 20
-12.721430079902278
 10
-7.494130889781909
 20
-12.722567449584577
 10
-7.771299209695616
 20
-12.873173581578124
 10
-7.773358086534365
 20
-12.874258083883294
 10
-8.054327506465246
 20
-13.01764800550106
 10
-8.056413733648597
 20
-13.018678915403285
 10
-8.34099641620546
 20
-13.154756765719172
 10
-8.343108599021237
 20
-13.155733394020935
 10
-8.631114291226755
 20
-13.284408200471399
 10
-8.633251017610574
 20
-13.285329894264233
 10
-8.924487178091791
 20
-13.406515633466517
 10
-8.926647019571085
 20
-13.407381776567506
 10
-9.22091894727967
 20
-13.520997431829084
 10
-9.223100459928654
 20
-13.52180744519279
 10
-9.520211424305048
 20
-13.627777060673742
 10
-9.522413149710049
 20
-13.62853040277932
 10
-9.822164522204336
 20
-13.72678313427131
 10
-9.824384988438776
 20
-13.72747930148454
 10
-10.126576375300521
 20
-13.817949463772553
 10
-10.128814097908958
 20
-13.818587990682524
 10
-10.433243474157061
 20
-13.901215101457595
 10
-10.435496957147592
 20
-13.901795561187853
 10
-10.741960801630716
 20
-13.97652438148151
 10
-10.7442285384751
 20
-13.977046385975445
 10
-11.052521969932247
 20
-14.043826957088772
 10
-11.054802444573067
 20
-14.044290157369037
 10
-11.364719358603628
 20
-14.103077834271762
 10
-11.36701104646783
 20
-14.103481920673582
 10
-11.678344253319151
 20
-14.154237401850729
 10
-11.680645622337265
 20
-14.154582104228922
 10
-11.993186985417863
 20
-14.197271457955193
 10
-11.995496497048245
 20
-14.197556545864765
 10
-12.30903707207409
 20
-14.23215123288903
 10
-12.311353182331498
 20
-14.232376515739247
 10
-12.625683357012173
 20
-14.258853408363974
 10
-12.628004517499951
 20
-14.259018735545762
 10
-12.942914151671447
 20
-14.277360133088651
 10
-12.945238810616702
 20
-14.2774653940753
 10
-13.26051737672706
 20
-14.287659034702779
 10
-13.26284398001806
 20
-14.287704159123821
 10
-13.578280703872093
 20
-14.289743228048495
 10
-13.580607696097246
 20
-14.289728185736756
 10
-13.895991697766053
 20
-14.283611319773305
 10
-13.898317523253752
 20
-14.283536120785069
 10
-14.213437958054975
 20
-14.2692674092616
 10
-14.215761061913616
 20
-14.269132103869891
 10
-14.40000848045442
 20
-14.256008880973587
 10
-14.353726050994409
 20
-14.310910808728847
 10
-14.141902844799981
 20
-14.55366720985189
 10
-13.925974562516277
 20
-14.792779563942382
 10
-13.917107047024777
 20
-14.80226902582377
 10
-13.734872718186002
 20
-14.807839884985606
 10
-13.42170519416088
 20
-14.809754003748658
 10
-13.108584465713015
 20
-14.804011933479874
 10
-12.795697680190083
 20
-14.790617106124573
 10
-12.483231845116025
 20
-14.769577527560966
 10
-12.171373716418799
 20
-14.740905772815111
 10
-11.860309686810352
 20
-14.704618978545096
 10
-11.550225674381377
 20
-14.660738832798607
  0
LWPOLYLINE
  5
58
330
17
100
AcDbEntity
  8
ENGRAVE_LINES
100
AcDbPolyline
 90
364
 70
1
 10
-17.725593472287574
 20
10.092985054159987
 10
-18.019952853902126
 20
9.98607333164945
 10
-18.311610730596843
 20
9.871997721124337
 10
-18.600392783033627
 20
9.75082640378772
 10
-18.88612641070968
 20
9.622631801835238
 10
-19.168640835117913
 20
9.487490535169544
 10
-19.447767201818365
 20
9.345483375605903
 10
-19.723338681360016
 20
9.196695198596073
 10
-19.9951905689923
 20
9.041214932499487
 10
-20.26316038310632
 20
8.879135505432282
 10
-20.527087962347483
 20
8.710553789725687
 10
-20.786815561341793
 20
8.535570544026713
 10
-21.042187944977446
 20
8.3542903530765
 10
-21.2930524811866
 20
8.166821565201563
 10
-21.539259232170973
 20
7.973276227555815
 10
-21.780661044017588
 20
7.773770019151553
 10
-22.01711363465032
 20
7.568422181719919
 10
-22.24847568006452
 20
7.357355448442463
 10
-22.474608898795005
 20
7.140695970594673
 10
-22.695378134564123
 20
6.918573242147885
 10
-22.910651437062654
 20
6.691120022372648
 10
-23.120300140814393
 20
6.458472256490695
 10
-23.324198942077896
 20
6.220768994422099
 10
-23.522225973737864
 20
5.978152307678156
 10
-23.71426287814388
 20
5.7307672044466615
 10
-23.90019487785049
 20
5.478761542923312
 10
-24.07991084421801
 20
5.222285942939009
 10
-24.253303363832398
 20
4.961493695936745
 10
-24.420268802704527
 20
4.696540673351764
 10
-24.580707368210664
 20
4.427585233449497
 10
-24.73452316873688
 20
4.154788126677502
 10
-24.881624270992024
 20
3.878312399587267
 10
-25.02192275495463
 20
3.59832329738422
 10
-25.155334766421667
 20
3.3149881651626076
 10
-25.28178056712657
 20
3.0284763478865804
 10
-25.401184582397722
 20
2.738959089175054
 10
-25.513475446328183
 20
2.4466094289521343
 10
-25.618586044429982
 20
2.151602100023929
 10
-25.716453553747467
 20
1.8541134236432502
 10
-25.80701948040541
 20
1.5543212041257695
 10
-25.890229694570184
 20
1.2524046225781045
 10
-25.966034462801932
 20
0.9485441298055364
 10
-26.034388477779874
 20
0.6429213384577608
 10
-26.095250885381347
 20
0.3357189144836503
 10
-26.148585309100103
 20
0.027120467952789957
 10
-26.19435987178772
 20
-0.2826895566841082
 10
-26.23254721470607
 20
-0.5935259908349335
 10
-26.263124513879294
 20
-0.9052030524386206
 10
-26.286073493735334
 20
-1.2175344570047388
 10
-26.301380438028925
 20
-1.5303335289521016
 10
-26.30903619803955
 20
-1.8434133131818733
 10
-26.30903619803955
 20
-2.156586686818118
 10
-26.301380438028925
 20
-2.469666471047892
 10
-26.286073493735337
 20
-2.782465542995253
 10
-26.26312451387929
 20
-3.094796947561383
 10
-26.232547214706074
 20
-3.4064740091650503
 10
-26.194359871787718
 20
-3.7173104433158914
 10
-26.14858530910011
 20
-4.027120467952765
 10
-26.095250885381343
 20
-4.335718914483653
 10
-26.034388477779874
 20
-4.642921338457752
 10
-25.96603446280193
 20
-4.948544129805543
 10
-25.890229694570188
 20
-5.2524046225780925
 10
-25.80701948040544
 20
-5.554321204125639
 10
-25.71645355374743
 20
-5.854113423643362
 10
-25.618586044429986
 20
-6.151602100023914
 10
-25.513475446328176
 20
-6.446609428952155
 10
-25.401184582397736
 20
-6.738959089175029
 10
-25.281780567126585
 20
-7.028476347886557
 10
-25.155334766421667
 20
-7.314988165162603
 10
-25.021922754954613
 20
-7.5983232973842485
 10
-24.88162427099204
 20
-7.878312399587238
 10
-24.734523168736878
 20
-8.154788126677516
 10
-24.580707368210692
 20
-8.427585233449458
 10
-24.42026880270451
 20
-8.696540673351787
 10
-24.253303363832412
 20
-8.96149369593672
 10
-24.07991084421801
 20
-9.222285942939006
 10
-23.900194877850478
 20
-9.478761542923323
 10
-23.714262878143895
 20
-9.730767204446648
 10
-23.522225973737854
 20
-9.978152307678167
 10
-23.324198942077917
 20
-10.220768994422077
 10
-23.1203001408144
 20
-10.458472256490687
 10
-22.910651437062644
 20
-10.691120022372662
 10
-22.69537813456414
 20
-10.918573242147868
 10
-22.474608898794994
 20
-11.140695970594686
 10
-22.248475680064526
 20
-11.357355448442458
 10
-22.017113634650272
 20
-11.56842218171996
 10
-21.780661044017666
 20
-11.773770019151485
 10
-21.53925923217098
 20
-11.973276227555811
 10
-21.293052481186603
 20
-12.16682156520156
 10
-21.04218794497745
 20
-12.354290353076498
 10
-20.786815561341783
 20
-12.535570544026715
 10
-20.527087962347544
 20
-12.710553789725648
 10
-20.26316038310628
 20
-12.87913550543231
 10
-19.995190568992303
 20
-13.041214932499484
 10
-19.72333868136002
 20
-13.196695198596071
 10
-19.447767201818362
 20
-13.345483375605905
 10
-19.16864083511792
 20
-13.48749053516954
 10
-18.886126410709686
 20
-13.622631801835235
 10
-18.60039278303363
 20
-13.75082640378772
 10
-18.311610730596854
 20
-13.871997721124334
 10
-18.019952853902126
 20
-13.98607333164945
 10
-17.72559347228758
 20
-14.092985054159984
 10
-17.42870851973805
 20
-14.192668989196491
 10
-17.129475439732666
 20
-14.285065557234667
 10
-16.828073079189657
 20
-14.370119534295103
 10
-16.52468158157201
 20
-14.447780084949894
 10
-16.219482279218752
 20
-14.518000792706133
 10
-15.91265758496546
 20
-14.580739687748284
 10
-15.60439088311914
 20
-14.635959272022887
 10
-15.294866419851784
 20
-14.683626541650641
 10
-14.984269193079827
 20
-14.723713006652199
 10
-14.672784841893842
 20
-14.756194707976206
 10
-14.360599535604265
 20
-14.78105223181933
 10
-14.169599084004671
 20
-14.79156947739319
 10
-14.27600745579787
 20
-14.673736111586212
 10
-14.277025410254838
 20
-14.672589369937718
 10
-14.48985680172805
 20
-14.428677555135788
 10
-14.49085507150194
 20
-14.427513637121757
 10
-14.65331620846518
 20
-14.234796234239964
 10
-14.846687703196169
 20
-14.215987422636893
 10
-14.849000707438163
 20
-14.215732215929336
 10
-15.162067839556874
 20
-14.177086965964941
 10
-15.164373472563206
 20
-14.176772044503027
 10
-15.476336828351924
 20
-14.130045722125798
 10
-15.478633548730334
 20
-14.129671296444982
 10
-15.789284570322053
 20
-14.074895139753716
 10
-15.791570842638674
 20
-14.074461460170008
 10
-16.10070184950546
 20
-14.011672088845142
 10
-16.10297614531129
 20
-14.011179445287748
 10
-16.410380473105526
 20
-13.94041883610992
 10
-16.41264127195827
 20
-13.939867557927425
 10
-16.71811341067467
 20
-13.861183016714579
 10
-16.720359201155187
 20
-13.860573472454764
 10
-17.023694932521042
 20
-13.774017602436649
 10
-17.025924213243794
 20
-13.773350199600097
 10
-17.32692074724567
 20
-13.678980866251266
 10
-17.32913202786243
 20
-13.678256051018948
 10
-17.62758813831807
 20
-13.576136343373747
 10
-17.629779940514293
 20
-13.575354600308723
 10
-17.92549609959894
 20
-13.465552788784196
 10
-17.927666958082035
 20
-13.464714640507676
 10
-18.22044546971948
 20
-13.347304131262515
 10
-18.22259393319844
 20
-13.346410138104465
 10
-18.512239065227362
 20
-13.221469423964548
 10
-18.514363697382976
 20
-13.220520183589095
 10
-18.800681812410435
 20
-13.088132791572427
 10
-18.802781192855527
 20
-13.087128938578292
 10
-19.085580877709937
 20
-12.94738337405444
 10
-19.087653602938936
 20
-12.946325579550702
 10
-19.366745796636213
 20
-12.799315267071975
 10
-19.368790480963447
 20
-12.798204238229399
 10
-19.643988601100467
 20
-12.64402745907347
 10
-19.646003877586534
 20
-12.642863938651749
 10
-19.91712394507774
 20
-12.481623765117332
 10
-19.919108466443365
 20
-12.480408530968516
 10
-20.18596922851687
 20
-12.312212757468112
 10
-20.18792166804359
 20
-12.310946622016603
 10
-20.450344719414648
 20
-12.135907693012374
 10
-20.452263771831777
 20
-12.134591502711784
 10
-20.710073673972698
 20
-11.95282643754267
 10
-20.711958056329948
 20
-11.95146107230994
 10
-20.96498245475655
 20
-11.763091386960353
 10
-20.96683090728171
 20
-11.761677759587494
 10
-21.214900646778016
 20
-11.566829385449843
 10
-21.216711933719168
 20
-11.565368440993721
 10
-21.45966117142328
 20
-11.364171640679118
 10
-21.461434081874934
 20
-11.362664355829633
 10
-21.699100398150538
 20
-11.155253636082957
 10
-21.700833746863157
 20
-11.153701018510105
 10
-21.933058253882386
 20
-10.94021504028783
 10
-21.93475088205477
 20
-10.938618127968036
 10
-22.16137833002005
 20
-10.71919961373873
 10
-22.163029106074042
 20
-10.717559474260932
 10
-22.38390798700769
 20
-10.492355112590593
 10
-22.385515807344653
 20
-10.490672842442516
 10
-22.600498456377036
 20
-10.259833189928337
 10
-22.602062246115665
 20
-10.258109913763464
 10
-22.811004940204047
 20
-10.021789294381797
 10
-22.81252365389895
 20
-10.02002616426749
 10
-23.015286707911123
 20
-9.778382566203105
 10
-23.01675933025174
 20
-9.776580760850418
 10
-23.21320719035019
 20
-9.529775730876176
 10
-23.214632736839572
 20
-9.527936454851845
 10
-23.404634071103697
 20
-9.276134990329295
 10
-23.406011588716655
 20
-9.274259473250446
 10
-23.589439374942536
 20
-9.017629911823628
 10
-23.59076794276278
 20
-9.01571940753573
 10
-23.76749955338174
 20
-8.754433314591854
 10
-23.76877828321755
 20
-8.752489100330495
 10
-23.938695567276753
 20
-8.48672115430278
 10
-23.93992360425475
 20
-8.484744529839782
 10
-24.10291296640505
 20
-8.214672405429122
 10
-24.104089489541725
 20
-8.2126646922036
 10
-24.260041965979905
 20
-7.938468941597135
 10
-24.261166188730453
 20
-7.936431481832079
 10
-24.409977520045185
 20
-7.658295413998033
 10
-24.411048690829347
 20
-7.656229569802985
 10
-24.55261939170204
 20
-7.374339127942571
 10
-24.553636794406568
 20
-7.372246280402999
 10
-24.687872220120624
 20
-7.086789917641162
 10
-24.688835174578003
 20
-7.084671465895174
 10
-24.81564558429194
 20
-6.795840019293478
 10
-24.816553446735128
 20
-6.793697379596443
 10
-24.935854063477336
 20
-6.501683942572089
 10
-24.936706226970134
 20
-6.499518547349824
 10
-25.04841729431508
 20
-6.204518340586341
 10
-25.04921318915788
 20
-6.202331637477488
 10
-25.153260024545933
 20
-5.904541878413177
 10
-25.153999118656593
 20
-5.902335329301406
 10
-25.250312163321787
 20
-5.601955100282976
 10
-25.25099396259134
 20
-5.599730180319676
 10
-25.33950882806375
 20
-5.296960295509034
 10
-25.340132876686738
 20
-5.294718492127109
 10
-25.42079038783827
 20
-4.989761363250465
 10
-25.421356268617455
 20
-4.987504175169949
 10
-25.494102503222408
 20
-4.68056367619881
 10
-25.49460983784769
 20
-4.678292612424927
 10
-25.55939616263156
 20
-4.369573943279629
 10
-25.55984461193289
 20
-4.367290522093949
 10
-25.61662771508531
 20
-4.057000071460628
 10
-25.61701697925943
 20
-4.054705819406077
 10
-25.66575889938958
 20
-3.7430510267590296
 10
-25.66608871820046
 20
-3.740747477619321
 10
-25.706756869715495
 20
-3.427936694540804
 10
-25.7070270226683
 20
-3.425625388315061
 10
-25.739594217557908
 20
-3.111867739205322
 10
-25.739804524046413
 20
-3.1095502210785417
 10
-25.76424899005891
 20
-2.79505546334924
 10
-25.764399309486247
 20
-2.7927332826592792
 10
-25.780704704684045
 20
-2.47771166650367
 10
-25.780794936556678
 20
-2.475386375705462
 10
-25.788950360241405
 20
-2.160048503539166
 10
-25.788980444236334
 20
-2.157721657166861
 10
-25.788980444236334
 20
-1.8422783428331309
 10
-25.788950360241405
 20
-1.8399514964608255
 10
-25.780794936556678
 20
-1.5246136242945292
 10
-25.780704704684045
 20
-1.5222883334963215
 10
-25.764399309486247
 20
-1.2072667173407126
 10
-25.76424899005891
 20
-1.2049445366507519
 10
-25.739804524046413
 20
-0.8904497789214554
 10
-25.739594217557908
 20
-0.8881322607946754
 10
-25.7070270226683
 20
-0.5743746116849305
 10
-25.706756869715495
 20
-0.5720633054591877
 10
-25.66608871820046
 20
-0.2592525223806707
 10
-25.66575889938958
 20
-0.2569489732409609
 10
-25.617016979259425
 20
0.05470581940608657
 10
-25.616627715085308
 20
0.05700007146063556
 10
-25.55984461193289
 20
0.3672905220939513
 10
-25.55939616263156
 20
0.36957394327963156
 10
-25.494609837847687
 20
0.6782926124249345
 10
-25.494102503222404
 20
0.6805636761988174
 10
-25.421356268617455
 20
0.9875041751699472
 10
-25.42079038783827
 20
0.9897613632504624
 10
-25.340132876686738
 20
1.2947184921271118
 10
-25.33950882806375
 20
1.2969602955090367
 10
-25.25099396259134
 20
1.5997301803196735
 10
-25.250312163321787
 20
1.601955100282975
 10
-25.153999118656586
 20
1.9023353293014154
 10
-25.153260024545926
 20
1.904541878413184
 10
-25.04921318915788
 20
2.202331637477489
 10
-25.04841729431508
 20
2.2045183405863433
 10
-24.93670622697013
 20
2.4995185473498323
 10
-24.935854063477333
 20
2.501683942572097
 10
-24.816553446735124
 20
2.793697379596446
 10
-24.815645584291936
 20
2.79584001929348
 10
-24.688835174578
 20
3.0846714658951804
 10
-24.68787222012062
 20
3.086789917641169
 10
-24.553636794406568
 20
3.3722462804029973
 10
-24.55261939170204
 20
3.374339127942568
 10
-24.411048690829347
 20
3.6562295698029916
 10
-24.409977520045185
 20
3.658295413998042
 10
-24.261166188730453
 20
3.9364314818320825
 10
-24.260041965979905
 20
3.9384689415971383
 10
-24.104089489541717
 20
4.2126646922036075
 10
-24.102912966405047
 20
4.214672405429127
 10
-23.939923604254755
 20
4.484744529839784
 10
-23.938695567276753
 20
4.486721154302785
 10
-23.768778283217543
 20
4.752489100330504
 10
-23.767499553381732
 20
4.754433314591861
 10
-23.59076794276278
 20
5.015719407535733
 10
-23.589439374942536
 20
5.017629911823631
 10
-23.40601158871665
 20
5.274259473250449
 10
-23.404634071103693
 20
5.276134990329298
 10
-23.214632736839576
 20
5.527936454851843
 10
-23.213207190350193
 20
5.529775730876175
 10
-23.016759330251737
 20
5.7765807608504245
 10
-23.01528670791112
 20
5.77838256620311
 10
-22.812523653898943
 20
6.020026164267497
 10
-22.81100494020404
 20
6.021789294381803
 10
-22.60206224611566
 20
6.258109913763469
 10
-22.600498456377032
 20
6.259833189928343
 10
-22.385515807344646
 20
6.490672842442522
 10
-22.38390798700768
 20
6.492355112590598
 10
-22.163029106074035
 20
6.717559474260938
 10
-22.161378330020042
 20
6.719199613738736
 10
-21.934750882054768
 20
6.93861812796804
 10
-21.933058253882383
 20
6.940215040287834
 10
-21.700833746863154
 20
7.153701018510107
 10
-21.699100398150534
 20
7.155253636082959
 10
-21.46143408187493
 20
7.362664355829638
 10
-21.459661171423278
 20
7.364171640679124
 10
-21.21671193371916
 20
7.565368440993727
 10
-21.21490064677801
 20
7.566829385449848
 10
-20.96683090728171
 20
7.761677759587492
 10
-20.96498245475655
 20
7.76309138696035
 10
-20.711958056329948
 20
7.951461072309939
 10
-20.710073673972698
 20
7.9528264375426705
 10
-20.45226377183177
 20
8.134591502711789
 10
-20.45034471941464
 20
8.13590769301238
 10
-20.187921668043582
 20
8.310946622016608
 10
-20.18596922851686
 20
8.312212757468119
 10
-19.919108466443355
 20
8.48040853096852
 10
-19.917123945077734
 20
8.481623765117334
 10
-19.646003877586526
 20
8.642863938651752
 10
-19.64398860110046
 20
8.644027459073474
 10
-19.368790480963437
 20
8.798204238229404
 10
-19.366745796636202
 20
8.79931526707198
 10
-19.087653602938936
 20
8.946325579550704
 10
-19.085580877709937
 20
8.947383374054441
 10
-18.80278119285552
 20
9.087128938578296
 10
-18.800681812410428
 20
9.08813279157243
 10
-18.514363697382976
 20
9.220520183589095
 10
-18.512239065227362
 20
9.221469423964548
 10
-18.222593933198436
 20
9.346410138104469
 10
-18.220445469719476
 20
9.34730413126252
 10
-17.92766695808203
 20
9.464714640507681
 10
-17.925496099598934
 20
9.4655527887842
 10
-17.629779940514283
 20
9.575354600308726
 10
-17.62758813831806
 20
9.57613634337375
 10
-17.329132027862425
 20
9.67825605101895
 10
-17.326920747245666
 20
9.678980866251267
 10
-17.025924213243787
 20
9.773350199600099
 10
-17.023694932521035
 20
9.77401760243665
 10
-16.720359201155187
 20
9.860573472454764
 10
-16.71811341067467
 20
9.86118301671458
 10
-16.412641271958268
 20
9.939867557927426
 10
-16.410380473105523
 20
9.94041883610992
 10
-16.10297614531128
 20
10.01117944528775
 10
-16.10070184950545
 20
10.011672088845144
 10
-15.791570842638661
 20
10.074461460170008
 10
-15.789284570322044
 20
10.074895139753716
 10
-15.478633548730322
 20
10.129671296444986
 10
-15.47633682835191
 20
10.130045722125802
 10
-15.164373472563211
 20
10.176772044503027
 10
-15.162067839556878
 20
10.177086965964941
 10
-14.849000707438162
 20
10.215732215929336
 10
-14.846687703196169
 20
10.215987422636893
 10
-14.653118570431236
 20
10.234815458048267
 10
-14.512640293594327
 20
10.4020662094674
 10
-14.51163866805677
 20
10.403238195045285
 10
-14.298073014332395
 20
10.648837204742987
 10
-14.297051460520779
 20
10.649991861281626
 10
-14.169616698082741
 20
10.7915685074919
 10
-14.360599535604257
 20
10.781052231819332
 10
-14.67278484189384
 20
10.756194707976206
 10
-14.984269193079816
 20
10.723713006652199
 10
-15.29486641985178
 20
10.683626541650641
 10
-15.604390883119132
 20
10.63595927202289
 10
-15.912657584965455
 20
10.580739687748286
 10
-16.21948227921874
 20
10.518000792706134
 10
-16.524681581571997
 20
10.447780084949898
 10
-16.828073079189654
 20
10.370119534295103
 10
-17.129475439732662
 20
10.285065557234667
 10
-17.42870851973804
 20
10.192668989196495
  0
LWPOLYLINE
  5
59
330
17
100
AcDbEntity
  8
ENGRAVE_LINES
100
AcDbPolyline
 90
24
 70
1
 10
-17.031766081847955
 20
-1.9999999999999996
 10
-17.04892974800702
 20
-1.9893833035743722
 10
-17.31993749823796
 20
-1.8329169060260617
 10
-17.59556899488028
 20
-1.6847473669649058
 10
-17.875570307623303
 20
-1.5450111901560586
 10
-17.885548609499292
 20
-1.5404042423065858
 10
-18.107430009521767
 20
-1.6555795780426468
 10
-18.1101368496514
 20
-1.6569274242740377
 10
-18.395176271733117
 20
-1.792933241868921
 10
-18.397926863063216
 20
-1.7941893948395635
 10
-18.68737432696804
 20
-1.9205429472209983
 10
-18.690165564497676
 20
-1.9217059889244794
 10
-18.887332772860184
 20
-1.9999999999999991
 10
-18.690165564497672
 20
-2.0782940110755206
 10
-18.687374326968037
 20
-2.0794570527790017
 10
-18.39792686306322
 20
-2.2058106051604347
 10
-18.39517627173312
 20
-2.207066758131077
 10
-18.110136849651393
 20
-2.343072575725962
 10
-18.10743000952176
 20
-2.3444204219573535
 10
-17.885548609499292
 20
-2.459595757693413
 10
-17.875570307623303
 20
-2.4549888098439405
 10
-17.595568994880285
 20
-2.315252633035093
 10
-17.319937498237966
 20
-2.167083093973938
 10
-17.048929748007012
 20
-2.0106166964256227
  0
LWPOLYLINE
  5
5A
330
17
100
AcDbEntity
  8
ENGRAVE_LINES
100
AcDbPolyline
 90
22
 70
1
 10
-16.26612300734671
 20
-2.5070847588197647
 10
-16.521779679476197
 20
-2.3266225737431805
 10
-16.782795414791874
 20
-2.1540024122191634
 10
-16.860680526893024
 20
-2.105826073691559
 10
-16.955402011077428
 20
-2.1644166587828213
 10
-16.95774674454796
 20
-2.165818261741288
 10
-17.231120501697017
 20
-2.3236506740206746
 10
-17.23350669220034
 20
-2.3249804712920294
 10
-17.51154456293119
 20
-2.4744435901648156
 10
-17.51397001214778
 20
-2.47570035665019
 10
-17.693249459467165
 20
-2.565170739140168
 10
-17.5491969835844
 20
-2.6462020282727527
 10
-17.54658675985526
 20
-2.6477285946927602
 10
-17.27668034706262
 20
-2.8117273230224265
 10
-17.274122879468223
 20
-2.813340714622281
 10
-17.009878116025142
 20
-2.986314006067085
 10
-17.00737629155898
 20
-2.988012401572081
 10
-16.889788048524235
 20
-3.070758139544597
 10
-16.72908423174434
 20
-2.981888425321384
 10
-16.459437669607983
 20
-2.8228728905343727
 10
-16.20514798810507
 20
-2.663267350893563
 10
-16.237726273125848
 20
-2.5284494674541844
  0
LWPOLYLINE
  5
5B
330
17
100
AcDbEntity
  8
ENGRAVE_LINES
100
AcDbPolyline
 90
22
 70
1
 10
-16.205147988105068
 20
-1.3367326491064344
 10
-16.459437669607997
 20
-1.1771271094656184
 10
-16.729084231744324
 20
-1.0181115746786227
 10
-16.88978804852423
 20
-0.9292418604554019
 10
-17.007376291558977
 20
-1.0119875984279159
 10
-17.00987811602514
 20
-1.0136859939329115
 10
-17.274122879468226
 20
-1.1866592853777183
 10
-17.276680347062623
 20
-1.1882726769775727
 10
-17.54658675985526
 20
-1.352271405307238
 10
-17.5491969835844
 20
-1.3537979717272455
 10
-17.693249459467165
 20
-1.4348292608598305
 10
-17.513970012147773
 20
-1.524299643349812
 10
-17.51154456293118
 20
-1.5255564098351861
 10
-17.23350669220034
 20
-1.675019528707967
 10
-17.231120501697017
 20
-1.676349325979322
 10
-16.95774674454796
 20
-1.8341817382587104
 10
-16.955402011077428
 20
-1.835583341217177
 10
-16.860680526893024
 20
-1.8941739263084392
 10
-16.782795414791885
 20
-1.8459975877808414
 10
-16.52177967947621
 20
-1.673377426256826
 10
-16.2661230073467
 20
-1.4929152411802278
 10
-16.237726273125848
 20
-1.471550532545816
  0
LWPOLYLINE
  5
5C
330
17
100
AcDbEntity
  8
ENGRAVE_LINES
100
AcDbPolyline
 90
15
 70
1
 10
-16.42134859361281
 20
-1.8227610364305793
 10
-16.684643101528074
 20
-1.996888241557702
 10
-16.686944217839333
 20
-1.9983603589521743
 10
-16.689594971938096
 20
-1.9999999999999987
 10
-16.686944217839326
 20
-2.001639641047827
 10
-16.684643101528067
 20
-2.0031117584422997
 10
-16.421348593612805
 20
-2.1772389635694207
 10
-16.41909321440426
 20
-2.1787802391861413
 10
-16.271218577798724
 20
-2.2831615558048797
 10
-16.284626374404883
 20
-2.1705942806959535
 10
-16.285258075763668
 20
-2.15994969531303
 10
-16.285258075763668
 20
-1.8400503046869718
 10
-16.284626374404883
 20
-1.8294057193040485
 10
-16.271218577798724
 20
-1.7168384441951197
 10
-16.419093214404263
 20
-1.8212197608138592
  0
LWPOLYLINE
  5
5D
330
17
100
AcDbEntity
  8
ENGRAVE_LINES
100
AcDbPolyline
 90
48
 70
1
 10
-15.50544560581424
 20
-0.06055823089276056
 10
-15.498018064156334
 20
-0.052907226416152045
 10
-15.26198564780726
 20
0.1630194244524697
 10
-15.253705330790924
 20
0.1697382483592254
 10
-14.993791273625238
 20
0.35623302847544164
 10
-14.984774418750701
 20
0.3619253542525376
 10
-14.704627344392373
 20
0.5163702857051147
 10
-14.695000528536887
 20
0.5209562055763725
 10
-14.398553087819943
 20
0.641183220075182
 10
-14.388451450375877
 20
0.6445983577780693
 10
-14.345851833198845
 20
0.6562387249570482
 10
-14.349869413141189
 20
0.662353983674456
 10
-14.351208257793743
 20
0.6644546576515428
 10
-14.517096604872195
 20
0.9328614899208812
 10
-14.518376799071598
 20
0.9349984127022442
 10
-14.676773257425976
 20
1.2078935084553013
 10
-14.677993820427117
 20
1.2100650429638757
 10
-14.687035133180789
 20
1.2266850584113014
 10
-14.716988739123304
 20
1.1848693959881758
 10
-14.718790682362934
 20
1.1824410892711372
 10
-14.911227742955841
 20
0.9320153871742792
 10
-14.91311024469869
 20
0.9296489848122452
 10
-15.113851389926104
 20
0.6858292826281848
 10
-15.115812325112877
 20
0.6835274559309402
 10
-15.324630948631635
 20
0.44658898916778467
 10
-15.326668103663563
 20
0.4443543365489745
 10
-15.543328480881115
 20
0.21456457284248334
 10
-15.545439556118772
 20
0.21239961688639059
 10
-15.769697110290593
 20
-0.009982045930499187
 10
-15.771879722649837
 20
-0.012074861316563476
 10
-16.003481300969515
 20
-0.22679738803460253
 10
-16.005732986611626
 20
-0.22881570037910182
 10
-16.244417145981963
 20
-0.43563670179339686
 10
-16.246735363094963
 20
-0.4375782327274461
 10
-16.492232665257735
 20
-0.6362642392582171
 10
-16.494614796925678
 20
-0.6381267970875065
 10
-16.726968147723166
 20
-0.8135919027050516
 10
-16.640885832220743
 20
-0.8611956929053233
 10
-16.638722795696292
 20
-0.8624312531651122
 10
-16.366930297805826
 20
-1.0227122857165114
 10
-16.364802284813045
 20
-1.0240072362423016
 10
-16.15709244819594
 20
-1.1543768224797104
 10
-16.05526093605822
 20
-0.8802285937333804
 10
-16.050962304745678
 20
-0.8704701095570421
 10
-15.904886889961388
 20
-0.5858693482816707
 10
-15.899464263462379
 20
-0.5766877707247763
 10
-15.720753503506574
 20
-0.31136139736746876
 10
-15.7142830036106
 20
-0.30288561565265026
  0
LWPOLYLINE
  5
5E
330
17
100
AcDbEntity
  8
ENGRAVE_LINES
100
AcDbPolyline
 90
21
 70
1
 10
-15.372580329184688
 20
-3.8178878924093276
 10
-15.144429502232349
 20
-4.026604325171969
 10
-14.8931944897026
 20
-4.206871675580656
 10
-14.62240208045741
 20
-4.356159385186567
 10
-14.335853606338294
 20
-4.472371781789529
 10
-14.241918719192089
 20
-4.498039537740333
 10
-14.227219026699927
 20
-4.475664768863068
 10
-14.243436382759619
 20
-4.454446674519442
 10
-14.440924497129277
 20
-4.211701172131391
 10
-14.645688698718738
 20
-3.9750610318458204
 10
-14.85754034494533
 20
-3.744744262508423
 10
-15.076284263794754
 20
-3.520963047449366
 10
-15.301718933626741
 20
-3.3039235490056766
 10
-15.533636668830168
 20
-3.093825718590798
 10
-15.771823811157262
 20
-2.8908631124856603
 10
-15.976057930617175
 20
-2.727266172899609
 10
-16.000554224039735
 20
-2.7436034418977195
 10
-15.996055130294572
 20
-2.7622219264413768
 10
-15.888385154804046
 20
-3.0520883189777877
 10
-15.74718748714491
 20
-3.3271856977217653
 10
-15.574444233061968
 20
-3.583652298496677
  0
LWPOLYLINE
  5
5F
330
17
100
AcDbEntity
  8
ENGRAVE_LINES
100
AcDbPolyline
 90
9
 70
1
 10
-15.528410047440893
 20
-2.824950636273641
 10
-15.533560822599341
 20
-2.8121707047391826
 10
-15.63056606542828
 20
-2.5056472225701576
 10
-15.633705628283568
 20
-2.4922308042762884
 10
-15.633895931591494
 20
-2.490998744560014
 10
-15.819299786170152
 20
-2.622205657610512
 10
-15.658224649074969
 20
-2.751231109096587
 10
-15.656118769943621
 20
-2.7529710915635084
 10
-15.496854388297887
 20
-2.888682505885575
  0
LWPOLYLINE
  5
60
330
17
100
AcDbEntity
  8
ENGRAVE_LINES
100
AcDbPolyline
 90
9
 70
1
 10
-14.121335237239446
 20
-4.319307406563476
 10
-13.994734567693556
 20
-4.1377611938866625
 10
-13.993281543310559
 20
-4.135737816436927
 10
-13.98883580484475
 20
-4.129724429155044
 10
-14.073596354437809
 20
-4.113286089251313
 10
-14.086882673669754
 20
-4.109634944769756
 10
-14.383343749763862
 20
-4.003158923771518
 10
-14.303914452675654
 20
-4.094953094138382
 10
-14.302158540231076
 20
-4.097045709102489
  0
LWPOLYLINE
  5
61
330
17
100
AcDbEntity
  8
ENGRAVE_LINES
100
AcDbPolyline
 90
16
 70
1
 10
-13.423011505283027
 20
-4.188392936501273
 10
-13.744282439368742
 20
-4.17607834478989
 10
-13.75797039316146
 20
-4.174498137295035
 10
-13.793056261623011
 20
-4.167693634087379
 10
-13.847801530218447
 20
-4.241743087164057
 10
-14.006029830279974
 20
-4.468643534985528
 10
-13.92843119544822
 20
-4.570170266515416
 10
-13.731743226652547
 20
-4.5995323724698105
 10
-13.422661706590404
 20
-4.608695510593437
 10
-13.114665846640113
 20
-4.581238282079412
 10
-13.07226497162548
 20
-4.572313223855737
 10
-12.996362666715177
 20
-4.469818499493268
 10
-12.995042960803776
 20
-4.468091852780273
 10
-13.06177994088109
 20
-4.369510316753748
 10
-13.208836940886426
 20
-4.164729295100911
 10
-13.409242750965069
 20
-4.187865168285072
  0
LWPOLYLINE
  5
62
330
17
100
AcDbEntity
  8
ENGRAVE_LINES
100
AcDbPolyline
 90
6
 70
1
 10
-13.333632923165059
 20
-3.997940870771733
 10
-13.433940305695408
 20
-3.86611939040775
 10
-13.500240980742666
 20
-3.7838187830794747
 10
-13.661703525959854
 20
-3.9900235178283636
 10
-13.668237167584996
 20
-3.998861041167888
 10
-13.423021649954741
 20
-4.008260363236987
  0
LWPOLYLINE
  5
63
330
17
100
AcDbEntity
  8
ENGRAVE_LINES
100
AcDbPolyline
 90
23
 70
1
 10
-15.470310406764765
 20
-2.3709089040231524
 10
-15.456869913862873
 20
-2.4579252047471982
 10
-15.364034273024975
 20
-2.751273307067874
 10
-15.227507248709555
 20
-3.0270121998206205
 10
-15.050488918651638
 20
-3.2786787970647375
 10
-14.837128442473988
 20
-3.500374247063558
 10
-14.592426808902271
 20
-3.6869021963694415
 10
-14.322119616827898
 20
-3.833890587944439
 10
-14.032542637731371
 20
-3.9378941384715933
 10
-13.870279642243952
 20
-3.969363192016266
 10
-13.805702510115655
 20
-3.8820149802338246
 10
-13.80419404392742
 20
-3.8800325912909974
 10
-13.616172904338613
 20
-3.639909724629001
 10
-13.630326037346158
 20
-3.622341103475618
 10
-13.833383278147705
 20
-3.3840913065529787
 10
-14.042956467798783
 20
-3.1515525206375545
 10
-14.258885054189367
 20
-2.924902891573299
 10
-14.481003616397707
 20
-2.704316053575032
 10
-14.709141991418157
 20
-2.4899609962084424
 10
-14.9431254045212
 20
-2.2820019349290366
 10
-15.140765551233914
 20
-2.1159030418061504
 10
-15.316931701968588
 20
-2.255821955684343
 10
-15.318903605237008
 20
-2.2573441033978314
  0
LWPOLYLINE
  5
64
330
17
100
AcDbEntity
  8
ENGRAVE_LINES
100
AcDbPolyline
 90
7
 70
1
 10
-15.50145644984277
 20
-2.1692635126954367
 10
-15.427905994229377
 20
-2.1140959591684236
 10
-15.28425246388122
 20
-1.9999999999999987
 10
-15.427905994229333
 20
-1.8859040408316048
 10
-15.501456449842768
 20
-1.8307364873045602
 10
-15.503838182485856
 20
-1.8461562762533643
 10
-15.503838182485856
 20
-2.153843723746636
  0
LWPOLYLINE
  5
65
330
17
100
AcDbEntity
  8
ENGRAVE_LINES
100
AcDbPolyline
 90
16
 70
1
 10
-15.682783420626087
 20
-2.1744918665363393
 10
-15.683838182485855
 20
-2.1607534309566407
 10
-15.683838182485855
 20
-1.8392465690433595
 10
-15.682783420626087
 20
-1.8255081334636607
 10
-15.664680721750365
 20
-1.7083078268391296
 10
-15.678331784843856
 20
-1.6980686549994701
 10
-15.933860126075174
 20
-1.5172359267583657
 10
-15.968418150154726
 20
-1.4941882057953708
 10
-16.07277867643395
 20
-1.5727054120187585
 10
-16.10525807576367
 20
-1.8453913414906808
 10
-16.10525807576367
 20
-2.154608658509321
 10
-16.07277867643395
 20
-2.4272945879812413
 10
-15.968418150154726
 20
-2.505811794204629
 10
-15.933860126075196
 20
-2.4827640732416487
 10
-15.678331784843849
 20
-2.3019313450005243
 10
-15.664680721750365
 20
-2.29169217316087
  0
LWPOLYLINE
  5
66
330
17
100
AcDbEntity
  8
ENGRAVE_LINES
100
AcDbPolyline
 90
23
 70
1
 10
-13.80419404392742
 20
-0.11996740870900324
 10
-13.805702510115655
 20
-0.11798501976617656
 10
-13.870279642243954
 20
-0.030636807983733732
 10
-14.032542637731371
 20
-0.06210586152840585
 10
-14.3221196168279
 20
-0.1661094120555625
 10
-14.592426808902268
 20
-0.31309780363055606
 10
-14.837128442473993
 20
-0.49962575293644823
 10
-15.050488918651636
 20
-0.7213212029352616
 10
-15.227507248709557
 20
-0.9729878001793806
 10
-15.364034273024977
 20
-1.248726692932128
 10
-15.456869913862873
 20
-1.5420747952528018
 10
-15.470310406764765
 20
-1.6290910959768448
 10
-15.318903605236999
 20
-1.7426558966021697
 10
-15.31693170196858
 20
-1.7441780443156598
 10
-15.140765551233912
 20
-1.8840969581938505
 10
-14.94312540452121
 20
-1.7179980650709694
 10
-14.709141991418157
 20
-1.5100390037915559
 10
-14.481003616397713
 20
-1.2956839464249716
 10
-14.258885054189369
 20
-1.0750971084267018
 10
-14.042956467798783
 20
-0.8484474793624447
 10
-13.833383278147709
 20
-0.6159086934470234
 10
-13.630326037346158
 20
-0.37765889652438156
 10
-13.616172904338613
 20
-0.3600902753709991
  0
LWPOLYLINE
  5
67
330
17
100
AcDbEntity
  8
ENGRAVE_LINES
100
AcDbPolyline
 90
56
 70
1
 10
-13.697196936644854
 20
-3.2663847561010937
 10
-13.499391817580788
 20
-3.4984721678143798
 10
-13.406771937642832
 20
-3.3867030635057955
 10
-13.405156096298862
 20
-3.3848071750827065
 10
-13.197179039822899
 20
-3.147516814374828
 10
-13.195511347387558
 20
-3.145666371697306
 10
-12.981046779640158
 20
-2.9142228138128656
 10
-12.979328513717418
 20
-2.91241923448818
 10
-12.758540734048923
 20
-2.6869997862270827
 10
-12.756773210986644
 20
-2.6852444519609104
 10
-12.529831362902385
 20
-2.4660218051075766
 10
-12.528015936783872
 20
-2.464316060645499
 10
-12.295093878364897
 20
-2.251458159671278
 10
-12.293231939971552
 20
-2.249803311768577
 10
-12.054508110683539
 20
-2.0434732251710344
 10
-12.052601086429389
 20
-2.0418705415916043
 10
-12.001356113540986
 20
-2.000000000000001
 10
-12.052601086429398
 20
-1.9581294584083906
 10
-12.054508110683548
 20
-1.95652677482896
 10
-12.293231939971555
 20
-1.7501966882314208
 10
-12.2950938783649
 20
-1.7485418403287203
 10
-12.528015936783872
 20
-1.5356839393545028
 10
-12.529831362902383
 20
-1.5339781948924256
 10
-12.756773210986648
 20
-1.3147555480390882
 10
-12.758540734048928
 20
-1.3130002137729155
 10
-12.979328513717421
 20
-1.0875807655118184
 10
-12.981046779640161
 20
-1.0857771861871321
 10
-13.195511347387557
 20
-0.8543336283026942
 10
-13.197179039822897
 20
-0.8524831856251734
 10
-13.405156096298862
 20
-0.6151928249172959
 10
-13.406771937642834
 20
-0.6132969364942062
 10
-13.49939181758079
 20
-0.5015278321856216
 10
-13.697196936644854
 20
-0.7336152438989046
 10
-13.698838860774929
 20
-0.7354885888518615
 10
-13.91007990258483
 20
-0.9698779946712203
 10
-13.91177304390915
 20
-0.9717051806545185
 10
-14.12942006078958
 20
-1.2001585617814654
 10
-14.131163122208015
 20
-1.2019381890045797
 10
-14.355049376763379
 20
-1.4242805293863783
 10
-14.356841022932464
 20
-1.4260112344931146
 10
-14.586794997944047
 20
-1.64207219968963
 10
-14.588633856299987
 20
-1.6437526568025844
 10
-14.824479386123775
 20
-1.85336672447797
 10
-14.826364047933943
 20
-1.854995646214266
 10
-14.998903919918467
 20
-2.0
 10
-14.82636404793394
 20
-2.1450043537857355
 10
-14.824479386123771
 20
-2.146633275522032
 10
-14.588633856299987
 20
-2.356247343197414
 10
-14.586794997944047
 20
-2.3579278003103683
 10
-14.356841022932459
 20
-2.573988765506889
 10
-14.355049376763374
 20
-2.5757194706136253
 10
-14.131163122208013
 20
-2.798061810995421
 10
-14.129420060789577
 20
-2.7998414382185355
 10
-13.911773043909148
 20
-3.0282948193454824
 10
-13.910079902584828
 20
-3.0301220053287805
 10
-13.698838860774929
 20
-3.2645114111481366
  0
LWPOLYLINE
  5
68
330
17
100
AcDbEntity
  8
ENGRAVE_LINES
100
AcDbPolyline
 90
25
 70
1
 10
-11.583925763800353
 20
-2.6063784909579093
 10
-11.529114221190012
 20
-2.3721501550754005
 10
-11.554540527567466
 20
-2.3536230439599586
 10
-11.556533307260887
 20
-2.35212833152769
 10
-11.806307721260737
 20
-2.1593229544856696
 10
-11.808258370421791
 20
-2.1577736630307904
 10
-11.85911314726862
 20
-2.1162219374842897
 10
-11.937746844887892
 20
-2.180470883694862
 10
-12.174585831862064
 20
-2.3851718925459684
 10
-12.405668855808186
 20
-2.596349175461222
 10
-12.630818886128264
 20
-2.81384095144936
 10
-12.849863437436392
 20
-3.0374806020433183
 10
-13.062634701698697
 20
-3.2670967989455457
 10
-13.268969676789089
 20
-3.5025136352806103
 10
-13.383943697368103
 20
-3.6412586143011136
 10
-13.292985616974423
 20
-3.75416704626622
 10
-13.291449860621508
 20
-3.7561283694385117
 10
-13.125711685804273
 20
-3.973937378168474
 10
-13.117364296622098
 20
-3.972973712806368
 10
-12.820675599869643
 20
-3.891442230762541
 10
-12.539909691287589
 20
-3.7655769459417376
 10
-12.281647485806939
 20
-3.5983280339416854
 10
-12.051942430631268
 20
-3.393615667506062
 10
-11.856178617564922
 20
-3.1562381309979672
 10
-11.698944584464451
 20
-2.8917593526812704
  0
LWPOLYLINE
  5
69
330
17
100
AcDbEntity
  8
ENGRAVE_LINES
100
AcDbPolyline
 90
9
 70
1
 10
-12.87808308649235
 20
-4.31977314974395
 10
-12.799230610670065
 20
-4.2197882810041065
 10
-12.797506658374834
 20
-4.21766925896911
 10
-12.61006709303222
 20
-3.9942874835777507
 10
-12.753348377996724
 20
-4.058519426239969
 10
-12.766316220144445
 20
-4.063176915347862
 10
-13.011728906017693
 20
-4.130617502773734
 10
-12.914846834494684
 20
-4.265528520852472
 10
-12.913421951133369
 20
-4.267571813187977
  0
LWPOLYLINE
  5
6A
330
17
100
AcDbEntity
  8
ENGRAVE_LINES
100
AcDbPolyline
 90
20
 70
1
 10
-11.024333507624743
 20
-2.728088528060676
 10
-11.106799943022857
 20
-2.7921162122118215
 10
-11.348039854295562
 20
-2.9914406699586844
 10
-11.583119366005926
 20
-3.197994676022344
 10
-11.811821907064553
 20
-3.411587938931686
 10
-12.033936781277145
 20
-3.6320236821777327
 10
-12.249259361452147
 20
-3.8590988254975462
 10
-12.457591277916965
 20
-4.092604171965293
 10
-12.658740601269622
 20
-4.332324600718716
 10
-12.772195967519345
 20
-4.476185903537866
 10
-12.756839022529496
 20
-4.498870646299979
 10
-12.51914952006028
 20
-4.418513141295676
 10
-12.239988797268037
 20
-4.285529533304658
 10
-11.978515869783536
 20
-4.120462100608569
 10
-11.738401244352923
 20
-3.925628028130182
 10
-11.523015603979506
 20
-3.703762359165546
 10
-11.335382490922983
 20
-3.457979601371386
 10
-11.178135862793786
 20
-3.1917300059046494
 10
-11.053483117562012
 20
-2.908751133459414
 10
-11.002607362074162
 20
-2.742147830552691
  0
LWPOLYLINE
  5
6B
330
17
100
AcDbEntity
  8
ENGRAVE_LINES
100
AcDbPolyline
 90
11
 70
1
 10
-11.18037287731693
 20
-2.6213549945617234
 10
-11.297492381901604
 20
-2.540880875303915
 10
-11.299525765477032
 20
-2.539441886979827
 10
-11.37118110533901
 20
-2.48722956703332
 10
-11.410234988535644
 20
-2.6541200728511845
 10
-11.414392356085456
 20
-2.6672567935155715
 10
-11.503547929809164
 20
-2.8884666295216057
 10
-11.465824246321672
 20
-2.855320491471858
 10
-11.463745016024598
 20
-2.8535487501609547
 10
-11.22039898306894
 20
-2.652484109538925
 10
-11.218266940150695
 20
-2.650776286686342
  0
LWPOLYLINE
  5
6C
330
17
100
AcDbEntity
  8
ENGRAVE_LINES
100
AcDbPolyline
 90
18
 70
1
 10
-11.310264077893464
 20
-2.0068894327552846
 10
-11.332222460669607
 20
-2.2929007484001076
 10
-11.194529718371305
 20
-2.393231826712467
 10
-11.031146480056229
 20
-2.505494273958295
 10
-10.968930911626844
 20
-2.4571895455503077
 10
-10.966748020269057
 20
-2.4555472145175568
 10
-10.930068395237122
 20
-2.4288127601675287
 10
-10.908476570248439
 20
-2.3086742484668195
 10
-10.890158342232645
 20
-2.0000000000000004
 10
-10.908476570248439
 20
-1.6913257515331803
 10
-10.930068395237122
 20
-1.5711872398324747
 10
-10.966748020269053
 20
-1.5444527854824484
 10
-10.96893091162684
 20
-1.5428104544496974
 10
-11.03114648005623
 20
-1.4945057260417065
 10
-11.1945297183713
 20
-1.6067681732875305
 10
-11.332222460669605
 20
-1.7070992515998944
 10
-11.310264077893464
 20
-1.9931105672447158
 10
-11.311092881357242
 20
-2.0
  0
LWPOLYLINE
  5
6D
330
17
100
AcDbEntity
  8
ENGRAVE_LINES
100
AcDbPolyline
 90
20
 70
1
 10
-12.658740601269612
 20
0.332324600718703
 10
-12.457591277916968
 20
0.09260417196529622
 10
-12.249259361452149
 20
-0.1409011745024529
 10
-12.033936781277163
 20
-0.36797631782224954
 10
-11.811821907064536
 20
-0.5884120610683329
 10
-11.58311936600592
 20
-0.8020053239776621
 10
-11.348039854295562
 20
-1.0085593300413167
 10
-11.106799943022859
 20
-1.207883787788179
 10
-11.024333507624744
 20
-1.2719114719393252
 10
-11.002607362074162
 20
-1.2578521694473093
 10
-11.053483117562012
 20
-1.0912488665405864
 10
-11.178135862793786
 20
-0.8082699940953499
 10
-11.33538249092298
 20
-0.5420203986286165
 10
-11.523015603979507
 20
-0.2962376408344531
 10
-11.738401244352929
 20
-0.0743719718698141
 10
-11.978515869783532
 20
0.12046210060856731
 10
-12.239988797268044
 20
0.2855295333046626
 10
-12.519149520060276
 20
0.41851314129567535
 10
-12.756839022529496
 20
0.49887064629997985
 10
-12.772195967519345
 20
0.4761859035378667
  0
LWPOLYLINE
  5
6E
330
17
100
AcDbEntity
  8
ENGRAVE_LINES
100
AcDbPolyline
 90
9
 70
1
 10
-12.914846834494687
 20
0.2655285208524674
 10
-13.011728906017693
 20
0.13061750277373468
 10
-12.766316220144445
 20
0.06317691534786227
 10
-12.753348377996724
 20
0.0585194262399691
 10
-12.610067093032221
 20
-0.00571251642224854
 10
-12.79750665837483
 20
0.21766925896910572
 10
-12.799230610670062
 20
0.2197882810041016
 10
-12.87808308649235
 20
0.31977314974395055
 10
-12.913421951133373
 20
0.2675718131879728
  0
LWPOLYLINE
  5
6F
330
17
100
AcDbEntity
  8
ENGRAVE_LINES
100
AcDbPolyline
 90
11
 70
1
 10
-11.503547929809164
 20
-1.1115333704783956
 10
-11.414392356085457
 20
-1.332743206484427
 10
-11.410234988535645
 20
-1.3458799271488133
 10
-11.37118110533901
 20
-1.5127704329666822
 10
-11.299525765477032
 20
-1.460558113020175
 10
-11.297492381901604
 20
-1.459119124696087
 10
-11.180372877316932
 20
-1.3786450054382784
 10
-11.218266940150702
 20
-1.3492237133136544
 10
-11.220398983068947
 20
-1.3475158904610716
 10
-11.463745016024594
 20
-1.1464512498390498
 10
-11.465824246321668
 20
-1.144679508528146
  0
LWPOLYLINE
  5
70
330
17
100
AcDbEntity
  8
ENGRAVE_LINES
100
AcDbPolyline
 90
16
 70
1
 10
-13.208836940886428
 20
0.16472929510091108
 10
-13.061779940881086
 20
0.3695103167537541
 10
-12.995042960803778
 20
0.4680918527802732
 10
-12.996362666715177
 20
0.46981849949326715
 10
-13.07226497162548
 20
0.5723132238557378
 10
-13.11466584664011
 20
0.5812382820794119
 10
-13.422661706590407
 20
0.6086955105934366
 10
-13.731743226652545
 20
0.5995323724698113
 10
-13.928431195448221
 20
0.5701702665154155
 10
-14.006029830279974
 20
0.4686435349855287
 10
-13.847801530218455
 20
0.24174308716406406
 10
-13.793056261623013
 20
0.1676936340873793
 10
-13.757970393161461
 20
0.1744981372950346
 10
-13.744282439368744
 20
0.1760783447898906
 10
-13.423011505283029
 20
0.18839293650127398
 10
-13.40924275096507
 20
0.18786516828507183
  0
LWPOLYLINE
  5
71
330
17
100
AcDbEntity
  8
ENGRAVE_LINES
100
AcDbPolyline
 90
21
 70
1
 10
-15.771823811157276
 20
-1.1091368875143488
 10
-15.533636668830187
 20
-0.9061742814092154
 10
-15.30171893362672
 20
-0.6960764509943033
 10
-15.07628426379476
 20
-0.4790369525506386
 10
-14.857540344945344
 20
-0.2552557374915878
 10
-14.645688698718741
 20
-0.02493896815417979
 10
-14.440924497129272
 20
0.21170117213139925
 10
-14.243436382759619
 20
0.45444667451944254
 10
-14.22721902669993
 20
0.4756647688630682
 10
-14.241918719192089
 20
0.4980395377403323
 10
-14.335853606338295
 20
0.47237178178952804
 10
-14.622402080457409
 20
0.3561593851865663
 10
-14.893194489702594
 20
0.2068716755806586
 10
-15.144429502232352
 20
0.026604325171964264
 10
-15.37258032918469
 20
-0.18211210759067437
 10
-15.574444233061968
 20
-0.41634770150332256
 10
-15.747187487144908
 20
-0.6728143022782338
 10
-15.888385154804048
 20
-0.9479116810222161
 10
-15.996055130294572
 20
-1.2377780735586221
 10
-16.000554224039735
 20
-1.2563965581022787
 10
-15.976057930617173
 20
-1.272733827100391
  0
LWPOLYLINE
  5
72
330
17
100
AcDbEntity
  8
ENGRAVE_LINES
100
AcDbPolyline
 90
9
 70
1
 10
-15.63056606542828
 20
-1.4943527774298442
 10
-15.533560822599343
 20
-1.187829295260819
 10
-15.528410047440895
 20
-1.17504936372636
 10
-15.496854388297885
 20
-1.1113174941144208
 10
-15.656118769943626
 20
-1.2470289084364934
 10
-15.658224649074974
 20
-1.2487688909034143
 10
-15.819299786170152
 20
-1.3777943423894872
 10
-15.633895931591494
 20
-1.5090012554399852
 10
-15.633705628283568
 20
-1.5077691957237127
  0
LWPOLYLINE
  5
73
330
17
100
AcDbEntity
  8
ENGRAVE_LINES
100
AcDbPolyline
 90
9
 70
1
 10
-13.994734567693556
 20
0.13776119388666097
 10
-14.121335237239446
 20
0.31930740656347606
 10
-14.302158540231078
 20
0.09704570910248772
 10
-14.303914452675656
 20
0.09495309413837971
 10
-14.383343749763863
 20
0.003158923771516788
 10
-14.086882673669754
 20
0.10963494476975655
 10
-14.073596354437809
 20
0.11328608925131291
 10
-13.988835804844753
 20
0.12972442915504395
 10
-13.993281543310559
 20
0.13573781643692465
  0
LWPOLYLINE
  5
74
330
17
100
AcDbEntity
  8
ENGRAVE_LINES
100
AcDbPolyline
 90
25
 70
1
 10
-12.849863437436404
 20
-0.9625193979566705
 10
-12.630818886128246
 20
-1.1861590485506617
 10
-12.40566885580821
 20
-1.4036508245387573
 10
-12.174585831862064
 20
-1.614828107454034
 10
-11.93774684488791
 20
-1.819529116305125
 10
-11.859113147268621
 20
-1.8837780625157117
 10
-11.808258370421784
 20
-1.8422263369692042
 10
-11.80630772126073
 20
-1.8406770455143249
 10
-11.556533307260882
 20
-1.6478716684723078
 10
-11.554540527567461
 20
-1.6463769560400399
 10
-11.52911422119001
 20
-1.6278498449246017
 10
-11.583925763800355
 20
-1.3936215090420878
 10
-11.698944584464451
 20
-1.1082406473187287
 10
-11.85617861756492
 20
-0.8437618690020338
 10
-12.051942430631271
 20
-0.6063843324939361
 10
-12.28164748580694
 20
-0.40167196605831196
 10
-12.539909691287587
 20
-0.2344230540582621
 10
-12.820675599869643
 20
-0.10855776923745863
 10
-13.117364296622096
 20
-0.027026287193632297
 10
-13.125711685804275
 20
-0.026062621831525586
 10
-13.29144986062151
 20
-0.2438716305614889
 10
-13.292985616974425
 20
-0.24583295373378072
 10
-13.383943697368103
 20
-0.3587413856988852
 10
-13.268969676789066
 20
-0.4974863647194171
 10
-13.062634701698677
 20
-0.7329032010544753
  0
LWPOLYLINE
  5
75
330
17
100
AcDbEntity
  8
ENGRAVE_LINES
100
AcDbPolyline
 90
6
 70
1
 10
-11.695333335074734
 20
-1.9824029684848758
 10
-11.716870180996255
 20
-2.000000000000001
 10
-11.695333335074737
 20
-2.017597031515123
 10
-11.503013436167869
 20
-2.1660522316600206
 10
-11.49026485503078
 20
-2.0000000000000004
 10
-11.503013436167869
 20
-1.8339477683399823
  0
LWPOLYLINE
  5
76
330
17
100
AcDbEntity
  8
ENGRAVE_LINES
100
AcDbPolyline
 90
6
 70
1
 10
-13.661703525959847
 20
-0.009976482171646286
 10
-13.500240980742667
 20
-0.21618121692052483
 10
-13.433940305695408
 20
-0.13388060959224865
 10
-13.333632923165059
 20
-0.002059129228266321
 10
-13.42302164995474
 20
0.008260363236987435
 10
-13.668237167584996
 20
-0.001138958832112237
  0
LWPOLYLINE
  5
77
330
17
100
AcDbEntity
  8
ENGRAVE_LINES
100
AcDbPolyline
 90
26
 70
1
 10
-8.456489367259188
 20
-1.8591751204269709
 10
-8.459260672764659
 20
-1.8579653523722552
 10
-8.746544656130537
 20
-1.7267671532162805
 10
-8.749273756980255
 20
-1.7254649698563294
 10
-9.031988170519728
 20
-1.584689919022136
 10
-9.03467198597226
 20
-1.5832967903246984
 10
-9.113110869277739
 20
-1.5408926130337444
 10
-9.264960545092391
 20
-1.6138168788600218
 10
-9.542808948211942
 20
-1.7577863170434223
 10
-9.816160052143738
 20
-1.9101218290759134
 10
-9.966516723669901
 20
-2.0000000000000013
 10
-9.816160052143738
 20
-2.0898781709240897
 10
-9.542808948211952
 20
-2.242213682956575
 10
-9.264960545092395
 20
-2.3861831211399807
 10
-9.113110869277739
 20
-2.459107386966259
 10
-9.03467198597226
 20
-2.416703209675305
 10
-9.031988170519728
 20
-2.415310080977868
 10
-8.749273756980255
 20
-2.2745350301436744
 10
-8.746544656130538
 20
-2.2732328467837233
 10
-8.459260672764659
 20
-2.142034647627745
 10
-8.456489367259186
 20
-2.140824879573029
 10
-8.164960114164174
 20
-2.019351634987223
 10
-8.162149732387046
 20
-2.018235647882612
 10
-8.113878228076446
 20
-2.0000000000000013
 10
-8.162149732387043
 20
-1.9817643521173918
 10
-8.16496011416417
 20
-1.9806483650127802
  0
LWPOLYLINE
  5
78
330
17
100
AcDbEntity
  8
ENGRAVE_LINES
100
AcDbPolyline
 90
38
 70
1
 10
-25.908638736187935
 20
5.272582325474484
 10
-25.993203636380088
 20
4.964305432552583
 10
-26.008921639022947
 20
4.932903267559764
 10
-26.03546026823979
 20
4.909906469247649
 10
-26.068779258305625
 20
4.898816091692763
 10
-26.103806095020328
 20
4.901320544343313
 10
-26.135208260013144
 20
4.917038546986173
 10
-26.158205058325258
 20
4.943577176203016
 10
-26.169295435880144
 20
4.976896166268851
 10
-26.166790983229596
 20
5.0119230029835515
 10
-26.08208490375638
 20
5.320714557544186
 10
-26.0817964517442
 20
5.3217421703839936
 10
-25.993434366553398
 20
5.629507480268713
 10
-25.993133748353845
 20
5.630531600090784
 10
-25.90112808478417
 20
5.937227380855385
 10
-25.900815342676502
 20
5.938247863626407
 10
-25.805179040503432
 20
6.243830981246406
 10
-25.804854218472038
 20
6.244847683444587
 10
-25.705600728087962
 20
6.549275160381677
 10
-25.70526387181616
 20
6.550287939016923
 10
-25.60240715233873
 20
6.8535169602633035
 10
-25.602058309202356
 20
6.854525672897339
 10
-25.495612826511223
 20
7.1565135919973395
 10
-25.49525204557194
 20
7.157518096763738
 10
-25.385232770274268
 20
7.458222441811625
 10
-25.3848601022727
 20
7.459222597435751
 10
-25.383558357414458
 20
7.462653858659589
 10
-25.371647006242682
 20
7.471487724916936
 10
-25.178147006242682
 20
7.622467724916937
 10
-25.15338022123406
 20
7.642793795803679
 10
-25.107769119800594
 20
7.682147486173964
 10
-25.216375021503712
 20
7.395873861327926
 10
-25.326027559436426
 20
7.096171881718608
 10
-25.432118217614047
 20
6.795190606712579
 10
-25.53463207533221
 20
6.4929723666403865
 10
-25.633554714931893
 20
6.189559665799777
 10
-25.728872223826617
 20
5.884995176479496
 10
-25.82057119645938
 20
5.579321732956974
  0
LWPOLYLINE
  5
79
330
17
100
AcDbEntity
  8
ENGRAVE_LINES
100
AcDbPolyline
 90
22
 70
1
 10
-32.86517769086787
 20
6.713023981956402
 10
-32.89659960117129
 20
6.728702474428608
 10
-32.91962976165945
 20
6.755212157210691
 10
-32.93076203916696
 20
6.788517171409953
 10
-32.928301645357635
 20
6.823547130525261
 10
-32.84464627385371
 20
7.1300188585615825
 10
-32.84442104556997
 20
7.13082906386835
 10
-32.757905793122966
 20
7.436505776035088
 10
-32.75767300448039
 20
7.437313841544067
 10
-32.66830542419674
 20
7.7421688511162925
 10
-32.66806509551866
 20
7.7429747062803305
 10
-32.623768492411784
 20
7.88901262214442
 10
-32.55605072658507
 20
7.824526407551307
 10
-32.53241977876594
 20
7.803103795803682
 10
-32.47639148306679
 20
7.754762051543556
 10
-32.495692636902554
 20
7.691129626430807
 10
-32.58482365336248
 20
7.3870815948087385
 10
-32.671109892348056
 20
7.082214035709825
 10
-32.75465454229901
 20
6.776147936446167
 10
-32.77033303477121
 20
6.744726026142747
 10
-32.7968427175533
 20
6.721695865654586
 10
-32.83014773175256
 20
6.71056358814708
  0
LWPOLYLINE
  5
7A
330
17
100
AcDbEntity
  8
ENGRAVE_LINES
100
AcDbPolyline
 90
18
 70
1
 10
-2.031320343559643
 20
17.878679656440358
 10
-2.038171185633627
 20
17.8442381475275
 10
-2.0576807332528535
 20
17.815040046133568
 10
-3.3835059479776306
 20
16.48921483140879
 10
-3.4127040493715617
 20
16.469705283789565
 10
-3.44714555828442
 20
16.46285444171558
 10
-3.481587067197278
 20
16.469705283789565
 10
-3.5107851685912093
 20
16.48921483140879
 10
-3.530294716210436
 20
16.518412932802722
 10
-3.53714555828442
 20
16.55285444171558
 10
-3.530294716210436
 20
16.58729595062844
 10
-3.5107851685912093
 20
16.61649405202237
 10
-2.184959953866432
 20
17.94231926674715
 10
-2.155761852472501
 20
17.961828814366374
 10
-2.121320343559643
 20
17.968679656440358
 10
-2.0868788346467846
 20
17.961828814366374
 10
-2.0576807332528535
 20
17.94231926674715
 10
-2.038171185633627
 20
17.913121165353218
  0
LWPOLYLINE
  5
7B
330
17
100
AcDbEntity
  8
ENGRAVE_LINES
100
AcDbPolyline
 90
173
 70
1
 10
-14.872702041768795
 20
20.426563464335498
 10
-15.13761303745892
 20
20.24861088632851
 10
-15.400395062969844
 20
20.06752923975758
 10
-15.661011160355889
 20
19.883343992139544
 10
-15.91942467628835
 20
19.696081047486047
 10
-16.175599267212096
 20
19.50576674265926
 10
-16.429498904457486
 20
19.312427843667457
 10
-16.68108787930649
 20
19.116091541901305
 10
-16.9303308080149
 20
18.916785450309597
 10
-17.177192636789112
 20
18.71453759951546
 10
-17.421638646716662
 20
18.509376433873605
 10
-17.663634458646655
 20
18.30133080747201
 10
-17.903146038028854
 20
18.090429980070446
 10
-18.140139699696697
 20
17.876703612988486
 10
-18.374582112606575
 20
17.660181764932393
 10
-18.606440304525783
 20
17.44089488776739
 10
-18.83568166666844
 20
17.218873822236098
 10
-19.062273958283107
 20
16.994149793619698
 10
-19.286185311186095
 20
16.76675440734735
 10
-19.507384234243798
 20
16.53671964455087
 10
-19.725839617801704
 20
16.304077857566778
 10
-19.94152073806037
 20
16.068861765385495
 10
-20.15439726139401
 20
15.831104449052372
 10
-20.36443924862019
 20
15.590839347011253
 10
-20.571617159207612
 20
15.348100250404846
 10
-20.775901855432284
 20
15.102921298320558
 10
-20.97726460647472
 20
14.85533697299003
 10
-21.175677092461004
 20
14.605382094939097
 10
-21.371111408445838
 20
14.353091818090476
 10
-21.56354006833659
 20
14.098501624820367
 10
-21.752936008759807
 20
13.841647320967049
 10
-21.939272592866644
 20
13.582565030796188
 10
-22.122523614079448
 20
13.32129119191979
 10
-22.302663299777446
 20
13.057862550171649
 10
-22.479666314921754
 20
12.792316154438895
 10
-22.653507765617537
 20
12.524689351452844
 10
-22.8241632026167
 20
12.255019780534132
 10
-22.991608624754708
 20
11.983345368301768
 10
-23.104827727284032
 20
11.79467815520256
 10
-23.10019435510174
 20
11.984105854588709
 10
-23.10019435510174
 20
12.015894145411291
 10
-23.10335471829387
 20
12.1451003272495
 10
-22.97711589760693
 20
12.349918452302594
 10
-22.97655050158179
 20
12.350823725767698
 10
-22.80532430054508
 20
12.621395217514765
 10
-22.804748208631345
 20
12.62229372228314
 10
-22.630325338145585
 20
12.890815613977676
 10
-22.629738631365445
 20
12.891707223682646
 10
-22.452143622450755
 20
13.158141750116979
 10
-22.451546383319275
 20
13.159026339361597
 10
-22.270804213128706
 20
13.423336028897388
 10
-22.270196525642245
 20
13.424213473272072
 10
-22.086332613949008
 20
13.686361153110301
 10
-22.085714563573386
 20
13.687231329210327
 10
-21.89875476919578
 20
13.94718013061935
 10
-21.898126442854267
 20
13.948042916062215
 10
-21.708097060018865
 20
14.205756279563008
 10
-21.707458546079952
 20
14.206611553005644
 10
-21.51438630072352
 20
14.462053233513604
 10
-21.513737688988495
 20
14.462900874669431
 10
-21.317649734999296
 20
14.716034946591853
 10
-21.31699111668961
 20
14.716874836247708
 10
-21.11791503208838
 20
14.967665698536472
 10
-21.117246499832824
 20
14.968497718569369
 10
-20.915210282894215
 20
15.21691009972787
 10
-20.91453193071588
 20
15.217734133121619
 10
-20.709563996030745
 20
15.463733096165397
 10
-20.708875919333813
 20
15.464549027027054
 10
-20.501005093812935
 20
15.708099974397356
 10
-20.500307389369254
 20
15.708907687973529
 10
-20.28956290818911
 20
15.949976366403163
 10
-20.288855674124584
 20
15.950775749096143
 10
-20.075267176615665
 20
16.18932825442691
 10
-20.074550512396453
 20
16.19011919381066
 10
-19.858148037874777
 20
16.426121975761635
 10
-19.857422044293298
 20
16.426904360597582
 10
-19.63823602783564
 20
16.660324227483667
 10
-19.63750080699642
 20
16.66109794773637
 10
-19.415562075159855
 20
16.891902071136453
 10
-19.414817730465145
 20
16.892667017989062
 10
-19.190157496951638
 20
17.120822937362988
 10
-19.18940413308687
 20
17.121579003232558
 10
-18.962053994353294
 20
17.347054630486415
 10
-18.961291717272378
 20
17.347801709039025
 10
-18.73128364808677
 20
17.570565333038104
 10
-18.73051256499717
 20
17.571303319203828
 10
-18.497878913941744
 20
17.791323610232464
 10
-18.497099133289417
 20
17.79205240022013
 10
-18.261872618211076
 20
18.00929841438795
 10
-18.261084249665213
 20
18.01001790569975
 10
-18.023297953074046
 20
18.22445908929365
 10
-18.022501107511648
 20
18.225169180739552
 10
-17.78218847192813
 20
18.43677537452085
 10
-17.78138326141841
 20
18.43747596623283
 10
-17.53857808467009
 20
18.646217409678837
 10
-17.537764622458724
 20
18.64690840312493
 10
-17.292501052926806
 20
18.852755738614526
 10
-17.291679453419988
 20
18.85343703661266
 10
-17.043991985236698
 20
19.05636131355517
 10
-17.043162363985072
 20
19.057032820286867
 10
-16.793085832182296
 20
19.25700549919376
 10
-16.79224830586469
 20
19.25766712021759
 10
-16.539817881474846
 20
19.454660076716213
 10
-16.538972567881853
 20
19.455311718981086
 10
-16.284223752991334
 20
19.649297247770154
 10
-16.283370771008777
 20
19.649938819628396
 10
-16.02633939376489
 20
19.840889638374513
 10
-16.025478863357062
 20
19.841521049594775
 10
-15.766201072929151
 20
20.029410302769417
 10
-15.765333115121981
 20
20.03003146454934
 10
-15.503845376617358
 20
20.214832727205852
 10
-15.502970113481362
 20
20.215443552184574
 10
-15.23930920281682
 20
20.397130833674613
 10
-15.23842675744995
 20
20.39773123594506
 10
-14.972629756179522
 20
20.576278983573957
 10
-14.971740252689843
 20
20.5768688786949
 10
-14.703844542789684
 20
20.75225198131538
 10
-14.702948106277923
 20
20.752831286323335
 10
-14.432991364888785
 20
20.92502507786723
 10
-14.432088121430736
 20
20.92559371128812
 10
-14.160108315559087
 20
21.094573974235377
 10
-14.159198392187882
 20
21.09513185609599
 10
-13.885233773366153
 20
21.260874824880673
 10
-13.884317298054395
 20
21.261421876719897
 10
-13.60840639696122
 20
21.423904241072634
 10
-13.60748349860298
 20
21.424440385952515
 10
-13.329665119644257
 20
21.58363929417881
 10
-13.328735928036956
 20
21.58416445669535
 10
-13.04904914388829
 20
21.74005751888954
 10
-13.048113789714431
 20
21.740571625183325
 10
-12.766597935825967
 20
21.89313691637747
 10
-12.765656550634768
 20
21.893639894144034
 10
-12.482351219698987
 20
22.042855957391478
 10
-12.481403935887878
 20
22.043347735891484
 10
-12.196348972271212
 20
22.189193585284617
 10
-12.1953959230672
 20
22.189674095353816
 10
-11.908631417206339
 20
22.332129218975506
 10
-11.907672736647296
 20
22.332598393034438
 10
-11.619239019410747
 20
22.4716427558429
 10
-11.618274842326533
 20
22.472100527906424
 10
-11.328212479342524
 20
22.60771457455291
 10
-11.327242941336046
 20
22.60816088023947
 10
-11.03559272728728
 20
22.74032553781861
 10
-11.034617964715402
 20
22.740760314359292
 10
-10.74142091760167
 20
22.869456995091486
 10
-10.740441067556048
 20
22.869880181338853
 10
-10.445738422925382
 20
22.995090785184516
 10
-10.444753623213185
 20
22.995502321621196
 10
-10.148586828362507
 20
23.117209238826327
 10
-10.114126292377273
 20
23.12396372125858
 10
-10.079704079980125
 20
23.117016573138475
 10
-10.050560660970392
 20
23.09742543479124
 10
-10.031132856706558
 20
23.06817287943614
 10
-10.024378374274306
 20
23.033712343450908
 10
-10.031325522394413
 20
22.99929013105376
 10
-10.050916660741644
 20
22.970146712044027
 10
-10.080169216096746
 20
22.950718907780193
 10
-10.375842390944653
 20
22.829214839003217
 10
-10.669562676156458
 20
22.704421611174602
 10
-10.96178238259783
 20
22.576153926920085
 10
-11.252460412175209
 20
22.44442982594463
 10
-11.541555883617617
 20
22.30926783406759
 10
-11.829028138227265
 20
22.170686960616763
 10
-12.114836745597064
 20
22.028706695755243
 10
-12.39894150929663
 20
21.883347007740408
 10
-12.681302472527266
 20
21.734628340114693
 10
-12.961879923738714
 20
21.582571608831824
 10
-13.240634402216601
 20
21.427198199313974
 10
-13.517526703631448
 20
21.268529963444454
 10
-13.792517885551984
 20
21.106589216494722
 10
-14.06556927292286
 20
20.94139873398547
 10
-14.336642463502905
 20
20.772981748484035
 10
-14.605699333267545
 20
20.601361946336098
  0
LWPOLYLINE
  5
7C
330
17
100
AcDbEntity
  8
ENGRAVE_LINES
100
AcDbPolyline
 90
18
 70
1
 10
-2.707998987227071
 20
18.78831009259794
 10
-2.737197088621002
 20
18.768800544978713
 10
-4.469471212079665
 20
18.05126910929417
 10
-4.503912720992523
 20
18.044418267220188
 10
-4.538354229905381
 20
18.05126910929417
 10
-4.5675523312993125
 20
18.070778656913397
 10
-4.587061878918539
 20
18.099976758307328
 10
-4.593912720992523
 20
18.134418267220187
 10
-4.587061878918539
 20
18.168859776133047
 10
-4.5675523312993125
 20
18.198057877526978
 10
-4.538354229905381
 20
18.217567425146203
 10
-2.8060801064467187
 20
18.935098860830745
 10
-2.7716385975338604
 20
18.94194970290473
 10
-2.737197088621002
 20
18.935098860830745
 10
-2.707998987227071
 20
18.91558931321152
 10
-2.6884894396078445
 20
18.88639121181759
 10
-2.6816385975338606
 20
18.85194970290473
 10
-2.6884894396078445
 20
18.81750819399187
  0
LWPOLYLINE
  5
7D
330
17
100
AcDbEntity
  8
ENGRAVE_LINES
100
AcDbPolyline
 90
18
 70
1
 10
-2.9363603896932107
 20
19.93636038969321
 10
-2.9655584910871418
 20
19.916850842073984
 10
-3.0
 20
19.91
 10
-6.75
 20
19.91
 10
-6.784441508912858
 20
19.916850842073984
 10
-6.813639610306789
 20
19.93636038969321
 10
-6.833149157926016
 20
19.96555849108714
 10
-6.84
 20
20.0
 10
-6.833149157926016
 20
20.03444150891286
 10
-6.813639610306789
 20
20.06363961030679
 10
-6.784441508912858
 20
20.083149157926016
 10
-6.75
 20
20.09
 10
-3.0
 20
20.09
 10
-2.9655584910871418
 20
20.083149157926016
 10
-2.9363603896932107
 20
20.06363961030679
 10
-2.916850842073984
 20
20.03444150891286
 10
-2.91
 20
20.0
 10
-2.916850842073984
 20
19.96555849108714
  0
LWPOLYLINE
  5
7E
330
17
100
AcDbEntity
  8
ENGRAVE_LINES
100
AcDbPolyline
 90
18
 70
1
 10
-2.7371970886210018
 20
21.064901139169255
 10
-2.77163859753386
 20
21.05805029709527
 10
-2.806080106446718
 20
21.064901139169255
 10
-4.538354229905381
 20
21.782432574853797
 10
-4.5675523312993125
 20
21.801942122473022
 10
-4.587061878918539
 20
21.831140223866953
 10
-4.593912720992523
 20
21.865581732779813
 10
-4.587061878918539
 20
21.900023241692672
 10
-4.5675523312993125
 20
21.929221343086603
 10
-4.538354229905381
 20
21.94873089070583
 10
-4.503912720992523
 20
21.955581732779812
 10
-4.469471212079665
 20
21.94873089070583
 10
-2.737197088621002
 20
21.231199455021287
 10
-2.7079989872270707
 20
21.21168990740206
 10
-2.688489439607844
 20
21.18249180600813
 10
-2.68163859753386
 20
21.14805029709527
 10
-2.688489439607844
 20
21.11360878818241
 10
-2.7079989872270707
 20
21.08441068678848
  0
LWPOLYLINE
  5
7F
330
17
100
AcDbEntity
  8
ENGRAVE_LINES
100
AcDbPolyline
 90
18
 70
1
 10
-2.1213203435596424
 20
22.031320343559642
 10
-2.1557618524725006
 20
22.038171185633626
 10
-2.1849599538664317
 20
22.05768073325285
 10
-3.5107851685912084
 20
23.38350594797763
 10
-3.530294716210435
 20
23.41270404937156
 10
-3.537145558284419
 20
23.44714555828442
 10
-3.530294716210435
 20
23.481587067197278
 10
-3.5107851685912084
 20
23.51078516859121
 10
-3.4815870671972773
 20
23.530294716210435
 10
-3.447145558284419
 20
23.53714555828442
 10
-3.412704049371561
 20
23.530294716210435
 10
-3.3835059479776297
 20
23.51078516859121
 10
-2.057680733252853
 20
22.184959953866432
 10
-2.0381711856336264
 20
22.1557618524725
 10
-2.0313203435596425
 20
22.121320343559642
 10
-2.0381711856336264
 20
22.086878834646782
 10
-2.057680733252853
 20
22.05768073325285
 10
-2.086878834646784
 20
22.038171185633626
  0
LWPOLYLINE
  5
80
330
17
100
AcDbEntity
  8
ENGRAVE_LINES
100
AcDbPolyline
 90
194
 70
1
 10
-17.24409548882122
 20
27.198102749335334
 10
-17.51615656482644
 20
27.035707199667367
 10
-17.786688414582493
 20
26.870776723719864
 10
-18.05566741964398
 20
26.703325720542114
 10
-18.323070097132305
 20
26.533368809236386
 10
-18.588873101790714
 20
26.360920827678523
 10
-18.8530532280185
 20
26.185996831225058
 10
-19.115587411897916
 20
26.008612091398206
 10
-19.37645273320956
 20
25.82878209455138
 10
-19.63562641743063
 20
25.64652254051905
 10
-19.89308583772548
 20
25.461849341244548
 10
-20.148808516919562
 20
25.274778619391896
 10
-20.40277212946339
 20
25.085326706937092
 10
-20.65495450337894
 20
24.893510143744233
 10
-20.905333622198143
 20
24.699345676119474
 10
-21.153887626884078
 20
24.502850255349678
 10
-21.400594817738032
 20
24.30404103622354
 10
-21.645433656296532
 20
24.102935375531867
 10
-21.888382767209208
 20
23.89955083055432
 10
-22.129420940105906
 20
23.693905157525784
 10
-22.368527131449124
 20
23.486016310085656
 10
-22.605680466371012
 20
23.2759024377105
 10
-22.840860240494205
 20
23.063581884130983
 10
-23.074045921740915
 20
22.849073185729065
 10
-23.305217152126236
 20
22.63239506991898
 10
-23.53435374953328
 20
22.413566453514253
 10
-23.761435709476388
 20
22.192606441075096
 10
-23.98644320684797
 20
21.96953432324009
 10
-24.20935659764845
 20
21.744369575042903
 10
-24.430156420701646
 20
21.517131854211684
 10
-24.6488233993536
 20
21.287840999453046
 10
-24.865338443156332
 20
21.056517028719224
 10
-25.079682649532906
 20
20.823180137462128
 10
-25.29183730542943
 20
20.58785069686835
 10
-25.501783888948026
 20
20.35054925208145
 10
-25.70950407096266
 20
20.111296520409706
 10
-25.914979716722183
 20
19.870113389514138
 10
-26.11819288743063
 20
19.627020915588343
 10
-26.319125841815556
 20
19.382040321517596
 10
-26.5177610376746
 20
19.13519299502881
 10
-26.71408113340987
 20
18.886500486819774
 10
-26.9080689895395
 20
18.63598450868071
 10
-27.099707670195333
 20
18.383666931597073
 10
-27.28898044460069
 20
18.129569783841102
 10
-27.475870788531786
 20
17.873715249047756
 10
-27.660362385759278
 20
17.6161256642794
 10
-27.7056226805504
 20
17.55166882406034
 10
-27.90165634444593
 20
17.585719336399514
 10
-27.80743148784902
 20
17.719908398895914
 10
-27.806945030879426
 20
17.720594343526077
 10
-27.621963772034707
 20
17.97886760025865
 10
-27.621470927144742
 20
17.97954896971302
 10
-27.434084555050976
 20
18.236082571450833
 10
-27.433585365267845
 20
18.236759306243293
 10
-27.24381023945906
 20
18.491530856639496
 10
-27.2433047483639
 20
18.492202897688568
 10
-27.05115743692122
 20
18.74519015423007
 10
-27.050645688645314
 20
18.745857442864033
 10
-26.856142966750674
 20
18.997038318813225
 10
-26.855625005971564
 20
18.997700796775284
 10
-26.658783854442998
 20
19.247053363098424
 10
-26.658259726380603
 20
19.247710972551765
 10
-26.459097330189852
 20
19.495213459833398
 10
-26.458567080602524
 20
19.495866143366246
 10
-26.257100827374735
 20
19.741496943709734
 10
-26.25656450255525
 20
19.74214464434036
 10
-26.0528119810509
 20
19.985882313254418
 10
-26.05226962782243
 20
19.986524974436133
 10
-25.846248626401845
 20
20.22834823270689
 10
-25.845700292113865
 20
20.22898579833295
 10
-25.637428797184143
 20
20.468873533881844
 10
-25.636874529708294
 20
20.469505948290386
 10
-25.42637072415311
 20
20.707437218017194
 10
-25.425810571879023
 20
20.708064425996056
 10
-25.213092833471112
 20
20.944018457607427
 10
-25.21252684530219
 20
20.944640404399
 10
-24.997613745098977
 20
21.178596598221848
 10
-24.997041970448105
 20
21.179213229527846
 10
-24.779952271170316
 20
21.411151160307856
 10
-24.779374759955573
 20
21.411762422294043
 10
-24.56012741434923
 20
21.641661840978824
 10
-24.55954421698951
 20
21.642267680279737
 10
-24.338158366171232
 20
21.870108515786686
 10
-24.33756953358186
 20
21.87070887951028
 10
-24.114064505367843
 20
22.096471240478795
 10
-24.11347008895611
 20
22.09706607621106
 10
-23.88786539617466
 20
22.320730252739203
 10
-23.887265447835357
 20
22.321319508548743
 10
-23.659580786623383
 20
22.542865973913973
 10
-23.65897535873425
 20
22.54344959835655
 10
-23.42923060681775
 20
22.762859010720412
 10
-23.428619752234916
 20
22.763436952843414
 10
-23.196834967193503
 20
22.98069015694025
 10
-23.196218739246863
 20
22.98126236628716
 10
-22.962414156762737
 20
23.196340395096364
 10
-22.96179260925131
 20
23.196906821711163
 10
-22.725988641342543
 20
23.409790898113123
 10
-22.72536182852976
 20
23.410351492544635
 10
-22.487579061768304
 20
23.621023030959996
 10
-22.486947038377274
 20
23.621577744266222
 10
-22.247206232091614
 20
23.83001835227855
 10
-22.24656905330036
 20
23.830567136030936
 10
-22.00489113776326
 20
24.036758615992326
 10
-22.004248859199873
 20
24.037301422279995
 10
-21.76065493380092
 20
24.241225772899945
 10
-21.76000761153874
 20
24.24176255433386
 10
-21.514518942942452
 20
24.44340197225072
 10
-21.513866633495137
 20
24.443932681967848
 10
-21.266504653784168
 20
24.643269563303203
 10
-21.265847414100786
 20
24.6437941549706
 10
-21.016633718904934
 20
24.840811096866105
 10
-21.015971606364978
 20
24.84132952468494
 10
-20.764927952975732
 20
25.036009326821695
 10
-20.764261025384112
 20
25.03652154553128
 10
-20.511409330855166
 20
25.22884721163146
 10
-20.510737646437164
 20
25.229353176513175
 10
-20.256099985671042
 20
25.419307915823847
 10
-20.255423603067232
 20
25.41980758270505
 10
-19.99902220688797
 20
25.607374811464133
 10
-19.998341185149094
 20
25.60786813672204
 10
-19.7401984383615
 20
25.79303147960605
 10
-19.73951283694331
 20
25.79351842017151
 10
-19.47965127637858
 20
25.976261711725268
 10
-19.478961155136655
 20
25.97674222508654
 10
-19.217403467684935
 20
26.1570495111344
 10
-19.216708886869455
 20
26.15752355534086
 10
-18.953477907499128
 20
26.33537909437961
 10
-18.952778927749605
 20
26.335846628045424
 10
-18.687897637513704
 20
26.511234892618603
 10
-18.687194319853692
 20
26.51169587492632
 10
-18.42068584388358
 20
26.684601552979775
 10
-18.419978249715353
 20
26.685055943683913
 10
-18.151865855201862
 20
26.8554639399026
 10
-18.151154046301055
 20
26.855911699333145
 10
-17.881461140463074
 20
27.02380713645906
 10
-17.880745178973267
 20
27.02424822552493
 10
-17.609495307014306
 20
27.189616445655872
 10
-17.608775255441635
 20
27.190050825848335
 10
-17.33599209849416
 20
27.35287739171768
 10
-17.33526801970182
 20
27.353305025113713
 10
-17.060975392759865
 20
27.513575721350758
 10
-17.06024734996267
 20
27.513996570616364
 10
-16.784469199802626
 20
27.671697404987466
 10
-16.78373725656143
 20
27.672111433380916
 10
-16.506497659651483
 20
27.827228638010986
 10
-16.50576187986769
 20
27.827635809386056
 10
-16.22708504026582
 20
27.980155841960595
 10
-16.226345488175767
 20
27.980556120769688
 10
-15.946255735416582
 20
28.130465665717093
 10
-15.94551247558594
 20
28.130859017014366
 10
-15.664034262556749
 20
28.27814498666837
 10
-15.663287359874895
 20
28.278531376112777
 10
-15.380445260680732
 20
28.423180911855123
 10
-15.379694780355075
 20
28.42356030571342
 10
-15.095513488173424
 20
28.565560779096412
 10
-15.094759495723713
 20
28.565933144246088
 10
-14.80926382064857
 20
28.705272158095134
 10
-14.808506381901177
 20
28.70563746202731
 10
-14.521721248777158
 20
28.842302851523208
 10
-14.520960429859334
 20
28.84266106234548
 10
-14.232910876105548
 20
28.976640896086504
 10
-14.232146743439639
 20
28.976991982525725
 10
-13.942857916863867
 20
29.108274563569243
 10
-13.942090537161526
 20
29.108618494974245
 10
-13.651587693764743
 20
29.237192361857904
 10
-13.650817134021098
 20
29.23752910820218
 10
-13.35912563579249
 20
29.363383035944555
 10
-13.358351963280299
 20
29.363712567828895
 10
-13.065497275983086
 20
29.48683556890945
 10
-13.06472055824687
 20
29.487157857564476
 10
-12.770728249195043
 20
29.60753918288285
 10
-12.736259244661051
 20
29.614250315406704
 10
-12.70184579763677
 20
29.60725987642019
 10
-12.672727043472973
 20
29.587632096890516
 10
-12.653336048528935
 20
29.558355128324806
 10
-12.646624916005079
 20
29.523886123790813
 10
-12.653615354991594
 20
29.489472676766535
 10
-12.67324313452127
 20
29.46035392260274
 10
-12.702520103086977
 20
29.4409629276587
 10
-12.99612330042472
 20
29.320740932303718
 10
-13.288202775677854
 20
29.19794384860636
 10
-13.57912214092577
 20
29.072423067249638
 10
-13.868855997816016
 20
28.94418954666886
 10
-14.157379051493951
 20
28.813254482132326
 10
-14.444666112813778
 20
28.67962930476275
 10
-14.730692100535807
 20
28.543325680540093
 10
-15.015432043518226
 20
28.404355509282116
 10
-15.298861082893437
 20
28.26273092360728
 10
-15.580954474242438
 20
28.118464287873515
 10
-15.86168758975297
 20
27.971568197099806
 10
-16.14103592036973
 20
27.822055475866545
 10
-16.418975077934235
 20
27.66993917719587
 10
-16.695480797313593
 20
27.51523258141228
 10
-16.97052893852187
 20
27.35794919498158
  0
LWPOLYLINE
  5
81
330
17
100
AcDbEntity
  8
ENGRAVE_LINES
100
AcDbPolyline
 90
20
 70
1
 10
-9.583149157926016
 20
28.16555849108714
 10
-9.59
 20
28.2
 10
-9.583149157926016
 20
28.23444150891286
 10
-9.563639610306788
 20
28.26363961030679
 10
-9.063639610306788
 20
28.76363961030679
 10
-9.034441508912858
 20
28.783149157926015
 10
-9.0
 20
28.79
 10
-8.965558491087142
 20
28.783149157926015
 10
-8.936360389693212
 20
28.76363961030679
 10
-8.436360389693212
 20
28.26363961030679
 10
-8.416850842073984
 20
28.23444150891286
 10
-8.41
 20
28.2
 10
-8.416850842073984
 20
28.16555849108714
 10
-8.436360389693212
 20
28.13636038969321
 10
-8.936360389693212
 20
27.63636038969321
 10
-8.965558491087142
 20
27.616850842073983
 10
-9.0
 20
27.61
 10
-9.034441508912858
 20
27.616850842073983
 10
-9.063639610306788
 20
27.63636038969321
 10
-9.563639610306788
 20
28.13636038969321
  0
LWPOLYLINE
  5
82
330
17
100
AcDbEntity
  8
ENGRAVE_LINES
100
AcDbPolyline
 90
4
 70
1
 10
-9.0
 20
28.572720779386422
 10
-9.372720779386421
 20
28.2
 10
-9.0
 20
27.827279220613576
 10
-8.627279220613579
 20
28.2
  0
LWPOLYLINE
  5
83
330
17
100
AcDbEntity
  8
ENGRAVE_LINES
100
AcDbPolyline
 90
20
 70
1
 10
-33.56363961030679
 20
28.13636038969321
 10
-33.583149157926016
 20
28.16555849108714
 10
-33.59
 20
28.2
 10
-33.583149157926016
 20
28.23444150891286
 10
-33.56363961030679
 20
28.26363961030679
 10
-33.06363961030679
 20
28.76363961030679
 10
-33.034441508912856
 20
28.783149157926015
 10
-33.0
 20
28.79
 10
-32.965558491087144
 20
28.783149157926015
 10
-32.93636038969321
 20
28.76363961030679
 10
-32.43636038969321
 20
28.26363961030679
 10
-32.416850842073984
 20
28.23444150891286
 10
-32.41
 20
28.2
 10
-32.416850842073984
 20
28.16555849108714
 10
-32.43636038969321
 20
28.13636038969321
 10
-32.93636038969321
 20
27.63636038969321
 10
-32.965558491087144
 20
27.616850842073983
 10
-33.0
 20
27.61
 10
-33.034441508912856
 20
27.616850842073983
 10
-33.06363961030679
 20
27.63636038969321
  0
LWPOLYLINE
  5
84
330
17
100
AcDbEntity
  8
ENGRAVE_LINES
100
AcDbPolyline
 90
4
 70
1
 10
-32.62727922061357
 20
28.2
 10
-33.0
 20
28.572720779386422
 10
-33.37272077938643
 20
28.2
 10
-33.0
 20
27.827279220613576
  0
LWPOLYLINE
  5
85
330
17
100
AcDbEntity
  8
ENGRAVE_LINES
100
AcDbPolyline
 90
20
 70
1
 10
-5.563639610306789
 20
28.13636038969321
 10
-5.583149157926016
 20
28.16555849108714
 10
-5.59
 20
28.2
 10
-5.583149157926016
 20
28.23444150891286
 10
-5.563639610306789
 20
28.26363961030679
 10
-5.063639610306789
 20
28.76363961030679
 10
-5.034441508912858
 20
28.783149157926015
 10
-5.0
 20
28.79
 10
-4.965558491087142
 20
28.783149157926015
 10
-4.936360389693211
 20
28.76363961030679
 10
-4.436360389693211
 20
28.26363961030679
 10
-4.416850842073984
 20
28.23444150891286
 10
-4.41
 20
28.2
 10
-4.416850842073984
 20
28.16555849108714
 10
-4.436360389693211
 20
28.13636038969321
 10
-4.936360389693211
 20
27.63636038969321
 10
-4.965558491087142
 20
27.616850842073983
 10
-5.0
 20
27.61
 10
-5.034441508912858
 20
27.616850842073983
 10
-5.063639610306789
 20
27.63636038969321
  0
LWPOLYLINE
  5
86
330
17
100
AcDbEntity
  8
ENGRAVE_LINES
100
AcDbPolyline
 90
4
 70
1
 10
-4.6272792206135795
 20
28.2
 10
-5.0
 20
28.57272077938642
 10
-5.3727207793864205
 20
28.2
 10
-5.0
 20
27.82727922061358
  0
LWPOLYLINE
  5
87
330
17
100
AcDbEntity
  8
ENGRAVE_LINES
100
AcDbPolyline
 90
20
 70
1
 10
-13.563639610306788
 20
28.13636038969321
 10
-13.583149157926016
 20
28.16555849108714
 10
-13.59
 20
28.2
 10
-13.583149157926016
 20
28.23444150891286
 10
-13.563639610306788
 20
28.26363961030679
 10
-13.063639610306788
 20
28.76363961030679
 10
-13.034441508912858
 20
28.783149157926015
 10
-13.0
 20
28.79
 10
-12.965558491087142
 20
28.783149157926015
 10
-12.936360389693212
 20
28.76363961030679
 10
-12.436360389693212
 20
28.26363961030679
 10
-12.416850842073984
 20
28.23444150891286
 10
-12.41
 20
28.2
 10
-12.416850842073984
 20
28.16555849108714
 10
-12.436360389693212
 20
28.13636038969321
 10
-12.936360389693212
 20
27.63636038969321
 10
-12.965558491087142
 20
27.616850842073983
 10
-13.0
 20
27.61
 10
-13.034441508912858
 20
27.616850842073983
 10
-13.063639610306788
 20
27.63636038969321
  0
LWPOLYLINE
  5
88
330
17
100
AcDbEntity
  8
ENGRAVE_LINES
100
AcDbPolyline
 90
4
 70
1
 10
-12.627279220613579
 20
28.2
 10
-13.0
 20
28.572720779386422
 10
-13.372720779386421
 20
28.2
 10
-13.0
 20
27.827279220613576
  0
LWPOLYLINE
  5
89
330
17
100
AcDbEntity
  8
ENGRAVE_LINES
100
AcDbPolyline
 90
20
 70
1
 10
-17.56363961030679
 20
28.13636038969321
 10
-17.583149157926016
 20
28.16555849108714
 10
-17.59
 20
28.2
 10
-17.583149157926016
 20
28.23444150891286
 10
-17.56363961030679
 20
28.26363961030679
 10
-17.06363961030679
 20
28.76363961030679
 10
-17.03444150891286
 20
28.783149157926015
 10
-17.0
 20
28.79
 10
-16.96555849108714
 20
28.783149157926015
 10
-16.93636038969321
 20
28.76363961030679
 10
-16.43636038969321
 20
28.26363961030679
 10
-16.416850842073984
 20
28.23444150891286
 10
-16.41
 20
28.2
 10
-16.416850842073984
 20
28.16555849108714
 10
-16.43636038969321
 20
28.13636038969321
 10
-16.93636038969321
 20
27.63636038969321
 10
-16.96555849108714
 20
27.616850842073983
 10
-17.0
 20
27.61
 10
-17.03444150891286
 20
27.616850842073983
 10
-17.06363961030679
 20
27.63636038969321
  0
LWPOLYLINE
  5
8A
330
17
100
AcDbEntity
  8
ENGRAVE_LINES
100
AcDbPolyline
 90
4
 70
1
 10
-16.62727922061358
 20
28.2
 10
-17.0
 20
28.57272077938642
 10
-17.37272077938642
 20
28.2
 10
-17.0
 20
27.82727922061358
  0
LWPOLYLINE
  5
8B
330
17
100
AcDbEntity
  8
ENGRAVE_LINES
100
AcDbPolyline
 90
20
 70
1
 10
-29.56363961030679
 20
28.13636038969321
 10
-29.583149157926016
 20
28.16555849108714
 10
-29.59
 20
28.2
 10
-29.583149157926016
 20
28.23444150891286
 10
-29.56363961030679
 20
28.26363961030679
 10
-29.06363961030679
 20
28.76363961030679
 10
-29.03444150891286
 20
28.783149157926015
 10
-29.0
 20
28.79
 10
-28.96555849108714
 20
28.783149157926015
 10
-28.93636038969321
 20
28.76363961030679
 10
-28.43636038969321
 20
28.26363961030679
 10
-28.416850842073984
 20
28.23444150891286
 10
-28.41
 20
28.2
 10
-28.416850842073984
 20
28.16555849108714
 10
-28.43636038969321
 20
28.13636038969321
 10
-28.93636038969321
 20
27.63636038969321
 10
-28.96555849108714
 20
27.616850842073983
 10
-29.0
 20
27.61
 10
-29.03444150891286
 20
27.616850842073983
 10
-29.06363961030679
 20
27.63636038969321
  0
LWPOLYLINE
  5
8C
330
17
100
AcDbEntity
  8
ENGRAVE_LINES
100
AcDbPolyline
 90
4
 70
1
 10
-28.62727922061358
 20
28.2
 10
-29.0
 20
28.57272077938642
 10
-29.37272077938642
 20
28.2
 10
-29.0
 20
27.82727922061358
  0
LWPOLYLINE
  5
8D
330
17
100
AcDbEntity
  8
ENGRAVE_LINES
100
AcDbPolyline
 90
20
 70
1
 10
-21.56363961030679
 20
28.13636038969321
 10
-21.583149157926016
 20
28.16555849108714
 10
-21.59
 20
28.2
 10
-21.583149157926016
 20
28.23444150891286
 10
-21.56363961030679
 20
28.26363961030679
 10
-21.06363961030679
 20
28.76363961030679
 10
-21.03444150891286
 20
28.783149157926015
 10
-21.0
 20
28.79
 10
-20.96555849108714
 20
28.783149157926015
 10
-20.93636038969321
 20
28.76363961030679
 10
-20.43636038969321
 20
28.26363961030679
 10
-20.416850842073984
 20
28.23444150891286
 10
-20.41
 20
28.2
 10
-20.416850842073984
 20
28.16555849108714
 10
-20.43636038969321
 20
28.13636038969321
 10
-20.93636038969321
 20
27.63636038969321
 10
-20.96555849108714
 20
27.616850842073983
 10
-21.0
 20
27.61
 10
-21.03444150891286
 20
27.616850842073983
 10
-21.06363961030679
 20
27.63636038969321
  0
LWPOLYLINE
  5
8E
330
17
100
AcDbEntity
  8
ENGRAVE_LINES
100
AcDbPolyline
 90
4
 70
1
 10
-20.62727922061358
 20
28.2
 10
-21.0
 20
28.57272077938642
 10
-21.37272077938642
 20
28.2
 10
-21.0
 20
27.82727922061358
  0
LWPOLYLINE
  5
8F
330
17
100
AcDbEntity
  8
ENGRAVE_LINES
100
AcDbPolyline
 90
20
 70
1
 10
-25.56363961030679
 20
28.13636038969321
 10
-25.583149157926016
 20
28.16555849108714
 10
-25.59
 20
28.2
 10
-25.583149157926016
 20
28.23444150891286
 10
-25.56363961030679
 20
28.26363961030679
 10
-25.06363961030679
 20
28.76363961030679
 10
-25.03444150891286
 20
28.783149157926015
 10
-25.0
 20
28.79
 10
-24.96555849108714
 20
28.783149157926015
 10
-24.93636038969321
 20
28.76363961030679
 10
-24.43636038969321
 20
28.26363961030679
 10
-24.416850842073984
 20
28.23444150891286
 10
-24.41
 20
28.2
 10
-24.416850842073984
 20
28.16555849108714
 10
-24.43636038969321
 20
28.13636038969321
 10
-24.93636038969321
 20
27.63636038969321
 10
-24.96555849108714
 20
27.616850842073983
 10
-25.0
 20
27.61
 10
-25.03444150891286
 20
27.616850842073983
 10
-25.06363961030679
 20
27.63636038969321
  0
LWPOLYLINE
  5
90
330
17
100
AcDbEntity
  8
ENGRAVE_LINES
100
AcDbPolyline
 90
4
 70
1
 10
-24.62727922061358
 20
28.2
 10
-25.0
 20
28.57272077938642
 10
-25.37272077938642
 20
28.2
 10
-25.0
 20
27.82727922061358
  0
LWPOLYLINE
  5
91
330
17
100
AcDbEntity
  8
ENGRAVE_LINES
100
AcDbPolyline
 90
18
 70
1
 10
0.06363961030678898
 20
-21.55636038969321
 10
0.08314915792601552
 20
-21.58555849108714
 10
0.0899999999999997
 20
-21.62
 10
0.08999999999999933
 20
-23.645
 10
0.08314915792601513
 20
-23.67944150891286
 10
0.0636396103067886
 20
-23.70863961030679
 10
0.034441508912857396
 20
-23.728149157926016
 10
-6.695756374338154e-16
 20
-23.735
 10
-0.034441508912858756
 20
-23.728149157926016
 10
-0.06363961030678994
 20
-23.70863961030679
 10
-0.08314915792601647
 20
-23.67944150891286
 10
-0.09000000000000066
 20
-23.645
 10
-0.09000000000000029
 20
-21.62
 10
-0.0831491579260161
 20
-21.58555849108714
 10
-0.06363961030678957
 20
-21.55636038969321
 10
-0.034441508912858375
 20
-21.536850842073985
 10
-2.9758917219280684e-16
 20
-21.53
 10
0.034441508912857785
 20
-21.536850842073985
  0
LWPOLYLINE
  5
92
330
17
100
AcDbEntity
  8
ENGRAVE_LINES
100
AcDbPolyline
 90
18
 70
1
 10
0.654388669344304
 20
-21.413535684742268
 10
0.6835867707382351
 20
-21.433045232361494
 10
0.7030963183574617
 20
-21.462243333755424
 10
1.0905632936271152
 20
-22.397671360423104
 10
1.0974141357010996
 20
-22.432112869335963
 10
1.0905632936271152
 20
-22.466554378248823
 10
1.0710537460078888
 20
-22.495752479642753
 10
1.0418556446139575
 20
-22.51526202726198
 10
1.0074141357010995
 20
-22.522112869335963
 10
0.9729726267882414
 20
-22.51526202726198
 10
0.9437745253943102
 20
-22.495752479642753
 10
0.9242649777750837
 20
-22.466554378248823
 10
0.53679800250543
 20
-21.531126351581143
 10
0.5299471604314459
 20
-21.496684842668284
 10
0.5367980025054301
 20
-21.462243333755424
 10
0.5563075501246566
 20
-21.433045232361494
 10
0.5855056515185878
 20
-21.413535684742268
 10
0.6199471604314458
 20
-21.406684842668284
  0
LWPOLYLINE
  5
93
330
17
100
AcDbEntity
  8
ENGRAVE_LINES
100
AcDbPolyline
 90
18
 70
1
 10
-0.5367980025054306
 20
-21.462243333755424
 10
-0.5299471604314464
 20
-21.496684842668284
 10
-0.5367980025054305
 20
-21.531126351581143
 10
-0.9242649777750845
 20
-22.466554378248823
 10
-0.9437745253943111
 20
-22.495752479642753
 10
-0.9729726267882423
 20
-22.51526202726198
 10
-1.0074141357011004
 20
-22.522112869335963
 10
-1.0418556446139584
 20
-22.51526202726198
 10
-1.0710537460078897
 20
-22.495752479642753
 10
-1.0905632936271161
 20
-22.466554378248823
 10
-1.0974141357011005
 20
-22.432112869335963
 10
-1.0905632936271161
 20
-22.397671360423104
 10
-0.7030963183574622
 20
-21.462243333755424
 10
-0.6835867707382357
 20
-21.433045232361494
 10
-0.6543886693443045
 20
-21.413535684742268
 10
-0.6199471604314464
 20
-21.406684842668284
 10
-0.5855056515185884
 20
-21.413535684742268
 10
-0.5563075501246572
 20
-21.433045232361494
  0
LWPOLYLINE
  5
94
330
17
100
AcDbEntity
  8
ENGRAVE_LINES
100
AcDbPolyline
 90
18
 70
1
 10
1.1455129855222068
 20
-21.055512985522206
 10
1.1799544944350648
 20
-21.06236382759619
 10
1.2091525958289961
 20
-21.081873375215416
 10
1.9250982117803754
 20
-21.797818991166796
 10
1.9446077593996018
 20
-21.827017092560727
 10
1.9514586014735862
 20
-21.861458601473586
 10
1.9446077593996018
 20
-21.895900110386446
 10
1.9250982117803754
 20
-21.925098211780377
 10
1.8959001103864441
 20
-21.944607759399602
 10
1.861458601473586
 20
-21.951458601473586
 10
1.827017092560728
 20
-21.944607759399602
 10
1.7978189911667968
 20
-21.925098211780377
 10
1.0818733752154175
 20
-21.209152595828996
 10
1.062363827596191
 20
-21.179954494435066
 10
1.0555129855222067
 20
-21.145512985522206
 10
1.062363827596191
 20
-21.111071476609347
 10
1.0818733752154175
 20
-21.081873375215416
 10
1.1110714766093488
 20
-21.06236382759619
  0
LWPOLYLINE
  5
95
330
17
100
AcDbEntity
  8
ENGRAVE_LINES
100
AcDbPolyline
 90
18
 70
1
 10
-1.0555129855222072
 20
-21.145512985522206
 10
-1.0623638275961915
 20
-21.179954494435066
 10
-1.081873375215418
 20
-21.209152595828996
 10
-1.7978189911667977
 20
-21.925098211780377
 10
-1.827017092560729
 20
-21.944607759399602
 10
-1.861458601473587
 20
-21.951458601473586
 10
-1.895900110386445
 20
-21.944607759399602
 10
-1.9250982117803763
 20
-21.925098211780377
 10
-1.9446077593996027
 20
-21.895900110386446
 10
-1.951458601473587
 20
-21.861458601473586
 10
-1.9446077593996027
 20
-21.827017092560727
 10
-1.9250982117803763
 20
-21.797818991166796
 10
-1.2091525958289966
 20
-21.081873375215416
 10
-1.1799544944350653
 20
-21.06236382759619
 10
-1.1455129855222073
 20
-21.055512985522206
 10
-1.1110714766093492
 20
-21.06236382759619
 10
-1.081873375215418
 20
-21.081873375215416
 10
-1.0623638275961915
 20
-21.111071476609347
  0
LWPOLYLINE
  5
96
330
17
100
AcDbEntity
  8
ENGRAVE_LINES
100
AcDbPolyline
 90
18
 70
1
 10
1.4966848426682842
 20
-20.529947160431448
 10
1.5311263515811422
 20
-20.53679800250543
 10
2.46655437824882
 20
-20.924264977775085
 10
2.4957524796427513
 20
-20.94377452539431
 10
2.515262027261978
 20
-20.97297262678824
 10
2.522112869335962
 20
-21.0074141357011
 10
2.515262027261978
 20
-21.04185564461396
 10
2.4957524796427513
 20
-21.07105374600789
 10
2.46655437824882
 20
-21.090563293627117
 10
2.432112869335962
 20
-21.0974141357011
 10
2.3976713604231037
 20
-21.090563293627117
 10
1.4622433337554261
 20
-20.703096318357463
 10
1.4330452323614948
 20
-20.683586770738238
 10
1.4135356847422684
 20
-20.654388669344307
 10
1.406684842668284
 20
-20.619947160431447
 10
1.4135356847422684
 20
-20.585505651518588
 10
1.4330452323614948
 20
-20.556307550124657
 10
1.4622433337554261
 20
-20.53679800250543
  0
LWPOLYLINE
  5
97
330
17
100
AcDbEntity
  8
ENGRAVE_LINES
100
AcDbPolyline
 90
52
 70
1
 10
-0.520541682991363
 20
-21.341962969934098
 10
-0.8087124935710002
 20
-21.190719261265222
 10
-0.8265684473287318
 20
-21.178394186291833
 10
-1.0701705492726576
 20
-20.962581555960472
 10
-1.0845580579614154
 20
-20.94634141583088
 10
-1.2694341825622621
 20
-20.678502109464894
 10
-1.2795170964735205
 20
-20.659290722092916
 10
-1.3949229153668576
 20
-20.35499058662203
 10
-1.400115252193995
 20
-20.33392444801118
 10
-1.439343798668825
 20
-20.01084830122298
 10
-1.439343798668825
 20
-19.98915169877702
 10
-1.400115252193995
 20
-19.66607555198882
 10
-1.3949229153668576
 20
-19.64500941337797
 10
-1.279517096473521
 20
-19.340709277907084
 10
-1.2694341825622626
 20
-19.321497890535106
 10
-1.0845580579614154
 20
-19.05365858416912
 10
-1.0701705492726574
 20
-19.037418444039528
 10
-0.8265684473287315
 20
-18.821605813708167
 10
-0.8087124935709998
 20
-18.809280738734778
 10
-0.5205416829913627
 20
-18.658037030065902
 10
-0.5002550072933032
 20
-18.650343308806345
 10
-0.1842629281305662
 20
-18.572458256399283
 10
-0.1627245183446862
 20
-18.569843019967628
 10
0.16272451834468607
 20
-18.569843019967628
 10
0.18426292813056602
 20
-18.572458256399283
 10
0.5002550072933033
 20
-18.650343308806345
 10
0.5205416829913629
 20
-18.658037030065902
 10
0.808712493571
 20
-18.809280738734778
 10
0.8265684473287316
 20
-18.821605813708167
 10
1.0701705492726576
 20
-19.037418444039528
 10
1.0845580579614156
 20
-19.05365858416912
 10
1.2694341825622626
 20
-19.321497890535106
 10
1.279517096473521
 20
-19.340709277907084
 10
1.3949229153668576
 20
-19.64500941337797
 10
1.400115252193995
 20
-19.66607555198882
 10
1.439343798668825
 20
-19.98915169877702
 10
1.439343798668825
 20
-20.01084830122298
 10
1.4001152521939955
 20
-20.33392444801118
 10
1.394922915366858
 20
-20.35499058662203
 10
1.279517096473521
 20
-20.659290722092916
 10
1.2694341825622626
 20
-20.678502109464894
 10
1.0845580579614151
 20
-20.94634141583088
 10
1.0701705492726574
 20
-20.962581555960472
 10
0.8265684473287324
 20
-21.178394186291833
 10
0.8087124935710005
 20
-21.190719261265222
 10
0.5205416829913625
 20
-21.341962969934098
 10
0.500255007293303
 20
-21.349656691193655
 10
0.18426292813056505
 20
-21.427541743600717
 10
0.16272451834468515
 20
-21.430156980032372
 10
-0.16272451834468563
 20
-21.430156980032372
 10
-0.18426292813056555
 20
-21.427541743600717
 10
-0.5002550072933034
 20
-21.349656691193655
  0
LWPOLYLINE
  5
98
330
17
100
AcDbEntity
  8
ENGRAVE_LINES
100
AcDbPolyline
 90
26
 70
1
 10
-0.9426287614337607
 20
-20.835096211435168
 10
-0.7153860782009408
 20
-21.036415661475544
 10
-0.44656775642566876
 20
-21.17750240048862
 10
-0.15179653985468203
 20
-21.250156980032372
 10
0.15179653985468158
 20
-21.250156980032372
 10
0.4465677564256686
 20
-21.17750240048862
 10
0.7153860782009408
 20
-21.036415661475544
 10
0.942628761433761
 20
-20.835096211435168
 10
1.115089287368199
 20
-20.585244005037385
 10
1.2227448771054323
 20
-20.301379544342247
 10
1.2593389790820888
 20
-20.0
 10
1.222744877105432
 20
-19.698620455657753
 10
1.115089287368199
 20
-19.41475599496261
 10
0.9426287614337607
 20
-19.164903788564832
 10
0.7153860782009407
 20
-18.963584338524456
 10
0.44656775642566854
 20
-18.82249759951138
 10
0.15179653985468242
 20
-18.749843019967628
 10
-0.15179653985468253
 20
-18.749843019967628
 10
-0.4465677564256684
 20
-18.82249759951138
 10
-0.7153860782009406
 20
-18.963584338524456
 10
-0.9426287614337611
 20
-19.164903788564832
 10
-1.115089287368199
 20
-19.41475599496261
 10
-1.222744877105432
 20
-19.698620455657753
 10
-1.2593389790820888
 20
-20.0
 10
-1.222744877105432
 20
-20.301379544342247
 10
-1.1150892873681986
 20
-20.58524400503739
  0
LWPOLYLINE
  5
99
330
17
100
AcDbEntity
  8
ENGRAVE_LINES
100
AcDbPolyline
 90
36
 70
1
 10
-0.9913235137445023
 20
-20.37744357931255
 10
-1.0020139251750018
 20
-20.348071915302572
 10
-1.0606326977710987
 20
-20.015628335990023
 10
-1.0606326977710987
 20
-19.984371664009977
 10
-1.0020139251750015
 20
-19.651928084697428
 10
-0.9913235137445022
 20
-19.62255642068745
 10
-0.8225374850522459
 20
-19.330210443384683
 10
-0.8024460835834354
 20
-19.306266443503976
 10
-0.5438508848717887
 20
-19.089279307640815
 10
-0.5167818128993094
 20
-19.073650971650792
 10
-0.19956784159156582
 20
-18.958194528201403
 10
-0.16878602869225626
 20
-18.952766864072135
 10
0.16878602869225637
 20
-18.952766864072135
 10
0.19956784159156593
 20
-18.958194528201403
 10
0.5167818128993097
 20
-19.073650971650792
 10
0.543850884871789
 20
-19.089279307640815
 10
0.8024460835834355
 20
-19.306266443503976
 10
0.822537485052246
 20
-19.330210443384683
 10
0.9913235137445023
 20
-19.62255642068745
 10
1.0020139251750018
 20
-19.651928084697428
 10
1.0606326977710987
 20
-19.984371664009977
 10
1.0606326977710987
 20
-20.015628335990023
 10
1.0020139251750018
 20
-20.348071915302572
 10
0.9913235137445023
 20
-20.37744357931255
 10
0.8225374850522458
 20
-20.669789556615317
 10
0.8024460835834353
 20
-20.693733556496024
 10
0.543850884871789
 20
-20.910720692359185
 10
0.5167818128993096
 20
-20.926349028349208
 10
0.19956784159156543
 20
-21.041805471798597
 10
0.16878602869225592
 20
-21.047233135927865
 10
-0.16878602869225628
 20
-21.047233135927865
 10
-0.19956784159156582
 20
-21.041805471798597
 10
-0.5167818128993099
 20
-20.926349028349208
 10
-0.5438508848717893
 20
-20.910720692359185
 10
-0.8024460835834355
 20
-20.693733556496024
 10
-0.822537485052246
 20
-20.669789556615317
  0
LWPOLYLINE
  5
9A
330
17
100
AcDbEntity
  8
ENGRAVE_LINES
100
AcDbPolyline
 90
18
 70
1
 10
0.4403058024651387
 20
-20.762632020737012
 10
0.6745876265029273
 20
-20.56604622859536
 10
0.8275042269314231
 20
-20.3011869073325
 10
0.8806116049302831
 20
-20.0
 10
0.8275042269314231
 20
-19.6988130926675
 10
0.6745876265029275
 20
-19.43395377140464
 10
0.4403058024651387
 20
-19.237367979262988
 10
0.1529166004284951
 20
-19.132766864072135
 10
-0.15291660042849495
 20
-19.132766864072135
 10
-0.4403058024651385
 20
-19.237367979262988
 10
-0.6745876265029274
 20
-19.43395377140464
 10
-0.827504226931423
 20
-19.6988130926675
 10
-0.8806116049302831
 20
-20.0
 10
-0.8275042269314231
 20
-20.3011869073325
 10
-0.6745876265029275
 20
-20.56604622859536
 10
-0.4403058024651389
 20
-20.762632020737012
 10
-0.15291660042849503
 20
-20.867233135927865
 10
0.1529166004284947
 20
-20.867233135927865
  0
LWPOLYLINE
  5
9B
330
17
100
AcDbEntity
  8
ENGRAVE_LINES
100
AcDbPolyline
 90
48
 70
1
 10
-0.11480502970952684
 20
-20.277163859753387
 10
-0.14999999999999994
 20
-20.25980762113533
 10
-0.18262842870261609
 20
-20.23800600208737
 10
-0.21213203435596423
 20
-20.212132034355964
 10
-0.2380060020873705
 20
-20.182628428702618
 10
-0.2598076211353315
 20
-20.15
 10
-0.27716385975338603
 20
-20.114805029709526
 10
-0.28977774788672045
 20
-20.077645713530757
 10
-0.2974334584121431
 20
-20.039157857666016
 10
-0.3
 20
-20.0
 10
-0.29743345841214314
 20
-19.960842142333984
 10
-0.2897777478867205
 20
-19.922354286469243
 10
-0.2771638597533861
 20
-19.885194970290474
 10
-0.2598076211353316
 20
-19.85
 10
-0.2380060020873706
 20
-19.817371571297382
 10
-0.21213203435596437
 20
-19.787867965644036
 10
-0.18262842870261625
 20
-19.76199399791263
 10
-0.15000000000000013
 20
-19.74019237886467
 10
-0.11480502970952709
 20
-19.722836140246613
 10
-0.07764571353075646
 20
-19.71022225211328
 10
-0.03915785766601575
 20
-19.702566541587856
 10
0.0
 20
-19.7
 10
0.03915785766601538
 20
-19.702566541587856
 10
0.07764571353075608
 20
-19.71022225211328
 10
0.11480502970952675
 20
-19.722836140246613
 10
0.1499999999999998
 20
-19.74019237886467
 10
0.18262842870261595
 20
-19.76199399791263
 10
0.2121320343559642
 20
-19.787867965644036
 10
0.23800600208737047
 20
-19.817371571297382
 10
0.2598076211353315
 20
-19.85
 10
0.2771638597533859
 20
-19.885194970290474
 10
0.2897777478867204
 20
-19.922354286469243
 10
0.2974334584121431
 20
-19.960842142333984
 10
0.3
 20
-20.0
 10
0.2974334584121431
 20
-20.039157857666016
 10
0.2897777478867205
 20
-20.077645713530757
 10
0.27716385975338603
 20
-20.114805029709526
 10
0.2598076211353316
 20
-20.15
 10
0.23800600208737058
 20
-20.182628428702618
 10
0.21213203435596426
 20
-20.212132034355964
 10
0.1826284287026162
 20
-20.23800600208737
 10
0.15000000000000002
 20
-20.25980762113533
 10
0.11480502970952694
 20
-20.277163859753387
 10
0.07764571353075629
 20
-20.28977774788672
 10
0.03915785766601551
 20
-20.297433458412144
 10
0.0
 20
-20.3
 10
-0.039157857666015414
 20
-20.297433458412144
 10
-0.07764571353075618
 20
-20.28977774788672
  0
LWPOLYLINE
  5
9C
330
17
100
AcDbEntity
  8
ENGRAVE_LINES
100
AcDbPolyline
 90
18
 70
1
 10
1.4135356847422689
 20
-19.345611330655696
 10
1.4330452323614953
 20
-19.316413229261766
 10
1.4622433337554266
 20
-19.29690368164254
 10
2.3976713604231046
 20
-18.909436706372887
 10
2.432112869335963
 20
-18.902585864298903
 10
2.466554378248821
 20
-18.909436706372887
 10
2.495752479642752
 20
-18.928946253992113
 10
2.515262027261979
 20
-18.958144355386043
 10
2.5221128693359627
 20
-18.992585864298903
 10
2.515262027261979
 20
-19.027027373211762
 10
2.495752479642752
 20
-19.056225474605693
 10
2.466554378248821
 20
-19.07573502222492
 10
1.5311263515811426
 20
-19.463201997494572
 10
1.4966848426682846
 20
-19.470052839568556
 10
1.4622433337554266
 20
-19.463201997494572
 10
1.4330452323614953
 20
-19.443692449875346
 10
1.4135356847422689
 20
-19.414494348481416
 10
1.4066848426682845
 20
-19.380052839568556
  0
LWPOLYLINE
  5
9D
330
17
100
AcDbEntity
  8
ENGRAVE_LINES
100
AcDbPolyline
 90
18
 70
1
 10
-1.4966848426682848
 20
-19.470052839568556
 10
-1.5311263515811429
 20
-19.463201997494572
 10
-2.466554378248821
 20
-19.075735022224915
 10
-2.495752479642752
 20
-19.05622547460569
 10
-2.515262027261979
 20
-19.02702737321176
 10
-2.5221128693359627
 20
-18.9925858642989
 10
-2.5152620272619783
 20
-18.95814435538604
 10
-2.4957524796427517
 20
-18.92894625399211
 10
-2.4665543782488206
 20
-18.909436706372883
 10
-2.4321128693359624
 20
-18.9025858642989
 10
-2.3976713604231046
 20
-18.909436706372883
 10
-1.4622433337554264
 20
-19.29690368164254
 10
-1.433045232361495
 20
-19.316413229261766
 10
-1.4135356847422686
 20
-19.345611330655696
 10
-1.4066848426682845
 20
-19.380052839568556
 10
-1.4135356847422689
 20
-19.414494348481416
 10
-1.4330452323614955
 20
-19.443692449875346
 10
-1.4622433337554268
 20
-19.463201997494572
  0
LWPOLYLINE
  5
9E
330
17
100
AcDbEntity
  8
ENGRAVE_LINES
100
AcDbPolyline
 90
18
 70
1
 10
-1.1799544944350653
 20
-18.93763617240381
 10
-1.2091525958289964
 20
-18.918126624784584
 10
-1.9250982117803757
 20
-18.202181008833204
 10
-1.944607759399602
 20
-18.172982907439273
 10
-1.9514586014735864
 20
-18.138541398526414
 10
-1.944607759399602
 20
-18.104099889613554
 10
-1.9250982117803757
 20
-18.074901788219623
 10
-1.8959001103864443
 20
-18.055392240600398
 10
-1.8614586014735863
 20
-18.048541398526414
 10
-1.8270170925607283
 20
-18.055392240600398
 10
-1.797818991166797
 20
-18.074901788219623
 10
-1.0818733752154177
 20
-18.790847404171004
 10
-1.0623638275961913
 20
-18.820045505564934
 10
-1.055512985522207
 20
-18.854487014477794
 10
-1.0623638275961913
 20
-18.888928523390653
 10
-1.0818733752154177
 20
-18.918126624784584
 10
-1.111071476609349
 20
-18.93763617240381
 10
-1.145512985522207
 20
-18.944487014477794
  0
LWPOLYLINE
  5
9F
330
17
100
AcDbEntity
  8
ENGRAVE_LINES
100
AcDbPolyline
 90
18
 70
1
 10
1.055512985522207
 20
-18.854487014477794
 10
1.0623638275961913
 20
-18.820045505564934
 10
1.0818733752154177
 20
-18.790847404171004
 10
1.7978189911667974
 20
-18.074901788219623
 10
1.8270170925607288
 20
-18.055392240600398
 10
1.8614586014735868
 20
-18.048541398526414
 10
1.8959001103864448
 20
-18.055392240600398
 10
1.925098211780376
 20
-18.074901788219623
 10
1.9446077593996025
 20
-18.104099889613554
 10
1.9514586014735869
 20
-18.138541398526414
 10
1.9446077593996025
 20
-18.172982907439273
 10
1.925098211780376
 20
-18.202181008833204
 10
1.2091525958289964
 20
-18.918126624784584
 10
1.179954494435065
 20
-18.93763617240381
 10
1.145512985522207
 20
-18.944487014477794
 10
1.111071476609349
 20
-18.93763617240381
 10
1.0818733752154177
 20
-18.918126624784584
 10
1.0623638275961913
 20
-18.888928523390653
  0
LWPOLYLINE
  5
A0
330
17
100
AcDbEntity
  8
ENGRAVE_LINES
100
AcDbPolyline
 90
18
 70
1
 10
-0.6543886693443035
 20
-18.586464315257732
 10
-0.6835867707382347
 20
-18.566954767638506
 10
-0.7030963183574612
 20
-18.537756666244576
 10
-1.0905632936271146
 20
-17.602328639576896
 10
-1.097414135701099
 20
-17.567887130664037
 10
-1.0905632936271146
 20
-17.533445621751177
 10
-1.0710537460078882
 20
-17.504247520357247
 10
-1.0418556446139569
 20
-17.48473797273802
 10
-1.0074141357010988
 20
-17.477887130664037
 10
-0.9729726267882407
 20
-17.48473797273802
 10
-0.9437745253943095
 20
-17.504247520357247
 10
-0.924264977775083
 20
-17.533445621751177
 10
-0.5367980025054295
 20
-18.468873648418857
 10
-0.5299471604314454
 20
-18.503315157331716
 10
-0.5367980025054296
 20
-18.537756666244576
 10
-0.5563075501246562
 20
-18.566954767638506
 10
-0.5855056515185874
 20
-18.586464315257732
 10
-0.6199471604314454
 20
-18.593315157331716
  0
LWPOLYLINE
  5
A1
330
17
100
AcDbEntity
  8
ENGRAVE_LINES
100
AcDbPolyline
 90
18
 70
1
 10
0.5367980025054299
 20
-18.537756666244576
 10
0.5299471604314456
 20
-18.503315157331716
 10
0.5367980025054297
 20
-18.468873648418857
 10
0.9242649777750832
 20
-17.533445621751177
 10
0.9437745253943097
 20
-17.504247520357247
 10
0.9729726267882409
 20
-17.48473797273802
 10
1.007414135701099
 20
-17.477887130664037
 10
1.041855644613957
 20
-17.48473797273802
 10
1.0710537460078884
 20
-17.504247520357247
 10
1.0905632936271148
 20
-17.533445621751177
 10
1.0974141357010991
 20
-17.567887130664037
 10
1.0905632936271148
 20
-17.602328639576896
 10
0.7030963183574614
 20
-18.537756666244576
 10
0.6835867707382349
 20
-18.566954767638506
 10
0.6543886693443037
 20
-18.586464315257732
 10
0.6199471604314456
 20
-18.593315157331716
 10
0.5855056515185876
 20
-18.586464315257732
 10
0.5563075501246564
 20
-18.566954767638506
  0
LWPOLYLINE
  5
A2
330
17
100
AcDbEntity
  8
ENGRAVE_LINES
100
AcDbPolyline
 90
18
 70
1
 10
-0.03444150891285799
 20
-18.463149157926015
 10
-0.06363961030678918
 20
-18.44363961030679
 10
-0.08314915792601571
 20
-18.41444150891286
 10
-0.0899999999999999
 20
-18.38
 10
-0.08999999999999977
 20
-16.355
 10
-0.08314915792601558
 20
-16.32055849108714
 10
-0.06363961030678905
 20
-16.29136038969321
 10
-0.034441508912857854
 20
-16.271850842073984
 10
2.2319187914460513e-16
 20
-16.265
 10
0.034441508912858305
 20
-16.271850842073984
 10
0.0636396103067895
 20
-16.29136038969321
 10
0.08314915792601603
 20
-16.32055849108714
 10
0.09000000000000022
 20
-16.355
 10
0.0900000000000001
 20
-18.38
 10
0.08314915792601589
 20
-18.41444150891286
 10
0.06363961030678936
 20
-18.44363961030679
 10
0.03444150891285816
 20
-18.463149157926015
 10
9.919639073093561e-17
 20
-18.47
  0
LWPOLYLINE
  5
A3
330
17
100
AcDbEntity
  8
ENGRAVE_LINES
100
AcDbPolyline
 90
18
 70
1
 10
0.06363961030678872
 20
17.06363961030679
 10
0.08314915792601525
 20
17.03444150891286
 10
0.08999999999999944
 20
17.0
 10
0.08999999999999876
 20
13.25
 10
0.08314915792601456
 20
13.215558491087142
 10
0.06363961030678802
 20
13.186360389693212
 10
0.03444150891285682
 20
13.166850842073984
 10
-1.239954884136695e-15
 20
13.16
 10
-0.03444150891285933
 20
13.166850842073984
 10
-0.06363961030679051
 20
13.186360389693212
 10
-0.08314915792601704
 20
13.215558491087142
 10
-0.09000000000000123
 20
13.25
 10
-0.09000000000000055
 20
17.0
 10
-0.08314915792601636
 20
17.03444150891286
 10
-0.06363961030678983
 20
17.06363961030679
 10
-0.034441508912858625
 20
17.083149157926016
 10
-5.51091059616309e-16
 20
17.09
 10
0.034441508912857535
 20
17.083149157926016
  0
LWPOLYLINE
  5
A4
330
17
100
AcDbEntity
  8
ENGRAVE_LINES
100
AcDbPolyline
 90
18
 70
1
 10
1.182491806008128
 20
17.311510560392158
 10
1.2116899074020593
 20
17.292001012772932
 10
1.2311994550212857
 20
17.262802911379
 10
1.9487308907058296
 20
15.530528787920336
 10
1.955581732779814
 20
15.496087279007478
 10
1.9487308907058296
 20
15.46164577009462
 10
1.9292213430866032
 20
15.43244766870069
 10
1.900023241692672
 20
15.412938121081462
 10
1.8655817327798139
 20
15.406087279007478
 10
1.8311402238669559
 20
15.412938121081462
 10
1.8019421224730245
 20
15.43244766870069
 10
1.7824325748537981
 20
15.46164577009462
 10
1.0649011391692542
 20
17.193919893553282
 10
1.0580502970952699
 20
17.228361402466142
 10
1.0649011391692542
 20
17.262802911379
 10
1.0844106867884806
 20
17.292001012772932
 10
1.113608788182412
 20
17.311510560392158
 10
1.14805029709527
 20
17.31836140246614
  0
LWPOLYLINE
  5
A5
330
17
100
AcDbEntity
  8
ENGRAVE_LINES
100
AcDbPolyline
 90
18
 70
1
 10
-1.0649011391692553
 20
17.262802911379
 10
-1.058050297095271
 20
17.228361402466142
 10
-1.0649011391692553
 20
17.193919893553282
 10
-1.7824325748537997
 20
15.461645770094622
 10
-1.801942122473026
 20
15.432447668700691
 10
-1.8311402238669574
 20
15.412938121081464
 10
-1.8655817327798154
 20
15.40608727900748
 10
-1.9000232416926734
 20
15.412938121081464
 10
-1.9292213430866048
 20
15.432447668700691
 10
-1.9487308907058312
 20
15.461645770094622
 10
-1.9555817327798155
 20
15.49608727900748
 10
-1.9487308907058312
 20
15.530528787920337
 10
-1.2311994550212868
 20
17.262802911379
 10
-1.2116899074020604
 20
17.292001012772932
 10
-1.182491806008129
 20
17.311510560392158
 10
-1.148050297095271
 20
17.31836140246614
 10
-1.113608788182413
 20
17.311510560392158
 10
-1.0844106867884817
 20
17.292001012772932
  0
LWPOLYLINE
  5
A6
330
17
100
AcDbEntity
  8
ENGRAVE_LINES
100
AcDbPolyline
 90
48
 70
1
 10
-0.11480502970952684
 20
19.722836140246613
 10
-0.14999999999999994
 20
19.74019237886467
 10
-0.18262842870261609
 20
19.76199399791263
 10
-0.21213203435596423
 20
19.787867965644036
 10
-0.2380060020873705
 20
19.817371571297382
 10
-0.2598076211353315
 20
19.85
 10
-0.27716385975338603
 20
19.885194970290474
 10
-0.28977774788672045
 20
19.922354286469243
 10
-0.2974334584121431
 20
19.960842142333984
 10
-0.3
 20
20.0
 10
-0.29743345841214314
 20
20.039157857666016
 10
-0.2897777478867205
 20
20.077645713530757
 10
-0.2771638597533861
 20
20.114805029709526
 10
-0.2598076211353316
 20
20.15
 10
-0.2380060020873706
 20
20.182628428702618
 10
-0.21213203435596437
 20
20.212132034355964
 10
-0.18262842870261625
 20
20.23800600208737
 10
-0.15000000000000013
 20
20.25980762113533
 10
-0.11480502970952709
 20
20.277163859753387
 10
-0.07764571353075646
 20
20.28977774788672
 10
-0.03915785766601575
 20
20.297433458412144
 10
0.0
 20
20.3
 10
0.03915785766601538
 20
20.297433458412144
 10
0.07764571353075608
 20
20.28977774788672
 10
0.11480502970952675
 20
20.277163859753387
 10
0.1499999999999998
 20
20.25980762113533
 10
0.18262842870261595
 20
20.23800600208737
 10
0.2121320343559642
 20
20.212132034355964
 10
0.23800600208737047
 20
20.182628428702618
 10
0.2598076211353315
 20
20.15
 10
0.2771638597533859
 20
20.114805029709526
 10
0.2897777478867204
 20
20.077645713530757
 10
0.2974334584121431
 20
20.039157857666016
 10
0.3
 20
20.0
 10
0.2974334584121431
 20
19.960842142333984
 10
0.2897777478867205
 20
19.922354286469243
 10
0.27716385975338603
 20
19.885194970290474
 10
0.2598076211353316
 20
19.85
 10
0.23800600208737058
 20
19.817371571297382
 10
0.21213203435596426
 20
19.787867965644036
 10
0.1826284287026162
 20
19.76199399791263
 10
0.15000000000000002
 20
19.74019237886467
 10
0.11480502970952694
 20
19.722836140246613
 10
0.07764571353075629
 20
19.71022225211328
 10
0.03915785766601551
 20
19.702566541587856
 10
0.0
 20
19.7
 10
-0.039157857666015414
 20
19.702566541587856
 10
-0.07764571353075618
 20
19.71022225211328
  0
LWPOLYLINE
  5
A7
330
17
100
AcDbEntity
  8
ENGRAVE_LINES
100
AcDbPolyline
 90
68
 70
1
 10
0.16608304703394436
 20
18.11767848266894
 10
-0.16608304703394502
 20
18.11767848266894
 10
-0.18262050363743587
 20
18.119210903697386
 10
-0.5091308387332404
 20
18.180246263317372
 10
-0.5251051320865933
 20
18.184791341642534
 10
-0.8348407903546121
 20
18.304783574914495
 10
-0.8497079350567305
 20
18.312186533345223
 10
-1.1321212401416239
 20
18.487049448679905
 10
-1.145374953410852
 20
18.497058188345708
 10
-1.3908486589253766
 20
18.720837038886337
 10
-1.4020376014524079
 20
18.733110724162064
 10
-1.6022123947685272
 20
18.998184989546626
 10
-1.6109555405352614
 20
19.012305654800873
 10
-1.7590147091497963
 20
19.30964854884324
 10
-1.7650143208133944
 20
19.325135331756638
 10
-1.8559158873165769
 20
19.644621198823685
 10
-1.8589676552975762
 20
19.660946715578476
 10
-1.889616075866553
 20
19.9916958476483
 10
-1.889616075866553
 20
20.0083041523517
 10
-1.8589676552975762
 20
20.339053284421524
 10
-1.8559158873165769
 20
20.355378801176315
 10
-1.765014320813394
 20
20.674864668243366
 10
-1.7590147091497956
 20
20.690351451156765
 10
-1.6109555405352605
 20
20.987694345199127
 10
-1.6022123947685265
 20
21.001815010453374
 10
-1.402037601452408
 20
21.266889275837936
 10
-1.3908486589253768
 20
21.279162961113663
 10
-1.1453749534108515
 20
21.502941811654292
 10
-1.1321212401416234
 20
21.512950551320095
 10
-0.8497079350567308
 20
21.687813466654777
 10
-0.8348407903546122
 20
21.695216425085505
 10
-0.5251051320865924
 20
21.815208658357466
 10
-0.5091308387332395
 20
21.819753736682628
 10
-0.1826205036374346
 20
21.880789096302614
 10
-0.16608304703394378
 20
21.88232151733106
 10
0.1660830470339436
 20
21.88232151733106
 10
0.18262050363743437
 20
21.880789096302614
 10
0.5091308387332402
 20
21.819753736682628
 10
0.525105132086593
 20
21.815208658357466
 10
0.8348407903546126
 20
21.695216425085505
 10
0.849707935056731
 20
21.687813466654777
 10
1.1321212401416239
 20
21.512950551320095
 10
1.145374953410852
 20
21.502941811654292
 10
1.3908486589253766
 20
21.279162961113663
 10
1.4020376014524079
 20
21.266889275837936
 10
1.602212394768527
 20
21.001815010453374
 10
1.6109555405352611
 20
20.987694345199127
 10
1.759014709149796
 20
20.69035145115676
 10
1.7650143208133942
 20
20.674864668243362
 10
1.8559158873165769
 20
20.355378801176315
 10
1.8589676552975762
 20
20.339053284421524
 10
1.889616075866553
 20
20.0083041523517
 10
1.889616075866553
 20
19.9916958476483
 10
1.858967655297576
 20
19.660946715578476
 10
1.8559158873165766
 20
19.644621198823685
 10
1.7650143208133942
 20
19.325135331756638
 10
1.759014709149796
 20
19.30964854884324
 10
1.6109555405352616
 20
19.012305654800873
 10
1.6022123947685272
 20
18.998184989546626
 10
1.4020376014524065
 20
18.733110724162064
 10
1.3908486589253757
 20
18.720837038886337
 10
1.1453749534108515
 20
18.497058188345708
 10
1.1321212401416232
 20
18.487049448679905
 10
0.8497079350567298
 20
18.312186533345223
 10
0.8348407903546115
 20
18.304783574914495
 10
0.5251051320865927
 20
18.184791341642534
 10
0.5091308387332398
 20
18.180246263317372
 10
0.1826205036374352
 20
18.119210903697386
  0
LWPOLYLINE
  5
A8
330
17
100
AcDbEntity
  8
ENGRAVE_LINES
100
AcDbPolyline
 90
34
 70
1
 10
-1.6805049966003274
 20
20.31414082736643
 10
-1.709614431097589
 20
20.0
 10
-1.6805049966003274
 20
19.68585917263357
 10
-1.5941679799874273
 20
19.382416034372703
 10
-1.4535434848098086
 20
19.100003977350962
 10
-1.263420309590243
 20
18.848240205454267
 10
-1.0302728710332159
 20
18.63569823197721
 10
-0.7620407255292843
 20
18.46961591891057
 10
-0.46785819708456233
 20
18.35564900023203
 10
-0.1577433188721525
 20
18.29767848266894
 10
0.15774331887215184
 20
18.29767848266894
 10
0.4678581970845616
 20
18.35564900023203
 10
0.7620407255292836
 20
18.46961591891057
 10
1.0302728710332145
 20
18.63569823197721
 10
1.2634203095902432
 20
18.84824020545427
 10
1.4535434848098086
 20
19.10000397735096
 10
1.594167979987427
 20
19.382416034372703
 10
1.6805049966003271
 20
19.68585917263357
 10
1.709614431097589
 20
20.0
 10
1.6805049966003274
 20
20.31414082736643
 10
1.594167979987427
 20
20.617583965627297
 10
1.4535434848098083
 20
20.899996022649038
 10
1.263420309590243
 20
21.151759794545733
 10
1.0302728710332159
 20
21.36430176802279
 10
0.7620407255292844
 20
21.53038408108943
 10
0.4678581970845622
 20
21.64435099976797
 10
0.1577433188721512
 20
21.70232151733106
 10
-0.1577433188721513
 20
21.70232151733106
 10
-0.46785819708456167
 20
21.64435099976797
 10
-0.7620407255292839
 20
21.53038408108943
 10
-1.0302728710332154
 20
21.36430176802279
 10
-1.2634203095902432
 20
21.151759794545733
 10
-1.4535434848098088
 20
20.899996022649038
 10
-1.5941679799874267
 20
20.6175839656273
  0
LWPOLYLINE
  5
A9
330
17
100
AcDbEntity
  8
ENGRAVE_LINES
100
AcDbPolyline
 90
98
 70
1
 10
1.3474719201873087
 20
17.78832758957291
 10
1.3376098668979879
 20
17.782349154913064
 10
1.053586803927661
 20
17.6341745048869
 10
1.0430412127039044
 20
17.62950628447599
 10
0.7424018214754979
 20
17.518868209423868
 10
0.7313458506336484
 20
17.515586855311984
 10
0.41902662163951665
 20
17.44430202936751
 10
0.4076418099151393
 20
17.442461421298447
 10
0.08877101626082824
 20
17.411700339332853
 10
0.07724430194768746
 20
17.411330700040217
 10
-0.24294220675065362
 20
17.421598458168944
 10
-0.25442155532220784
 20
17.422705857119706
 10
-0.5706663254437881
 20
17.47383385903814
 10
-0.581909817687577
 20
17.476400112772144
 10
-0.889020118850061
 20
17.5675488381023
 10
-0.8998431369342836
 20
17.571531808804174
 10
-1.1927762264831037
 20
17.701204597996075
 10
-1.2030010567500355
 20
17.70653888539702
 10
-1.4769469814533722
 20
17.87260651483713
 10
-1.4864057324727111
 20
17.879204530085488
 10
-1.7368663078205777
 20
18.07894017388959
 10
-1.7454036671620872
 20
18.086693577757398
 10
-1.968266337431632
 20
18.316817582176217
 10
-1.9757421218909528
 20
18.32559906398632
 10
-2.1673474881977173
 20
18.58233279922942
 10
-2.173638945600706
 20
18.591998167293273
 10
-2.330840853127153
 20
18.87112607252575
 10
-2.33584467791719
 20
18.881516621766963
 10
-2.456061875687814
 20
19.178455424501806
 10
-2.4596959052001846
 20
19.189400542389095
 10
-2.540954430151176
 20
19.499274515694715
 10
-2.5431589937217556
 20
19.510594483694966
 10
-2.5841245831199333
 20
19.828315505496615
 10
-2.584863481875841
 20
19.83982445004822
 10
-2.584863481875841
 20
20.16017554995178
 10
-2.5841245831199333
 20
20.171684494503385
 10
-2.543158993721756
 20
20.489405516305034
 10
-2.5409544301511766
 20
20.500725484305285
 10
-2.4596959052001846
 20
20.81059945761091
 10
-2.4560618756878134
 20
20.821544575498198
 10
-2.3358446779171893
 20
21.11848337823304
 10
-2.3308408531271527
 20
21.128873927474253
 10
-2.1736389456007075
 20
21.408001832706727
 10
-2.167347488197718
 20
21.41766720077058
 10
-1.975742121890952
 20
21.67440093601368
 10
-1.9682663374316318
 20
21.683182417823783
 10
-1.745403667162088
 20
21.913306422242602
 10
-1.7368663078205782
 20
21.92105982611041
 10
-1.4864057324727102
 20
22.120795469914512
 10
-1.4769469814533716
 20
22.12739348516287
 10
-1.2030010567500349
 20
22.29346111460298
 10
-1.192776226483103
 20
22.298795402003925
 10
-0.8998431369342842
 20
22.428468191195826
 10
-0.8890201188500615
 20
22.4324511618977
 10
-0.5819098176875785
 20
22.523599887227856
 10
-0.5706663254437897
 20
22.52616614096186
 10
-0.2544215553222082
 20
22.577294142880294
 10
-0.2429422067506541
 20
22.578401541831056
 10
0.0772443019476881
 20
22.588669299959783
 10
0.08877101626082888
 20
22.588299660667147
 10
0.40764180991513943
 20
22.557538578701553
 10
0.4190266216395167
 20
22.55569797063249
 10
0.731345850633649
 20
22.484413144688016
 10
0.7424018214754987
 20
22.481131790576132
 10
1.0430412127039026
 20
22.37049371552401
 10
1.0535868039276592
 20
22.3658254951131
 10
1.3376098668979877
 20
22.217650845086936
 10
1.3474719201873084
 20
22.21167241042709
 10
1.6102150040578294
 20
22.0283942090838
 10
1.6192315847703527
 20
22.021203725906854
 10
1.8563804553678378
 20
21.805831396245495
 10
1.864403511497541
 20
21.797546932086416
 10
2.0720641909231134
 20
21.55361688180574
 10
2.0789619841101574
 20
21.54437446733699
 10
2.253724689748739
 20
21.275892021118793
 10
2.2593839584196913
 20
21.265843416530423
 10
2.398379091476272
 20
20.977217048719016
 10
2.402706910596015
 20
20.966527251820562
 10
2.503652174828534
 20
20.662496199395893
 10
2.5065774817267696
 20
20.65134073635689
 10
2.5678153586873114
 20
20.336897180794388
 10
2.5692901199056455
 20
20.32545922400953
 10
2.58981508534753
 20
20.005766319798266
 10
2.58981508534753
 20
19.994233680201734
 10
2.5692901199056455
 20
19.67454077599047
 10
2.5678153586873114
 20
19.663102819205612
 10
2.506577481726769
 20
19.34865926364311
 10
2.503652174828533
 20
19.337503800604107
 10
2.402706910596015
 20
19.03347274817944
 10
2.3983790914762726
 20
19.022782951280988
 10
2.2593839584196913
 20
18.734156583469577
 10
2.253724689748739
 20
18.724107978881207
 10
2.0789619841101574
 20
18.45562553266301
 10
2.0720641909231134
 20
18.44638311819426
 10
1.8644035114975412
 20
18.202453067913584
 10
1.8563804553678378
 20
18.194168603754505
 10
1.619231584770352
 20
17.978796274093146
 10
1.610215004057829
 20
17.9716057909162
  0
LWPOLYLINE
  5
AA
330
17
100
AcDbEntity
  8
ENGRAVE_LINES
100
AcDbPolyline
 90
49
 70
1
 10
-0.832265786612665
 20
22.261535003294256
 10
-1.114631573280659
 20
22.136540045619796
 10
-1.378695140330974
 20
21.976463159464128
 10
-1.6201205712931672
 20
21.78393280287231
 10
-1.8349436672653703
 20
21.562110318976824
 10
-2.01963703895083
 20
21.31463802683061
 10
-2.1711680262926074
 20
21.04557941462895
 10
-2.2870484946678302
 20
20.759352417345706
 10
-2.3653756899894796
 20
20.460656874363064
 10
-2.404863481875841
 20
20.15439735823893
 10
-2.404863481875841
 20
19.84560264176107
 10
-2.365375689989479
 20
19.539343125636936
 10
-2.287048494667831
 20
19.240647582654297
 10
-2.171168026292606
 20
18.95442058537105
 10
-2.0196370389508296
 20
18.685361973169393
 10
-1.834943667265369
 20
18.437889681023176
 10
-1.6201205712931683
 20
18.21606719712769
 10
-1.3786951403309737
 20
18.023536840535872
 10
-1.1146315732806598
 20
17.863459954380204
 10
-0.832265786612665
 20
17.738464996705744
 10
-0.5362342187377923
 20
17.650604381261893
 10
-0.23139769981620006
 20
17.60132077692516
 10
0.07723836293904437
 20
17.59142341911625
 10
0.38460617391016794
 20
17.621074822176755
 10
0.6856587621387072
 20
17.689788110888188
 10
0.9754528524490216
 20
17.796435014949587
 10
1.24923003388994
 20
17.939264395144658
 10
1.5024948927112072
 20
18.115930996999342
 10
1.731088826932903
 20
18.323533959795423
 10
1.931258330474868
 20
18.55866444862323
 10
2.099716625622965
 20
18.817461627356785
 10
2.233697631828129
 20
19.0956760534761
 10
2.331001384672579
 20
19.38873945379595
 10
2.390030159224718
 20
19.691839735385262
 10
2.409814704638337
 20
20.0
 10
2.3900301592247177
 20
20.308160264614738
 10
2.3310013846725797
 20
20.611260546204047
 10
2.2336976318281274
 20
20.904323946523906
 10
2.099716625622965
 20
21.182538372643215
 10
1.931258330474868
 20
21.44133555137677
 10
1.7310888269329034
 20
21.676466040204577
 10
1.5024948927112067
 20
21.884069003000658
 10
1.2492300338899398
 20
22.060735604855342
 10
0.975452852449021
 20
22.203564985050413
 10
0.6856587621387071
 20
22.310211889111812
 10
0.3846061739101681
 20
22.378925177823245
 10
0.07723836293904497
 20
22.40857658088375
 10
-0.23139769981620065
 20
22.39867922307484
 10
-0.5362342187377939
 20
22.349395618738107
  0
LWPOLYLINE
  5
AB
330
17
100
AcDbEntity
  8
ENGRAVE_LINES
100
AcDbPolyline
 90
18
 70
1
 10
-1.1824918060081275
 20
22.688489439607842
 10
-1.2116899074020586
 20
22.707998987227068
 10
-1.231199455021285
 20
22.737197088621
 10
-1.948730890705828
 20
24.469471212079664
 10
-1.9555817327798124
 20
24.503912720992524
 10
-1.948730890705828
 20
24.538354229905384
 10
-1.9292213430866016
 20
24.567552331299314
 10
-1.9000232416926703
 20
24.58706187891854
 10
-1.8655817327798123
 20
24.593912720992524
 10
-1.8311402238669543
 20
24.58706187891854
 10
-1.801942122473023
 20
24.567552331299314
 10
-1.7824325748537966
 20
24.538354229905384
 10
-1.0649011391692536
 20
22.806080106446718
 10
-1.0580502970952692
 20
22.771638597533858
 10
-1.0649011391692536
 20
22.737197088621
 10
-1.08441068678848
 20
22.707998987227068
 10
-1.1136087881824113
 20
22.688489439607842
 10
-1.1480502970952693
 20
22.68163859753386
  0
LWPOLYLINE
  5
AC
330
17
100
AcDbEntity
  8
ENGRAVE_LINES
100
AcDbPolyline
 90
18
 70
1
 10
1.0649011391692538
 20
22.737197088621
 10
1.0580502970952694
 20
22.771638597533858
 10
1.0649011391692538
 20
22.806080106446718
 10
1.7824325748537972
 20
24.538354229905384
 10
1.8019421224730237
 20
24.567552331299314
 10
1.831140223866955
 20
24.58706187891854
 10
1.865581732779813
 20
24.593912720992524
 10
1.900023241692671
 20
24.58706187891854
 10
1.9292213430866023
 20
24.567552331299314
 10
1.9487308907058287
 20
24.538354229905384
 10
1.955581732779813
 20
24.503912720992524
 10
1.9487308907058287
 20
24.469471212079664
 10
1.2311994550212852
 20
22.737197088621
 10
1.2116899074020588
 20
22.707998987227068
 10
1.1824918060081275
 20
22.688489439607842
 10
1.1480502970952695
 20
22.68163859753386
 10
1.1136087881824115
 20
22.688489439607842
 10
1.0844106867884802
 20
22.707998987227068
  0
LWPOLYLINE
  5
AD
330
17
100
AcDbEntity
  8
ENGRAVE_LINES
100
AcDbPolyline
 90
18
 70
1
 10
-0.08314915792601563
 20
22.96555849108714
 10
-0.08999999999999982
 20
23.0
 10
-0.08999999999999958
 20
26.75
 10
-0.08314915792601539
 20
26.78444150891286
 10
-0.06363961030678886
 20
26.81363961030679
 10
-0.03444150891285766
 20
26.833149157926016
 10
4.133182947122317e-16
 20
26.84
 10
0.0344415089128585
 20
26.833149157926016
 10
0.06363961030678969
 20
26.81363961030679
 10
0.08314915792601622
 20
26.78444150891286
 10
0.09000000000000041
 20
26.75
 10
0.09000000000000018
 20
23.0
 10
0.08314915792601597
 20
22.96555849108714
 10
0.06363961030678944
 20
22.93636038969321
 10
0.03444150891285824
 20
22.916850842073984
 10
1.8369701987210297e-16
 20
22.91
 10
-0.03444150891285791
 20
22.916850842073984
 10
-0.0636396103067891
 20
22.93636038969321
  0
LWPOLYLINE
  5
AE
330
17
100
AcDbEntity
  8
ENGRAVE_LINES
100
AcDbPolyline
 90
20
 70
1
 10
-1.5831491579260157
 20
28.16555849108714
 10
-1.59
 20
28.2
 10
-1.5831491579260157
 20
28.23444150891286
 10
-1.5636396103067893
 20
28.26363961030679
 10
-1.0636396103067893
 20
28.76363961030679
 10
-1.0344415089128578
 20
28.783149157926015
 10
-1.0
 20
28.79
 10
-0.9655584910871422
 20
28.783149157926015
 10
-0.9363603896932107
 20
28.76363961030679
 10
-0.4363603896932107
 20
28.26363961030679
 10
-0.4168508420739843
 20
28.23444150891286
 10
-0.41000000000000003
 20
28.2
 10
-0.4168508420739843
 20
28.16555849108714
 10
-0.4363603896932107
 20
28.13636038969321
 10
-0.9363603896932107
 20
27.63636038969321
 10
-0.9655584910871422
 20
27.616850842073983
 10
-1.0
 20
27.61
 10
-1.0344415089128578
 20
27.616850842073983
 10
-1.0636396103067893
 20
27.63636038969321
 10
-1.5636396103067893
 20
28.13636038969321
  0
LWPOLYLINE
  5
AF
330
17
100
AcDbEntity
  8
ENGRAVE_LINES
100
AcDbPolyline
 90
4
 70
1
 10
-1.0
 20
28.57272077938642
 10
-1.3727207793864205
 20
28.2
 10
-1.0
 20
27.82727922061358
 10
-0.6272792206135795
 20
28.2
  0
LWPOLYLINE
  5
B0
330
17
100
AcDbEntity
  8
ENGRAVE_LINES
100
AcDbPolyline
 90
218
 70
1
 10
21.38863325908786
 20
-28.313768252899656
 10
21.63544122438572
 20
-28.111218190372124
 10
21.8803311490121
 20
-27.90635329737939
 10
22.1232813228096
 20
-27.699191735751008
 10
22.364270207584926
 20
-27.489751870922525
 10
22.603276439018376
 20
-27.278052270307256
 10
22.84027882855756
 20
-27.064111701650514
 10
23.07525636529688
 20
-26.847949131364846
 10
23.308188217838698
 20
-26.629583722849933
 10
23.539053736141604
 20
-26.40903483479236
 10
23.76783245334933
 20
-26.18632201945106
 10
23.994504087607012
 20
-25.961465020922226
 10
24.219048543858484
 20
-25.734483773389623
 10
24.44144591562653
 20
-25.50539839935865
 10
24.661676486780912
 20
-25.274229207869087
 10
24.87972073328151
 20
-25.040996692699544
 10
25.095559324914316
 20
-24.805721530545252
 10
25.309173127000584
 20
-24.568424579189855
 10
25.520543202097063
 20
-24.329126875652044
 10
25.729650811671164
 20
-24.087849634324716
 10
25.936477417765694
 20
-23.844614245090234
 10
26.14100468463958
 20
-23.599442271427304
 10
26.343214480394188
 20
-23.352355448498397
 10
26.543088878582505
 20
-23.103375681220733
 10
26.740610159795203
 20
-22.852525042328246
 10
26.935760813233774
 20
-22.59982577041196
 10
27.128523538262346
 20
-22.34530026794923
 10
27.318881245941945
 20
-22.088971099316925
 10
27.506817060543685
 20
-21.830860988793503
 10
27.692314321047004
 20
-21.570992818541527
 10
27.87535658261604
 20
-21.30938962657996
 10
28.055927618056163
 20
-21.046074604743687
 10
28.234011419254415
 20
-20.781071096624927
 10
28.40959219859807
 20
-20.514402595504528
 10
28.470552686878392
 20
-20.4198914865455
 10
28.440633311841932
 20
-20.391153536742532
 10
28.431028654951483
 20
-20.380312120263007
 10
28.237669980206096
 20
-20.122998456037017
 10
28.229928786603622
 20
-20.11075673773954
 10
28.080350070373562
 20
-19.82575830520409
 10
28.07467283290711
 20
-19.812433339162283
 10
27.972748085372654
 20
-19.507131448017248
 10
27.969281841510483
 20
-19.493068343852315
 10
27.917650860094167
 20
-19.17537015271065
 10
27.91648538373158
 20
-19.16093313743345
 10
27.91648538373158
 20
-18.839066862566547
 10
27.917650860094167
 20
-18.824629847289348
 10
27.969281841510483
 20
-18.506931656147685
 10
27.972748085372654
 20
-18.492868551982752
 10
28.07467283290711
 20
-18.187566660837717
 10
28.080350070373562
 20
-18.17424169479591
 10
28.229928786603622
 20
-17.889243262260457
 10
28.237669980206096
 20
-17.87700154396298
 10
28.431028654951483
 20
-17.619687879736993
 10
28.440633311841932
 20
-17.608846463257468
 10
28.67276405699338
 20
-17.38588185608375
 10
28.68398342160344
 20
-17.37672152841426
 10
28.948874172794195
 20
-17.19388064450069
 10
28.961417669473725
 20
-17.186638653316187
 10
29.252207895388654
 20
-17.048656975514238
 10
29.265750654162446
 20
-17.04352088458235
 10
29.574909040695427
 20
-16.95397206586864
 10
29.589100311224932
 20
-16.951074897246638
 10
29.908619818558194
 20
-16.912278204988034
 10
29.92309205439102
 20
-16.911694993821417
 10
30.244697295120496
 20
-16.92465524196845
 10
30.25907567295049
 20
-16.926401093120088
 10
30.430703223031607
 20
-16.961439108337423
 10
30.457593702506728
 20
-16.90714654828655
 10
30.596601164431178
 20
-16.619713729885323
 10
30.73307702570709
 20
-16.330601674446893
 10
30.75397469882304
 20
-16.302380426571293
 10
30.78408143529464
 20
-16.284304586553557
 10
30.818813757412332
 20
-16.279126037178482
 10
30.85288398398298
 20
-16.287633165644763
 10
30.88110523185858
 20
-16.308530838760714
 10
30.899181071876317
 20
-16.338637575232315
 10
30.90435962125139
 20
-16.373369897350006
 10
30.89585249278511
 20
-16.407440123920654
 10
30.759195760300024
 20
-16.696935339037037
 10
30.758830418277267
 20
-16.69769993842424
 10
30.619454014725655
 20
-16.98589563624397
 10
30.61908148984766
 20
-16.986656761878663
 10
30.61082109151434
 20
-17.003334715612095
 10
30.889299562639938
 20
-17.108947668937546
 10
30.90238512280611
 20
-17.115156844438633
 10
31.181129493462315
 20
-17.276089981872087
 10
31.193049577265896
 20
-17.284317821648198
 10
31.442368790822783
 20
-17.48788065874788
 10
31.4528146743546
 20
-17.4979140660707
 10
31.6662514941424
 20
-17.73883443228237
 10
31.674952634505942
 20
-17.75041354717254
 10
31.84697915900536
 20
-18.02245173156096
 10
31.853710201235714
 20
-18.035276661025055
 10
31.979871033823585
 20
-18.33138701750965
 10
31.984457647462637
 20
-18.345125602611176
 10
32.061485288844175
 20
-18.6576390284986
 10
32.063808683007906
 20
-18.671935447099976
 10
32.089708157732076
 20
-18.992758008815496
 10
32.089708157732076
 20
-19.007241991184504
 10
32.063808683007906
 20
-19.328064552900027
 10
32.06148528884417
 20
-19.342360971501403
 10
31.984457647462634
 20
-19.654874397388827
 10
31.97987103382358
 20
-19.668612982490355
 10
31.85371020123571
 20
-19.964723338974945
 10
31.84697915900536
 20
-19.97754826843904
 10
31.674952634505946
 20
-20.24958645282746
 10
31.6662514941424
 20
-20.26116556771763
 10
31.452814674354595
 20
-20.5020859339293
 10
31.44236879082278
 20
-20.51211934125212
 10
31.193049577265892
 20
-20.715682178351802
 10
31.18112949346231
 20
-20.72391001812791
 10
30.90238512280611
 20
-20.884843155561363
 10
30.889299562639934
 20
-20.891052331062454
 10
30.58834936766673
 20
-21.005187685104435
 10
30.574437240272747
 20
-21.00921738194655
 10
30.259075672950488
 20
-21.073598906879912
 10
30.24469729512049
 20
-21.07534475803155
 10
29.923092054391013
 20
-21.08830500617858
 10
29.90861981855819
 20
-21.087721795011962
 10
29.589100311224932
 20
-21.048925102753362
 10
29.574909040695427
 20
-21.04602793413136
 10
29.265750654162446
 20
-20.95647911541765
 10
29.252207895388654
 20
-20.951343024485762
 10
28.961417669473725
 20
-20.81336134668381
 10
28.948874172794195
 20
-20.806119355499305
 10
28.68398342160344
 20
-20.62327847158574
 10
28.67276405699338
 20
-20.61411814391625
 10
28.60280954583173
 20
-20.546925923898126
 10
28.560626445146983
 20
-20.61232519705868
 10
28.560163776081133
 20
-20.613035143783453
 10
28.384116985362727
 20
-20.880411413460724
 10
28.383647652335366
 20
-20.88111697247734
 10
28.205091196457218
 20
-21.14682383007235
 10
28.20461524107599
 20
-21.147524938831097
 10
28.023564949553258
 20
-21.41153882870869
 10
28.023082414012908
 20
-21.412235425054362
 10
27.83955433744601
 20
-21.67453294166563
 10
27.83906526452462
 20
-21.675224963843068
 10
27.653075673176414
 20
-21.93578285380019
 10
27.652580106231632
 20
-21.936470240459755
 10
27.464145488584936
 20
-22.19526540459755
 10
27.463643471550117
 20
-22.195948094800542
 10
27.272780532845935
 20
-22.452957590224322
 10
27.272272110226254
 20
-22.453635523448394
 10
27.0789977709829
 20
-22.708836565567793
 10
27.07848298785141
 20
-22.709509681712326
 10
26.88281438236442
 20
-22.962879646261285
 10
26.88229328435803
 20
-22.96354788565271
 10
26.684247759181066
 20
-23.215064310695247
 10
26.683720392496543
 20
-23.215727614092312
 10
26.48331550490377
 20
-23.46536820201365
 10
26.482781916293597
 20
-23.466026510612714
 10
26.280035432722997
 20
-23.713769130096196
 10
26.27949566949126
 20
-23.714422385536412
 10
26.074425563969708
 20
-23.960245073525428
 10
26.073879673967884
 20
-23.960893217893922
 10
25.866504126517594
 20
-24.204774181539047
 10
25.86595215814031
 20
-24.205417157376065
 10
25.65628955316725
 20
-24.44733477596696
 10
25.655731555348012
 20
-24.447972526270945
 10
25.44380048001201
 20
-24.68790535315316
 10
25.44323650221883
 20
-24.688537821385808
 10
25.22905574478572
 20
-24.926464585862107
 10
25.228485837016777
 20
-24.927091715953395
 10
25.012074385192893
 20
-25.162991325169394
 10
25.011498597972047
 20
-25.163613061522533
 10
24.792875637220792
 20
-25.397464602336694
 10
24.79229402159315
 20
-25.39808088983307
 10
24.571478933434296
 20
-25.62986363067061
 10
24.57089154096166
 20
-25.630474414674655
 10
24.34790390125291
 20
-25.860167807365652
 10
24.347310784009228
 20
-25.86077303372971
 10
24.12217036121095
 20
-26.08835671533056
 10
24.12157157177767
 20
-26.088956330399665
 10
23.894298325200328
 20
-26.314410124998375
 10
23.893693916661764
 20
-26.315004075615025
 10
23.664307994696372
 20
-26.538307996119947
 10
23.663698020634985
 20
-26.538896229628804
 10
23.432219758967033
 20
-26.760030479540404
 10
23.43160427345868
 20
-26.760612943792964
 10
23.19805419326525
 20
-26.979557918958925
 10
23.197433250874393
 20
-26.980134562318156
 10
22.961832057004916
 20
-27.196870852671296
 10
22.961205712779787
 20
-27.197441624016193
 10
22.723574291920446
 20
-27.411950015295307
 10
22.722942601388166
 20
-27.41251486402544
 10
22.483302020210324
 20
-27.624776339478583
 10
22.48266503937197
 20
-27.625335215518575
 10
22.241036542664574
 20
-27.83533095758895
 10
22.24039432799023
 20
-27.83588381139292
 10
21.99679933677622
 20
-28.043595203387266
 10
21.996151945199966
 20
-28.044141985943224
 10
21.75061205483744
 20
-28.249550613682036
 10
21.749959543752297
 20
-28.250091276516223
 10
21.502496522019943
 20
-28.45317892996634
 10
21.50183894927279
 20
-28.45371342514753
 10
21.252474734440128
 20
-28.654462100036437
 10
21.251812158326583
 20
-28.654990380180166
 10
21.00056885720901
 20
-28.853382279592232
 10
20.999901336468238
 20
-28.853904297865043
 10
20.746801222467315
 20
-29.049921833819106
 10
20.746128816276848
 20
-29.05043754394265
 10
20.491194327405662
 20
-29.244063338951346
 10
20.490517095376138
 20
-29.24457269520653
 10
20.233770832269986
 20
-29.43578958381689
 10
20.23308883443986
 20
-29.436292541047887
 10
19.974553558352895
 20
-29.625083571362936
 10
19.973866855183136
 20
-29.625580084981227
 10
19.730227875048485
 20
-29.8
 10
19.417212595490703
 20
-29.8
 10
19.609131232799374
 20
-29.665321336538298
 10
19.868743561340644
 20
-29.47946618209229
 10
20.126594471759557
 20
-29.29117489827814
 10
20.382661104873506
 20
-29.100464177628872
 10
20.63692075967777
 20
-28.907350927169503
 10
20.889350895364515
 20
-28.71185226691333
 10
21.13992913331499
 20
-28.513985528348787
  0
LWPOLYLINE
  5
B1
330
17
100
AcDbEntity
  8
ENGRAVE_LINES
100
AcDbPolyline
 90
39
 70
1
 10
28.4
 20
-19.31
 10
29.158648512307057
 20
-19.31
 10
29.24941381073719
 20
-19.156917674434574
 10
29.40965744094514
 20
-18.88076069273329
 10
29.567293825083095
 20
-18.60310718571293
 10
29.722308988256685
 20
-18.323981768112372
 10
29.87468918795051
 20
-18.043409185158307
 10
30.024420915246342
 20
-17.761414310371613
 10
30.17149089601863
 20
-17.478022143366193
 10
30.31588609211436
 20
-17.193257807626914
 10
30.34806799931757
 20
-17.12828172079297
 10
30.230189767148016
 20
-17.104216707392748
 10
29.923103843924117
 20
-17.091841567738886
 10
29.618009490750914
 20
-17.128886729171086
 10
29.322808491116884
 20
-17.214392741467194
 10
29.045146395850605
 20
-17.34614504382296
 10
28.792214507370254
 20
-17.52073132081371
 10
28.570563628728504
 20
-17.733629879571293
 10
28.385934401254328
 20
-17.979326759254356
 10
28.24310862495801
 20
-18.25145853973777
 10
28.145785412422722
 20
-18.542977150851222
 10
28.09648538373158
 20
-18.8463324136946
 10
28.09648538373158
 20
-19.153667586305396
 10
28.145785412422722
 20
-19.45702284914878
 10
28.24310862495801
 20
-19.74854146026223
 10
28.385934401254328
 20
-20.02067324074564
 10
28.570031800241274
 20
-20.265662385247087
 10
28.5826543903733
 20
-20.246092742270683
 10
28.753182652146798
 20
-19.97616532332059
 10
28.921161866124475
 20
-19.704644268453873
 10
29.051175268255673
 20
-19.49
 10
28.4
 20
-19.49
 10
28.36555849108714
 20
-19.483149157926015
 10
28.33636038969321
 20
-19.46363961030679
 10
28.316850842073983
 20
-19.434441508912858
 10
28.31
 20
-19.4
 10
28.316850842073983
 20
-19.36555849108714
 10
28.33636038969321
 20
-19.33636038969321
 10
28.36555849108714
 20
-19.316850842073983
  0
LWPOLYLINE
  5
B2
330
17
100
AcDbEntity
  8
ENGRAVE_LINES
100
AcDbPolyline
 90
60
 70
1
 10
29.56597979055261
 20
-18.96999915158895
 10
29.565557945681284
 20
-18.970734089627864
 10
29.404889010638108
 20
-19.247624023393747
 10
29.404460264691142
 20
-19.248354956995016
 10
29.367909796148027
 20
-19.31
 10
31.6
 20
-19.31
 10
31.63444150891286
 20
-19.316850842073983
 10
31.66363961030679
 20
-19.33636038969321
 10
31.683149157926017
 20
-19.36555849108714
 10
31.69
 20
-19.4
 10
31.683149157926017
 20
-19.434441508912858
 10
31.66363961030679
 20
-19.46363961030679
 10
31.63444150891286
 20
-19.483149157926015
 10
31.6
 20
-19.49
 10
29.261184518379487
 20
-19.49
 10
29.24119140738778
 20
-19.523719846448294
 10
29.240755798374668
 20
-19.524446710812672
 10
29.074901493039064
 20
-19.798262144107486
 10
29.074459059577727
 20
-19.798984874796467
 10
28.906034009644873
 20
-20.071226577450375
 10
28.90558479095824
 20
-20.071945110391923
 10
28.734603927766603
 20
-20.342588947438003
 10
28.734147963679135
 20
-20.343303218932213
 10
28.702210237681413
 20
-20.392818404699657
 10
28.792214507370254
 20
-20.47926867918629
 10
29.045146395850605
 20
-20.653854956177035
 10
29.322808491116888
 20
-20.785607258532806
 10
29.618009490750914
 20
-20.87111327082891
 10
29.923103843924114
 20
-20.90815843226111
 10
30.230189767148012
 20
-20.895783292607252
 10
30.531313896315847
 20
-20.834308361484
 10
30.8186772746555
 20
-20.72532580731614
 10
31.08483734161292
 20
-20.57165822101074
 10
31.32290069126142
 20
-20.377285512335224
 10
31.526701607893976
 20
-20.147241832345035
 10
31.690961754821558
 20
-19.887485191515456
 10
31.811426880520568
 20
-19.604743150400203
 10
31.884977001512855
 20
-19.30633857934652
 10
31.909707208298812
 20
-19.0
 10
31.884977001512855
 20
-18.693661420653484
 10
31.81142688052057
 20
-18.3952568495998
 10
31.690961754821554
 20
-18.112514808484526
 10
31.526701607893987
 20
-17.85275816765498
 10
31.322900691261424
 20
-17.622714487664776
 10
31.084837341612943
 20
-17.428341778989275
 10
30.81867727465549
 20
-17.27467419268386
 10
30.531313896315844
 20
-17.165691638515998
 10
30.53049080418287
 20
-17.165523603053938
 10
30.476997771326527
 20
-17.273527393069777
 10
30.476618096618644
 20
-17.274284977476096
 10
30.33183965923585
 20
-17.559805110177383
 10
30.33145286835727
 20
-17.560559086193415
 10
30.183992547114784
 20
-17.844703408269087
 10
30.183598674355572
 20
-17.845453709052812
 10
30.033469542011677
 20
-18.1281970303364
 10
30.03306862228972
 20
-18.128943589371605
 10
29.880283988200112
 20
-18.410260843899064
 10
29.879876057058038
 20
-18.411003595001272
 10
29.724449465995765
 20
-18.690869843233425
 10
29.724034559597776
 20
-18.69160872055573
  0
LWPOLYLINE
  5
B3
330
17
100
AcDbEntity
  8
ENGRAVE_LINES
100
AcDbPolyline
 90
195
 70
1
 10
15.409281904292545
 20
-24.061324644507657
 10
15.671292323705456
 20
-23.87598251007915
 10
15.931073694137437
 20
-23.68752878564731
 10
16.18858906487659
 20
-23.495990276441717
 10
16.443801807522252
 20
-23.301394226464296
 10
16.696675621194554
 20
-23.10376831461448
 10
16.947174537697183
 20
-22.903140650752626
 10
17.19526292663374
 20
-22.69953977170154
 10
17.4409055004761
 20
-22.492994637187145
 10
17.684067319583804
 20
-22.283534625719124
 10
17.924713797171403
 20
-22.07118953041428
 10
18.162810704232417
 20
-21.85598955475498
 10
18.39832417440331
 20
-21.63796530829723
 10
18.631220708784458
 20
-21.417147802313288
 10
18.861467180702128
 20
-21.19356844538334
 10
19.089030840421348
 20
-20.967259038927082
 10
19.313879319805565
 20
-20.738251772678947
 10
19.53598063691751
 20
-20.50657922011258
 10
19.755303200571586
 20
-20.272274333804337
 10
19.97181581482446
 20
-20.035370440749094
 10
20.18548768341509
 20
-19.795901237616935
 10
20.396288414142322
 20
-19.553900785963283
 10
20.604188023189522
 20
-19.30940350738211
 10
20.80915693938907
 20
-19.062444178610356
 10
21.01116600842906
 20
-18.813057926580576
 10
21.210186496998016
 20
-18.561280223427218
 10
21.40619009687495
 20
-18.307146881437333
 10
21.599148928953344
 20
-18.0506940479598
 10
21.789035547207643
 20
-17.791958200262577
 10
21.975822942596935
 20
-17.530976140344457
 10
22.15948454690728
 20
-17.26778498969959
 10
22.339994236529584
 20
-17.00242218403893
 10
22.517326336176144
 20
-16.73492546796443
 10
22.691455622532196
 20
-16.465332889600933
 10
22.862357327844347
 20
-16.19368279518323
 10
23.030007143442305
 20
-15.920013823603595
 10
23.19438122319783
 20
-15.644364900913732
 10
23.3554561869156
 20
-15.366775234789591
 10
23.513209123659124
 20
-15.087284308953938
 10
23.667617595009293
 20
-14.80593187756069
 10
23.818659638256428
 20
-14.522757959539613
 10
23.966313769523612
 20
-14.237802832905158
 10
24.1105589868232
 20
-13.951107029026119
 10
24.25137477304342
 20
-13.662711326861855
 10
24.388970812539938
 20
-13.372171697405104
 10
24.40990389847942
 20
-13.343976706957024
 10
24.440033303851383
 20
-13.325938677540007
 10
24.47477209981168
 20
-13.320803735617648
 10
24.508831619583326
 20
-13.329353629549265
 10
24.537026610031408
 20
-13.350286715488748
 10
24.555064639448425
 20
-13.380416120860708
 10
24.56019958137078
 20
-13.415154916821006
 10
24.551649687439166
 20
-13.449214436592655
 10
24.413823934269725
 20
-13.740239115805606
 10
24.413358738492608
 20
-13.741206441225703
 10
24.272071988063956
 20
-14.030566694717848
 10
24.271595288918622
 20
-14.031528403355772
 10
24.126867637536847
 20
-14.319183073182675
 10
24.1263795028279
 20
-14.320139028247173
 10
23.978231536224975
 20
-14.606047199062813
 10
23.977732035383585
 20
-14.606997264581011
 10
23.826184825789397
 20
-14.891118269457325
 10
23.82567402986343
 20
-14.892062310294063
 10
23.67074913300841
 20
-15.174355736505488
 10
23.670227114652313
 20
-15.175293618382549
 10
23.511946566701493
 20
-15.455719313154061
 10
23.51141340016597
 20
-15.456650902669255
 10
23.349799714584492
 20
-15.735168978887856
 10
23.34925547570594
 20
-15.736094143534011
 10
23.184331640056975
 20
-16.01266498542181
 10
23.183776406246697
 20
-16.013583593605613
 10
23.015565878921496
 20
-16.288167862355124
 10
23.014999729154688
 20
-16.28907978341583
 10
22.84352643603616
 20
-16.56163842278507
 10
22.84294945084067
 20
-16.562543527013105
 10
22.66823778190008
 20
-16.833037768881034
 10
22.667650043344974
 20
-16.83393592753643
 10
22.489724849172767
 20
-17.102327297417258
 10
22.48912644085664
 20
-17.10321838274797
 10
22.308013029127835
 20
-17.369468705263568
 10
22.307404036166925
 20
-17.370352590523645
 10
22.123128168041298
 20
-17.634423994833675
 10
22.12250867705738
 20
-17.63530055430129
 10
21.93509656351536
 20
-17.89715547948972
 10
21.93446666262342
 20
-17.898024588485047
 10
21.74394496073785
 20
-18.15762578890279
 10
21.743304739533563
 20
-18.15848732380574
 10
21.549700548678008
 20
-18.41579787436847
 10
21.549050098224978
 20
-18.416651712636277
 10
21.352390956219296
 20
-18.671635014076386
 10
21.35173036903612
 20
-18.672481034261036
 10
21.152044248229412
 20
-18.925100818333654
 10
21.151373618276505
 20
-18.92593890009917
 10
20.948688921568504
 20
-19.176159234740652
 10
20.948008344234744
 20
-19.176989258880177
 10
20.742353901035763
 20
-19.424774553319185
 10
20.74166347312493
 20
-19.425596401771976
 10
20.533068535255282
 20
-19.67091141159173
 10
20.532368354972263
 20
-19.67172496745994
 10
20.320862592501513
 20
-19.914534799611346
 10
20.320152759438365
 20
-19.915339947176626
 10
20.1057662564652
 20
-20.155610064941325
 10
20.105046871586957
 20
-20.156406689681322
 10
19.88781012196002
 20
-20.394102917584153
 10
19.88708128759036
 20
-20.39489090618878
 10
19.66702519057086
 20
-20.629979434858875
 10
19.666287010377523
 20
-20.63075867524642
 10
19.443442866244293
 20
-20.863206066226052
 10
19.44269544522435
 20
-20.86397644755914
 10
19.217094950821636
 20
-21.093749638060068
 10
19.216338395286552
 20
-21.094511050761398
 10
18.988013639515668
 20
-21.321577358367517
 10
18.987248057076183
 20
-21.32232969413549
 10
18.75623151633111
 20
-21.54665682145162
 10
18.755457015881927
 20
-21.547399973275702
 10
18.521781549430074
 20
-21.768956012521382
 10
18.520998241134375
 20
-21.76968987469735
 10
18.284697086442687
 20
-21.988443312245394
 10
18.283905081716473
 20
-21.989167780390357
 10
18.04501184972379
 20
-22.20508750124932
 10
18.044211261219996
 20
-22.20580247231658
 10
17.802759931556377
 20
-22.41885776455637
 10
17.801950873148908
 20
-22.41956313685007
 10
17.557975789302365
 20
-22.62972369597047
 10
17.557158376069832
 20
-22.63041936916005
 10
17.310694240501473
 20
-22.837655302401046
 10
17.309868588710888
 20
-22.838341177535543
 10
17.060950457918896
 20
-23.042623008129247
 10
17.06011668500909
 20
-23.04329898765134
 10
16.808779964542236
 20
-23.244597659014794
 10
16.807938189107166
 20
-23.245263646774692
 10
16.55421862852905
 20
-23.44355052664262
 10
16.553368970300944
 20
-23.444206427911737
 10
16.297302658104837
 20
-23.639453312409316
 10
16.296445237937146
 20
-23.64009903389375
 10
16.038068596412987
 20
-23.832278151548106
 10
16.03720353626321
 20
-23.8329136014019
 10
15.776553316316878
 20
-24.02199761709242
 10
15.7756807392292
 20
-24.02262270493063
 10
15.512794015155254
 20
-24.208584723776898
 10
15.511914045243058
 20
-24.209199360688455
 10
15.246828209451253
 20
-24.39201293187584
 10
15.245940971879456
 20
-24.392617030436185
 10
14.978693729576248
 20
-24.572256150978053
 10
14.977799350543505
 20
-24.572849625261583
 10
14.7084287143689
 20
-24.749288743697942
 10
14.707527321089652
 20
-24.74987150929022
 10
14.43607160571031
 20
-24.923085529322137
 10
14.435163326396687
 20
-24.923657503331913
 10
14.16166114305628
 20
-25.093621787391065
 10
14.160746106899863
 20
-25.09418288846206
 10
13.885236357926921
 20
-25.260873261215234
 10
13.884314695080375
 20
-25.261423409537702
 10
13.606836568355082
 20
-25.424816161325328
 10
13.605908409913631
 20
-25.425355278647427
 10
13.32650137329367
 20
-25.585427168856093
 10
13.325566851276466
 20
-25.585955178495
 10
13.044270646983351
 20
-25.742683438863054
 10
13.043329894314676
 20
-25.743200265715878
 10
12.760184533280777
 20
-25.89656260357199
 10
12.759237683771152
 20
-25.897068174126453
 10
12.474283439948689
 20
-26.047042775560477
 10
12.473330628275832
 20
-26.047537017905377
 10
12.186608032908458
 20
-26.194102550871033
 10
12.18564939459814
 20
-26.19458539470646
 10
11.897199230455733
 20
-26.337721012055685
 10
11.896234901862487
 20
-26.338192388703032
 10
11.606098197440454
 20
-26.4778777311511
 10
11.605128315728182
 20
-26.478337573562822
 10
11.313346339411511
 20
-26.614552772584304
 10
11.312371042533982
 20
-26.615001015353464
 10
11.018985296727445
 20
-26.747726696008215
 10
10.98478174816174
 20
-26.75568086716746
 10
10.950137860181789
 20
-26.749940431735386
 10
10.920327850684915
 20
-26.731379318969353
 10
10.899890023388608
 20
-26.70282329003108
 10
10.891935852229363
 20
-26.668619741465374
 10
10.897676287661437
 20
-26.633975853485424
 10
10.916237400427471
 20
-26.60416584398855
 10
10.944793429365744
 20
-26.58372801669224
 10
11.237690190235098
 20
-26.45122354943843
 10
11.52849954267094
 20
-26.31546240915345
 10
11.81766910754946
 20
-26.17624269279223
 10
12.105157754049014
 20
-26.03358420265079
 10
12.39092459043841
 20
-25.8875072301483
 10
12.674928969893012
 20
-25.738032552940975
 10
12.957130496275617
 20
-25.585181431967044
 10
13.237489029882779
 20
-25.428975608422395
 10
13.515964693154212
 20
-25.269437300668173
 10
13.792517876345025
 20
-25.106589201070364
 10
14.067109243159534
 20
-24.940454472772206
 10
14.339699736345588
 20
-24.7710567464
 10
14.610250583251808
 20
-24.598420116700833
 10
14.878723301341125
 20
-24.422569139116224
 10
15.145079703664209
 20
-24.243528826289612
  0
LWPOLYLINE
  5
B4
330
17
100
AcDbEntity
  8
ENGRAVE_LINES
100
AcDbPolyline
 90
18
 70
1
 10
1.5563603896932108
 20
-19.93636038969321
 10
1.585558491087142
 20
-19.916850842073984
 10
1.62
 20
-19.91
 10
3.6450000000000005
 20
-19.91
 10
3.6794415089128587
 20
-19.916850842073984
 10
3.70863961030679
 20
-19.93636038969321
 10
3.7281491579260164
 20
-19.96555849108714
 10
3.7350000000000003
 20
-20.0
 10
3.7281491579260164
 20
-20.03444150891286
 10
3.70863961030679
 20
-20.06363961030679
 10
3.6794415089128587
 20
-20.083149157926016
 10
3.6450000000000005
 20
-20.09
 10
1.62
 20
-20.09
 10
1.5855584910871419
 20
-20.083149157926016
 10
1.5563603896932108
 20
-20.06363961030679
 10
1.5368508420739844
 20
-20.03444150891286
 10
1.53
 20
-20.0
 10
1.5368508420739844
 20
-19.96555849108714
  0
LWPOLYLINE
  5
B5
330
17
100
AcDbEntity
  8
ENGRAVE_LINES
100
AcDbPolyline
 90
99
 70
1
 10
28.279368177205257
 20
-16.653354290321815
 10
28.034123046006442
 20
-16.854621768050677
 10
27.812246930229772
 20
-17.081392050971345
 10
27.616377343052676
 20
-17.330969447358026
 10
27.448842649632606
 20
-17.600387149947743
 10
27.311634389076993
 20
-17.886442503338262
 10
27.20638360037353
 20
-18.18573507498908
 10
27.134341433701984
 20
-18.494707077263325
 10
27.096364277607215
 20
-18.809685660000362
 10
27.09290357883143
 20
-19.126926570874176
 10
27.124000475820708
 20
-19.442658664532242
 10
27.19029641902788
 20
-19.757937186345263
 10
27.190679470382673
 20
-19.793051355066403
 10
27.177595753078414
 20
-19.825639204256237
 10
27.15303714447048
 20
-19.8507395292852
 10
27.120742470095095
 20
-19.86453103320265
 10
27.085628301373955
 20
-19.86491408455744
 10
27.05304045218412
 20
-19.851830367253182
 10
27.02794012715516
 20
-19.82727175864525
 10
27.01414862323771
 20
-19.794977084269863
 10
26.946841570701633
 20
-19.47489010753205
 10
26.94534884319622
 20
-19.465191701199412
 10
26.91328870985393
 20
-19.13967970472567
 10
26.912860689804415
 20
-19.12987643386153
 10
26.91642858483418
 20
-18.80280888407509
 10
26.917070360253376
 20
-18.793017283332123
 10
26.95622387093256
 20
-18.468282138021763
 10
26.957927812828416
 20
-18.458618603326116
 10
27.032201508707253
 20
-18.14007609423393
 10
27.03494736177113
 20
-18.13065549914922
 10
27.14345832739506
 20
-17.822092244146926
 10
27.14721345078315
 20
-17.813026574335016
 10
27.288671781194484
 20
-17.518110564672124
 10
27.293391536540085
 20
-17.509507586683306
 10
27.46611567079563
 20
-17.23174458438833
 10
27.471743952839848
 20
-17.2237065646055
 10
27.67368066326989
 20
-16.96639842835843
 10
27.680150566803004
 20
-16.959020917323492
 10
27.908899366392955
 20
-16.725226352193328
 10
27.91613398157829
 20
-16.718597048766984
 10
28.168975659334524
 20
-16.511095246394905
 10
28.176888985960577
 20
-16.50529295525193
 10
28.450817931051326
 20
-16.326550556701065
 10
28.459315900844096
 20
-16.321644251553646
 10
28.751075831267883
 20
-16.17378602554862
 10
28.760057426110876
 20
-16.169834029233495
 10
29.06618009717427
 20
-16.05461761434716
 10
29.07553854994355
 20
-16.051666905523227
 10
29.392384982407982
 20
-15.970461916558216
 10
29.402009046147494
 20
-15.968547571255979
 10
29.725812783952904
 20
-15.922319318190432
 10
29.735588054303065
 20
-15.921464092851892
 10
30.062499937649722
 20
-15.9107621058874
 10
30.07231021280904
 20
-15.91097616685287
 10
30.398444134365512
 20
-15.935927663971169
 10
30.408172796418995
 20
-15.937208466628693
 10
30.72965189673736
 20
-15.99751684131034
 10
30.73918329793142
 20
-15.999849160344318
 10
31.052186050929908
 20
-16.094797507426378
 10
31.06140688841462
 20
-16.098153617805817
 10
31.362212529094617
 20
-16.226613255565475
 10
31.37101319179134
 20
-16.230953262120412
 10
31.656045946174807
 20
-16.39139714927982
 10
31.664321817758573
 20
-16.396669460948097
 10
31.93019340927028
 20
-16.58719034910811
 10
31.937846111777862
 20
-16.593332292215045
 10
32.18139603878533
 20
-16.81166539793405
 10
32.18833460206596
 20
-16.818603961214674
 10
32.406667707784955
 20
-17.062153888222138
 10
32.41280965089189
 20
-17.06980659072972
 10
32.6033305390519
 20
-17.335678182241427
 10
32.60860285072018
 20
-17.343954053825193
 10
32.769046737879584
 20
-17.62898680820866
 10
32.77338674443452
 20
-17.637787470905383
 10
32.90184638219418
 20
-17.93859311158538
 10
32.909072507807736
 20
-17.972957841788514
 10
32.90259776445502
 20
-18.00747203121596
 10
32.88340787311779
 20
-18.036881207399293
 10
32.85442432079534
 20
-18.056708089859452
 10
32.8200595905922
 20
-18.063934215473004
 10
32.785545401164754
 20
-18.05745947212029
 10
32.75613622498142
 20
-18.038269580783055
 10
32.73630934252127
 20
-18.009286028460604
 10
32.60977946892796
 20
-17.712999191947777
 10
32.45415606654572
 20
-17.436530154623437
 10
32.2693593169451
 20
-17.178646589220133
 10
32.05758595888056
 20
-16.94241404111941
 10
31.82135341077989
 20
-16.730640683054915
 10
31.563469845376563
 20
-16.545843933454275
 10
31.28700080805225
 20
-16.390220531072053
 10
30.995232775706544
 20
-16.26562042164508
 10
30.69163408934317
 20
-16.173524766989207
 10
30.37981372477784
 20
-16.11502833794934
 10
30.063478391575277
 20
-16.09082650050431
 10
29.74638847019333
 20
-16.10120694972647
 10
29.432313311123547
 20
-16.146046289857267
 10
29.12498642740254
 20
-16.22481150115254
 10
28.828061113134254
 20
-16.336566276060754
 10
28.54506701560134
 20
-16.47998214941366
  0
LWPOLYLINE
  5
B6
330
17
100
AcDbEntity
  8
ENGRAVE_LINES
100
AcDbPolyline
 90
39
 70
1
 10
29.61210707870461
 20
-2.5264719045834956
 10
29.641181023260934
 20
-2.512707725757122
 10
29.69380967570656
 20
-2.4861787639207464
 10
29.672024055184913
 20
-2.6276822750197786
 10
29.671615147485845
 20
-2.6301159043595845
 10
29.64653677757989
 20
-2.7677923201701735
 10
29.645699116690377
 20
-2.771857008623763
 10
29.62062074678442
 20
-2.8807802310271184
 10
29.618565349613856
 20
-2.8882290192811277
 10
29.593486979707897
 20
-2.9659355250467154
 10
29.586513768637662
 20
-2.9819966812264616
 10
29.561435398731707
 20
-3.02714412977867
 10
29.544829601665526
 20
-3.048611482299652
 10
29.522579179014695
 20
-3.0641523449630474
 10
29.49750080910874
 20
-3.0765252591319636
 10
29.46532589254521
 20
-3.085488559520324
 10
29.43209798609629
 20
-3.0821014895854146
 10
29.402393376553174
 20
-3.0668305308200683
 10
29.37731500664722
 20
-3.0473068684016265
 10
29.352311336712287
 20
-3.016952612058455
 10
29.327232966806328
 20
-2.9674337115433405
 10
29.32198086252304
 20
-2.954743741691951
 10
29.296902492617086
 20
-2.8780513593437935
 10
29.295135323731905
 20
-2.8719191903868273
 10
29.27005695382595
 20
-2.7716644059949322
 10
29.269283305410415
 20
-2.7682985618878004
 10
29.245660436650684
 20
-2.6556678214194314
 10
29.26356322833926
 20
-2.6511844604835924
 10
29.329763228339264
 20
-2.6328644604835922
 10
29.360470878977896
 20
-2.6235445690797015
 10
29.418976922246458
 20
-2.604198092195188
 10
29.420574745829676
 20
-2.6127467037760854
 10
29.445095708426777
 20
-2.7296594378897496
 10
29.458431165863786
 20
-2.7829700563680837
 10
29.46982264321446
 20
-2.733493299081897
 10
29.494307915577398
 20
-2.599072898086258
 10
29.498024322087858
 20
-2.5749338303292126
 10
29.519364315427456
 20
-2.566716935697517
 10
29.549307078704608
 20
-2.5543219045834955
  0
LWPOLYLINE
  5
B7
330
17
100
AcDbEntity
  8
ENGRAVE_LINES
100
AcDbPolyline
 90
71
 70
1
 10
30.371367516368682
 20
-3.0341373501416222
 10
30.396316195108703
 20
-2.791425421775821
 10
30.421324963134893
 20
-2.5197391567167515
 10
30.446367808175243
 20
-2.227752675122022
 10
30.471434050131993
 20
-1.9248055260697308
 10
30.485241595378795
 20
-1.757391864663321
 10
30.499809835699445
 20
-1.7344072985487289
 10
30.516237332229693
 20
-1.7070241723128627
 10
30.550137332229692
 20
-1.6472341723128627
 10
30.56526183490563
 20
-1.6189548231804356
 10
30.59616183490563
 20
-1.5575848231804355
 10
30.60999814694548
 20
-1.5283115231627489
 10
30.637798146945478
 20
-1.465491523162749
 10
30.649622646636885
 20
-1.4369582145780122
 10
30.674422646636888
 20
-1.372848214578012
 10
30.68555006696494
 20
-1.3417580297279081
 10
30.70666314356983
 20
-1.2776822972409754
 10
30.7009407515149
 20
-1.3408160997518452
 10
30.675893246641163
 20
-1.635652997693191
 10
30.650823979225596
 20
-1.9396127365025846
 10
30.625743654063797
 20
-2.2427301312333374
 10
30.625720951761945
 20
-2.242999581869615
 10
30.60064258185599
 20
-2.5354002648260656
 10
30.600592897399494
 20
-2.5359590961592575
 10
30.57551452749354
 20
-2.808401491017896
 10
30.575421679489118
 20
-2.80935458018536
 10
30.55034330958316
 20
-3.0533282023388284
 10
30.55016807931003
 20
-3.0548974574791132
 10
30.525089709404075
 20
-3.2629212136725365
 10
30.524725182975498
 20
-3.2656045575332766
 10
30.499646813069543
 20
-3.431463526698496
 10
30.498721950717368
 20
-3.4365768477892056
 10
30.473643580811412
 20
-3.555513488486273
 10
30.47014530010955
 20
-3.5677458048786344
 10
30.44506693020359
 20
-3.63659953997138
 10
30.43169845491158
 20
-3.6608531230526804
 10
30.41158866783517
 20
-3.6798938396268044
 10
30.386510297929213
 20
-3.697184839489501
 10
30.354953575445027
 20
-3.710944935663382
 10
30.32053922838436
 20
-3.711850306883496
 10
30.288302657709828
 20
-3.699768482029433
 10
30.262960618869965
 20
-3.676467236395408
 10
30.23788224896401
 20
-3.642422219899767
 10
30.224150228834525
 20
-3.6149384026338285
 10
30.19907185892857
 20
-3.5314583272453106
 10
30.196909800964328
 20
-3.5226846824642744
 10
30.171831431058372
 20
-3.393256226634022
 10
30.171146734508245
 20
-3.3892370737147317
 10
30.14606836460229
 20
-3.2187917535886923
 10
30.14577394539208
 20
-3.2166049072473903
 10
30.12069557548612
 20
-3.0113314469499244
 10
30.120548691184418
 20
-3.010053332300082
 10
30.095470321278462
 20
-2.777170460809253
 10
30.095393617440376
 20
-2.7764293701518423
 10
30.07031524753442
 20
-2.523927495098653
 10
30.07027905104304
 20
-2.5235551848984272
 10
30.045200681137086
 20
-2.25991635228404
 10
30.044808277524066
 20
-2.2557527625976226
 10
30.062273209719507
 20
-2.241421155034231
 10
30.114373209719506
 20
-2.196551155034231
 10
30.138707453343496
 20
-2.174498983351009
 10
30.188407453343494
 20
-2.127118983351009
 10
30.210634629261364
 20
-2.1048786345317128
 10
30.211318834430532
 20
-2.104160074757003
 10
30.22439550197409
 20
-2.242909950039607
 10
30.249452453869818
 20
-2.506323623712878
 10
30.274475520514503
 20
-2.758268677201497
 10
30.29944513028722
 20
-2.990141579853568
 10
30.32431168575681
 20
-3.1936812798445344
 10
30.338733552316377
 20
-3.2916995988891364
 10
30.34654572111783
 20
-3.2400328330980335
  0
LWPOLYLINE
  5
B8
330
17
100
AcDbEntity
  8
ENGRAVE_LINES
100
AcDbPolyline
 90
498
 70
1
 10
30.924238254203637
 20
-0.3433754200299436
 10
30.925778271179198
 20
-0.35074027114954226
 10
30.950856641085153
 20
-0.5019827450252939
 10
30.951360745252856
 20
-0.5054366769126715
 10
30.97643911515881
 20
-0.7041588920308968
 10
30.97665968824377
 20
-0.7060711353043208
 10
31.001738058149726
 20
-0.945999861732697
 10
31.001849704626043
 20
-0.9471378768974844
 10
31.026928074531998
 20
-1.2206314430438379
 10
31.026987695297453
 20
-1.2213098586524325
 10
31.052066065203412
 20
-1.519610180324523
 10
31.052095899044524
 20
-1.5199738764946356
 10
31.07717426895048
 20
-1.8334968267017155
 10
31.07718338075969
 20
-1.8336116647129854
 10
31.102257231508908
 20
-2.1522084203940444
 10
31.127316460507025
 20
-2.465492076184545
 10
31.15235101784712
 20
-2.763271259419825
 10
31.1773460855138
 20
-3.0358563683350037
 10
31.20226495621793
 20
-3.2742591407040313
 10
31.220551178399468
 20
-3.4191600490041205
 10
31.224250441893375
 20
-3.3940790404001735
 10
31.24908648105152
 20
-3.1830166061191436
 10
31.274044285399373
 20
-2.935168090794928
 10
31.2990592484851
 20
-2.6591839002481583
 10
31.324106753358837
 20
-2.3643470023068054
 10
31.349176020774404
 20
-2.0603872634974194
 10
31.374256345936203
 20
-1.7572698687666666
 10
31.374279048238055
 20
-1.7570004181303887
 10
31.39935741814401
 20
-1.464599735173938
 10
31.399407102600506
 20
-1.4640409038407463
 10
31.42448547250646
 20
-1.1915985089821073
 10
31.424578320510882
 20
-1.1906454198146432
 10
31.449656690416838
 20
-0.9466717976612063
 10
31.449831920689967
 20
-0.9451025425209215
 10
31.474910290595925
 20
-0.737078786327466
 10
31.475274817024502
 20
-0.7343954424667262
 10
31.500353186930457
 20
-0.5685364733015027
 10
31.501278049282632
 20
-0.5634231522107921
 10
31.526356419188588
 20
-0.44448651151372764
 10
31.52985469989045
 20
-0.4322541951213674
 10
31.55493306979641
 20
-0.36340046002862114
 10
31.56830154508842
 20
-0.3391468769473205
 10
31.58841133216483
 20
-0.32010616037319717
 10
31.613489702070787
 20
-0.30281516051049984
 10
31.64504642455497
 20
-0.28905506433661826
 10
31.679460771615638
 20
-0.2881496931165036
 10
31.71169734229017
 20
-0.30023151797056546
 10
31.73703938113003
 20
-0.32353276360459077
 10
31.762117751035987
 20
-0.35757778010023017
 10
31.775849771165475
 20
-0.38506159736617024
 10
31.80092814107143
 20
-0.46854167275468767
 10
31.803090199035672
 20
-0.47731531753572415
 10
31.828168568941628
 20
-0.6067437733659795
 10
31.828853265491755
 20
-0.610762926285269
 10
31.85393163539771
 20
-0.7812082464113042
 10
31.85422605460792
 20
-0.7833950927526062
 10
31.87930442451388
 20
-0.9886685530500684
 10
31.879451308815582
 20
-0.9899466676999107
 10
31.904529678721538
 20
-1.222829539190734
 10
31.904606382559624
 20
-1.2235706298481448
 10
31.92968475246558
 20
-1.4760725049013388
 10
31.92972094895696
 20
-1.4764448151015648
 10
31.954799318862914
 20
-1.7400836477159567
 10
31.979875763383212
 20
-2.0061566967715327
 10
32.00492050310823
 20
-2.265768254250947
 10
32.02992817545557
 20
-2.5106913761006693
 10
32.05487577721
 20
-2.7332286512626114
 10
32.07970763740311
 20
-2.9264183805320956
 10
32.10180088294125
 20
-3.0681781666548553
 10
32.102711941191146
 20
-3.063755015560531
 10
32.12733511420189
 20
-2.9143707980270004
 10
32.15218960646116
 20
-2.7391961921811387
 10
32.17715334166071
 20
-2.5451535064198914
 10
32.20218042218181
 20
-2.339292765517565
 10
32.22724562253473
 20
-2.128769886313131
 10
32.227261160340205
 20
-2.128640185954276
 10
32.25233953024616
 20
-1.9205794582155467
 10
32.252399976001804
 20
-1.9200892982525761
 10
32.27747834590776
 20
-1.721220094762853
 10
32.27759938349551
 20
-1.720298631344442
 10
32.30267775340147
 20
-1.5367216956503365
 10
32.30289757490913
 20
-1.5352085359537735
 10
32.32797594481509
 20
-1.3723177249802199
 10
32.328384852514155
 20
-1.3698840956404132
 10
32.35346322242011
 20
-1.2322076798298274
 10
32.35430088330962
 20
-1.2281429913762387
 10
32.379379253215575
 20
-1.1192197689728827
 10
32.38143465038615
 20
-1.1117709807188734
 10
32.4065130202921
 20
-1.034064474953296
 10
32.413486231362334
 20
-1.0180033187735547
 10
32.43856460126829
 20
-0.9728558702213396
 10
32.45517039833447
 20
-0.9513885177003542
 10
32.4774208209853
 20
-0.9358476550369574
 10
32.502499190891264
 20
-0.9234747408680375
 10
32.5346741074548
 20
-0.9145114404796764
 10
32.56790201390372
 20
-0.9178985104145876
 10
32.597606623446836
 20
-0.9331694691799377
 10
32.62268499335279
 20
-0.9526931315983833
 10
32.64768866328772
 20
-0.9830473879415507
 10
32.67276703319367
 20
-1.0325662884566598
 10
32.67801913747696
 20
-1.0452562583080476
 10
32.703097507382914
 20
-1.1219486406562038
 10
32.704864676268095
 20
-1.1280808096131705
 10
32.72994304617405
 20
-1.228335594005066
 10
32.73071669458959
 20
-1.231701438112198
 10
32.755795064495544
 20
-1.351271817179046
 10
32.75617953073808
 20
-1.3532106385218807
 10
32.781257900644036
 20
-1.4873839262740032
 10
32.78145134848079
 20
-1.4884547043664813
 10
32.80652971838675
 20
-1.6322318195500487
 10
32.80660807550531
 20
-1.632687975724178
 10
32.831682039009124
 20
-1.7809397730022554
 10
32.856709697847165
 20
-1.928391178247914
 10
32.881642933874744
 20
-2.0700043887991493
 10
32.906444568991155
 20
-2.201276255798756
 10
32.931027572765025
 20
-2.318099039156882
 10
32.955188992451596
 20
-2.4167513902615254
 10
32.978399564162345
 20
-2.4936754168498743
 10
32.9796870168749
 20
-2.4968635725944064
 10
32.98517677354123
 20
-2.4842248546733345
 10
33.00862655610077
 20
-2.418070296047486
 10
33.03289181119666
 20
-2.3400370100717276
 10
33.05757938324297
 20
-2.2541202086477563
 10
33.08253686462266
 20
-2.163955023927364
 10
33.10761161316075
 20
-2.073259657318998
 10
33.10781902535651
 20
-2.0725216979294285
 10
33.13289739526247
 20
-1.9847314583809352
 10
33.133358551984664
 20
-1.9831706884143858
 10
33.15843692189062
 20
-1.901034057563293
 10
33.159262128308406
 20
-1.8984694301583203
 10
33.18434049821437
 20
-1.8243527503162187
 10
33.1857681652512
 20
-1.8204348187923847
 10
33.21084653515715
 20
-1.756273787103338
 10
33.21339119642604
 20
-1.750390504834723
 10
33.23846956633199
 20
-1.6976479350254845
 10
33.24330663223399
 20
-1.6887923344851261
 10
33.268385002139944
 20
-1.6484357894707748
 10
33.27832630410282
 20
-1.6352957011512588
 10
33.303404674008775
 20
-1.6077947136561654
 10
33.32449033298362
 20
-1.5907369192569116
 10
33.34956870288958
 20
-1.576078779961843
 10
33.386844204433935
 20
-1.5641484999008914
 10
33.41192257433989
 20
-1.5618709319012969
 10
33.45117344389289
 20
-1.5670501682280205
 10
33.47625181379885
 20
-1.5762886454899174
 10
33.500469102277606
 20
-1.5897559689374576
 10
33.52554747218357
 20
-1.60930299265918
 10
33.53765402677148
 20
-1.620684067798268
 10
33.56273239667743
 20
-1.6490574002897533
 10
33.568817330809445
 20
-1.6567486615177731
 10
33.5938957007154
 20
-1.6922653387504796
 10
33.5970772324166
 20
-1.6970930908341453
 10
33.62215560232256
 20
-1.7379459927210472
 10
33.623789975994555
 20
-1.7407183899310683
 10
33.64886834590051
 20
-1.7850522365877777
 10
33.64954621212212
 20
-1.7862725651311828
 10
33.67460679132391
 20
-1.832223796458127
 10
33.69932500884349
 20
-1.8774583745408153
 10
33.72335158625444
 20
-1.919816219313199
 10
33.74653329543108
 20
-1.9578412333104254
 10
33.76855271851272
 20
-1.99023980310805
 10
33.78887058199362
 20
-2.0159714217035924
 10
33.80667407023864
 20
-2.0344228732781153
 10
33.82096770123772
 20
-2.0457442512754405
 10
33.83110184986341
 20
-2.0512563724032242
 10
33.837827480907734
 20
-2.053285275204467
 10
33.84378982722152
 20
-2.053725933955945
 10
33.852085497266316
 20
-2.052629828343372
 10
33.864332035716124
 20
-2.048824279717726
 10
33.880496268512545
 20
-2.041423041803468
 10
33.89983592601134
 20
-2.0303776215589084
 10
33.92159331551546
 20
-2.0162416608401643
 10
33.94522055918235
 20
-1.9998365921752232
 10
33.96998599742636
 20
-1.9823267785352867
 10
33.97078236300495
 20
-1.9817701502960285
 10
33.995860732910906
 20
-1.9644421044732345
 10
33.99796531774932
 20
-1.9630312798484728
 10
34.023043687655274
 20
-1.9467267110076385
 10
34.02641105380012
 20
-1.944641390035401
 10
34.05148942370607
 20
-1.9298643930235742
 10
34.0560856087898
 20
-1.9273336869790632
 10
34.081163978695756
 20
-1.914463262067528
 10
34.08690366594965
 20
-1.9117686652287964
 10
34.111982035855604
 20
-1.9010564158351553
 10
34.11867058301447
 20
-1.8985088651578554
 10
34.143748952920426
 20
-1.890082640213563
 10
34.151052979300694
 20
-1.8879674056717024
 10
34.17613134920665
 20
-1.881840166437289
 10
34.18360344118338
 20
-1.8803466171723124
 10
34.20868181108934
 20
-1.8764296234603612
 10
34.21584000793544
 20
-1.8756035377706173
 10
34.240918377841396
 20
-1.8737228203009142
 10
34.24734391983547
 20
-1.8734713177155713
 10
34.27242228974143
 20
-1.8733863341594679
 10
34.277827154340294
 20
-1.8735304268787822
 10
34.30290552424625
 20
-1.8749537885359038
 10
34.307147387925944
 20
-1.8752953153650636
 10
34.3322257578319
 20
-1.877912516034643
 10
34.33528283114127
 20
-1.878284530433149
 10
34.360361201047226
 20
-1.881772703067316
 10
34.36229317713341
 20
-1.8820628313769143
 10
34.387371547039365
 20
-1.8861076936060068
 10
34.38828586637397
 20
-1.8862599980381016
 10
34.413364236279925
 20
-1.8905703151015423
 10
34.43811994816197
 20
-1.8948338229776445
 10
34.46220332941299
 20
-1.898784553485731
 10
34.48578876815143
 20
-1.9023043873264476
 10
34.50903810530874
 20
-1.9053215487043578
 10
34.532109435113355
 20
-1.9078033719468908
 10
34.55514926473077
 20
-1.9097478422955756
 10
34.578284438511325
 20
-1.9111770894959925
 10
34.601615536103886
 20
-1.912132652561086
 10
34.625213000019556
 20
-1.912671714872773
 10
34.649116396242015
 20
-1.9128633502756647
 10
34.67333644608292
 20
-1.912784129397886
 10
34.697859067978605
 20
-1.9125129762453834
 10
34.722650632334236
 20
-1.9121256625267964
 10
34.74764758666052
 20
-1.911689895446407
 10
34.772758367593845
 20
-1.9112611852060166
 10
34.77292849747643
 20
-1.9112584415258123
 10
34.798006867382384
 20
-1.9108777154244294
 10
34.79825790000058
 20
-1.9108742545878823
 10
34.823336269906534
 20
-1.9105634983742468
 10
34.82361692614878
 20
-1.9105604583338915
 10
34.848695296054736
 20
-1.9103279204355883
 10
34.848963675701924
 20
-1.9103258320940386
 10
34.87404204560788
 20
-1.9101680846717952
 10
34.87426825269311
 20
-1.9101669460774937
 10
34.899346622599076
 20
-1.910072233377775
 10
34.89951403746898
 20
-1.9100717568192738
 10
34.92459240737494
 20
-1.9100236946182418
 10
34.924697582019114
 20
-1.9100235545072548
 10
34.94977595192507
 20
-1.9100047991518128
 10
34.97490558545832
 20
-1.9100003045984528
 10
34.99999891200482
 20
-1.9100000000065762
 10
35.03444050373386
 20
-1.91685042572233
 10
35.06363884097337
 20
-1.9363596203690912
 10
35.08314874156221
 20
-1.9655574859131804
 10
35.089999999993424
 20
-1.99999891200482
 10
35.08314957427767
 20
-2.034440503733863
 10
35.06364037963091
 20
-2.0636388409733692
 10
35.03444251408682
 20
-2.0831487415622103
 10
35.00000108799518
 20
-2.089999999993424
 10
34.97493019640889
 20
-2.090000303071304
 10
34.94988493664114
 20
-2.090004767983259
 10
34.92488478590809
 20
-2.0900234648409444
 10
34.89994271093985
 20
-2.0900712658354177
 10
34.875061152505374
 20
-2.0901652352433726
 10
34.85023007680718
 20
-2.0903214271409163
 10
34.825426225659164
 20
-2.090551419578121
 10
34.80061370022675
 20
-2.0908588816054787
 10
34.77574591045443
 20
-2.091236410794398
 10
34.75076880975789
 20
-2.091662832937223
 10
34.7257066453144
 20
-2.0920997368130005
 10
34.725543811720044
 20
-2.0921024280926677
 10
34.70046544181409
 20
-2.092494222517781
 10
34.70005465423579
 20
-2.0924997024096283
 10
34.67497628432984
 20
-2.092777000615691
 10
34.674275568852146
 20
-2.0927820205164482
 10
34.64919719894618
 20
-2.0928640488562023
 10
34.648181307442286
 20
-2.0928616381216747
 10
34.62310293753633
 20
-2.092660582862578
 10
34.62176902061537
 20
-2.092640000883943
 10
34.59669065070941
 20
-2.0920671086399647
 10
34.595063072789735
 20
-2.092015192583922
 10
34.56998470288378
 20
-2.0909880671381598
 10
34.56811826187539
 20
-2.090892203342119
 10
34.543039891969435
 20
-2.089342909166977
 10
34.541020605281794
 20
-2.0891953441878868
 10
34.51594223537584
 20
-2.0870788291144153
 10
34.51388504845893
 20
-2.086881398575083
 10
34.488806678552976
 20
-2.084183674523434
 10
34.48685005991557
 20
-2.0839515051022794
 10
34.46177169000961
 20
-2.0806969826791577
 10
34.4600699675953
 20
-2.080459604530715
 10
34.43499159768935
 20
-2.0767169692529097
 10
34.4337066460703
 20
-2.0765157042798723
 10
34.40862827616434
 20
-2.072401752005155
 10
34.40792226828207
 20
-2.072283050268738
 10
34.382858952863295
 20
-2.06796656060023
 10
34.35825240584131
 20
-2.0637373375726193
 10
34.334596001246
 20
-2.0599218225378477
 10
34.31201054772328
 20
-2.0567803918466345
 10
34.29058079083426
 20
-2.0545439636302394
 10
34.270327658330196
 20
-2.053394465782054
 10
34.2511711521122
 20
-2.0534593818043883
 10
34.23289670439046
 20
-2.0548298485934313
 10
34.21514857222512
 20
-2.057601931561791
 10
34.19747133932347
 20
-2.0619208978820507
 10
34.17939522576143
 20
-2.067994394666869
 10
34.16052777404565
 20
-2.076053644488922
 10
34.14060675015913
 20
-2.0862772771673526
 10
34.11949620479305
 20
-2.098716301990832
 10
34.09714079231552
 20
-2.113250554538824
 10
34.07350446944077
 20
-2.1295822095623387
 10
34.04882278000311
 20
-2.1470328106021443
 10
34.04819504375714
 20
-2.1474726392800365
 10
34.023116673851185
 20
-2.164885266250509
 10
34.02082031856396
 20
-2.166427930462802
 10
33.99574194865801
 20
-2.182721560349494
 10
33.99134326024024
 20
-2.1854035827668667
 10
33.96626489033428
 20
-2.19972654245098
 10
33.95909818750966
 20
-2.2034045010400956
 10
33.934019817603705
 20
-2.21488732144447
 10
33.92325901082356
 20
-2.219003398227129
 10
33.8981806409176
 20
-2.2267963722597672
 10
33.88326257586511
 20
-2.2300748537964954
 10
33.858184205959155
 20
-2.2333884549715237
 10
33.839761452308714
 20
-2.2339191407992596
 10
33.81468308240276
 20
-2.2320656753025796
 10
33.795323536377325
 20
-2.2284751988323817
 10
33.77024516647137
 20
-2.220909875278731
 10
33.75323535793506
 20
-2.2138068457528313
 10
33.728156988029106
 20
-2.2001663301343206
 10
33.71527965988876
 20
-2.1916553366706504
 10
33.6902012899828
 20
-2.171791825063248
 10
33.681314844032556
 20
-2.163733359550822
 10
33.656236474126594
 20
-2.1377422548010454
 10
33.650368262369135
 20
-2.131023800303801
 10
33.62528989246318
 20
-2.09926322419674
 10
33.6214889848226
 20
-2.0940791112081274
 10
33.59641061491664
 20
-2.0571797194849077
 10
33.59400089928618
 20
-2.0534384203327143
 10
33.568922529380224
 20
-2.012302309123866
 10
33.567484901262006
 20
-2.009858359031196
 10
33.54240653135605
 20
-1.9656462483567545
 10
33.541711966752175
 20
-1.9643988060319941
 10
33.51663359684622
 20
-1.9185051455850366
 10
33.4918538195399
 20
-1.8730688584108515
 10
33.46791151343646
 20
-1.8307433591308682
 10
33.445188307977226
 20
-1.7937270424139733
 10
33.42461090798245
 20
-1.764584762567099
 10
33.41493456499389
 20
-1.7536370774525765
 10
33.39885894018591
 20
-1.7795062499159402
 10
33.37732764886336
 20
-1.8247889233879933
 10
33.35417601550919
 20
-1.8840205515544384
 10
33.330197883029186
 20
-1.954885586837668
 10
33.30575055588295
 20
-2.034955427606264
 10
33.281000985645576
 20
-2.121594659263242
 10
33.25602475047561
 20
-2.2119337030146164
 10
33.23093913388586
 20
-2.3025618238249685
 10
33.230700474897546
 20
-2.303407943920037
 10
33.20562210499159
 20
-2.3906847860171534
 10
33.2050630421897
 20
-2.3925538532845625
 10
33.179984672283744
 20
-2.4732019900110953
 10
33.17887224649626
 20
-2.4765468944680173
 10
33.153793876590306
 20
-2.5472958870427447
 10
33.15151456595931
 20
-2.5530828344453673
 10
33.126436196053355
 20
-2.6108191718509737
 10
33.1211075981395
 20
-2.621190865190203
 10
33.09602922823355
 20
-2.663082679958279
 10
33.08051211866813
 20
-2.682373643158856
 10
33.05543374876218
 20
-2.7059916276904272
 10
33.032525726387476
 20
-2.7216820784768183
 10
33.00592511893707
 20
-2.7296429464112664
 10
32.98084674903111
 20
-2.733072614254062
 10
32.94690109016459
 20
-2.7312347170210196
 10
32.916058796389294
 20
-2.716936516546845
 10
32.89098042648334
 20
-2.6988770577863033
 10
32.8672381619496
 20
-2.6735179968603875
 10
32.842159792043645
 20
-2.6333632743693034
 10
32.835042880615696
 20
-2.619388492679609
 10
32.80996451070974
 20
-2.5572862124953466
 10
32.80725378538569
 20
-2.5495844765912294
 10
32.782175415479735
 20
-2.466470229450789
 10
32.78092213985225
 20
-2.461881478584573
 10
32.755843769946296
 20
-2.359485171364696
 10
32.755188995577036
 20
-2.3566084079086327
 10
32.73011062567108
 20
-2.2374315570466345
 10
32.72974636641467
 20
-2.235607154146637
 10
32.70466799650872
 20
-2.1028705654737543
 10
32.70446679366657
 20
-2.1017680372962464
 10
32.67938842376061
 20
-1.9593305103805296
 10
32.679294169524034
 20
-1.9587853689151837
 10
32.65421579961808
 20
-1.8110351974815244
 10
32.62916719370674
 20
-1.6629334220173781
 10
32.60422207621989
 20
-1.5199202579391782
 10
32.57942525417038
 20
-1.387253296224223
 10
32.5549042915732
 20
-1.2703405621101613
 10
32.541568834136214
 20
-1.2170299436319336
 10
32.53017735678553
 20
-1.2665067009181756
 10
32.5056920844226
 20
-1.4009271019137446
 10
32.48091782254572
 20
-1.5618426487985397
 10
32.45600583393637
 20
-1.744201651720178
 10
32.4310164992512
 20
-1.9423648139677474
 10
32.405975495750624
 20
-2.1501155342568268
 10
32.380904847684704
 20
-2.3606841688596125
 10
32.380878234813665
 20
-2.3609053583484085
 10
32.35579986490771
 20
-2.5671879810901954
 10
32.35572200430933
 20
-2.567810316921806
 10
32.33064363440337
 20
-2.7627440562907686
 10
32.33048686295237
 20
-2.763903080302331
 10
32.305408493046414
 20
-2.9406555771027287
 10
32.30510268382418
 20
-2.942649925572777
 10
32.280024313918226
 20
-3.0947957381284104
 10
32.27937209221992
 20
-3.098315036077498
 10
32.25429372231397
 20
-3.2200695114973215
 10
32.252579723393985
 20
-3.2269908064347907
 10
32.22750135348803
 20
-3.3134279944771716
 10
32.22056107532702
 20
-3.3305461512002843
 10
32.195482705421064
 20
-3.3777925512360447
 10
32.17026672685729
 20
-3.407386209513941
 10
32.13492109681453
 20
-3.4235824011057217
 10
32.109842726908575
 20
-3.428979001733439
 10
32.07418311514313
 20
-3.429425239056846
 10
32.04114970260157
 20
-3.415986463261771
 10
32.015929171579316
 20
-3.3907727397373337
 10
31.990850801673364
 20
-3.352998772725293
 10
31.97987131936873
 20
-3.329883373422675
 10
31.954792949462767
 20
-3.2490364295734877
 10
31.952584783039136
 20
-3.2404409535083567
 10
31.92750641313318
 20
-3.1180695579518094
 10
31.92674747784908
 20
-3.113859986770692
 10
31.901669107943125
 20
-2.9529463560395603
 10
31.901329993029602
 20
-2.9505610283686057
 10
31.876251623123647
 20
-2.7554534748073776
 10
31.876077507617495
 20
-2.754006283355482
 10
31.85099913771154
 20
-2.530302531816248
 10
31.850904371677267
 20
-2.529417712027706
 10
31.82582600177131
 20
-2.283802184002617
 10
31.825776392121156
 20
-2.2833025215598286
 10
31.8006980222152
 20
-2.0233423565984663
 10
31.800679195205213
 20
-2.0231449217225346
 10
31.77560449802591
 20
-1.7570900499603896
 10
31.750547546130182
 20
-1.4936763762871141
 10
31.725524479485497
 20
-1.241731322798493
 10
31.70055486971278
 20
-1.0098584201464256
 10
31.67568831424319
 20
-0.8063187201554637
 10
31.661266447683623
 20
-0.7083004011108633
 10
31.65345427888217
 20
-0.7599671669019674
 10
31.628632483631314
 20
-0.9658626498584124
 10
31.603683804891297
 20
-1.208574578224182
 10
31.578675036865107
 20
-1.4802608432832494
 10
31.553632191824757
 20
-1.772247324877994
 10
31.528565949867996
 20
-2.075194473930411
 10
31.503488556028106
 20
-2.3792527439722284
 10
31.503470079475896
 20
-2.3794734529049686
 10
31.478391709569937
 20
-2.674673666489982
 10
31.478347300746396
 20
-2.675179486305604
 10
31.45326893084044
 20
-2.9518632293520333
 10
31.45318350250447
 20
-2.9527562140572376
 10
31.428105132598514
 20
-3.2018020299996595
 10
31.427941294295476
 20
-3.2033026981909165
 10
31.402862924389517
 20
-3.416424515500333
 10
31.402516378333726
 20
-3.4190389095090477
 10
31.37743800842777
 20
-3.5890702718113245
 10
31.376532604142252
 20
-3.594182599433256
 10
31.351454234236297
 20
-3.7153248370449568
 10
31.347767183409083
 20
-3.7282115853594955
 10
31.322688813503127
 20
-3.7962370995305057
 10
31.30516919134435
 20
-3.825281233239446
 10
31.278143795716264
 20
-3.8457782294738805
 10
31.25306542581031
 20
-3.8581815803322494
 10
31.220494225632233
 20
-3.86721027711032
 10
31.186889494157885
 20
-3.863587782239733
 10
31.156990744997447
 20
-3.8478250018634244
 10
31.135014810791933
 20
-3.8221450726901307
 10
31.109936440885978
 20
-3.7782363504733247
 10
31.100840115702322
 20
-3.7556876263874512
 10
31.075761745796363
 20
-3.6566245799700545
 10
31.074221728820802
 20
-3.6492597288504562
 10
31.049143358914847
 20
-3.4980172549747044
 10
31.048639254747144
 20
-3.4945633230873265
 10
31.02356088484119
 20
-3.2958411079691
 10
31.02334031175623
 20
-3.2939288646956766
 10
30.998261941850274
 20
-3.0540001382672997
 10
30.998150295373957
 20
-3.052862123102512
 10
30.973071925468
 20
-2.7793685569561126
 10
30.973012304702543
 20
-2.7786901413475182
 10
30.947933934796588
 20
-2.4803898196754735
 10
30.947904100955476
 20
-2.4800261235053607
 10
30.92282573104952
 20
-2.1665031732982807
 10
30.92281661924031
 20
-2.166388335287011
 10
30.897742768491092
 20
-1.8477915796059656
 10
30.872683539492975
 20
-1.5345079238154464
 10
30.847648982152876
 20
-1.236728740580128
 10
30.8226539144862
 20
-0.9641436316649902
 10
30.798545671657056
 20
-0.7334962642278658
 10
30.799801055687983
 20
-0.682767672460431
 10
30.799801055687983
 20
-0.650606327539569
 10
30.798101055687983
 20
-0.581911327539569
 10
30.796507328433655
 20
-0.5497503233614361
 10
30.791407328433657
 20
-0.4812233233614362
 10
30.788323965968637
 20
-0.4499975945251983
 10
30.779923965968635
 20
-0.3818055945251983
 10
30.775306148695417
 20
-0.35058481868255686
 10
30.76360614869542
 20
-0.28288181868255685
 10
30.757217110824335
 20
-0.25075722130076383
 10
30.742117110824335
 20
-0.18371022130076384
 10
30.734518534445677
 20
-0.15339147197566028
 10
30.73319788020022
 20
-0.1486123634457725
 10
30.74693457418969
 20
-0.14181841966775122
 10
30.779505774367763
 20
-0.1327897228896795
 10
30.813110505842115
 20
-0.13641221776026624
 10
30.843009255002553
 20
-0.15217499813657487
 10
30.864985189208067
 20
-0.17785492730986846
 10
30.890063559114022
 20
-0.221763649526674
 10
30.899159884297678
 20
-0.24431237361254735
  0
LWPOLYLINE
  5
B9
330
17
100
AcDbEntity
  8
ENGRAVE_LINES
100
AcDbPolyline
 90
36
 70
1
 10
27.15130470394526
 20
-2.0896720795644113
 10
27.151036324298072
 20
-2.089674167905961
 10
27.125957954392117
 20
-2.0898319153282046
 10
27.125731747306883
 20
-2.089833053922506
 10
27.100653377400928
 20
-2.0899277666222247
 10
27.10048596253102
 20
-2.089928243180726
 10
27.075407592625066
 20
-2.0899763053817577
 10
27.07530241798089
 20
-2.089976445492745
 10
27.05022404807493
 20
-2.0899952008481875
 10
27.02509441454168
 20
-2.0899996954015476
 10
27.00000108799518
 20
-2.089999999993424
 10
26.965559496266135
 20
-2.0831495742776696
 10
26.93636115902663
 20
-2.0636403796309084
 10
26.916851258437788
 20
-2.034442514086819
 10
26.910000000006576
 20
-2.0000010879951793
 10
26.91685042572233
 20
-1.9655594962661362
 10
26.936359620369092
 20
-1.93636115902663
 10
26.96555748591318
 20
-1.9168512584377895
 10
26.99999891200482
 20
-1.9100000000065762
 10
27.02506980359111
 20
-1.9099996969286963
 10
27.050115063359247
 20
-1.9099952320167406
 10
27.075115214091724
 20
-1.9099765351590559
 10
27.10005728906004
 20
-1.9099287341645823
 10
27.120322607553835
 20
-1.9098521987664523
 10
27.15549097312296
 20
-1.9548893231844051
 10
27.175701329728007
 20
-1.9795032768636065
 10
27.22060132972801
 20
-2.0315332768636063
 10
27.241492910378064
 20
-2.0546019272623086
 10
27.273176830809582
 20
-2.0879470765029233
 10
27.252352413339484
 20
-2.0883101045535932
 10
27.227241632406155
 20
-2.088738814793983
 10
27.227071502523568
 20
-2.0887415584741875
 10
27.201993132617613
 20
-2.089122284575571
 10
27.20174209999942
 20
-2.089125745412118
 10
27.176663730093463
 20
-2.0894365016257535
 10
27.176383073851216
 20
-2.0894395416661085
  0
LWPOLYLINE
  5
BA
330
17
100
AcDbEntity
  8
ENGRAVE_LINES
100
AcDbPolyline
 90
677
 70
1
 10
12.304944989286772
 20
-16.35884066692359
 10
12.547789393551266
 20
-16.147118357550937
 10
12.786991456981005
 20
-15.93128945814303
 10
13.022481744600965
 20
-15.711416618971466
 10
13.25419189888101
 20
-15.487563664172614
 10
13.482054659578774
 20
-15.259795573220673
 10
13.706003883263516
 20
-15.028178462065895
 10
13.744733843243631
 20
-14.986732075053514
 10
13.580495088311242
 20
-14.989743918045685
 10
13.578294846940576
 20
-14.989757366193937
 10
13.262926917145078
 20
-14.9878297982778
 10
13.260727004549132
 20
-14.987789455842558
 10
12.945500440841775
 20
-14.978153056369019
 10
12.9433021718738
 20
-14.978058947462317
 10
12.628405380226985
 20
-14.96071947595618
 10
12.62621006875786
 20
-14.960571656825442
 10
12.31183125804445
 20
-14.935539476816839
 10
12.309640216177405
 20
-14.935338035811236
 10
11.99596728568112
 20
-14.9026281086415
 10
11.993781822967508
 20
-14.902373166159165
 10
11.68100225007862
 20
-14.862005042038668
 10
11.678823672735227
 20
-14.86169675045472
 10
11.367124400898101
 20
-14.813694556778026
 10
11.364954011026429
 20
-14.813333100353512
 10
11.054521338006479
 20
-14.757725527278813
 10
11.052360432814508
 20
-14.757311122050568
 10
10.743379899350892
 20
-14.69413140535202
 10
10.74122977037776
 20
-14.693664299003546
 10
10.433886049288605
 20
-14.622950200206768
 10
10.431747981632672
 20
-14.622430671920204
 10
10.12622476743903
 20
-14.544224455732818
 10
10.124100038989797
 20
-14.543652816022073
 10
9.820579938124276
 20
-14.458001225072728
 10
9.818469818798606
 20
-14.457377815597887
 10
9.517134240464433
 20
-14.364332042498951
 10
9.515039991447551
 20
-14.36365723586208
 10
9.216069039193087
 20
-14.263272892612603
 10
9.213991912184774
 20
-14.262547092135042
 10
8.917564276258481
 20
-14.154884176882339
 10
8.915505512724973
 20
-14.154107816363652
 10
8.62179836327499
 20
-14.039230677543337
 10
8.619759193706955
 20
-14.038404221002024
 10
8.328948074889405
 20
-13.916381518878
 10
8.326929718066506
 20
-13.915505460274174
 10
8.03918844312536
 20
-13.78641012590142
 10
8.03719210538781
 20
-13.785484988841565
 10
7.7526926527695466
 20
-13.649394180476424
 10
7.750719527297097
 20
-13.648420517900451
 10
7.469631937861842
 20
-13.505415574884344
 10
7.467683203960635
 20
-13.5043939687351
 10
7.190175479351384
 20
-13.354560362879251
 10
7.188252301749108
 20
-13.353491423754706
 10
6.9144903039798296
 20
-13.196918708255026
 10
6.912593832129566
 20
-13.19580307504333
 10
6.6427411844520465
 20
-13.032584830955845
 10
6.640872551845275
 20
-13.031423170453465
 10
6.375090540954071
 20
-12.861656950762393
 10
6.373250864443186
 20
-12.86044995727559
 10
6.111698344077113
 20
-12.68423722858746
 10
6.10988872320791
 20
-12.68298562351731
 10
5.852722019205605
 20
-12.500431705415942
 10
5.8509435355600905
 20
-12.499136236827159
 10
5.598316352426584
 20
-12.310350238925833
 10
5.596570068976536
 20
-12.309011681099676
 10
5.348633398016427
 20
-12.114106437828006
 10
5.34692035848807
 20
-12.112725590799487
 10
5.103822387560415
 20
-11.911817593964056
 10
5.102143615810605
 20
-11.910395283043785
 10
4.8640296407593455
 20
-11.703604612202826
 10
4.862386140163623
 20
-11.70214168748373
 10
4.629398477976541
 20
-11.489591938177437
 10
4.627791230829432
 20
-11.488089274026672
 10
4.400069134577537
 20
-11.26990748390612
 10
4.3984991015054495
 20
-11.26836597844248
 10
4.176178677113575
 20
-11.044682551341179
 10
4.1746467965006495
 20
-11.043103125898297
 10
3.9578609213990887
 20
-10.814051753891878
 10
3.956368108826337
 20
-10.812435352467565
 10
3.745246352532108
 20
-10.578152935968149
 10
3.743793500230189
 20
-10.576500524660183
 10
3.5384620469053223
 20
-10.337127090593103
 10
3.537050023221266
 20
-10.335439657021803
 10
3.3376315962545537
 20
-10.091118275133748
 10
3.336261245132769
 20
-10.089396827851692
 10
3.1428750337898896
 20
-9.840273525200148
 10
3.1415471742677443
 20
-9.838519093089369
 10
2.9543087624537208
 20
-9.584742766764522
 10
2.9530241881720234
 20
-9.582956398421576
 10
2.7720454853485514
 20
-9.324678726552907
 10
2.7708049640771995
 20
-9.322861489662127
 10
2.596194138376082
 20
-9.060236840762707
 10
2.5949984115551805
 20
-9.058389821458082
 10
2.4268598251279654
 20
-8.791575162160989
 10
2.4257096074246784
 20
-8.789699464376982
 10
2.264143754067017
 20
-8.518854265618762
 10
2.263039732948424
 20
-8.516951010430516
 10
2.1081431780365203
 20
-8.242237152137948
 10
2.1070860133587255
 20
-8.240307477091235
 10
1.9589513361337059
 20
-7.961889151428192
 10
1.9579416597474546
 20
-7.959934209859518
 10
1.8166573979822382
 20
-7.677977823091947
 10
1.8156958133552685
 20
-7.675998783439222
 10
1.6813464104368958
 20
-7.390672856476665
 10
1.6804334922932553
 20
-7.388670901580846
 10
1.5530992467524185
 20
-7.100145969254165
 10
1.5522355407289619
 20
-7.09812229565229
 10
1.4319925582468367
 20
-6.806570804787694
 10
1.4311785805671053
 20
-6.804526621997731
 10
1.3180987284881638
 20
-6.5101228283479635
 10
1.3173349656538493
 20
-6.5080593581459
 10
1.2114858300318885
 20
-6.210979222240362
 10
1.2107727385320564
 20
-6.208897697929972
 10
1.1122175837350659
 20
-5.9093187799058375
 10
1.111555589773319
 20
-5.9072204455815465
 10
1.0203533206713737
 20
-5.605321799058873
 10
1.01974281991112
 20
-5.6032079088621956
 10
0.9359479466698389
 20
-5.299169973926366
 10
0.9353893039978055
 20
-5.297041791296311
 10
0.859051909498506
 20
-4.9910462866518355
 10
0.8585454588066557
 20
-4.98890508356978
 10
0.7897111687125853
 20
-4.681134897929892
 10
0.7892572126985516
 20
-4.678981954159329
 10
0.7279671681851528
 20
-4.369621036936227
 10
0.7275659781713251
 20
-4.367457639257878
 10
0.6738568113367971
 20
-4.056690890619116
 10
0.6735086271081532
 20
-4.0545183320618365
 10
0.627412439079021
 20
-3.7425314924183164
 10
0.6271174687398127
 20
-3.740351071486278
 10
0.5886618104845873
 20
-3.4273306104781787
 10
0.5884202303339594
 20
-3.4251436303747695
 10
0.5576280861963598
 20
-3.111276635421533
 10
0.5574400406229789
 20
-3.109084403270457
 10
0.5343298145845385
 20
-2.794558467751585
 10
0.5341954159802941
 20
-2.792362293815608
 10
0.5187809206606121
 20
-2.4773654049490528
 10
0.5187002493534416
 20
-2.47516660184689
 10
0.5109906977545717
 20
-2.1598870283320273
 10
0.5109638019604502
 20
-2.1576869102538003
 10
0.5109638019604502
 20
-1.8423130897461908
 10
0.5109906977545717
 20
-1.8401129716679638
 10
0.5187002493534416
 20
-1.524833398153101
 10
0.5187809206606121
 20
-1.5226345950509377
 10
0.5341954159802959
 20
-1.2076377061843884
 10
0.5343298145845403
 20
-1.2054415322484127
 10
0.5574400406229789
 20
-0.8909155967295403
 10
0.5576280861963598
 20
-0.8887233645784638
 10
0.5884202303339612
 20
-0.5748563696252216
 10
0.5886618104845891
 20
-0.5726693895218131
 10
0.6271174687398127
 20
-0.2596489285137133
 10
0.627412439079021
 20
-0.25746850758167444
 10
0.673508627108155
 20
0.054518332061847016
 10
0.6738568113367989
 20
0.0566908906191254
 10
0.7275659781713251
 20
0.36745763925788627
 10
0.727967168185153
 20
0.36962103693623627
 10
0.7892572126985518
 20
0.678981954159326
 10
0.7897111687125852
 20
0.6811348979298886
 10
0.8585454588066573
 20
0.9889050835697881
 10
0.8590519094985078
 20
0.9910462866518442
 10
0.9353893039978074
 20
1.297041791296315
 10
0.9359479466698406
 20
1.2991699739263696
 10
1.0197428199111218
 20
1.6032079088622042
 10
1.0203533206713757
 20
1.6053217990588826
 10
1.1115555897733227
 20
1.9072204455815553
 10
1.1122175837350694
 20
1.9093187799058458
 10
1.21077273853206
 20
2.208897697929981
 10
1.211485830031892
 20
2.2109792222403715
 10
1.317334965653851
 20
2.508059358145904
 10
1.3180987284881658
 20
2.510122828347967
 10
1.431178580567111
 20
2.8045266219977387
 10
1.431992558246842
 20
2.806570804787702
 10
1.5522355407289672
 20
3.098122295652299
 10
1.5530992467524238
 20
3.100145969254174
 10
1.6804334922932571
 20
3.3886709015808485
 10
1.6813464104368976
 20
3.3906728564766677
 10
1.815695813355272
 20
3.67599878343923
 10
1.816657397982242
 20
3.6779778230919553
 10
1.9579416597474602
 20
3.9599342098595263
 10
1.9589513361337112
 20
3.9618891514282
 10
2.1070860133587273
 20
4.240307477091237
 10
2.108143178036522
 20
4.2422371521379505
 10
2.2630397329484295
 20
4.516951010430525
 10
2.2641437540670224
 20
4.51885426561877
 10
2.425709607424684
 20
4.789699464376991
 10
2.4268598251279707
 20
4.791575162160998
 10
2.594998411555184
 20
5.058389821458091
 10
2.5961941383760854
 20
5.060236840762716
 10
2.7708049640771995
 20
5.322861489662131
 10
2.7720454853485514
 20
5.324678726552909
 10
2.953024188172027
 20
5.582956398421582
 10
2.9543087624537248
 20
5.58474276676453
 10
3.141547174267743
 20
5.838519093089366
 10
3.142875033789888
 20
5.8402735252001445
 10
3.3362612451327744
 20
6.089396827851699
 10
3.3376315962545595
 20
6.0911182751337565
 10
3.537050023221272
 20
6.3354396570218094
 10
3.538462046905327
 20
6.337127090593109
 10
3.743793500230194
 20
6.57650052466019
 10
3.745246352532113
 20
6.578152935968156
 10
3.9563681088263425
 20
6.8124353524675705
 10
3.9578609213990936
 20
6.814051753891882
 10
4.174646796500647
 20
7.043103125898296
 10
4.176178677113574
 20
7.044682551341179
 10
4.3984991015054575
 20
7.268365978442485
 10
4.400069134577543
 20
7.269907483906127
 10
4.627791230829437
 20
7.488089274026678
 10
4.6293984779765465
 20
7.489591938177442
 10
4.86238614016363
 20
7.702141687483735
 10
4.864029640759352
 20
7.703604612202831
 10
5.1021436158106095
 20
7.910395283043792
 10
5.10382238756042
 20
7.911817593964063
 10
5.346920358488077
 20
8.112725590799492
 10
5.3486333980164344
 20
8.114106437828012
 10
5.596570068976539
 20
8.309011681099678
 10
5.598316352426587
 20
8.310350238925835
 10
5.850943535560093
 20
8.49913623682716
 10
5.852722019205608
 20
8.500431705415943
 10
6.109888723207907
 20
8.682985623517308
 10
6.11169834407711
 20
8.684237228587458
 10
6.373250864443196
 20
8.860449957275593
 10
6.375090540954079
 20
8.861656950762395
 10
6.640872551845282
 20
9.031423170453468
 10
6.6427411844520545
 20
9.03258483095585
 10
6.912593832129569
 20
9.195803075043333
 10
6.914490303979832
 20
9.19691870825503
 10
7.1882523017491105
 20
9.353491423754708
 10
7.190175479351388
 20
9.354560362879253
 10
7.467683203960633
 20
9.504393968735098
 10
7.469631937861839
 20
9.505415574884342
 10
7.750719527297105
 20
9.648420517900455
 10
7.7526926527695545
 20
9.649394180476428
 10
8.037192105387819
 20
9.785484988841569
 10
8.039188443125369
 20
9.786410125901423
 10
8.326929718066511
 20
9.915505460274176
 10
8.32894807488941
 20
9.916381518878001
 10
8.619759193706965
 20
10.038404221002027
 10
8.621798363275001
 20
10.03923067754334
 10
8.915505512724973
 20
10.154107816363652
 10
8.917564276258481
 20
10.154884176882339
 10
9.213991912184783
 20
10.262547092135046
 10
9.216069039193096
 20
10.263272892612607
 10
9.51503999144756
 20
10.363657235862084
 10
9.517134240464443
 20
10.364332042498955
 10
9.818469818798613
 20
10.457377815597887
 10
9.82057993812428
 20
10.458001225072728
 10
10.1241000389898
 20
10.543652816022073
 10
10.126224767439034
 20
10.544224455732818
 10
10.431747981632686
 20
10.622430671920208
 10
10.433886049288619
 20
10.622950200206771
 10
10.74122977037777
 20
10.693664299003547
 10
10.7433798993509
 20
10.694131405352021
 10
11.052360432814513
 20
10.75731112205057
 10
11.054521338006484
 20
10.757725527278815
 10
11.364954011026436
 20
10.813333100353514
 10
11.367124400898108
 20
10.813694556778028
 10
11.67882367273523
 20
10.86169675045472
 10
11.681002250078624
 20
10.862005042038668
 10
11.993781822967518
 20
10.902373166159165
 10
11.99596728568113
 20
10.9026281086415
 10
12.309640216177405
 20
10.935338035811236
 10
12.31183125804445
 20
10.935539476816839
 10
12.626210068757869
 20
10.960571656825444
 10
12.628405380226994
 20
10.960719475956182
 10
12.943302171873803
 20
10.978058947462317
 10
12.945500440841778
 20
10.978153056369019
 10
13.260727004549146
 20
10.987789455842558
 10
13.262926917145093
 20
10.9878297982778
 10
13.578294846940588
 20
10.989757366193937
 10
13.580495088311254
 20
10.989743918045685
 10
13.744975055990748
 20
10.986727651646126
 10
13.725238380563972
 20
11.007913227785902
 10
13.500408923594916
 20
11.241107734650924
 10
13.271618006780724
 20
11.470416869087883
 10
13.038932764830564
 20
11.695773344325678
 10
12.802421475175908
 20
11.917111033431777
 10
12.56215353793497
 20
12.134364988716746
 10
12.318199455549031
 20
12.347471460791455
 10
12.070630812094015
 20
12.556367917273883
 10
11.819520252276597
 20
12.760993061137084
 10
11.564941460116241
 20
12.961286848697146
 10
11.3069691373253
 20
13.157190507230782
 10
11.045678981388663
 20
13.34864655222155
 10
10.781147663351115
 20
13.535598804228067
 10
10.513452805320448
 20
13.71799240536823
 10
10.242672957689905
 20
13.895773835416813
 10
9.968887576089193
 20
14.068890927509848
 10
9.692176998069876
 20
14.23729288345194
 10
9.412622419531038
 20
14.400930288622517
 10
9.130305870894455
 20
14.559755126475272
 10
8.845310193034152
 20
14.713720792627832
 10
8.557719012967244
 20
14.862782108537507
 10
8.267616719316468
 20
15.006895334757386
 10
7.975088437546707
 20
15.146018183771488
 10
7.680220004986894
 20
15.280109832403058
 10
7.383097945642726
 20
15.409130933793335
 10
7.083097203722261
 20
15.533338514023825
 10
7.053895949877747
 20
15.552843342841976
 10
7.034381683966957
 20
15.582038291022785
 10
7.027525276077549
 20
15.616478692358589
 10
7.034370552157192
 20
15.650921307949027
 10
7.053875380975343
 20
15.68012256179354
 10
7.083070329156153
 20
15.69963682770433
 10
7.117510730491956
 20
15.706493235593738
 10
7.151953346082394
 20
15.699647959514095
 10
7.452666329087389
 20
15.575145494207376
 10
7.454085655600255
 20
15.574543567166836
 10
7.752621885801125
 20
15.444908381847926
 10
7.754030693519535
 20
15.444282231127413
 10
8.050302570659502
 20
15.309552364983436
 10
8.051700446193372
 20
15.30890217431597
 10
8.345621034450627
 20
15.169117161479386
 10
8.34700756761773
 20
15.168443121652093
 10
8.638490621115224
 20
15.023643979600106
 10
8.63986540506155
 20
15.022946288398234
 10
8.928825393174357
 20
14.873175505916944
 10
8.930188024493509
 20
14.87245436806582
 10
9.216540156946294
 20
14.717755892782591
 10
9.217890235797844
 20
14.717011519887564
 10
9.50155048754509
 20
14.557430745375395
 10
9.502887617771913
 20
14.556663355859719
 10
9.783772753653606
 20
14.392247108317274
 10
9.785096542898128
 20
14.391456927358037
 10
10.063124142063664
 20
14.222253451869319
 10
10.06443420188299
 20
14.221440711331361
 10
10.339522681976153
 20
14.047499657709027
 10
10.340818627956047
 20
14.046664596076901
 10
10.612887269053905
 20
13.868037004293384
 10
10.614168720921594
 20
13.867179866601383
 10
10.883137689220376
 20
13.683918151812115
 10
10.884404270956129
 20
13.683039189572364
 10
11.150194642197055
 20
13.495197126735457
 10
11.151445982144525
 20
13.494296597864112
 10
11.413979764772751
 20
13.301929305961023
 10
11.415215495748024
 20
13.301007474702601
 10
11.67441565379792
 20
13.10417140056444
 10
11.675635413197266
 20
13.103228537414262
 10
11.931425888897257
 20
12.90198143915845
 10
11.932629318803524
 20
12.901017820783288
 10
12.184935054893943
 20
12.695418750865436
 10
12.186121802181594
 20
12.694434660022317
 10
12.434868763938901
 20
12.484543947908312
 10
12.436038480377608
 20
12.483539673361552
 10
12.68115367733861
 20
12.269418907824948
 10
12.682306019695462
 20
12.268394744261421
 10
12.92371752707509
 20
12.05010675531125
 10
12.924852157215293
 20
12.049063003253913
 10
13.162489137011669
 20
11.826671843698342
 10
13.163605721997774
 20
11.825608809418057
 10
13.39739844377839
 20
11.599179736069194
 10
13.398496655967978
 20
11.598097731494855
 10
13.628376517330894
 20
11.36769718602028
 10
13.62945603447273
 20
11.366596528647282
 10
13.855355581176724
 20
11.132292118073892
 10
13.856416086505304
 20
11.131173130870968
 10
13.997593871134661
 20
10.979631260680774
 10
14.213100367568895
 20
10.970405328339599
 10
14.215297321929222
 20
10.970284355282578
 10
14.529958632503757
 20
10.949096946543342
 10
14.532151973043616
 20
10.948922303427004
 10
14.846201307320092
 20
10.9200490926241
 10
14.848389723114252
 20
10.91982088382989
 10
15.161639378731813
 20
10.883279128028503
 10
15.16382156179848
 20
10.882997489953246
 10
15.476084314351652
 20
10.838809029587617
 10
15.478258960434237
 20
10.838474130561965
 10
15.78934817537403
 20
10.786665376381706
 10
15.79151398472068
 20
10.786277416569558
 10
16.101243728903135
 20
10.726879333854363
 10
16.10339940704358
 20
10.72643854513321
 10
16.411584559859065
 20
10.659486635185386
 10
16.413728818378292
 20
10.658993281007735
 10
16.720185182395234
 20
10.584527559933639
 10
16.72231673970356
 20
10.58398193516954
 10
17.02686115076031
 20
10.502046909962575
 10
17.028978732859375
 20
10.501449340723394
 10
17.331429169538584
 20
10.412093982662878
 10
17.333531510782773
 20
10.411444826106374
 10
17.633707203202732
 20
10.314722541488175
 10
17.63579304705567
 20
10.314022185605038
 10
17.93351458491364
 20
10.209990783821466
 10
17.935582684699174
 20
10.209239647203423
 10
18.230672124502085
 20
10.097961306191472
 10
18.232721244149413
 20
10.097159837781097
 10
18.525002215567927
 20
9.978701066859651
 10
18.527031130350373
 20
9.977849745682043
 10
18.81632894163264
 20
9.852281345800321
 10
18.81833643889967
 20
9.85138068067679
 10
19.104478181281877
 20
9.718777702097713
 10
19.106463061183867
 20
9.717828231341676
 10
19.389277712235057
 20
9.578269928785497
 10
19.39123878844042
 20
9.577272219880735
 10
19.670557314279943
 20
9.430842005155764
 10
19.672493414684194
 20
9.429796654417235
 10
19.948148871010606
 20
9.276582046565874
 10
19.950058838436902
 20
9.275489678783318
 10
20.221886470307936
 20
9.115582251773331
 10
20.22376916319871
 20
9.114443519837836
 10
20.491606503502734
 20
8.947938847830006
 10
20.493460796601973
 20
8.94675443234379
 10
20.757147763162035
 20
8.773752032568757
 10
20.758972548187845
 20
8.772522641438375
 10
21.018351539440275
 20
8.593125914716731
 10
21.02014572574727
 20
8.591852282729977
 10
21.275061714937664
 20
8.406168451671236
 10
21.276824230168824
 20
8.404851340057972
 10
21.527124858009106
 20
8.212991384975286
 10
21.528854648736736
 20
8.21163158095246
 10
21.7743903144679
 20
8.013710173531432
 10
21.77608634682321
 20
8.01230848983258
 10
22.016710297629373
 20
7.808443924593791
 10
22.018371557920428
 20
7.807001198983274
 10
22.25393997664067
 20
7.59731532257951
 10
22.255565471958256
 20
7.595832417351791
 10
22.48593756304387
 20
7.38045055574221
 10
22.48752632185493
 20
7.378928357206486
 10
22.712564395520737
 20
7.157979240751248
 10
22.71411546824905
 20
7.156418658701703
 10
22.93368502276841
 20
6.930034345221863
 10
22.935197482362142
 20
6.928436312393911
 10
23.149167284456524
 20
6.696752108242535
 10
23.150640226942297
 20
6.695117579755331
 10
23.35888239021737
 20
6.45827195894699
 10
23.36031493524057
 20
6.456601911732568
 10
23.562704996621857
 20
6.21473643317962
 10
23.564096287972788
 20
6.213031865399007
 10
23.76051328209534
 20
5.966291088304035
 10
23.761862488220984
 20
5.964553018750653
 10
23.952189019728443
 20
5.713084416205707
 10
23.953495334229473
 20
5.711313883696462
 10
24.13761764793945
 20
5.455267754540695
 10
24.13888029005217
 20
5.4534658172951005
 10
24.31668833894595
 20
5.192995196283523
 10
24.317906554008985
 20
5.1911629312912
 10
24.489294065004863
 20
4.926423497628201
 10
24.490467124910168
 20
4.924562000005198
 10
24.655331662381244
 20
4.655711984297526
 10
24.65645886600932
 20
4.653822366631771
 10
24.81470189300764
 20
4.38102245631658
 10
24.81578256664656
 20
4.379105848002911
 10
24.96730950379712
 20
4.102519091307406
 10
24.968343001545204
 20
4.100576637872547
 10
25.113063283574547
 20
3.820368346362615
 10
25.114048987726395
 20
3.818401208780516
 10
25.251876117592065
 20
3.5347388585565938
 10
25.252813439007774
 20
3.5327482125545293
 10
25.38366503959623
 20
3.2458013441537608
 10
25.384553418053493
 20
3.2437883795096205
 10
25.508351281415624
 20
2.9537284965741506
 10
25.509190185944572
 20
2.9516944164053287
 10
25.62586032003937
 20
2.6586948831772537
 10
25.626649249239918
 20
2.656640903221557
 10
25.736121922158336
 20
2.360876840925838
 10
25.736860404499886
 20
2.358804188814869
 10
25.839070186142532
 20
2.060452370992135
 10
25.839757780245765
 20
2.0583622855175476
 10
25.934643581429434
 20
1.7576010323693045
 10
25.935279876330146
 20
1.7554947627424027
 10
26.022784985299868
 20
1.4525038345518628
 10
26.023369600694576
 20
1.450382639656962
 10
26.10344171701934
 20
1.145343129349131
 10
26.10397430349259
 20
1.1432082769911456
 10
26.17656556932449
 20
0.836302501896427
 10
26.177045808557708
 20
0.8341552680431253
 10
26.242112837235844
 20
0.5255666609291122
 10
26.242540442197566
 20
0.5234083289484867
 10
26.30004434417955
 20
0.21332132838507306
 10
26.300419059297
 20
0.21115318827829038
 10
26.35032546540263
 20
-0.10024687159837004
 10
26.350647066714462
 20
-0.10242352396797637
 10
26.39292614866765
 20
-0.4149505242267749
 10
26.393194443957803
 20
-0.41713438790822516
 10
26.427820932214473
 20
-0.730601536063465
 10
26.428035761127063
 20
-0.7327913057956981
 10
26.45498895997833
 20
-1.0470112474500308
 10
26.455150194113482
 20
-1.0492056144420228
 10
26.47441399405519
 20
-1.3639905452652337
 10
26.474521537045792
 20
-1.3661881979782564
 10
26.48608442440689
 20
-1.6813499759549688
 10
26.486138211976183
 20
-1.6835496008864679
 10
26.489993275800273
 20
-1.9988998587656714
 10
26.489788391211356
 20
-2.0000000000000013
 10
26.489993275800273
 20
-2.0011001412343314
 10
26.486138211976183
 20
-2.3164503991135375
 10
26.48608442440689
 20
-2.318650024045037
 10
26.474521537045792
 20
-2.633811802021752
 10
26.47441399405519
 20
-2.6360094547347743
 10
26.455150194113482
 20
-2.9507943855579875
 10
26.45498895997833
 20
-2.952988752549979
 10
26.428035761127063
 20
-3.2672086942043137
 10
26.427820932214473
 20
-3.269398463936547
 10
26.393194443957803
 20
-3.582865612091778
 10
26.39292614866765
 20
-3.585049475773228
 10
26.350647066714462
 20
-3.897576476032029
 10
26.35032546540263
 20
-3.899753128401636
 10
26.300419059296996
 20
-4.211153188278299
 10
26.300044344179547
 20
-4.21332132838508
 10
26.242540442197566
 20
-4.523408328948495
 10
26.242112837235844
 20
-4.5255666609291225
 10
26.177045808557704
 20
-4.834155268043138
 10
26.176565569324488
 20
-4.836302501896439
 10
26.10397430349259
 20
-5.143208276991149
 10
26.10344171701934
 20
-5.145343129349134
 10
26.023369600694576
 20
-5.450382639656967
 10
26.022784985299868
 20
-5.452503834551869
 10
25.935279876330146
 20
-5.7554947627424005
 10
25.934643581429434
 20
-5.757601032369302
 10
25.839757780245762
 20
-6.058362285517557
 10
25.83907018614253
 20
-6.060452370992144
 10
25.73686040449988
 20
-6.358804188814882
 10
25.73612192215833
 20
-6.360876840925851
 10
25.626649249239914
 20
-6.656640903221559
 10
25.625860320039365
 20
-6.6586948831772546
 10
25.509190185944572
 20
-6.951694416405333
 10
25.508351281415624
 20
-6.953728496574157
 10
25.384553418053493
 20
-7.243788379509619
 10
25.38366503959623
 20
-7.245801344153758
 10
25.25281343900777
 20
-7.532748212554537
 10
25.25187611759206
 20
-7.534738858556602
 10
25.114048987726388
 20
-7.818401208780528
 10
25.113063283574537
 20
-7.820368346362627
 10
24.968343001545197
 20
-8.10057663787255
 10
24.967309503797118
 20
-8.102519091307407
 10
24.815782566646558
 20
-8.379105848002913
 10
24.814701893007637
 20
-8.381022456316584
 10
24.656458866009313
 20
-8.653822366631779
 10
24.655331662381236
 20
-8.655711984297533
 10
24.49046712491016
 20
-8.924562000005206
 10
24.489294065004856
 20
-8.926423497628209
 10
24.317906554008985
 20
-9.1911629312912
 10
24.31668833894595
 20
-9.192995196283524
 10
24.13888029005217
 20
-9.453465817295102
 10
24.13761764793945
 20
-9.455267754540698
 10
23.95349533422946
 20
-9.711313883696475
 10
23.95218901972843
 20
-9.713084416205717
 10
23.761862488220977
 20
-9.964553018750657
 10
23.76051328209533
 20
-9.96629108830404
 10
23.56409628797278
 20
-10.213031865399014
 10
23.56270499662185
 20
-10.214736433179628
 10
23.36031493524057
 20
-10.45660191173257
 10
23.35888239021737
 20
-10.458271958946993
 10
23.150640226942297
 20
-10.695117579755332
 10
23.149167284456524
 20
-10.696752108242535
 10
22.93519748236213
 20
-10.928436312393924
 10
22.9336850227684
 20
-10.930034345221875
 10
22.714115468249048
 20
-11.156418658701707
 10
22.712564395520733
 20
-11.157979240751251
 10
22.487526321854922
 20
-11.378928357206492
 10
22.485937563043862
 20
-11.380450555742216
 10
22.255565471958256
 20
-11.595832417351792
 10
22.25393997664067
 20
-11.597315322579512
 10
22.018371557920428
 20
-11.807001198983276
 10
22.016710297629373
 20
-11.808443924593794
 10
21.7760863468232
 20
-12.012308489832591
 10
21.77439031446789
 20
-12.013710173531443
 10
21.52885464873673
 20
-12.211631580952465
 10
21.5271248580091
 20
-12.212991384975291
 10
21.276824230168817
 20
-12.404851340057977
 10
21.275061714937653
 20
-12.406168451671242
 10
21.020145725747266
 20
-12.591852282729977
 10
21.018351539440275
 20
-12.593125914716731
 10
20.75897254818784
 20
-12.772522641438375
 10
20.75714776316203
 20
-12.773752032568757
 10
20.49346079660197
 20
-12.946754432343793
 10
20.49160650350273
 20
-12.94793884783001
 10
20.223769163198703
 20
-13.114443519837838
 10
20.22188647030793
 20
-13.115582251773333
 10
19.950058838436895
 20
-13.275489678783321
 10
19.9481488710106
 20
-13.276582046565878
 10
19.672493414684194
 20
-13.429796654417235
 10
19.670557314279943
 20
-13.430842005155764
 10
19.391238788440404
 20
-13.577272219880742
 10
19.389277712235042
 20
-13.578269928785504
 10
19.10646306118386
 20
-13.717828231341677
 10
19.10447818128187
 20
-13.718777702097714
 10
18.818336438899664
 20
-13.851380680676796
 10
18.816328941632634
 20
-13.852281345800327
 10
18.527031130350363
 20
-13.977849745682049
 10
18.525002215567913
 20
-13.978701066859657
 10
18.23272124414941
 20
-14.097159837781097
 10
18.230672124502085
 20
-14.097961306191472
 10
17.93558268469916
 20
-14.209239647203429
 10
17.933514584913627
 20
-14.209990783821471
 10
17.63579304705567
 20
-14.31402218560504
 10
17.633707203202732
 20
-14.314722541488177
 10
17.333531510782766
 20
-14.411444826106376
 10
17.331429169538577
 20
-14.41209398266288
 10
17.028978732859375
 20
-14.501449340723394
 10
17.02686115076031
 20
-14.502046909962575
 10
16.72231673970356
 20
-14.58398193516954
 10
16.720185182395234
 20
-14.584527559933639
 10
16.413728818378278
 20
-14.658993281007737
 10
16.41158455985905
 20
-14.659486635185388
 10
16.10339940704357
 20
-14.72643854513321
 10
16.10124372890313
 20
-14.726879333854363
 10
15.791513984720677
 20
-14.78627741656956
 10
15.789348175374025
 20
-14.786665376381707
 10
15.478258960434239
 20
-14.838474130561965
 10
15.476084314351654
 20
-14.838809029587617
 10
15.16382156179847
 20
-14.882997489953247
 10
15.161639378731802
 20
-14.883279128028505
 10
14.84838972311424
 20
-14.919820883829892
 10
14.84620130732008
 20
-14.920049092624101
 10
14.53215197304361
 20
-14.948922303427004
 10
14.529958632503751
 20
-14.949096946543342
 10
14.215297321929214
 20
-14.970284355282578
 10
14.213100367568886
 20
-14.970405328339599
 10
13.997732554629737
 20
-14.979625323576494
 10
13.836996463309085
 20
-15.151635061029204
 10
13.835940031582009
 20
-15.152746456409291
 10
13.610924908109537
 20
-15.385465963122993
 10
13.609849694964517
 20
-15.386559198860438
 10
13.380902407764463
 20
-15.615411365728322
 10
13.379808725311673
 20
-15.616486124481396
 10
13.146995732628332
 20
-15.841404520870459
 10
13.145883898339171
 20
-15.842460490660887
 10
12.909272780544168
 20
-16.06337982782312
 10
12.908143117159106
 20
-16.06441670212664
 10
12.667802557134282
 20
-16.28127285215092
 10
12.666655392569172
 20
-16.28229032998626
 10
12.422655155769519
 20
-16.49502034441324
 10
12.421490823020415
 20
-16.496018130429487
 10
12.173901737222682
 20
-16.704560258524133
 10
12.172720574269174
 20
-16.70553806308646
 10
11.921614509012263
 20
-16.90983176976283
 10
11.92041685871937
 20
-16.910789309036588
 10
11.665866704442065
 20
-17.110775292429928
 10
11.664652914460712
 20
-17.11171228846301
 10
11.406732561343402
 20
-17.307332497143616
 10
11.405502984009496
 20
-17.30824867794717
 10
11.144287300525422
 20
-17.499446327771473
 10
11.143042292757594
 20
-17.50034142739883
 10
10.878607103940189
 20
-17.687061017992594
 10
10.877347027136166
 20
-17.68793477661648
 10
10.609769092568836
 20
-17.870122107485244
 10
10.608494312500556
 20
-17.870974271473198
 10
10.337851304035055
 20
-18.048576457735482
 10
10.336562190742477
 20
-18.049406779723476
 10
10.062932669952527
 20
-18.22237226746208
 10
10.061629597636227
 20
-18.223180506426335
 10
9.785092993012826
 20
-18.391459087653303
 10
9.783776339925364
 20
-18.392245008980233
 10
9.504412923820547
 20
-18.555787836211046
 10
9.50308307215668
 20
-18.556551211765385
 10
9.220973937482249
 20
-18.715310812198314
 10
9.219631273267984
 20
-18.71605142038932
 10
8.93485830995595
 20
-18.869981709685753
 10
8.933503222936489
 20
-18.870699335531533
 10
8.646149094168464
 20
-19.019755631193142
 10
8.644781977695065
 20
-19.02045006638307
 10
8.354930095906823
 20
-19.164589100722196
 10
8.353551346822627
 20
-19.165260143677365
 10
8.061285849491467
 20
-19.304440076376622
 10
8.059895868016305
 20
-19.305087532308363
 10
7.765301593237776
 20
-19.439267962565964
 10
7.7311184845109935
 20
-19.44730952031867
 10
7.696460039078343
 20
-19.441657641559424
 10
7.666602691077358
 20
-19.423172773594917
 10
7.646091951083653
 20
-19.394669070007
 10
7.638050393330949
 20
-19.36048596128022
 10
7.643702272090193
 20
-19.32582751584757
 10
7.662187140054699
 20
-19.295970167846583
 10
7.690690843642615
 20
-19.27545942785288
 10
7.984587369820624
 20
-19.141596804882944
 10
8.275468401402378
 20
-19.003076169471896
 10
8.56394725077175
 20
-18.859619923754842
 10
8.849940179011863
 20
-18.711269709851006
 10
9.133364168812951
 20
-18.558068590488325
 10
9.414136948569814
 20
-18.400061036503644
 10
9.692177016264305
 20
-18.237292913933352
 10
9.967403663123154
 20
-18.069811470699694
 10
10.239736997045055
 20
-17.897665322896287
 10
10.509097965793398
 20
-17.720904440674826
 10
10.775408379941352
 20
-17.53958013374113
 10
11.038590935570088
 20
-17.35374503646007
 10
11.298569236707188
 20
-17.163453092577765
 10
11.555267817503658
 20
-16.96875953956227
 10
11.808612164139154
 20
-16.769720892569943
 10
12.058528736452114
 20
-16.566394928040047
  0
LWPOLYLINE
  5
BB
330
17
100
AcDbEntity
  8
ENGRAVE_LINES
100
AcDbPolyline
 90
398
 70
1
 10
13.421719296127907
 20
-14.289743228048495
 10
13.419392303902754
 20
-14.289728185736756
 10
13.104008302233947
 20
-14.283611319773305
 10
13.101682476746248
 20
-14.283536120785069
 10
12.786562041945025
 20
-14.2692674092616
 10
12.784238938086384
 20
-14.269132103869891
 10
12.46959273863193
 20
-14.246721085894073
 10
12.467273909474448
 20
-14.246525764555038
 10
12.153312296803831
 20
-14.215987422636893
 10
12.150999292561837
 20
-14.215732215929336
 10
11.837932160443126
 20
-14.177086965964941
 10
11.835626527436794
 20
-14.176772044503027
 10
11.523663171648076
 20
-14.130045722125798
 10
11.521366451269666
 20
-14.129671296444982
 10
11.210715429677947
 20
-14.074895139753716
 10
11.208429157361326
 20
-14.074461460170008
 10
10.899298150494541
 20
-14.011672088845142
 10
10.89702385468871
 20
-14.011179445287748
 10
10.589619526894472
 20
-13.94041883610992
 10
10.587358728041728
 20
-13.939867557927425
 10
10.281886589325332
 20
-13.861183016714579
 10
10.279640798844813
 20
-13.860573472454764
 10
9.976305067478958
 20
-13.774017602436649
 10
9.974075786756206
 20
-13.773350199600097
 10
9.67307925275433
 20
-13.678980866251266
 10
9.670867972137572
 20
-13.678256051018948
 10
9.372411861681929
 20
-13.576136343373747
 10
9.370220059485709
 20
-13.575354600308723
 10
9.07450390040106
 20
-13.465552788784196
 10
9.072333041917965
 20
-13.464714640507676
 10
8.779554530280521
 20
-13.347304131262515
 10
8.77740606680156
 20
-13.346410138104465
 10
8.487760934772638
 20
-13.221469423964548
 10
8.485636302617023
 20
-13.220520183589095
 10
8.199318187589563
 20
-13.088132791572427
 10
8.197218807144472
 20
-13.087128938578292
 10
7.914419122290061
 20
-12.94738337405444
 10
7.912346397061063
 20
-12.946325579550702
 10
7.633254203363786
 20
-12.799315267071975
 10
7.631209519036554
 20
-12.798204238229399
 10
7.356011398899534
 20
-12.64402745907347
 10
7.3539961224134665
 20
-12.642863938651749
 10
7.082876054922261
 20
-12.481623765117332
 10
7.080891533556637
 20
-12.480408530968516
 10
6.814030771483131
 20
-12.312212757468112
 10
6.812078331956411
 20
-12.310946622016603
 10
6.549655280585353
 20
-12.135907693012374
 10
6.547736228168223
 20
-12.134591502711784
 10
6.2899263260273
 20
-11.95282643754267
 10
6.28804194367005
 20
-11.95146107230994
 10
6.03501754524345
 20
-11.763091386960353
 10
6.03316909271829
 20
-11.761677759587494
 10
5.785099353221982
 20
-11.566829385449843
 10
5.78328806628083
 20
-11.565368440993721
 10
5.540338828576716
 20
-11.364171640679118
 10
5.538565918125063
 20
-11.362664355829633
 10
5.300899601849461
 20
-11.155253636082957
 10
5.2991662531368435
 20
-11.153701018510105
 10
5.0669417461176165
 20
-10.94021504028783
 10
5.06524911794523
 20
-10.938618127968036
 10
4.8386216699799505
 20
-10.71919961373873
 10
4.836970893925959
 20
-10.717559474260932
 10
4.616092012992314
 20
-10.492355112590593
 10
4.61448419265535
 20
-10.490672842442516
 10
4.399501543622966
 20
-10.259833189928337
 10
4.397937753884337
 20
-10.258109913763464
 10
4.188995059795957
 20
-10.021789294381797
 10
4.187476346101053
 20
-10.02002616426749
 10
3.984713292088876
 20
-9.778382566203105
 10
3.9832406697482554
 20
-9.776580760850418
 10
3.7867928096498087
 20
-9.529775730876176
 10
3.7853672631604267
 20
-9.527936454851845
 10
3.5953659288963022
 20
-9.276134990329295
 10
3.5939884112833456
 20
-9.274259473250446
 10
3.4105606250574647
 20
-9.017629911823628
 10
3.4092320572372192
 20
-9.01571940753573
 10
3.232500446618261
 20
-8.754433314591854
 10
3.23122171678245
 20
-8.752489100330495
 10
3.061304432723249
 20
-8.48672115430278
 10
3.060076395745249
 20
-8.484744529839782
 10
2.8970870335949503
 20
-8.214672405429122
 10
2.895910510458276
 20
-8.2126646922036
 10
2.7399580340200935
 20
-7.938468941597135
 10
2.7388338112695467
 20
-7.93643148183208
 10
2.5900224799548126
 20
-7.658295413998034
 10
2.5889513091706506
 20
-7.656229569802984
 10
2.4473806082979577
 20
-7.37433912794257
 10
2.4463632055934332
 20
-7.372246280402999
 10
2.312127779879377
 20
-7.086789917641162
 10
2.3111648254219976
 20
-7.084671465895174
 10
2.184354415708061
 20
-6.795840019293478
 10
2.1834465532648717
 20
-6.793697379596443
 10
2.0641459365226633
 20
-6.501683942572089
 10
2.0632937730298666
 20
-6.499518547349824
 10
1.951582705684921
 20
-6.204518340586341
 10
1.9507868108421211
 20
-6.202331637477487
 10
1.8467399754540688
 20
-5.904541878413176
 10
1.8460008813434086
 20
-5.902335329301407
 10
1.7496878366782105
 20
-5.601955100282978
 10
1.7490060374086556
 20
-5.599730180319675
 10
1.660491171936249
 20
-5.296960295509033
 10
1.6598671233132616
 20
-5.294718492127108
 10
1.5792096121617312
 20
-4.989761363250464
 10
1.5786437313825465
 20
-4.98750417516995
 10
1.505897496777592
 20
-4.680563676198811
 10
1.5053901621523103
 20
-4.678292612424926
 10
1.4406038373684413
 20
-4.369573943279628
 10
1.4401553880671132
 20
-4.36729052209395
 10
1.3833722849146886
 20
-4.057000071460629
 10
1.3829830207405698
 20
-4.054705819406078
 10
1.3342411006104167
 20
-3.74305102675903
 10
1.3339112817995393
 20
-3.7407474776193204
 10
1.2932431302845058
 20
-3.4279366945408034
 10
1.2929729773317018
 20
-3.425625388315061
 10
1.2604057824420931
 20
-3.111867739205322
 10
1.260195475953586
 20
-3.109550221078542
 10
1.2357510099410873
 20
-2.7950554633492404
 10
1.2356006905137509
 20
-2.7927332826592783
 10
1.2192952953159573
 20
-2.477711666503669
 10
1.2192050634433231
 20
-2.4753863757054635
 10
1.2110496397585928
 20
-2.1600485035391674
 10
1.2110195557636645
 20
-2.1577216571668605
 10
1.2110195557636663
 20
-1.8422783428331304
 10
1.2110496397585946
 20
-1.839951496460825
 10
1.2192050634433231
 20
-1.5246136242945287
 10
1.2192952953159575
 20
-1.5222883334963222
 10
1.2356006905137529
 20
-1.2072667173407132
 10
1.2357510099410889
 20
-1.2049445366507519
 10
1.2601954759535858
 20
-0.8904497789214554
 10
1.2604057824420931
 20
-0.8881322607946749
 10
1.2929729773317036
 20
-0.57437461168493
 10
1.2932431302845075
 20
-0.5720633054591882
 10
1.333911281799541
 20
-0.2592525223806712
 10
1.3342411006104185
 20
-0.25694897324096133
 10
1.3829830207405716
 20
0.05470581940608608
 10
1.38337228491469
 20
0.05700007146063654
 10
1.440155388067113
 20
0.36729052209395224
 10
1.4406038373684413
 20
0.36957394327963056
 10
1.505390162152312
 20
0.6782926124249335
 10
1.5058974967775938
 20
0.6805636761988184
 10
1.5786437313825465
 20
0.9875041751699482
 10
1.5792096121617312
 20
0.9897613632504619
 10
1.6598671233132616
 20
1.2947184921271113
 10
1.660491171936249
 20
1.2969602955090362
 10
1.7490060374086556
 20
1.599730180319673
 10
1.7496878366782105
 20
1.601955100282975
 10
1.8460008813434121
 20
1.9023353293014154
 10
1.8467399754540723
 20
1.904541878413185
 10
1.950786810842123
 20
2.20233163747749
 10
1.9515827056849226
 20
2.2045183405863424
 10
2.063293773029868
 20
2.4995185473498314
 10
2.064145936522665
 20
2.501683942572097
 10
2.1834465532648735
 20
2.793697379596446
 10
2.184354415708063
 20
2.7958400192934802
 10
2.311164825422001
 20
3.084671465895181
 10
2.3121277798793805
 20
3.086789917641169
 10
2.4463632055934332
 20
3.3722462804029973
 10
2.4473806082979572
 20
3.3743391279425685
 10
2.5889513091706537
 20
3.656229569802992
 10
2.5900224799548166
 20
3.658295413998042
 10
2.738833811269549
 20
3.9364314818320825
 10
2.7399580340200953
 20
3.9384689415971375
 10
2.8959105104582794
 20
4.212664692203607
 10
2.8970870335949535
 20
4.214672405429128
 10
3.0600763957452486
 20
4.4847445298397846
 10
3.0613044327232495
 20
4.486721154302784
 10
3.2312217167824557
 20
4.752489100330503
 10
3.2325004466182663
 20
4.754433314591862
 10
3.409232057237221
 20
5.015719407535734
 10
3.4105606250574665
 20
5.01762991182363
 10
3.5939884112833473
 20
5.274259473250448
 10
3.595365928896304
 20
5.2761349903292984
 10
3.785367263160425
 20
5.527936454851844
 10
3.786792809649807
 20
5.529775730876174
 10
3.9832406697482607
 20
5.776580760850424
 10
3.9847132920888813
 20
5.77838256620311
 10
4.187476346101058
 20
6.020026164267497
 10
4.188995059795962
 20
6.021789294381804
 10
4.397937753884342
 20
6.2581099137634695
 10
4.399501543622971
 20
6.259833189928343
 10
4.614484192655356
 20
6.490672842442522
 10
4.616092012992319
 20
6.492355112590598
 10
4.836970893925964
 20
6.717559474260938
 10
4.838621669979956
 20
6.719199613738736
 10
5.065249117945232
 20
6.93861812796804
 10
5.066941746117618
 20
6.940215040287834
 10
5.299166253136847
 20
7.153701018510107
 10
5.300899601849465
 20
7.155253636082959
 10
5.5385659181250695
 20
7.362664355829638
 10
5.540338828576722
 20
7.364171640679124
 10
5.7832880662808375
 20
7.565368440993727
 10
5.785099353221989
 20
7.566829385449848
 10
6.033169092718288
 20
7.761677759587492
 10
6.035017545243449
 20
7.76309138696035
 10
6.288041943670053
 20
7.951461072309939
 10
6.289926326027301
 20
7.9528264375426705
 10
6.547736228168229
 20
8.134591502711789
 10
6.549655280585359
 20
8.13590769301238
 10
6.812078331956419
 20
8.310946622016608
 10
6.814030771483139
 20
8.312212757468117
 10
7.080891533556642
 20
8.480408530968518
 10
7.082876054922265
 20
8.481623765117334
 10
7.3539961224134744
 20
8.642863938651752
 10
7.356011398899542
 20
8.644027459073474
 10
7.631209519036567
 20
8.798204238229404
 10
7.633254203363799
 20
8.79931526707198
 10
7.912346397061065
 20
8.946325579550704
 10
7.914419122290064
 20
8.947383374054441
 10
8.197218807144479
 20
9.087128938578296
 10
8.19931818758957
 20
9.08813279157243
 10
8.485636302617023
 20
9.220520183589095
 10
8.487760934772638
 20
9.221469423964548
 10
8.777406066801566
 20
9.346410138104469
 10
8.779554530280526
 20
9.347304131262518
 10
9.072333041917972
 20
9.46471464050768
 10
9.074503900401067
 20
9.4655527887842
 10
9.37022005948572
 20
9.575354600308726
 10
9.372411861681938
 20
9.57613634337375
 10
9.670867972137572
 20
9.67825605101895
 10
9.673079252754334
 20
9.678980866251267
 10
9.974075786756215
 20
9.773350199600099
 10
9.976305067478965
 20
9.77401760243665
 10
10.279640798844813
 20
9.860573472454764
 10
10.281886589325332
 20
9.86118301671458
 10
10.58735872804173
 20
9.939867557927426
 10
10.589619526894474
 20
9.94041883610992
 10
10.897023854688717
 20
10.01117944528775
 10
10.89929815049455
 20
10.011672088845144
 10
11.208429157361339
 20
10.074461460170008
 10
11.210715429677956
 20
10.074895139753716
 10
11.521366451269678
 20
10.129671296444986
 10
11.52366317164809
 20
10.130045722125802
 10
11.835626527436789
 20
10.176772044503027
 10
11.837932160443122
 20
10.177086965964941
 10
12.150999292561838
 20
10.215732215929336
 10
12.153312296803831
 20
10.215987422636893
 10
12.467273909474452
 20
10.246525764555038
 10
12.469592738631933
 20
10.246721085894073
 10
12.784238938086391
 20
10.269132103869891
 10
12.786562041945032
 20
10.2692674092616
 10
13.10168247674625
 20
10.283536120785069
 10
13.104008302233948
 20
10.283611319773305
 10
13.419392303902757
 20
10.289728185736756
 10
13.421719296127911
 20
10.289743228048495
 10
13.737156019981946
 20
10.287704159123821
 10
13.739482623272945
 20
10.287659034702779
 10
14.054761189383305
 20
10.2774653940753
 10
14.05708584832856
 20
10.277360133088651
 10
14.37199548250005
 20
10.25901873554576
 10
14.374316642987829
 20
10.258853408363972
 10
14.399651955546235
 20
10.256719345508237
 10
14.37530419742987
 20
10.285707320959139
 10
14.16275020759386
 20
10.530142924253257
 10
13.946040405399632
 20
10.770901775359276
 10
13.916182450298182
 20
10.802951650401639
 10
13.891415534286983
 20
10.804011933479874
 10
13.578294805839132
 20
10.809754003748658
 10
13.265127281814012
 20
10.807839884985606
 10
12.95210013752813
 20
10.79827072122947
 10
12.639400464395743
 20
10.781052231819332
 10
12.32721515810616
 20
10.756194707976206
 10
12.015730806920184
 20
10.723713006652199
 10
11.70513358014822
 20
10.683626541650641
 10
11.395609116880868
 20
10.63595927202289
 10
11.087342415034545
 20
10.580739687748286
 10
10.780517720781257
 20
10.518000792706134
 10
10.475318418428017
 20
10.447780084949903
 10
10.171926920810366
 20
10.370119534295107
 10
9.870524560267297
 20
10.285065557234656
 10
9.57129148026198
 20
10.192668989196502
 10
9.274406527712427
 20
10.092985054159987
 10
8.980047146097872
 20
9.98607333164945
 10
8.688389269403157
 20
9.871997721124337
 10
8.3996072169664
 20
9.750826403787732
 10
8.113873589290295
 20
9.622631801835226
 10
7.831359164882088
 20
9.487490535169544
 10
7.552232798181651
 20
9.34548337560591
 10
7.276661318639955
 20
9.196695198596055
 10
7.0048094310077165
 20
9.041214932499498
 10
6.73683961689368
 20
8.879135505432282
 10
6.472912037652517
 20
8.710553789725687
 10
6.213184438658228
 20
8.535570544026724
 10
5.957812055022521
 20
8.354290353076475
 10
5.706947518813436
 20
8.16682156520159
 10
5.4607407678290105
 20
7.973276227555801
 10
5.219338955982376
 20
7.773770019151523
 10
4.982886365349715
 20
7.56842218171995
 10
4.751524319935503
 20
7.357355448442482
 10
4.525391101204942
 20
7.14069597059462
 10
4.3046218654358945
 20
6.918573242147904
 10
4.089348562937363
 20
6.691120022372668
 10
3.8796998591855902
 20
6.4584722564906745
 10
3.675801057922131
 20
6.220768994422131
 10
3.477774026262128
 20
5.978152307678146
 10
3.2857371218561022
 20
5.7307672044466385
 10
3.0998051221495
 20
5.478761542923295
 10
2.9200891557820077
 20
5.222285942939031
 10
2.746696636167625
 20
4.961493695936778
 10
2.579731197295478
 20
4.696540673351767
 10
2.419292631789324
 20
4.427585233449481
 10
2.2654768312630935
 20
4.1547881266774604
 10
2.1183757290079823
 20
3.8783123995872817
 10
1.978077245045361
 20
3.5983232973841988
 10
1.8446652335783364
 20
3.314988165162613
 10
1.718219432873436
 20
3.028476347886605
 10
1.5988154176022893
 20
2.7389590891750872
 10
1.4865245536718286
 20
2.446609428952165
 10
1.3814139555700127
 20
2.1516021000239047
 10
1.283546446252543
 20
1.8541134236432786
 10
1.19298051959457
 20
1.5543212041256826
 10
1.109770305429822
 20
1.2524046225781256
 10
1.033965537198055
 20
0.9485441298054832
 10
0.965611522220151
 20
0.6429213384578659
 10
0.9047491146186515
 20
0.33571891448362157
 10
0.8514146908998823
 20
0.027120467952718018
 10
0.8056401282122789
 20
-0.282689556684105
 10
0.7674527852939411
 20
-0.5935259908348278
 10
0.7368754861207103
 20
-0.9052030524386261
 10
0.7139265062646629
 20
-1.2175344570047908
 10
0.698619561971077
 20
-1.5303335289520954
 10
0.6909638019604502
 20
-1.8434133131818786
 10
0.6909638019604502
 20
-2.1565866868181125
 10
0.698619561971077
 20
-2.469666471047897
 10
0.7139265062646609
 20
-2.782465542995203
 10
0.7368754861207106
 20
-3.0947969475613735
 10
0.767452785293939
 20
-3.4064740091651604
 10
0.8056401282122795
 20
-3.7173104433158897
 10
0.8514146908998795
 20
-4.027120467952702
 10
0.9047491146186517
 20
-4.335718914483614
 10
0.965611522220151
 20
-4.642921338457868
 10
1.0339655371980552
 20
-4.948544129805484
 10
1.1097703054298191
 20
-5.252404622578117
 10
1.192980519594568
 20
-5.554321204125673
 10
1.2835464462525399
 20
-5.854113423643271
 10
1.381413955570011
 20
-6.151602100023902
 10
1.486524553671822
 20
-6.446609428952148
 10
1.5988154176022873
 20
-6.738959089175087
 10
1.7182194328734304
 20
-7.0284763478865955
 10
1.8446652335783345
 20
-7.31498816516261
 10
1.9780772450453574
 20
-7.598323297384191
 10
2.118375729007981
 20
-7.878312399587281
 10
2.2654768312631
 20
-8.154788126677474
 10
2.4192926317893098
 20
-8.427585233449458
 10
2.5797311972954824
 20
-8.696540673351775
 10
2.7466966361676213
 20
-8.961493695936772
 10
2.9200891557819846
 20
-9.222285942938994
 10
3.0998051221495135
 20
-9.47876154292331
 10
3.2857371218560996
 20
-9.730767204446638
 10
3.477774026262128
 20
-9.978152307678146
 10
3.6758010579221287
 20
-10.22076899442213
 10
3.879699859185576
 20
-10.458472256490657
 10
4.089348562937376
 20
-10.691120022372683
 10
4.304621865435878
 20
-10.918573242147884
 10
4.52539110120499
 20
-11.140695970594669
 10
4.751524319935459
 20
-11.357355448442442
 10
4.982886365349725
 20
-11.56842218171996
 10
5.219338955982352
 20
-11.7737700191515
 10
5.460740767829003
 20
-11.973276227555797
 10
5.7069475188134335
 20
-12.166821565201587
 10
5.957812055022519
 20
-12.354290353076474
 10
6.213184438658215
 20
-12.535570544026715
 10
6.47291203765249
 20
-12.71055378972567
 10
6.736839616893707
 20
-12.879135505432298
 10
7.004809431007714
 20
-13.041214932499495
 10
7.276661318639937
 20
-13.196695198596046
 10
7.552232798181669
 20
-13.345483375605921
 10
7.83135916488208
 20
-13.48749053516954
 10
8.113873589290286
 20
-13.622631801835222
 10
8.399607216966395
 20
-13.75082640378773
 10
8.688389269403146
 20
-13.871997721124334
 10
8.980047146097872
 20
-13.98607333164945
 10
9.274406527712419
 20
-14.092985054159984
 10
9.571291480261952
 20
-14.192668989196491
 10
9.870524560267313
 20
-14.285065557234661
 10
10.171926920810362
 20
-14.370119534295107
 10
10.475318418428003
 20
-14.4477800849499
 10
10.780517720781248
 20
-14.518000792706133
 10
11.08734241503454
 20
-14.580739687748284
 10
11.39560911688086
 20
-14.635959272022887
 10
11.705133580148216
 20
-14.683626541650641
 10
12.015730806920173
 20
-14.723713006652199
 10
12.327215158106158
 20
-14.756194707976206
 10
12.639400464395735
 20
-14.78105223181933
 10
12.952100137528127
 20
-14.79827072122947
 10
13.265127281813998
 20
-14.807839884985606
 10
13.57829480583912
 20
-14.809754003748658
 10
13.891415534286985
 20
-14.804011933479874
 10
13.916481109938177
 20
-14.802938864644934
 10
13.925974562516277
 20
-14.792779563942387
 10
14.141902844799935
 20
-14.553667209851941
 10
14.353726050994416
 20
-14.310910808728838
 10
14.39939102957542
 20
-14.256741324018318
 10
14.374316642987827
 20
-14.258853408363974
 10
14.371995482500049
 20
-14.259018735545762
 10
14.057085848328553
 20
-14.277360133088651
 10
14.054761189383298
 20
-14.2774653940753
 10
13.73948262327294
 20
-14.287659034702779
 10
13.73715601998194
 20
-14.287704159123821
  0
LWPOLYLINE
  5
BC
330
17
100
AcDbEntity
  8
ENGRAVE_LINES
100
AcDbPolyline
 90
383
 70
1
 10
13.421732786203963
 20
-13.689729729505466
 10
13.419284923986291
 20
-13.689713083824746
 10
13.10384103671972
 20
-13.683277150759201
 10
13.10139453266081
 20
-13.683193937748642
 10
12.786242362042488
 20
-13.668181389569527
 10
12.783799026043845
 20
-13.668031670789363
 10
12.469171718790482
 20
-13.64445361364362
 10
12.466733358409916
 20
-13.644237499854444
 10
12.152863672949064
 20
-13.61211137657485
 10
12.15043209206346
 20
-13.611829027655682
 10
11.837552226340941
 20
-13.571178604856781
 10
11.83512922381178
 20
-13.570830229686793
 10
11.523470643513768
 20
-13.52168558018259
 10
11.521058011856336
 20
-13.52127143648657
 10
11.210851279173083
 20
-13.463668917042913
 10
11.208450803230395
 20
-13.46318931120061
 10
10.899925406288531
 20
-13.397171535638806
 10
10.897538861910913
 20
-13.396626822458273
 10
10.590923045000068
 20
-13.322242630129761
 10
10.588552197731397
 20
-13.321633212584864
 10
10.284072792451262
 20
-13.238937632240296
 10
10.281719396222838
 20
-13.238263961172608
 10
9.979601653675147
 20
-13.147318170252097
 10
9.977267449508153
 20
-13.146580744037363
 10
9.67773487365798
 20
-13.047452023411957
 10
9.675421588375482
 20
-13.0466513875914
 10
9.378695770705015
 20
-12.9394130717893
 10
9.376405115654475
 20
-12.938549818666035
 10
9.082705571231706
 20
-12.823281241620395
 10
9.08043924101895
 20
-12.822356009821252
 10
8.789983246102333
 20
-12.69914244617963
 10
8.787742917337892
 20
-12.6981559201827
 10
8.500745348637402
 20
-12.56708852222166
 10
8.498532678696176
 20
-12.566041431849927
 10
8.215205854409444
 20
-12.42721716204142
 10
8.213022480204575
 20
-12.42611028192284
 10
7.93357600294582
 20
-12.279631841202228
 10
7.931423539717741
 20
-12.278465990196672
 10
7.65606414145565
 20
-12.124441741985523
 10
7.653944181577128
 20
-12.123217782578987
 10
7.382875570696429
 20
-11.961761672618794
 10
7.38078968249455
 20
-11.960480510285343
 10
7.114212393094398
 20
-11.791711982341504
 10
7.11216211969033
 20
-11.79037456487341
 10
6.850273363230971
 20
-11.614418472371785
 10
6.848260221398378
 20
-11.613025789178357
 10
6.591253740805948
 20
-11.43001230283988
 10
6.589279219848894
 20
-11.428565384215512
 10
6.337345146186129
 20
-11.238629895757049
 10
6.335410706837305
 20
-11.23712981211901
 10
6.08873541864631
 20
-11.040412834091795
 10
6.086842491986397
 20
-11.038860695188353
 10
5.845608477407493
 20
-10.835507757028074
 10
5.84375846380646
 20
-10.833904711117507
 10
5.608144185575121
 20
-10.62406625148297
 10
5.606338453656247
 20
-10.622413484484102
 10
5.376518217077976
 20
-10.406244739964055
 10
5.374758102705353
 20
-10.404543474578913
 10
5.150901926706191
 20
-10.18220436484942
 10
5.149188731996464
 20
-10.180455859658707
 10
4.93146222334456
 20
-9.952110869176055
 10
4.9297972157036325
 20
-9.950316417708045
 10
4.718361446494833
 20
-9.716134474024607
 10
4.716745857680252
 20
-9.714295403798218
 10
4.511757246178437
 20
-9.47444975259139
 10
4.510192271388151
 20
-9.47256742413409
 10
4.311802466308416
 20
-9.227235501040711
 10
4.3102892632965775
 20
-9.225311306882018
 10
4.118645031616892
 20
-8.974674606233103
 10
4.11718471983736
 20
-8.972709969874396
 10
3.9324278382216944
 20
-8.716953910427264
 10
3.9310214979998768
 20
-8.714950285288701
 10
3.753288647913102
 20
-8.45426407305587
 10
3.7519373196467347
 20
-8.452222941401146
 10
3.5813599862389216
 20
-8.186799429677428
 10
3.5800646696283978
 20
-8.18472230151723
 10
3.4167690444632943
 20
-7.914757848208635
 10
3.415530697772091
 20
-7.912646260183528
 10
3.259637585471747
 20
-7.638340582543449
 10
3.2584571248175114
 20
-7.636196096787098
 10
3.1100818536921193
 20
-7.357752123667305
 10
3.1089601523689345
 20
-7.3555763266508185
 10
2.968212489097984
 20
-7.073200048376532
 10
2.9671503769303125
 20
-7.0709945497348015
 10
2.8341344453582074
 20
-6.784894865714926
 10
2.833132708086995
 20
-6.7826612970558395
 10
2.7079469121931656
 20
-6.49304986124106
 10
2.707006290894557
 20
-6.490789874938447
 10
2.5897432419951008
 20
-6.1978809392415775
 10
2.5888644325322003
 20
-6.1955962072128035
 10
2.4796108807668586
 20
-5.899606463007149
 10
2.478794533274934
 20
-5.89729867547624
 10
2.377631303430139
 20
-5.598447093289297
 10
2.3768780218356578
 20
-5.596117957536531
 10
2.2838799535510783
 20
-5.294625625057567
 10
2.2831902951249314
 20
-5.292276864156447
 10
2.198426187527788
 20
-4.988366822677837
 10
2.1978006624730217
 20
-4.986000174220366
 10
2.12133322328112
 20
-4.6798972536336745
 10
2.1207722943554956
 20
-4.677514468444912
 10
2.0526580934866243
 20
-4.369445120913767
 10
2.052162175660271
 20
-4.367047961756577
 10
1.9924516033822905
 20
-4.057240094189424
 10
1.992021063530718
 20
-4.054830334460406
 10
1.9407582931832936
 20
-3.743513139907042
 10
1.9403934498159783
 20
-3.7410925623245808
 10
1.897616405131547
 20
-3.4284963504212116
 10
1.8973175281563015
 20
-3.426066745706642
 10
1.8630578552044414
 20
-3.112422772294906
 10
1.8628251657277408
 20
-3.109985937847754
 10
1.8371082095036941
 20
-2.7955262338937543
 10
1.8369418796671027
 20
-2.7930839724620387
 10
1.8197866653417694
 20
-2.4780411724019165
 10
1.8196868181945904
 20
-2.475595290748484
 10
1.8111060370399008
 20
-2.1602024603876067
 10
1.8110727464481486
 20
-2.1577547679535196
 10
1.8110727464481469
 20
-1.8422452320464888
 10
1.811106037039899
 20
-1.8397975396124004
 10
1.8196868181945904
 20
-1.5244047092515227
 10
1.8197866653417694
 20
-1.521958827598091
 10
1.8369418796671027
 20
-1.2069160275379691
 10
1.8371082095036941
 20
-1.2044737661062535
 10
1.8628251657277408
 20
-0.8900140621522485
 10
1.8630578552044414
 20
-0.8875772277050966
 10
1.8973175281563015
 20
-0.5739332542933608
 10
1.897616405131547
 20
-0.5715036495787911
 10
1.9403934498159783
 20
-0.2589074376754215
 10
1.9407582931832936
 20
-0.25648686009296
 10
1.992021063530718
 20
0.05483033446040392
 10
1.9924516033822905
 20
0.0572400941894223
 10
2.052162175660271
 20
0.36704796175657434
 10
2.052658093486624
 20
0.3694451209137634
 10
2.1207722943554934
 20
0.6775144684449084
 10
2.1213332232811184
 20
0.6798972536336721
 10
2.1978006624730217
 20
0.9860001742203645
 10
2.198426187527788
 20
0.988366822677835
 10
2.2831902951249314
 20
1.2922768641564442
 10
2.2838799535510783
 20
1.294625625057565
 10
2.376878021835656
 20
1.5961179575365245
 10
2.377631303430137
 20
1.5984470932892898
 10
2.4787945332749324
 20
1.8972986754762329
 10
2.479610880766857
 20
1.8996064630071414
 10
2.588864432532197
 20
2.1955962072127955
 10
2.589743241995097
 20
2.19788093924157
 10
2.7070062908945536
 20
2.4907898749384407
 10
2.707946912193162
 20
2.4930498612410537
 10
2.833132708086993
 20
2.7826612970558333
 10
2.8341344453582056
 20
2.7848948657149193
 10
2.9671503769303107
 20
3.0709945497347984
 10
2.9682124890979824
 20
3.073200048376529
 10
3.1089601523689328
 20
3.3555763266508163
 10
3.1100818536921175
 20
3.3577521236673036
 10
3.2584571248175096
 20
3.6361960967870965
 10
3.2596375854717454
 20
3.638340582543448
 10
3.4155306977720894
 20
3.9126462601835272
 10
3.416769044463293
 20
3.9147578482086347
 10
3.5800646696284
 20
4.1847223015172315
 10
3.5813599862389234
 20
4.18679942967743
 10
3.7519373196467365
 20
4.452222941401147
 10
3.753288647913103
 20
4.454264073055869
 10
3.931021497999878
 20
4.714950285288703
 10
3.932427838221696
 20
4.716953910427268
 10
4.117184719837362
 20
4.9727099698743995
 10
4.118645031616894
 20
4.974674606233106
 10
4.3102892632965775
 20
5.225311306882021
 10
4.311802466308416
 20
5.227235501040715
 10
4.510192271388153
 20
5.472567424134092
 10
4.511757246178439
 20
5.474449752591392
 10
4.71674585768025
 20
5.714295403798215
 10
4.718361446494831
 20
5.716134474024605
 10
4.929797215703631
 20
5.950316417708045
 10
4.931462223344559
 20
5.952110869176054
 10
5.149188731996462
 20
6.180455859658705
 10
5.150901926706189
 20
6.182204364849419
 10
5.374758102705349
 20
6.404543474578912
 10
5.376518217077972
 20
6.406244739964053
 10
5.606338453656249
 20
6.622413484484103
 10
5.608144185575123
 20
6.624066251482973
 10
5.843758463806463
 20
6.833904711117509
 10
5.845608477407494
 20
6.835507757028076
 10
6.086842491986395
 20
7.038860695188353
 10
6.0887354186463085
 20
7.0404128340917955
 10
6.3354107068372985
 20
7.237129812119007
 10
6.337345146186123
 20
7.238629895757046
 10
6.589279219848888
 20
7.428565384215509
 10
6.591253740805943
 20
7.430012302839878
 10
6.848260221398376
 20
7.613025789178354
 10
6.850273363230968
 20
7.6144184723717805
 10
7.112162119690327
 20
7.7903745648734075
 10
7.1142123930943955
 20
7.791711982341501
 10
7.380789682494556
 20
7.960480510285348
 10
7.382875570696435
 20
7.961761672618799
 10
7.653944181577136
 20
8.12321778257899
 10
7.656064141455658
 20
8.124441741985526
 10
7.931423539717743
 20
8.278465990196672
 10
7.933576002945823
 20
8.279631841202228
 10
8.213022480204579
 20
8.42611028192284
 10
8.215205854409447
 20
8.42721716204142
 10
8.49853267869618
 20
8.566041431849929
 10
8.500745348637407
 20
8.567088522221663
 10
8.7877429173379
 20
8.698155920182701
 10
8.789983246102338
 20
8.69914244617963
 10
9.080439241018953
 20
8.822356009821254
 10
9.082705571231708
 20
8.823281241620396
 10
9.376405115654478
 20
8.938549818666036
 10
9.378695770705018
 20
8.939413071789302
 10
9.675421588375475
 20
9.046651387591398
 10
9.677734873657974
 20
9.047452023411955
 10
9.977267449508146
 20
9.14658074403736
 10
9.97960165367514
 20
9.147318170252094
 10
10.281719396222831
 20
9.238263961172605
 10
10.284072792451255
 20
9.238937632240292
 10
10.58855219773139
 20
9.32163321258486
 10
10.59092304500006
 20
9.322242630129757
 10
10.897538861910906
 20
9.396626822458273
 10
10.899925406288524
 20
9.397171535638806
 10
11.208450803230395
 20
9.46318931120061
 10
11.210851279173083
 20
9.463668917042913
 10
11.521058011856327
 20
9.521271436486568
 10
11.523470643513757
 20
9.521685580182588
 10
11.835129223811778
 20
9.570830229686793
 10
11.837552226340941
 20
9.571178604856781
 10
12.15043209206346
 20
9.611829027655682
 10
12.152863672949064
 20
9.61211137657485
 10
12.466733358409916
 20
9.644237499854444
 10
12.469171718790482
 20
9.64445361364362
 10
12.783799026043845
 20
9.668031670789363
 10
12.786242362042488
 20
9.668181389569527
 10
13.101394532660809
 20
9.683193937748642
 10
13.103841036719718
 20
9.683277150759201
 10
13.41928492398629
 20
9.689713083824746
 10
13.421732786203961
 20
9.689729729505466
 10
13.737235027592746
 20
9.687584286212545
 10
13.739682437062918
 20
9.687534352249106
 10
14.055009626878025
 20
9.676809119777202
 10
14.057454773029374
 20
9.676692643110295
 10
14.372373635076485
 20
9.657395555889092
 10
14.374814709012073
 20
9.6572126226871
 10
14.689092269174042
 20
9.629357956526658
 10
14.691527465009514
 20
9.6291087021219
 10
14.932549732137232
 20
9.60112181629734
 10
14.787696496715414
 20
9.786093817119585
 10
14.583640004641667
 20
10.037666690847065
 10
14.562925547286508
 20
10.06232892785551
 10
14.36036776428765
 20
10.079390925407008
 10
14.047781428133177
 20
10.097597006249751
 10
13.73482888189635
 20
10.107715441604078
 10
13.421719344750779
 20
10.10973946695982
 10
13.108662140823755
 20
10.10366772918878
 10
12.795866559256194
 20
10.089504287449374
 10
12.48354171428539
 20
10.067258610472912
 10
12.171896405445988
 20
10.036945570233472
 10
11.861138977980087
 20
9.998585432005491
 10
11.551477183551256
 20
9.952203840815685
 10
11.243118041356475
 20
9.897831804298624
 10
10.936267699726015
 20
9.835505671966972
 10
10.631131298307094
 20
9.765267110910715
 10
10.327912830920832
 20
9.687163077941277
 10
10.026815009185837
 20
9.601245788199375
 10
9.72803912699867
 20
9.507572680247454
 10
9.431784925961834
 20
9.406206377669973
 10
9.138250461850772
 20
9.29721464720776
 10
8.847631972205981
 20
9.180670353453344
 10
8.56012374514237
 20
9.056651410138798
 10
8.27591798946079
 20
8.92524072804765
 10
7.995204706150669
 20
8.786526159586542
 10
7.718171561367108
 20
8.640600440052546
 10
7.445003760970844
 20
8.487561125637042
 10
7.175883926711006
 20
8.32751052820564
 10
6.910991974137351
 20
8.160555646899837
 10
6.650504992319897
 20
7.986808096604033
 10
6.394597125459616
 20
7.806384033327665
 10
6.1434394564668855
 20
7.619404076550807
 10
5.897199892587055
 20
7.425993228586163
 10
5.656043053148764
 20
7.226280791010794
 10
5.420130159510632
 20
7.020400278223844
 10
5.189618927279167
 20
6.808489328187545
 10
4.964663460870902
 20
6.590689610411858
 10
4.745414150488227
 20
6.367146731243497
 10
4.5320175715787965
 20
6.138010136523488
 10
4.324616386844725
 20
5.9034330116774045
 10
4.123349250868034
 20
5.663572179306034
 10
3.92835071741535
 20
5.418587994344158
 10
3.7397511494842273
 20
5.168644236857904
 10
3.5576766321512543
 20
4.913908002552485
 10
3.3822488882798813
 20
4.654549591063004
 10
3.2135851971447167
 20
4.390742392103614
 10
3.0517983160263826
 20
4.12266276955063
 10
2.8969964048295807
 20
3.8504899435375224
 10
2.7492829537745678
 20
3.5744058706402457
 10
2.6087567142104784
 20
3.2945951222331606
 10
2.4755116325968567
 20
3.0112447610971165
 10
2.3496367876972495
 20
2.7245442163616143
 10
2.2312163310270914
 20
2.434685156865141
 10
2.1203294305956844
 20
2.1418613630182937
 10
2.017050217979697
 20
1.8462685972550577
 10
1.9214477387637563
 20
1.5481044731590972
 10
1.8335859063811975
 20
1.2475683233525807
 10
1.7535234593857931
 20
0.9448610662356581
 10
1.681313922183084
 20
0.640185071665831
 10
1.617005569247534
 20
0.3337440256669995
 10
1.5606413928494463
 20
0.025742794258565786
 10
1.5122590743131943
 20
-0.2836127135042682
 10
1.4718909588260147
 20
-0.5941156831875775
 10
1.439564033814159
 20
-0.9055585332410397
 10
1.415299910900921
 20
-1.217733053773066
 10
1.3991148114585386
 20
-1.5304305457460277
 10
1.3910195557636664
 20
-1.843441960498543
 10
1.3910195557636647
 20
-2.1565580395014483
 10
1.3991148114585383
 20
-2.469569454253957
 10
1.4152999109009203
 20
-2.7822669462269416
 10
1.4395640338141584
 20
-3.0944414667589513
 10
1.4718909588260127
 20
-3.4058843168124127
 10
1.5122590743131927
 20
-3.7163872864957246
 10
1.5606413928494458
 20
-4.025742794258565
 10
1.6170055692475331
 20
-4.333744025666993
 10
1.6813139221830815
 20
-4.640185071665821
 10
1.7535234593857927
 20
-4.944861066235657
 10
1.8335859063811992
 20
-5.247568323352584
 10
1.9214477387637534
 20
-5.54810447315909
 10
2.0170502179796967
 20
-5.84626859725506
 10
2.1203294305956817
 20
-6.141861363018289
 10
2.2312163310270905
 20
-6.434685156865135
 10
2.3496367876972424
 20
-6.7245442163616
 10
2.4755116325968562
 20
-7.011244761097116
 10
2.608756714210485
 20
-7.294595122233177
 10
2.74928295377455
 20
-7.574405870640211
 10
2.8969964048295864
 20
-7.850489943537533
 10
3.0517983160263777
 20
-8.12266276955062
 10
3.2135851971447202
 20
-8.390742392103617
 10
3.382248888279884
 20
-8.654549591063011
 10
3.557676632151241
 20
-8.913908002552466
 10
3.739751149484238
 20
-9.168644236857919
 10
3.928350717415339
 20
-9.418587994344144
 10
4.123349250868029
 20
-9.663572179306028
 10
4.32461638684472
 20
-9.903433011677398
 10
4.532017571578807
 20
-10.1380101365235
 10
4.745414150488204
 20
-10.367146731243475
 10
4.964663460870897
 20
-10.590689610411852
 10
5.189618927279165
 20
-10.808489328187541
 10
5.420130159510629
 20
-11.020400278223843
 10
5.656043053148777
 20
-11.226280791010806
 10
5.897199892587027
 20
-11.425993228586142
 10
6.143439456466849
 20
-11.61940407655078
 10
6.394597125459669
 20
-11.806384033327705
 10
6.650504992319897
 20
-11.986808096604033
 10
6.910991974137345
 20
-12.160555646899832
 10
7.175883926711019
 20
-12.327510528205647
 10
7.445003760970837
 20
-12.487561125637038
 10
7.718171561367096
 20
-12.640600440052541
 10
7.995204706150666
 20
-12.78652615958654
 10
8.275917989460783
 20
-12.925240728047646
 10
8.56012374514237
 20
-13.056651410138798
 10
8.847631972205976
 20
-13.18067035345334
 10
9.138250461850767
 20
-13.297214647207756
 10
9.431784925961844
 20
-13.406206377669978
 10
9.72803912699863
 20
-13.50757268024744
 10
10.02681500918585
 20
-13.601245788199378
 10
10.327912830920896
 20
-13.687163077941294
 10
10.631131298307029
 20
-13.765267110910699
 10
10.936267699725995
 20
-13.835505671966967
 10
11.243118041356489
 20
-13.89783180429863
 10
11.55147718355123
 20
-13.95220384081568
 10
11.861138977980085
 20
-13.99858543200549
 10
12.171896405445997
 20
-14.036945570233474
 10
12.483541714285387
 20
-14.067258610472912
 10
12.795866559256186
 20
-14.089504287449374
 10
13.108662140823753
 20
-14.10366772918878
 10
13.421719344750775
 20
-14.10973946695982
 10
13.734828881896345
 20
-14.107715441604078
 10
14.04778142813317
 20
-14.097597006249751
 10
14.360367764287648
 20
-14.07939092540701
 10
14.563237752700045
 20
-14.062302629937346
 10
14.76481249453885
 20
-13.814748769592258
 10
14.932815238440817
 20
-13.601090986388167
 10
14.691527465009518
 20
-13.6291087021219
 10
14.689092269174045
 20
-13.629357956526658
 10
14.374814709012075
 20
-13.6572126226871
 10
14.372373635076487
 20
-13.657395555889092
 10
14.057454773029377
 20
-13.676692643110295
 10
14.055009626878029
 20
-13.676809119777202
 10
13.73968243706292
 20
-13.687534352249106
 10
13.737235027592748
 20
-13.687584286212545
  0
LWPOLYLINE
  5
BD
330
17
100
AcDbEntity
  8
ENGRAVE_LINES
100
AcDbPolyline
 90
1297
 70
1
 10
15.96682437475937
 20
-10.525822879328164
 10
15.953830971704964
 20
-10.213050789376677
 10
15.932186360371945
 20
-9.900758106824183
 10
15.901907122499743
 20
-9.589184076248042
 10
15.86301645473647
 20
-9.278567391672745
 10
15.8155441508682
 20
-8.969146013709022
 10
15.759526578994134
 20
-8.661156987253598
 10
15.695006653665487
 20
-8.354836259892332
 10
15.622033803008865
 20
-8.050418501141925
 10
15.540663930859951
 20
-7.748136922672338
 10
15.45095937393605
 20
-7.44822309964533
 10
15.352988854080492
 20
-7.1509067933067465
 10
15.246827425615448
 20
-6.856415774968582
 10
15.132556417843519
 20
-6.564975651515454
 10
15.010263372742095
 20
-6.276809692569253
 10
14.880041977898188
 20
-5.992138659444157
 10
14.741991994735335
 20
-5.711180636023704
 10
14.666424861018378
 20
-5.5675712371208945
 10
14.59243654730208
 20
-5.674613803253126
 10
14.423324030846453
 20
-5.9377580153083915
 10
14.263146926908222
 20
-6.2064348005617225
 10
14.160750861871964
 20
-6.392101028899134
 10
14.21760640602346
 20
-6.512830077016879
 10
14.218732623710824
 20
-6.515318831649564
 10
14.344493833841161
 20
-6.8048501762226055
 10
14.345544001810532
 20
-6.807371963909374
 10
14.462460326743997
 20
-7.100586653902515
 10
14.463433477509867
 20
-7.103139151402598
 10
14.571397206048328
 20
-7.399767057682155
 10
14.572292443078625
 20
-7.402347913462825
 10
14.671204111759124
 20
-7.70211576241024
 10
14.67202061030116
 20
-7.704722598813217
 10
14.761789095028332
 20
-8.007354224083128
 10
14.762526102868625
 20
-8.009984639515029
 10
14.843068702864377
 20
-8.315201236458323
 10
14.843725541021632
 20
-8.317852807603176
 10
14.914968055014665
 20
-8.625373190120616
 10
14.915544118365302
 20
-8.628043474172376
 10
14.977420912950324
 20
-8.937584333762194
 10
14.977915670785965
 20
-8.940270870675231
 10
15.0303697408896
 20
-9.251547037436008
 10
15.030782737405978
 20
-9.254247352191458
 10
15.0737657588037
 20
-9.566972057539857
 10
15.074096613520593
 20
-9.569683662425778
 10
15.107568987356242
 20
-9.883568803287092
 10
15.107817395467984
 20
-9.886289200190314
 10
15.131748284734902
 20
-10.201045604418434
 10
15.131914017391203
 20
-10.203772287125988
 10
15.146281375341374
 20
-10.519109979908269
 10
15.146364279858137
 20
-10.521840436416278
 10
15.151154870313123
 20
-10.837468907417886
 10
15.150904670658118
 20
-10.838834764831844
 10
15.151154870313123
 20
-10.840200622245801
 10
15.146364279858137
 20
-11.155829093247409
 10
15.146281375341374
 20
-11.158559549755418
 10
15.131914017391203
 20
-11.473897242537708
 10
15.131748284734902
 20
-11.476623925245262
 10
15.107817395467984
 20
-11.79138032947337
 10
15.107568987356242
 20
-11.794100726376591
 10
15.074096613520593
 20
-12.107985867237904
 10
15.0737657588037
 20
-12.110697472123825
 10
15.030782737405977
 20
-12.423422177472233
 10
15.030369740889599
 20
-12.426122492227682
 10
14.977915670785963
 20
-12.73739865898846
 10
14.977420912950322
 20
-12.740085195901496
 10
14.944520418516422
 20
-12.904671086238883
 10
14.93578811442057
 20
-12.905893475111915
 10
14.757156614635313
 20
-12.927925569213889
 10
14.756292309064724
 20
-12.928017841476532
 10
14.800645184399999
 20
-12.706141009481028
 10
14.852645272767994
 20
-12.397558889038683
 10
14.895256282868608
 20
-12.087540766882706
 10
14.928438958567579
 20
-11.77637225260081
 10
14.952162729747686
 20
-11.464340015599754
 10
14.966405740472068
 20
-11.151731521005496
 10
14.971154869119317
 20
-10.838834764831844
 10
14.966405740472068
 20
-10.52593800865819
 10
14.952162729747686
 20
-10.213329514063942
 10
14.928438958567579
 20
-9.901297277062874
 10
14.895256282868608
 20
-9.590128762780976
 10
14.852645272767996
 20
-9.280110640625008
 10
14.8006451844
 20
-8.971528520182662
 10
14.73930392375062
 20
-8.664666688100487
 10
14.668678002523228
 20
-8.359807846178962
 10
14.588832486076333
 20
-8.057232850929411
 10
14.499840933480899
 20
-7.757220454829588
 10
14.401785329752736
 20
-7.460047049518038
 10
14.294756010322534
 20
-7.165986411163957
 10
14.178851577812553
 20
-6.875309448245519
 10
14.055570886211596
 20
-6.5914888300904675
 10
13.97031192848522
 20
-6.759167006042854
 10
13.837984600352858
 20
-7.042598475342619
 10
13.715253444283194
 20
-7.330315320330827
 10
13.602257005159295
 20
-7.621992752274756
 10
13.595393311734584
 20
-7.641645878504663
 10
13.61998654073191
 20
-7.708438296863366
 10
13.62098354262585
 20
-7.711293057829603
 10
13.720091250383017
 20
-8.011164224872148
 10
13.720991787847899
 20
-8.01405086742453
 10
13.80996980487743
 20
-8.317082164563674
 10
13.810772861342873
 20
-8.319997430120047
 10
13.889520744942603
 20
-8.625846780926782
 10
13.890225413879513
 20
-8.628787378593962
 10
13.958654269618181
 20
-8.937109525483601
 10
13.959259755562075
 20
-8.940072135772285
 10
14.017292337627671
 20
-9.25051902974795
 10
14.017797957076642
 20
-9.25350030831992
 10
14.06536875547523
 20
-9.565721501867154
 10
14.065773937661518
 20
-9.56871808331053
 10
14.102829252168087
 20
-9.882361125999441
 10
14.103133539702378
 20
-9.885369627627718
 10
14.129631540480272
 20
-10.200080463976123
 10
14.129834589868041
 20
-10.203097489646712
 10
14.145745364688496
 20
-10.518520858795151
 10
14.145846946717743
 20
-10.521543002743114
 10
14.151152534726272
 20
-10.837322839490525
 10
14.150878113877495
 20
-10.838834764831844
 10
14.151152534726272
 20
-10.840346690173162
 10
14.145846946717743
 20
-11.156126526920573
 10
14.145745364688496
 20
-11.159148670868536
 10
14.129834589868041
 20
-11.47457204001698
 10
14.129631540480272
 20
-11.47758906568757
 10
14.103133539702378
 20
-11.792299902035973
 10
14.102829252168085
 20
-11.795308403664249
 10
14.065773937661518
 20
-12.108951446353151
 10
14.06536875547523
 20
-12.111948027796528
 10
14.017797957076642
 20
-12.424169221343767
 10
14.017292337627671
 20
-12.427150499915738
 10
13.959259755562073
 20
-12.737597393891404
 10
13.95865426961818
 20
-12.740560004180086
 10
13.902770751288386
 20
-12.992356211513885
 10
13.85990991103954
 20
-12.994110462240023
 10
13.717224162535643
 20
-12.997613200760373
 10
13.782602452381171
 20
-12.703036088991487
 10
13.840079324922373
 20
-12.395561978401654
 10
13.887194593947408
 20
-12.086330558612575
 10
13.923895073454954
 20
-11.775690905052297
 10
13.95013933416329
 20
-11.463993682831786
 10
13.965897750277762
 20
-11.151590750896654
 10
13.971152532933782
 20
-10.838834764831844
 10
13.965897750277762
 20
-10.526078778767033
 10
13.95013933416329
 20
-10.213675846831906
 10
13.923895073454958
 20
-9.901978624611445
 10
13.887194593947408
 20
-9.591338971051107
 10
13.840079324922371
 20
-9.282107551262023
 10
13.782602452381175
 20
-8.974633440672209
 10
13.714828859005886
 20
-8.669263730974047
 10
13.636835050916591
 20
-8.366343138310173
 10
13.548709071307517
 20
-8.066213614140935
 10
13.499313268215113
 20
-7.916756246439364
 10
13.499122838843316
 20
-7.917301511539397
 10
13.405967368185504
 20
-8.215908239271096
 10
13.322895751600328
 20
-8.517475853709472
 10
13.250001764358615
 20
-8.821663930701488
 10
13.187367692729417
 20
-9.12812908798899
 10
13.135064241091309
 20
-9.436525372835124
 10
13.093150452117902
 20
-9.74650465255228
 10
13.061673640127506
 20
-10.057717007491846
 10
13.040669337672513
 20
-10.369811126049909
 10
13.030161255428514
 20
-10.682434701244798
 10
13.030161255428514
 20
-10.995234828418896
 10
13.040669337672512
 20
-11.307858403613778
 10
13.061673640127506
 20
-11.619952522171845
 10
13.0931504521179
 20
-11.931164877111405
 10
13.135064241091309
 20
-12.24114415682857
 10
13.187367692729417
 20
-12.549540441674704
 10
13.250001764358613
 20
-12.856005598962197
 10
13.283942709303428
 20
-12.9976418458562
 10
13.140090088960463
 20
-12.994110462240023
 10
13.097583475281537
 20
-12.992370709648169
 10
13.074605161501074
 20
-12.896481743412574
 10
13.073949991605703
 20
-12.893529722857247
 10
13.010710348576783
 20
-12.584101537150273
 10
13.010154717471899
 20
-12.581129173271783
 10
12.957345575023755
 20
-12.2697511890882
 10
12.956890109932706
 20
-12.266761837235089
 10
12.914571081587237
 20
-11.95378555314916
 10
12.91421629666111
 20
-11.950782587846819
 10
12.882435154190514
 20
-11.636561306671274
 10
12.882181449927746
 20
-11.63354811781262
 10
12.86097406942742
 20
-11.318436547773285
 10
12.860821732221694
 20
-11.315416536792076
 10
12.850212053611575
 20
-10.999770391116058
 10
12.850161255428514
 20
-10.9967469671472
 10
12.850161255428514
 20
-10.680922562516495
 10
12.850212053611575
 20
-10.677899138547636
 10
12.860821732221696
 20
-10.36225299287161
 10
12.860974069427423
 20
-10.359232981890402
 10
12.882181449927746
 20
-10.044121411851071
 10
12.882435154190514
 20
-10.041108222992417
 10
12.914216296661111
 20
-9.726886941816867
 10
12.914571081587239
 20
-9.723883976514525
 10
12.956890109932706
 20
-9.410907692428605
 10
12.957345575023755
 20
-9.407918340575494
 10
13.010154717471899
 20
-9.09654035639191
 10
13.010710348576783
 20
-9.093567992513421
 10
13.073949991605705
 20
-8.784139806806438
 10
13.074605161501076
 20
-8.781187786251111
 10
13.148203917133815
 20
-8.47405869656788
 10
13.14895788623211
 20
-8.471130351719731
 10
13.23283267262285
 20
-8.166647060276263
 10
13.233684589807176
 20
-8.163745696793015
 10
13.327740725028068
 20
-7.862251919099936
 10
13.328689628612977
 20
-7.859380812181444
 10
13.404170783219362
 20
-7.643252181768298
 10
13.342469846441913
 20
-7.475679441205784
 10
13.224589414027564
 20
-7.185941416062493
 10
13.097042172967397
 20
-6.900326954142086
 10
12.959972104774799
 20
-6.619158470905148
 10
12.945507725274346
 20
-6.591856651022772
 10
12.882395754167767
 20
-6.731323658362253
 10
12.762093299966388
 20
-7.020208157358018
 10
12.650613585428726
 20
-7.312610632541717
 10
12.548059313181042
 20
-7.608261703046604
 10
12.454524963130606
 20
-7.906888995181044
 10
12.370096705424405
 20
-8.2082173933576
 10
12.29485232106355
 20
-8.51196929354763
 10
12.22886113024597
 20
-8.817864859029454
 10
12.172183928504184
 20
-9.125622278192044
 10
12.124872930696167
 20
-9.434958024159709
 10
12.08697172290167
 20
-9.7455871159953
 10
12.05851522226764
 20
-10.05722338124474
 10
12.039529644840313
 20
-10.369579719577535
 10
12.030032481413139
 20
-10.682368367283607
 10
12.030032481413139
 20
-10.995301162380088
 10
12.039529644840313
 20
-11.308089810086154
 10
12.05851522226764
 20
-11.620446148418951
 10
12.08697172290167
 20
-11.93208241366839
 10
12.124872930696167
 20
-12.242711505503982
 10
12.172183928504184
 20
-12.552047251471647
 10
12.228861130245969
 20
-12.859804670634231
 10
12.24357374866449
 20
-12.928003541954684
 10
12.24284338536469
 20
-12.927925569213889
 10
12.064211885579436
 20
-12.905893475111915
 10
12.054365611074132
 20
-12.904515147437571
 10
12.052620903623241
 20
-12.896427730531181
 10
12.05208543136241
 20
-12.893749011553963
 10
11.9949134147996
 20
-12.583304746047476
 10
11.994459485346779
 20
-12.580611009988969
 10
11.946735443454147
 20
-12.26857463824819
 10
11.946363474999744
 20
-12.265868366759598
 10
11.908131374381055
 20
-11.952527357719921
 10
11.907841709607476
 20
-11.94981104400093
 10
11.879136772250478
 20
-11.635454068517562
 10
11.878929678016437
 20
-11.632730215019434
 10
11.859778348844
 20
-11.317646879924332
 10
11.859654015938661
 20
-11.314917996044485
 10
11.850073938445922
 20
-10.999398577341056
 10
11.85003248141314
 20
-10.996667177111235
 10
11.85003248141314
 20
-10.68100235255246
 10
11.850073938445922
 20
-10.678270952322638
 10
11.859654015938661
 20
-10.362751533619203
 10
11.859778348844
 20
-10.360022649739356
 10
11.878929678016437
 20
-10.044939314644257
 10
11.879136772250478
 20
-10.042215461146128
 10
11.907841709607476
 20
-9.72785848566276
 10
11.908131374381055
 20
-9.725142171943768
 10
11.946363474999744
 20
-9.411801162904093
 10
11.946735443454147
 20
-9.409094891415501
 10
11.994459485346779
 20
-9.097058519674722
 10
11.9949134147996
 20
-9.094364783616214
 10
12.052085431362412
 20
-8.783920518109722
 10
12.052620903623243
 20
-8.781241799132504
 10
12.119188224141457
 20
-8.472675642040148
 10
12.119804745897166
 20
-8.47001440796067
 10
12.195706044068805
 20
-8.16361063122223
 10
12.196403047337999
 20
-8.160969333748682
 10
12.281568397771805
 20
-7.85701021717343
 10
12.282345240428098
 20
-7.854391289647056
 10
12.376696183063515
 20
-7.553156860858562
 10
12.377552149427096
 20
-7.550562716011901
 10
12.48100176181697
 20
-7.252330492467722
 10
12.481936063313936
 20
-7.249763520201842
 10
12.594389040703327
 20
-6.954808253525718
 10
12.595400816592175
 20
-6.9522708187084685
 10
12.71675355971952
 20
-6.660864241570639
 10
12.717841877884108
 20
-6.6583586818579885
 10
12.83895075035298
 20
-6.390728124463913
 10
12.813533940792286
 20
-6.342753362975593
 10
12.657892987523482
 20
-6.071423649848424
 10
12.49322494002691
 20
-5.805475621666601
 10
12.333417201257559
 20
-5.565761947143285
 10
12.329935899919713
 20
-5.572161380896824
 10
12.188010910433357
 20
-5.851182000448223
 10
12.0538623745685
 20
-6.134023615315893
 10
11.927593062295701
 20
-6.420469543116778
 10
11.809299707383962
 20
-6.710300340236968
 10
11.699072933294179
 20
-7.003293969944739
 10
11.596997183753155
 20
-7.299225972491302
 10
11.503150658062124
 20
-7.597869637067121
 10
11.41760525118888
 20
-7.898996175483318
 10
11.340426498689865
 20
-8.202374897443619
 10
11.27167352650381
 20
-8.50777338727475
 10
11.211399005655924
 20
-8.814957681977761
 10
11.159649111907227
 20
-9.12369245046452
 10
11.116463490379557
 20
-9.433741173843307
 10
11.081875225183875
 20
-9.744866326613664
 10
11.055910814074878
 20
-10.056829558631971
 10
11.0385901481512
 20
-10.369391877710251
 10
11.029926496617135
 20
-10.682313832704866
 10
11.029926496617135
 20
-10.995355696958823
 10
11.0385901481512
 20
-11.30827765195344
 10
11.055910814074878
 20
-11.620839971031717
 10
11.081875225183875
 20
-11.932803203050026
 10
11.116463490379555
 20
-12.243928355820376
 10
11.159649111907223
 20
-12.553977079199154
 10
11.193398561584527
 20
-12.755322971487866
 10
11.177772924051386
 20
-12.752081724379291
 10
11.003795587419665
 20
-12.713013806987643
 10
10.981919783431117
 20
-12.582504915265801
 10
10.98154201945195
 20
-12.580042674307297
 10
10.938012712588314
 20
-12.267526481528018
 10
10.937703237542664
 20
-12.265054728838567
 10
10.902839707591651
 20
-11.951453540089808
 10
10.902598758565532
 20
-11.948974169256614
 10
10.876427714159627
 20
-11.634528231550327
 10
10.876255475741887
 20
-11.632043141996782
 10
10.858796966279638
 20
-11.316993349499405
 10
10.858693570420563
 20
-11.31450444502996
 10
10.849960970706922
 20
-10.999092154515589
 10
10.849926496617135
 20
-10.996601341857275
 10
10.849926496617135
 20
-10.681068187806414
 10
10.849960970706922
 20
-10.6785773751481
 10
10.858693570420563
 20
-10.36316508463373
 10
10.858796966279638
 20
-10.360676180164285
 10
10.876255475741887
 20
-10.045626387666912
 10
10.876427714159627
 20
-10.043141298113369
 10
10.902598758565532
 20
-9.728695360407073
 10
10.902839707591651
 20
-9.726215989573877
 10
10.937703237542665
 20
-9.412614800825116
 10
10.938012712588316
 20
-9.410143048135666
 10
10.981542019451952
 20
-9.097626855356387
 10
10.981919783431119
 20
-9.095164614397884
 10
11.034081519802195
 20
-8.783972833394538
 10
11.034527283313338
 20
-8.781521990467335
 10
11.09528148856112
 20
-8.471893022426567
 10
11.09579491010888
 20
-8.469455455099089
 10
11.165095040990554
 20
-8.16162650395078
 10
11.16567572724736
 20
-8.159204079621137
 10
11.243468693564385
 20
-7.853410970318658
 10
11.244116199671788
 20
-7.851005544784047
 10
11.330342404941815
 20
-7.547482542640862
 10
11.331056234851294
 20
-7.545095958675856
 10
11.425649621964494
 20
-7.244075589897036
 10
11.426429228817458
 20
-7.2417096758418555
 10
11.52931733064226
 20
-6.943422549387879
 10
11.530162117189006
 20
-6.941079117747716
 10
11.641266112088513
 20
-6.645753748667017
 10
11.64217543114577
 20
-6.6434345947234865
 10
11.7614102033623
 20
-6.351297229089172
 10
11.762383358309027
 20
-6.34900412952497
 10
11.889657563170502
 20
-6.060278571109785
 10
11.890693808481565
 20
-6.0580132826475825
 10
12.025909942379858
 20
-5.772920721469845
 10
12.027008484197173
 20
-5.770684979526485
 10
12.170062959284712
 20
-5.48944382239846
 10
12.171222956025403
 20
-5.487239339755464
 10
12.217393804098101
 20
-5.402366685850493
 10
12.13756108385802
 20
-5.290919066278893
 10
11.946966765800658
 20
-5.042891395475099
 10
11.748147881523376
 20
-4.801406466722022
 10
11.54132886742803
 20
-4.566736879922366
 10
11.326743190850923
 20
-4.339147541489994
 10
11.10463308651396
 20
-4.118895365311156
 10
10.875249283077927
 20
-3.906228982727207
 10
10.638850720108184
 20
-3.7013884618678317
 10
10.395704255770822
 20
-3.5046050366502435
 10
10.146084365590458
 20
-3.316100845751306
 10
10.098745550807283
 20
-3.2827889681104394
 10
10.082989889602219
 20
-3.291501898125099
 10
10.080793486628657
 20
-3.292677121567434
 10
9.800548964457459
 20
-3.437674290844361
 10
9.798320877679084
 20
-3.438788277141276
 10
9.514170804287508
 20
-3.5759739436550877
 10
9.511912740621288
 20
-3.577025839391836
 10
9.22407480079027
 20
-3.70629490645399
 10
9.221788490118199
 20
-3.707283905782836
 10
8.930483193869568
 20
-3.828537341539447
 10
8.928170387713408
 20
-3.829462686797021
 10
8.633620901379132
 20
-3.9426076000962813
 10
8.631283371558597
 20
-3.9434685823840163
 10
8.333715346815094
 20
-4.0484182939392594
 10
8.33135488409047
 20
-4.049214253666474
 10
8.030996285088898
 20
-4.145888362460383
 10
8.028614697789163
 20
-4.146618689849586
 10
7.725695626514211
 20
-4.234943134728679
 10
7.723294739151681
 20
-4.235607270282714
 10
7.418047259142477
 20
-4.315514386694923
 10
7.415628911015078
 20
-4.316111821625597
 10
7.108286869583476
 20
-4.387540393457458
 10
7.105852913365661
 20
-4.388070670075317
 10
6.79665176244792
 20
-4.45096597654908
 10
6.794204062771361
 20
-4.45142868861404
 10
6.483380678550582
 20
-4.50574254620876
 10
6.4809211105756885
 20
-4.506137339241327
 10
6.168713612013085
 20
-4.551828138605817
 10
6.166244059992461
 20
-4.552154710158647
 10
5.852891626406668
 20
-4.5891874479880235
 10
5.850413982241605
 20
-4.589445547877627
 10
5.536156670075492
 20
-4.617791853729026
 10
5.533672831866598
 20
-4.617981284227431
 10
5.218751390782327
 20
-4.637619442254335
 10
5.2162632613754125
 20
-4.6377400582405635
 10
4.900918949818222
 20
-4.64865502382913
 10
4.898428435346544
 20
-4.648706732900374
 10
4.582902835718871
 20
-4.650890144194962
 10
4.580411844142864
 20
-4.650872906737374
 10
4.264946677730321
 20
-4.644323091046501
 10
4.262457117375921
 20
-4.644236920265539
 10
3.9472940591667474
 20
-4.628958895343291
 10
3.9448078372634505
 20
-4.6288038572536045
 10
3.630188330803573
 20
-4.604809327455607
 10
3.627707352023314
 20
-4.604585540830465
 10
3.31387242444861
 20
-4.5718928881472625
 10
3.3113985894466174
 20
-4.571600524427557
 10
2.9985886668342427
 20
-4.530234794402355
 10
2.9961238707929585
 20
-4.529874077565267
 10
2.7870095618261024
 20
-4.496308478633691
 10
2.7479182756207106
 20
-4.322227075948621
 10
2.744807502370706
 20
-4.307230436191116
 10
3.0234211809083864
 20
-4.351951598682819
 10
3.333761314978485
 20
-4.392990725877758
 10
3.645118361091498
 20
-4.425425253951813
 10
3.9572537914525494
 20
-4.449230335108674
 10
4.2699284819539365
 20
-4.464387732492684
 10
4.582902895365496
 20
-4.470885834159871
 10
4.895937264842125
 20
-4.4687196619737914
 10
5.208791777606984
 20
-4.457890875419204
 10
5.521226758669777
 20
-4.438407770330776
 10
5.833002854439569
 20
-4.410285272537712
 10
6.143881216091531
 20
-4.373544926429211
 10
6.453623682546745
 20
-4.328214878449504
 10
6.761992962925139
 20
-4.274329855535136
 10
7.0687528183321255
 20
-4.211931138510947
 10
7.373668242838872
 20
-4.141066530465225
 10
7.67650564351813
 20
-4.061790320128228
 10
7.977033019397956
 20
-3.9741632402819964
 10
8.27502013919519
 20
-3.878252421233627
 10
8.570238717693774
 20
-3.7741313393872766
 10
8.862462590631898
 20
-3.6618797609545948
 10
9.151467887964372
 20
-3.541583680846548
 10
9.437033205367387
 20
-3.41333525679353
 10
9.718939773854519
 20
-3.2772327387440834
 10
9.933265026049492
 20
-3.166341883029694
 10
9.890272832608815
 20
-3.1360886818465223
 10
9.628558429294321
 20
-2.964771751399299
 10
9.361236591561893
 20
-2.802343445271766
 10
9.108916098317254
 20
-2.660410064974833
 10
8.914528082017998
 20
-2.750158347276058
 10
8.912030852945914
 20
-2.7512656470830543
 10
8.62155352876076
 20
-2.8748261812270646
 10
8.619023844674901
 20
-2.875857182840441
 10
8.324930398896345
 20
-2.9905451360605393
 10
8.322370590312177
 20
-2.991498889652125
 10
8.024931961642954
 20
-3.0972086036763877
 10
8.022344386828667
 20
-3.098084230584095
 10
7.721834595779439
 20
-3.194718318499638
 10
7.71922163858334
 20
-3.1955150120369473
 10
7.4159175350265265
 20
-3.2829844480093135
 10
7.413281602680885
 20
-3.2837014742084447
 10
7.10746261079794
 20
-3.361925675498191
 10
7.104806131701284
 20
-3.362562373786285
 10
6.796753992558257
 20
-3.431469274987248
 10
6.794079414038162
 20
-3.432025058794932
 10
6.484077926026838
 20
-3.4915511782257402
 10
6.481387712085291
 20
-3.492025535527513
 10
6.169722469469062
 20
-3.542116033715163
 10
6.167019098512455
 20
-3.542508527501109
 10
5.853977228317548
 20
-3.5831172577028183
 10
5.851263190873399
 20
-3.5834275263812096
 10
5.537133088368155
 20
-3.61451707709788
 10
5.53441088479067
 20
-3.614744834828299
 10
5.219481947796373
 20
-3.6362865642705255
 10
5.216754085962951
 20
-3.636431601227202
 10
4.901316448241048
 20
-3.648405663702012
 10
4.898585441241858
 20
-3.648467846267126
 10
4.582929705203214
 20
-3.650863210461175
 10
4.580198069025957
 20
-3.6508424813479574
 10
4.264615038008291
 20
-3.6436569404903145
 10
4.261885289220312
 20
-3.6435533187958207
 10
3.9466656995805476
 20
-3.6267934926909913
 10
3.9439403530104045
 20
-3.626607073878511
 10
3.6293746062788292
 20
-3.6002884028078364
 10
3.6266561726994575
 20
-3.600019358618942
 10
3.313034068042161
 20
-3.5641660891159663
 10
3.3103250518577814
 20
-3.5638146674122977
 10
2.9979355190942214
 20
-3.5184598299252245
 10
2.9952384160331196
 20
-3.518026354460139
 10
2.684369249454403
 20
-3.4632117329219576
 10
2.6816865442696893
 20
-3.462696603042268
 10
2.5953621992287093
 20
-3.4447581978609585
 10
2.594106524888085
 20
-3.435788114420572
 10
2.5720744307861114
 20
-3.257156614635314
 10
2.571956191839326
 20
-3.2560490815864904
 10
2.7169711833323875
 20
-3.2861835433484856
 10
3.0251498261152245
 20
-3.340523752949215
 10
3.3348356765524594
 20
-3.3854860514435687
 10
3.645743431167332
 20
-3.421029016531928
 10
3.9575866607825962
 20
-3.447119903639431
 10
4.270078074398375
 20
-3.46373467608247
 10
4.582929783864067
 20
-3.4708580272129157
 10
4.89585356910017
 20
-3.468483394519629
 10
5.208561143626232
 20
-3.4566129656742848
 10
5.520764420149529
 20
-3.435257676515946
 10
5.8321757759708035
 20
-3.404437200976226
 10
6.142508317961386
 20
-3.364179932954348
 10
6.45147614686871
 20
-3.31452296015876
 10
6.758794620705853
 20
-3.2555120299394336
 10
7.064180616982877
 20
-3.187201507142355
 10
7.367352793538508
 20
-3.1096543240249135
 10
7.66803184773135
 20
-3.022941922278506
 10
7.96594077375235
 20
-2.927144187211623
 10
8.26080511782122
 20
-2.8223493741541166
 10
8.552353231031805
 20
-2.7086540271504274
 10
8.840316519613223
 20
-2.586162890016756
 10
8.907671720010917
 20
-2.55506522435386
 10
8.81098366557465
 20
-2.504875892890133
 10
8.528673729516857
 20
-2.3701724424400736
 10
8.24199796224833
 20
-2.2450288288551117
 10
7.95127997728246
 20
-2.1295863203172716
 10
7.856570683569204
 20
-2.095614637506411
 10
7.7161982259036765
 20
-2.145965436464242
 10
7.713335190954505
 20
-2.146938423530288
 10
7.412642110246795
 20
-2.243523752513752
 10
7.409748005126031
 20
-2.244400010752419
 10
7.105979994012441
 20
-2.3308294616613905
 10
7.103058085726343
 20
-2.3316080019098697
 10
6.796558052274325
 20
-2.4077840089872646
 10
6.793611639214717
 20
-2.4084639523915548
 10
6.484725575531126
 20
-2.474300524465091
 10
6.481757983752006
 20
-2.4748811034720903
 10
6.170834575410331
 20
-2.5303039210253226
 10
6.167849154873265
 20
-2.530784480249284
 10
5.855239387300515
 20
-2.575730979317059
 10
5.852239508093036
 20
-2.576110976279417
 10
5.538296270360316
 20
-2.6105304190731227
 10
5.535285318891604
 20
-2.6108094248148714
 10
5.220363005355797
 20
-2.6346629569977105
 10
5.217344380533939
 20
-2.6348406565636333
 10
4.901798490780243
 20
-2.648101351111287
 10
4.8987756001753775
 20
-2.6481775439054935
 10
4.582962337712035
 20
-2.6508304315026425
 10
4.579938593709728
 20
-2.6508050315150102
 10
4.264214463868301
 20
-2.642847117453443
 10
4.261193279817467
 20
-2.64272015335671
 10
3.9459146873122717
 20
-2.6241604209158718
 10
3.942899473672036
 20
-2.62393203603327
 10
3.6284223202732053
 20
-2.5947914363395213
 10
3.6254164807629974
 20
-2.5944618884829858
 10
3.3120957635373713
 20
-2.55477331685894
 10
3.309102691294654
 20
-2.554342978038078
 10
2.9972921018677847
 20
-2.504151236868778
 10
2.994315175617705
 20
-2.503620592870928
 10
2.684366700909626
 20
-2.442982341028727
 10
2.681409281150954
 20
-2.442351990870576
 10
2.5076223601866197
 20
-2.402247203024833
 10
2.505889537759977
 20
-2.3599099110395407
 10
2.502364186340661
 20
-2.2163030151545278
 10
2.720410686925517
 20
-2.2666215811198973
 10
3.027391151020624
 20
-2.3266791720145354
 10
3.336215898560298
 20
-2.376390286135697
 10
3.6465363131876876
 20
-2.4156988071661583
 10
3.9580020901643427
 20
-2.4445603617404212
 10
4.270261631811234
 20
-2.4629423695355417
 10
4.582962444409301
 20
-2.4708240800493613
 10
4.8957515361113835
 20
-2.4681965960246957
 10
5.2082758154166084
 20
-2.455062883492971
 10
5.520182489757179
 20
-2.431437768426048
 10
5.83111946374772
 20
-2.397347919999923
 10
6.1407357366476845
 20
-2.352831820489284
 10
6.448681798587995
 20
-2.2979397218268414
 10
6.754610025114722
 20
-2.2327335888765125
 10
7.0581750696043954
 20
-2.1572870294844884
 10
7.359034253108125
 20
-2.0716852113871074
 10
7.582207350720737
 20
-1.9999999999999996
 10
7.3590342531081205
 20
-1.9283147886128906
 10
7.058175069604395
 20
-1.8427129705155099
 10
6.754610025114713
 20
-1.767266411123485
 10
6.448681798588
 20
-1.7020602781731597
 10
6.140735736647693
 20
-1.6471681795107154
 10
5.831119463747711
 20
-1.6026520800000754
 10
5.520182489757172
 20
-1.56856223157395
 10
5.208275815416609
 20
-1.544937116507027
 10
4.89575153611139
 20
-1.5318034039753028
 10
4.582962444409304
 20
-1.5291759199506372
 10
4.270261631811237
 20
-1.5370576304644563
 10
3.958002090164343
 20
-1.5554396382595765
 10
3.646536313187684
 20
-1.5843011928338404
 10
3.336215898560302
 20
-1.6236097138642989
 10
3.0273911510206166
 20
-1.6733208279854632
 10
2.7204106869255167
 20
-1.7333784188800998
 10
2.502364186340661
 20
-1.7836969848454702
 10
2.505889537759977
 20
-1.6400900889604666
 10
2.50762236018662
 20
-1.5977527969751644
 10
2.6814092811509562
 20
-1.5576480091294203
 10
2.684366700909629
 20
-1.5570176589712694
 10
2.9943151756176998
 20
-1.49637940712907
 10
2.997292101867779
 20
-1.4958487631312198
 10
3.3091026912946524
 20
-1.445657021961918
 10
3.312095763537371
 20
-1.4452266831410563
 10
3.625416480762999
 20
-1.4055381115170122
 10
3.6284223202732058
 20
-1.4052085636604768
 10
3.942899473672028
 20
-1.376067963966728
 10
3.945914687312264
 20
-1.3758395790841265
 10
4.26119327981747
 20
-1.357279846643288
 10
4.264214463868304
 20
-1.357152882546555
 10
4.579938593709731
 20
-1.349194968484988
 10
4.582962337712039
 20
-1.3491695684973557
 10
4.898775600175377
 20
-1.3518224560945047
 10
4.9017984907802425
 20
-1.3518986488887113
 10
5.21734438053394
 20
-1.3651593434363651
 10
5.2203630053557974
 20
-1.365337043002288
 10
5.535285318891597
 20
-1.389190575185127
 10
5.538296270360309
 20
-1.3894695809268758
 10
5.85223950809304
 20
-1.423889023720583
 10
5.855239387300519
 20
-1.4242690206829407
 10
6.1678491548732675
 20
-1.469215519750714
 10
6.170834575410334
 20
-1.4696960789746756
 10
6.481757983752005
 20
-1.5251188965279097
 10
6.484725575531124
 20
-1.5256994755349091
 10
6.793611639214718
 20
-1.5915360476084452
 10
6.796558052274327
 20
-1.5922159910127351
 10
7.103058085726336
 20
-1.6683919980901265
 10
7.105979994012434
 20
-1.669170538338606
 10
7.409748005126034
 20
-1.7555999892475809
 10
7.412642110246799
 20
-1.756476247486248
 10
7.713335190954509
 20
-1.8530615764697118
 10
7.716198225903679
 20
-1.854034563535758
 10
7.856570683569204
 20
-1.9043853624935878
 10
7.9512799772824545
 20
-1.870413679682729
 10
8.241997962248313
 20
-1.7549711711448959
 10
8.52867372951687
 20
-1.6298275575599224
 10
8.81098366557466
 20
-1.4951241071098615
 10
8.907671720010917
 20
-1.4449347756461406
 10
8.840316519613223
 20
-1.4138371099832443
 10
8.552353231031802
 20
-1.291345972849572
 10
8.260805117821212
 20
-1.177650625845881
 10
7.965940773752354
 20
-1.0728558127883794
 10
7.6680318477313465
 20
-0.9770580777214923
 10
7.367352793538508
 20
-0.8903456759750855
 10
7.064180616982883
 20
-0.8127984928576456
 10
6.758794620705841
 20
-0.7444879700605621
 10
6.451476146868716
 20
-0.6854770398412409
 10
6.142508317961384
 20
-0.6358200670456499
 10
5.832175775970799
 20
-0.5955627990237716
 10
5.520764420149533
 20
-0.564742323484053
 10
5.208561143626218
 20
-0.5433870343257127
 10
4.8958535691001845
 20
-0.5315166054803695
 10
4.582929783864063
 20
-0.5291419727870825
 10
4.270078074398378
 20
-0.5362653239175296
 10
3.957586660782586
 20
-0.5528800963605679
 10
3.6457434311673307
 20
-0.5789709834680684
 10
3.334835676552468
 20
-0.6145139485564275
 10
3.0251498261152285
 20
-0.6594762470507822
 10
2.716971183332384
 20
-0.7138164566515127
 10
2.5719561918393268
 20
-0.7439509184135059
 10
2.5720744307861114
 20
-0.7428433853646936
 10
2.594106524888085
 20
-0.5642118855794354
 10
2.5953621992287106
 20
-0.5552418021390384
 10
2.6816865442696867
 20
-0.5373033969577303
 10
2.6843692494544005
 20
-0.5367882670780406
 10
2.995238416033119
 20
-0.4819736455398593
 10
2.9979355190942205
 20
-0.4815401700747739
 10
3.3103250518577894
 20
-0.436185332587699
 10
3.313034068042169
 20
-0.43583391088403034
 10
3.626656172699459
 20
-0.3999806413810545
 10
3.629374606278831
 20
-0.3997115971921602
 10
3.9439403530104062
 20
-0.37339292612148756
 10
3.9466656995805494
 20
-0.37320650730900673
 10
4.261885289220304
 20
-0.3564466812041791
 10
4.264615038008282
 20
-0.3563430595096856
 10
4.580198069025958
 20
-0.3491575186520409
 10
4.582929705203216
 20
-0.3491367895388232
 10
4.8985854412418615
 20
-0.3515321537328723
 10
4.901316448241052
 20
-0.3515943362979865
 10
5.216754085962949
 20
-0.3635683987727962
 10
5.21948194779637
 20
-0.36371343572947257
 10
5.534410884790667
 20
-0.3852551651716992
 10
5.537133088368152
 20
-0.3854829229021185
 10
5.851263190873398
 20
-0.4165724736187887
 10
5.8539772283175475
 20
-0.4168827422971799
 10
6.167019098512454
 20
-0.45749147249888944
 10
6.169722469469062
 20
-0.4578839662848352
 10
6.481387712085293
 20
-0.5079744644724872
 10
6.484077926026839
 20
-0.5084488217742599
 10
6.794079414038154
 20
-0.5679749412050646
 10
6.796753992558249
 20
-0.5685307250127485
 10
7.104806131701286
 20
-0.6374376262137149
 10
7.107462610797943
 20
-0.6380743245018091
 10
7.413281602680889
 20
-0.7162985257915554
 10
7.41591753502653
 20
-0.7170155519906865
 10
7.7192216385833365
 20
-0.8044849879630509
 10
7.721834595779436
 20
-0.8052816815003601
 10
8.022344386828665
 20
-0.901915769415905
 10
8.024931961642952
 20
-0.9027913963236125
 10
8.322370590312175
 20
-1.0085011103478754
 10
8.324930398896344
 20
-1.0094548639394607
 10
8.619023844674903
 20
-1.1241428171595609
 10
8.621553528760762
 20
-1.125173818772937
 10
8.912030852945914
 20
-1.2487343529169455
 10
8.914528082017998
 20
-1.2498416527239418
 10
9.108916098317257
 20
-1.3395899350251674
 10
9.361236591561896
 20
-1.1976565547282325
 10
9.628558429294317
 20
-1.035228248600703
 10
9.890272832608831
 20
-0.8639113181534682
 10
9.933265026049492
 20
-0.8336581169703069
 10
9.718939773854528
 20
-0.722767261255922
 10
9.437033205367403
 20
-0.5866647432064782
 10
9.151467887964348
 20
-0.45841631915344067
 10
8.862462590631907
 20
-0.3381202390454078
 10
8.570238717693787
 20
-0.225868660612728
 10
8.275020139195183
 20
-0.12174757876637136
 10
7.977033019397953
 20
-0.025836759718001635
 10
7.676505643518145
 20
0.06179032012822445
 10
7.3736682428388525
 20
0.14106653046523143
 10
7.068752818332137
 20
0.21193113851094658
 10
6.7619929629251425
 20
0.2743298555351359
 10
6.453623682546732
 20
0.32821487844950603
 10
6.143881216091546
 20
0.37354492642921017
 10
5.833002854439577
 20
0.41028527253771285
 10
5.521226758669775
 20
0.4384077703307764
 10
5.208791777607
 20
0.4578908754192029
 10
4.895937264842135
 20
0.46871966197379084
 10
4.582902895365485
 20
0.47088583415987245
 10
4.269928481953929
 20
0.46438773249268583
 10
3.9572537914525623
 20
0.44923033510867666
 10
3.645118361091478
 20
0.4254252539518127
 10
3.3337613149785055
 20
0.39299072587776385
 10
3.0234211809083837
 20
0.35195159868281933
 10
2.7448075023707066
 20
0.30723043619111867
 10
2.747918275620709
 20
0.3222270759486143
 10
2.787009561826103
 20
0.4963084786336929
 10
2.9961238707929607
 20
0.5298740775652683
 10
2.998588666834244
 20
0.5302347944023563
 10
3.3113985894466236
 20
0.57160052442756
 10
3.313872424448617
 20
0.5718928881472656
 10
3.6277073520233185
 20
0.6045855408304663
 10
3.630188330803577
 20
0.604809327455609
 10
3.9448078372634523
 20
0.6288038572536065
 10
3.9472940591667487
 20
0.6289588953432926
 10
4.262457117375917
 20
0.6442369202655404
 10
4.264946677730317
 20
0.6443230910465028
 10
4.580411844142868
 20
0.6508729067373755
 10
4.582902835718875
 20
0.6508901441949644
 10
4.8984284353465455
 20
0.6487067329003744
 10
4.900918949818224
 20
0.6486550238291307
 10
5.216263261375424
 20
0.6377400582405637
 10
5.218751390782338
 20
0.6376194422543354
 10
5.533672831866608
 20
0.6179812842274314
 10
5.536156670075502
 20
0.6177918537290261
 10
5.850413982241599
 20
0.5894455478776295
 10
5.852891626406663
 20
0.5891874479880252
 10
6.166244059992463
 20
0.5521547101586473
 10
6.168713612013087
 20
0.5518281386058167
 10
6.480921110575688
 20
0.506137339241327
 10
6.483380678550581
 20
0.5057425462087597
 10
6.7942040627713665
 20
0.4514286886140404
 10
6.796651762447925
 20
0.45096597654907994
 10
7.105852913365663
 20
0.38807067007531876
 10
7.108286869583478
 20
0.3875403934574597
 10
7.415628911015078
 20
0.3161118216255987
 10
7.418047259142478
 20
0.3155143866949245
 10
7.7232947391516795
 20
0.23560727028271622
 10
7.7256956265142085
 20
0.23494313472868078
 10
8.028614697789166
 20
0.14661868984958537
 10
8.030996285088902
 20
0.1458883624603828
 10
8.331354884090468
 20
0.04921425366647367
 10
8.333715346815092
 20
0.04841829393925916
 10
8.631283371558602
 20
-0.056531417615985305
 10
8.633620901379137
 20
-0.05739239990372051
 10
8.928170387713415
 20
-0.17053731320298088
 10
8.930483193869575
 20
-0.1714626584605551
 10
9.221788490118199
 20
-0.29271609421716394
 10
9.224074800790271
 20
-0.2937050935460102
 10
9.511912740621288
 20
-0.4229741606081641
 10
9.514170804287506
 20
-0.42402605634491214
 10
9.79832087767909
 20
-0.5612117228587276
 10
9.800548964457466
 20
-0.5623257091556426
 10
10.08079348662866
 20
-0.7073228784325676
 10
10.082989889602223
 20
-0.7084981018749025
 10
10.098745550807283
 20
-0.7172110318895601
 10
10.146084365590463
 20
-0.68389915424869
 10
10.395704255770811
 20
-0.49539496334976785
 10
10.638850720108183
 20
-0.2986115381321717
 10
10.875249283077938
 20
-0.09377101727278553
 10
11.104633086513946
 20
0.11889536531114525
 10
11.326743190850943
 20
0.33914754149001175
 10
11.54132886742802
 20
0.5667368799223523
 10
11.748147881523394
 20
0.8014064667220391
 10
11.946966765800639
 20
1.0428913954750734
 10
12.137561083858042
 20
1.2909190662789174
 10
12.217393804098101
 20
1.4023666858504886
 10
12.1712229560254
 20
1.4872393397554675
 10
12.170062959284708
 20
1.4894438223984634
 10
12.02700848419717
 20
1.7706849795264874
 10
12.025909942379855
 20
1.7729207214698477
 10
11.890693808481561
 20
2.058013282647587
 10
11.889657563170498
 20
2.0602785711097886
 10
11.762383358309023
 20
2.3490041295249733
 10
11.761410203362296
 20
2.351297229089176
 10
11.64217543114577
 20
2.6434345947234856
 10
11.64126611208851
 20
2.6457537486670164
 10
11.530162117189004
 20
2.9410791177477202
 10
11.529317330642257
 20
2.943422549387884
 10
11.426429228817456
 20
3.2417096758418604
 10
11.425649621964492
 20
3.2440755898970406
 10
11.331056234851292
 20
3.5450959586758595
 10
11.330342404941813
 20
3.5474825426408647
 10
11.244116199671785
 20
3.8510055447840497
 10
11.243468693564381
 20
3.853410970318661
 10
11.165675727247358
 20
4.159204079621143
 10
11.165095040990552
 20
4.161626503950786
 10
11.095794910108879
 20
4.4694554550990935
 10
11.095281488561119
 20
4.4718930224265705
 10
11.034527283313338
 20
4.781521990467338
 10
11.034081519802195
 20
4.78397283339454
 10
10.981919783431117
 20
5.095164614397889
 10
10.98154201945195
 20
5.097626855356392
 10
10.938012712588314
 20
5.41014304813567
 10
10.937703237542664
 20
5.4126148008251205
 10
10.902839707591651
 20
5.726215989573881
 10
10.902598758565532
 20
5.728695360407077
 10
10.876427714159627
 20
6.043141298113362
 10
10.876255475741887
 20
6.045626387666907
 10
10.858796966279638
 20
6.360676180164285
 10
10.858693570420563
 20
6.363165084633729
 10
10.849960970706922
 20
6.6785773751481
 10
10.849926496617135
 20
6.681068187806414
 10
10.849926496617135
 20
6.996601341857274
 10
10.849960970706922
 20
6.999092154515588
 10
10.858693570420563
 20
7.31450444502996
 10
10.858796966279638
 20
7.316993349499404
 10
10.876255475741887
 20
7.632043141996776
 10
10.876427714159627
 20
7.634528231550321
 10
10.902598758565532
 20
7.9489741692566165
 10
10.902839707591651
 20
7.951453540089812
 10
10.937703237542665
 20
8.265054728838573
 10
10.938012712588316
 20
8.267526481528023
 10
10.981542019451952
 20
8.580042674307302
 10
10.981919783431119
 20
8.582504915265805
 10
11.003795587419665
 20
8.713013806987643
 10
11.177772924051373
 20
8.752081724379288
 10
11.193398561584527
 20
8.755322971487866
 10
11.159649111907227
 20
8.55397707919917
 10
11.116463490379557
 20
8.243928355820382
 10
11.081875225183875
 20
7.932803203050027
 10
11.055910814074878
 20
7.620839971031713
 10
11.0385901481512
 20
7.30827765195344
 10
11.029926496617135
 20
6.995355696958822
 10
11.029926496617135
 20
6.682313832704866
 10
11.0385901481512
 20
6.369391877710249
 10
11.055910814074878
 20
6.05682955863197
 10
11.081875225183875
 20
5.744866326613665
 10
11.116463490379555
 20
5.433741173843312
 10
11.159649111907223
 20
5.12369245046453
 10
11.211399005655926
 20
4.814957681977759
 10
11.271673526503807
 20
4.507773387274745
 10
11.340426498689864
 20
4.202374897443623
 10
11.417605251188874
 20
3.8989961754833278
 10
11.503150658062124
 20
3.5978696370671197
 10
11.596997183753153
 20
3.299225972491305
 10
11.699072933294175
 20
3.003293969944748
 10
11.809299707383982
 20
2.710300340236911
 10
11.927593062295694
 20
2.420469543116788
 10
12.053862374568498
 20
2.1340236153158916
 10
12.188010910433352
 20
1.8511820004482322
 10
12.329935899919708
 20
1.5721613808968309
 10
12.333417201257559
 20
1.5657619471432824
 10
12.493224940026902
 20
1.8054756216665877
 10
12.657892987523486
 20
2.071423649848424
 10
12.813533940792272
 20
2.342753362975562
 10
12.83895075035298
 20
2.390728124463909
 10
12.71784187788411
 20
2.658358681857983
 10
12.716753559719521
 20
2.6608642415706343
 10
12.595400816592173
 20
2.9522708187084725
 10
12.594389040703327
 20
2.9548082535257207
 10
12.481936063313936
 20
3.249763520201841
 10
12.481001761816968
 20
3.2523304924677223
 10
12.377552149427094
 20
3.550562716011905
 10
12.376696183063514
 20
3.553156860858565
 10
12.282345240428098
 20
3.854391289647051
 10
12.281568397771805
 20
3.8570102171734253
 10
12.196403047337999
 20
4.160969333748681
 10
12.195706044068805
 20
4.163610631222228
 10
12.119804745897165
 20
4.470014407960667
 10
12.119188224141455
 20
4.472675642040146
 10
12.052620903623241
 20
4.781241799132508
 10
12.05208543136241
 20
4.783920518109728
 10
11.9949134147996
 20
5.094364783616213
 10
11.994459485346779
 20
5.09705851967472
 10
11.946735443454147
 20
5.409094891415499
 10
11.946363474999744
 20
5.411801162904092
 10
11.908131374381055
 20
5.725142171943768
 10
11.907841709607476
 20
5.727858485662759
 10
11.879136772250478
 20
6.042215461146127
 10
11.878929678016437
 20
6.044939314644256
 10
11.859778348844
 20
6.360022649739356
 10
11.859654015938661
 20
6.362751533619202
 10
11.850073938445922
 20
6.678270952322632
 10
11.85003248141314
 20
6.681002352552453
 10
11.85003248141314
 20
6.996667177111229
 10
11.850073938445922
 20
6.999398577341051
 10
11.859654015938661
 20
7.3149179960444854
 10
11.859778348844
 20
7.3176468799243315
 10
11.878929678016437
 20
7.632730215019432
 10
11.879136772250478
 20
7.635454068517561
 10
11.907841709607476
 20
7.949811044000929
 10
11.908131374381055
 20
7.95252735771992
 10
11.946363474999744
 20
8.265868366759596
 10
11.946735443454147
 20
8.268574638248188
 10
11.994459485346779
 20
8.580611009988967
 10
11.9949134147996
 20
8.583304746047475
 10
12.052085431362412
 20
8.893749011553966
 10
12.052620903623243
 20
8.896427730531185
 10
12.054365611074134
 20
8.904515147437571
 10
12.064211885579423
 20
8.905893475111913
 10
12.242843385364685
 20
8.927925569213889
 10
12.24357374866449
 20
8.928003541954686
 10
12.22886113024597
 20
8.859804670634235
 10
12.172183928504184
 20
8.552047251471645
 10
12.124872930696167
 20
8.24271150550398
 10
12.08697172290167
 20
7.9320824136683905
 10
12.05851522226764
 20
7.62044614841895
 10
12.039529644840313
 20
7.308089810086154
 10
12.030032481413139
 20
6.995301162380082
 10
12.030032481413139
 20
6.6823683672836
 10
12.039529644840313
 20
6.369579719577533
 10
12.05851522226764
 20
6.057223381244738
 10
12.08697172290167
 20
5.745587115995297
 10
12.124872930696167
 20
5.434958024159711
 10
12.172183928504184
 20
5.125622278192036
 10
12.228861130245967
 20
4.817864859029464
 10
12.294852321063546
 20
4.511969293547641
 10
12.37009670542441
 20
4.208217393357587
 10
12.454524963130604
 20
3.9068889951810433
 10
12.548059313181046
 20
3.6082617030465935
 10
12.650613585428736
 20
3.312610632541678
 10
12.762093299966368
 20
3.020208157358063
 10
12.882395754167767
 20
2.7313236583622533
 10
12.945507725274346
 20
2.59185665102277
 10
12.959972104774815
 20
2.6191584709051794
 10
13.097042172967416
 20
2.900326954142123
 10
13.224589414027552
 20
3.185941416062453
 10
13.342469846441917
 20
3.4756794412057856
 10
13.404170783219364
 20
3.643252181768293
 10
13.32868962861298
 20
3.8593808121814384
 10
13.32774072502807
 20
3.8622519190999305
 10
13.233684589807174
 20
4.163745696793019
 10
13.232832672622848
 20
4.166647060276266
 10
13.148957886232107
 20
4.4711303517197285
 10
13.148203917133813
 20
4.474058696567878
 10
13.074605161501074
 20
4.781187786251114
 10
13.073949991605703
 20
4.784139806806441
 10
13.010710348576783
 20
5.093567992513416
 10
13.010154717471899
 20
5.096540356391905
 10
12.957345575023755
 20
5.407918340575488
 10
12.956890109932706
 20
5.410907692428601
 10
12.914571081587237
 20
5.7238839765145295
 10
12.91421629666111
 20
5.72688694181687
 10
12.882435154190514
 20
6.041108222992415
 10
12.882181449927746
 20
6.044121411851069
 10
12.86097406942742
 20
6.359232981890405
 10
12.860821732221694
 20
6.362252992871614
 10
12.850212053611575
 20
6.67789913854763
 10
12.850161255428514
 20
6.680922562516488
 10
12.850161255428514
 20
6.996746967147195
 10
12.850212053611575
 20
6.999770391116054
 10
12.860821732221696
 20
7.315416536792078
 10
12.860974069427423
 20
7.318436547773286
 10
12.882181449927746
 20
7.633548117812617
 10
12.882435154190514
 20
7.636561306671272
 10
12.914216296661111
 20
7.950782587846822
 10
12.914571081587239
 20
7.953785553149163
 10
12.956890109932706
 20
8.266761837235084
 10
12.957345575023755
 20
8.269751189088195
 10
13.010154717471899
 20
8.581129173271778
 10
13.010710348576783
 20
8.584101537150268
 10
13.073949991605705
 20
8.89352972285725
 10
13.074605161501076
 20
8.896481743412577
 10
13.097583475281539
 20
8.992370709648169
 10
13.14009008896046
 20
8.994110462240023
 10
13.28394270930343
 20
8.9976418458562
 10
13.250001764358615
 20
8.8560055989622
 10
13.187367692729417
 20
8.549540441674699
 10
13.135064241091309
 20
8.241144156828565
 10
13.093150452117904
 20
7.931164877111412
 10
13.061673640127506
 20
7.619952522171842
 10
13.040669337672513
 20
7.307858403613781
 10
13.030161255428514
 20
6.995234828418891
 10
13.030161255428514
 20
6.682434701244791
 10
13.04066933767251
 20
6.369811126049913
 10
13.061673640127506
 20
6.057717007491843
 10
13.093150452117902
 20
5.7465046525522805
 10
13.135064241091307
 20
5.436525372835122
 10
13.187367692729417
 20
5.1281290879889845
 10
13.250001764358613
 20
4.82166393070149
 10
13.322895751600324
 20
4.517475853709478
 10
13.405967368185506
 20
4.215908239271086
 10
13.49912283884332
 20
3.9173015115393883
 10
13.499313268215117
 20
3.91675624643936
 10
13.54870907130752
 20
4.066213614140935
 10
13.636835050916593
 20
4.366343138310169
 10
13.714828859005888
 20
4.669263730974041
 10
13.782602452381177
 20
4.97463344067221
 10
13.840079324922376
 20
5.2821075512620315
 10
13.887194593947418
 20
5.591338971051161
 10
13.923895073454958
 20
5.901978624611389
 10
13.950139334163294
 20
6.213675846831903
 10
13.965897750277765
 20
6.526078778767032
 10
13.971152532933786
 20
6.8388347648318435
 10
13.965897750277765
 20
7.151590750896656
 10
13.950139334163294
 20
7.463993682831779
 10
13.923895073454961
 20
7.775690905052241
 10
13.887194593947411
 20
8.08633055861258
 10
13.840079324922375
 20
8.395561978401664
 10
13.782602452381179
 20
8.703036088991478
 10
13.717224162535647
 20
8.997613200760373
 10
13.859909911039528
 20
8.994110462240023
 10
13.902770751288392
 20
8.992356211513883
 10
13.958654269618185
 20
8.740560004180086
 10
13.959259755562078
 20
8.737597393891402
 10
14.017292337627675
 20
8.427150499915737
 10
14.017797957076645
 20
8.424169221343767
 10
14.065368755475234
 20
8.111948027796533
 10
14.065773937661522
 20
8.108951446353156
 10
14.10282925216809
 20
7.7953084036642455
 10
14.103133539702382
 20
7.792299902035969
 10
14.129631540480275
 20
7.477589065687563
 10
14.129834589868045
 20
7.474572040016973
 10
14.1457453646885
 20
7.159148670868536
 10
14.145846946717747
 20
7.156126526920574
 10
14.151152534726275
 20
6.8403466901731615
 10
14.150878113877498
 20
6.8388347648318435
 10
14.151152534726275
 20
6.8373228394905246
 10
14.145846946717747
 20
6.521543002743114
 10
14.1457453646885
 20
6.518520858795152
 10
14.129834589868045
 20
6.203097489646709
 10
14.129631540480275
 20
6.200080463976119
 10
14.103133539702382
 20
5.885369627627713
 10
14.102829252168089
 20
5.882361125999437
 10
14.06577393766152
 20
5.568718083310537
 10
14.065368755475234
 20
5.565721501867161
 10
14.017797957076645
 20
5.25350030831992
 10
14.017292337627675
 20
5.250519029747949
 10
13.959259755562076
 20
4.940072135772284
 10
13.958654269618183
 20
4.9371095254836
 10
13.890225413879515
 20
4.628787378593956
 10
13.889520744942605
 20
4.625846780926776
 10
13.810772861342874
 20
4.319997430120041
 10
13.809969804877431
 20
4.317082164563668
 10
13.720991787847904
 20
4.014050867424536
 10
13.720091250383023
 20
4.0111642248721555
 10
13.620983542625854
 20
3.711293057829602
 10
13.619986540731913
 20
3.708438296863365
 10
13.595393311734586
 20
3.6416458785046575
 10
13.602257005159299
 20
3.6219927522747457
 10
13.71525344428319
 20
3.330315320330829
 10
13.837984600352854
 20
3.0425984753426225
 10
13.970311928485215
 20
2.7591670060428624
 10
14.055570886211596
 20
2.591488830090464
 10
14.178851577812553
 20
2.875309448245516
 10
14.294756010322532
 20
3.165986411163948
 10
14.401785329752745
 20
3.4600470495180495
 10
14.499840933480897
 20
3.7572204548295756
 10
14.588832486076338
 20
4.05723285092942
 10
14.66867800252323
 20
4.359807846178953
 10
14.739303923750624
 20
4.664666688100493
 10
14.800645184400002
 20
4.97152852018266
 10
14.852645272767997
 20
5.280110640625003
 10
14.89525628286861
 20
5.590128762780977
 10
14.928438958567583
 20
5.901297277062877
 10
14.95216272974769
 20
6.213329514063934
 10
14.966405740472071
 20
6.525938008658192
 10
14.97115486911932
 20
6.8388347648318435
 10
14.966405740472071
 20
7.1517315210054955
 10
14.95216272974769
 20
7.464340015599747
 10
14.928438958567583
 20
7.77637225260081
 10
14.895256282868612
 20
8.087540766882709
 10
14.852645272768
 20
8.397558889038681
 10
14.800645184400004
 20
8.706141009481025
 10
14.756292309064728
 20
8.92801784147653
 10
14.757156614635301
 20
8.927925569213889
 10
14.935788114420564
 20
8.905893475111915
 10
14.944520418516428
 20
8.904671086238883
 10
14.977420912950327
 20
8.740085195901493
 10
14.977915670785968
 20
8.737398658988456
 10
15.030369740889604
 20
8.426122492227679
 10
15.030782737405982
 20
8.42342217747223
 10
15.073765758803704
 20
8.110697472123828
 10
15.074096613520597
 20
8.107985867237907
 10
15.107568987356245
 20
7.794100726376595
 10
15.107817395467988
 20
7.791380329473372
 10
15.131748284734906
 20
7.476623925245254
 10
15.131914017391207
 20
7.473897242537701
 10
15.146281375341378
 20
7.15855954975542
 10
15.14636427985814
 20
7.155829093247409
 10
15.151154870313126
 20
6.8402006222458
 10
15.150904670658122
 20
6.8388347648318435
 10
15.151154870313126
 20
6.837468907417886
 10
15.14636427985814
 20
6.521840436416279
 10
15.146281375341378
 20
6.519109979908268
 10
15.131914017391207
 20
6.203772287125978
 10
15.131748284734906
 20
6.201045604418424
 10
15.107817395467988
 20
5.886289200190316
 10
15.107568987356245
 20
5.883568803287095
 10
15.074096613520597
 20
5.569683662425781
 10
15.073765758803704
 20
5.566972057539862
 10
15.03078273740598
 20
5.254247352191454
 10
15.030369740889602
 20
5.251547037436005
 10
14.977915670785967
 20
4.940270870675229
 10
14.977420912950326
 20
4.937584333762191
 10
14.915544118365306
 20
4.628043474172374
 10
14.914968055014668
 20
4.625373190120613
 10
14.843725541021636
 20
4.317852807603173
 10
14.84306870286438
 20
4.315201236458321
 10
14.762526102868629
 20
4.00998463951503
 10
14.761789095028336
 20
4.007354224083128
 10
14.67202061030116
 20
3.704722598813209
 10
14.671204111759124
 20
3.7021157624102323
 10
14.57229244307863
 20
3.402347913462828
 10
14.571397206048333
 20
3.3997670576821566
 10
14.463433477509867
 20
3.1031391514025923
 10
14.462460326743997
 20
3.10058665390251
 10
14.345544001810532
 20
2.8073719639093713
 10
14.344493833841161
 20
2.8048501762226024
 10
14.218732623710826
 20
2.5153188316495614
 10
14.217606406023462
 20
2.5128300770168766
 10
14.160750861871966
 20
2.3921010288991305
 10
14.263146926908217
 20
2.206434800561727
 10
14.423324030846455
 20
1.9377580153083847
 10
14.592436547302079
 20
1.6746138032531248
 10
14.666424861018378
 20
1.5675712371208896
 10
14.741991994735347
 20
1.7111806360237167
 10
14.880041977898184
 20
1.9921386594441428
 10
15.010263372742102
 20
2.2768096925692602
 10
15.132556417843519
 20
2.564975651515446
 10
15.246827425615448
 20
2.856415774968573
 10
15.352988854080493
 20
3.1509067933067407
 10
15.450959373936051
 20
3.4482230996453214
 10
15.540663930859951
 20
3.748136922672329
 10
15.622033803008867
 20
4.050418501141918
 10
15.695006653665487
 20
4.3548362598923225
 10
15.759526578994137
 20
4.661156987253599
 10
15.815544150868199
 20
4.969146013709004
 10
15.863016454736474
 20
5.278567391672754
 10
15.901907122499747
 20
5.589184076248044
 10
15.932186360371945
 20
5.900758106824181
 10
15.953830971704967
 20
6.213050789376671
 10
15.966824374759373
 20
6.5258228793281585
 10
15.97115661540753
 20
6.838834764831843
 10
15.966824374759373
 20
7.151846650335524
 10
15.953830971704967
 20
7.46461874028701
 10
15.932186360371945
 20
7.776911422839507
 10
15.901907122499747
 20
8.088485453415638
 10
15.879569463237042
 20
8.266894569545718
 10
15.741738463773713
 20
8.477864538304598
 10
15.559950978867409
 20
8.745971369781186
 10
15.373597697373317
 20
9.010924983135233
 10
15.182733301416024
 20
9.272647632343821
 10
15.087174943330306
 20
9.399074854086304
 10
14.98295368222119
 20
9.414059609206578
 10
14.67198172940676
 20
9.450168872644245
 10
14.36014275514119
 20
9.477807405027866
 10
14.047667455068805
 20
9.496954759621907
 10
13.734786995581647
 20
9.507596771387158
 10
13.421732842805284
 20
9.509725567459855
 10
13.108736591361636
 20
9.503339572975975
 10
12.796029793038178
 20
9.48844351223631
 10
12.483843785487277
 20
9.465048405211448
 10
12.172409521085058
 20
9.43317155938932
 10
11.861957396075114
 20
9.392836556971288
 10
11.552717080122893
 20
9.344073237426198
 10
11.24491734640869
 20
9.286917675415463
 10
10.938785902383172
 20
9.221412154105348
 10
10.634549221311179
 20
9.147605133886204
 10
10.33243237472951
 20
9.065551216522053
 10
10.032658865940254
 20
8.975311104756514
 10
9.735450464665643
 20
8.876951557405608
 10
9.44102704298459
 20
8.770545339970116
 10
9.149606412673498
 20
8.656171170804402
 10
8.861404164070732
 20
8.533913662881144
 10
8.576633506585207
 20
8.403863261195571
 10
8.295505110965996
 20
8.26611617585508
 10
8.0182269534495
 20
8.120774310903629
 10
7.745004161901303
 20
7.967945188934431
 10
7.476038864063738
 20
7.807741871545352
 10
7.211530038024195
 20
7.640282875697292
 10
6.951673365012367
 20
7.465692086036072
 10
6.69666108463758
 20
7.284098663244037
 10
6.44668185267129
 20
7.095636948487879
 10
6.201920601481469
 20
6.900446364034437
 10
5.962558403221208
 20
6.69867131010726
 10
5.7287723358732885
 20
6.490461058060752
 10
5.500735352249347
 20
6.275969639950419
 10
5.278616152041103
 20
6.055355734581494
 10
5.0625790570177545
 20
5.828782550119719
 10
4.852783889462254
 20
5.596417703351419
 10
4.649385853936294
 20
5.35843309568222
 10
4.452535422461272
 20
5.115004785965811
 10
4.262378223200564
 20
4.866312860257333
 10
4.079054932724988
 20
4.612541298587181
 10
3.9027011719417484
 20
4.353877838854483
 10
3.7334474057631364
 20
4.090513837940079
 10
3.5714188465898755
 20
3.822644130142568
 10
3.416735361680094
 20
3.55046688304162
 10
3.269511384472609
 20
3.274183450895395
 10
3.1298558299301176
 20
2.9939982256805067
 10
2.9978720139649013
 20
2.710118485884698
 10
2.8736575770066106
 20
2.422754243164029
 10
2.757304411768826
 20
2.1321180869782625
 10
2.6488985952676116
 20
1.8384250273190437
 10
2.5485203251425435
 20
1.541892335647492
 10
2.4562438603272034
 20
1.2427393841586793
 10
2.372137466113116
 20
0.9411874834921654
 10
2.296263363647689
 20
0.6374597190083195
 10
2.2286776839035918
 20
0.3317807857518512
 10
2.1694304261535424
 20
0.024376822224388254
 10
2.118565420981333
 20
-0.28452475691061857
 10
2.076120297856319
 20
-0.5946954290674169
 10
2.042126457295531
 20
-0.9059057327965923
 10
2.0166090476338137
 20
-1.2179254375388524
 10
1.9995869464193343
 20
-1.5305237139472851
 10
1.991072746448147
 20
-1.8434693046529844
 10
1.9910727464481488
 20
-2.156530695347023
 10
1.999586946419334
 20
-2.4694762860527213
 10
2.0166090476338137
 20
-2.782074562461155
 10
2.0421264572955313
 20
-3.0940942672034106
 10
2.076120297856319
 20
-3.4053045709325858
 10
2.118565420981333
 20
-3.7154752430893847
 10
2.1694304261535424
 20
-4.02437682222439
 10
2.2286776839035936
 20
-4.331780785751863
 10
2.2962633636476886
 20
-4.637459719008315
 10
2.3721374661131147
 20
-4.941187483492162
 10
2.4562438603272048
 20
-5.2427393841586865
 10
2.548520325142543
 20
-5.541892335647492
 10
2.6488985952676116
 20
-5.838425027319045
 10
2.757304411768832
 20
-6.1321180869782745
 10
2.873657577006617
 20
-6.422754243164041
 10
2.9978720139649004
 20
-6.710118485884698
 10
3.1298558299301193
 20
-6.993998225680508
 10
3.2695113844726142
 20
-7.2741834508954035
 10
3.4167353616800997
 20
-7.550466883041628
 10
3.5714188465898746
 20
-7.822644130142565
 10
3.7334474057631426
 20
-8.090513837940088
 10
3.902701171941744
 20
-8.353877838854478
 10
4.079054932725008
 20
-8.612541298587209
 10
4.26237822320055
 20
-8.866312860257315
 10
4.452535422461285
 20
-9.115004785965825
 10
4.649385853936279
 20
-9.358433095682203
 10
4.85278388946227
 20
-9.596417703351438
 10
5.062579057017741
 20
-9.828782550119703
 10
5.278616152041105
 20
-10.055355734581497
 10
5.500735352249333
 20
-10.275969639950404
 10
5.728772335873322
 20
-10.490461058060783
 10
5.962558403221203
 20
-10.698671310107256
 10
6.201920601481474
 20
-10.90044636403444
 10
6.446681852671296
 20
-11.095636948487885
 10
6.696661084637571
 20
-11.28409866324403
 10
6.951673365012357
 20
-11.465692086036066
 10
7.211530038024183
 20
-11.640282875697283
 10
7.476038864063756
 20
-11.80774187154536
 10
7.745004161901271
 20
-11.967945188934413
 10
8.018226953449497
 20
-12.120774310903629
 10
8.29550511096599
 20
-12.26611617585508
 10
8.576633506585232
 20
-12.403863261195584
 10
8.861404164070699
 20
-12.533913662881131
 10
9.149606412673496
 20
-12.6561711708044
 10
9.441027042984587
 20
-12.770545339970115
 10
9.73545046466565
 20
-12.87695155740561
 10
10.032658865940261
 20
-12.975311104756518
 10
10.332432374729517
 20
-13.065551216522056
 10
10.634549221311186
 20
-13.147605133886207
 10
10.938785902383179
 20
-13.221412154105348
 10
11.24491734640869
 20
-13.286917675415463
 10
11.55271708012291
 20
-13.344073237426201
 10
11.861957396075104
 20
-13.392836556971286
 10
12.172409521085058
 20
-13.43317155938932
 10
12.483843785487277
 20
-13.465048405211448
 10
12.796029793038178
 20
-13.48844351223631
 10
13.108736591361637
 20
-13.503339572975975
 10
13.421732842805286
 20
-13.509725567459855
 10
13.734786995581649
 20
-13.507596771387158
 10
14.047667455068808
 20
-13.496954759621907
 10
14.360142755141192
 20
-13.477807405027866
 10
14.671981729406763
 20
-13.450168872644245
 10
14.982953682221185
 20
-13.414059609206578
 10
15.087253232471074
 20
-13.399063597807206
 10
15.158756611220987
 20
-13.304869503414723
 10
15.349156573844619
 20
-13.044970301412079
 10
15.535101021794349
 20
-12.781864993131592
 10
15.71653597958218
 20
-12.515629952122273
 10
15.879489309782068
 20
-12.267534748845073
 10
15.901907122499743
 20
-12.088485453415647
 10
15.932186360371945
 20
-11.776911422839504
 10
15.953830971704964
 20
-11.464618740287017
 10
15.96682437475937
 20
-11.151846650335527
 10
15.971156615407526
 20
-10.838834764831844
  0
LWPOLYLINE
  5
BE
330
17
100
AcDbEntity
  8
ENGRAVE_LINES
100
AcDbPolyline
 90
22
 70
1
 10
13.784627924780569
 20
-5.661739733613508
 10
13.785975790930554
 20
-5.664115764493518
 10
13.93754444551674
 20
-5.94101145678694
 10
13.938819580890916
 20
-5.943427299430526
 10
14.065385877795066
 20
-6.192294325794056
 10
14.106258671158455
 20
-6.1181831049897415
 10
14.10776325815156
 20
-6.115560150371177
 10
14.26948901876359
 20
-5.844285689879959
 10
14.271080871018667
 20
-5.841714760213695
 10
14.441828435310637
 20
-5.576026364063812
 10
14.443505755867637
 20
-5.573510361539978
 10
14.570930354701407
 20
-5.389158869224071
 10
14.442835215176693
 20
-5.161261566423155
 10
14.281957600062707
 20
-4.892721808229387
 10
14.16337156785167
 20
-4.706657957254459
 10
14.031705547242042
 20
-4.734372642378644
 10
13.961242992803358
 20
-4.829521796328621
 10
13.782726006953354
 20
-5.086540511619879
 10
13.612091485131703
 20
-5.348858628054122
 10
13.605736483522557
 20
-5.359308982978303
 10
13.623306255337226
 20
-5.387237499294134
 10
13.624725610517883
 20
-5.38957152945079
  0
LWPOLYLINE
  5
BF
330
17
100
AcDbEntity
  8
ENGRAVE_LINES
100
AcDbPolyline
 90
16
 70
1
 10
13.268256773347453
 20
-4.5995323724698105
 10
13.577338293409596
 20
-4.608695510593437
 10
13.885334153359887
 20
-4.581238282079412
 10
13.927735028374522
 20
-4.572313223855737
 10
14.003637333284825
 20
-4.469818499493268
 10
14.004957039196224
 20
-4.468091852780276
 10
13.938220059118908
 20
-4.369510316753748
 10
13.791163059113572
 20
-4.164729295100911
 10
13.590757249034931
 20
-4.187865168285072
 10
13.576988494716973
 20
-4.188392936501273
 10
13.255717560631258
 20
-4.17607834478989
 10
13.24202960683854
 20
-4.174498137295035
 10
13.20694373837699
 20
-4.16769363408738
 10
13.152198469781554
 20
-4.241743087164057
 10
12.993970169720026
 20
-4.468643534985531
 10
13.071568804551779
 20
-4.570170266515415
  0
LWPOLYLINE
  5
C0
330
17
100
AcDbEntity
  8
ENGRAVE_LINES
100
AcDbPolyline
 90
6
 70
1
 10
13.576978350045259
 20
-4.008260363236987
 10
13.66636707683494
 20
-3.997940870771733
 10
13.56605969430459
 20
-3.86611939040775
 10
13.499759019257334
 20
-3.783818783079477
 10
13.338296474040147
 20
-3.9900235178283636
 10
13.331762832415006
 20
-3.998861041167888
  0
LWPOLYLINE
  5
C1
330
17
100
AcDbEntity
  8
ENGRAVE_LINES
100
AcDbPolyline
 90
23
 70
1
 10
11.529689593235235
 20
-2.370908904023154
 10
11.543130086137127
 20
-2.4579252047471982
 10
11.635965726975025
 20
-2.751273307067874
 10
11.772492751290445
 20
-3.0270121998206205
 10
11.949511081348362
 20
-3.2786787970647375
 10
12.162871557526012
 20
-3.500374247063558
 10
12.407573191097729
 20
-3.6869021963694415
 10
12.677880383172102
 20
-3.833890587944439
 10
12.967457362268629
 20
-3.9378941384715933
 10
13.12972035775605
 20
-3.9693631920162664
 10
13.194297489884347
 20
-3.8820149802338246
 10
13.195805956072581
 20
-3.8800325912909974
 10
13.383827095661387
 20
-3.6399097246290033
 10
13.36967396265384
 20
-3.622341103475618
 10
13.166616721852293
 20
-3.3840913065529787
 10
12.957043532201215
 20
-3.1515525206375545
 10
12.741114945810631
 20
-2.924902891573299
 10
12.51899638360229
 20
-2.704316053575032
 10
12.290858008581841
 20
-2.4899609962084424
 10
12.056874595478808
 20
-2.2820019349290446
 10
11.859234448766086
 20
-2.1159030418061513
 10
11.683068298031415
 20
-2.2558219556843424
 10
11.681096394762996
 20
-2.257344103397832
  0
LWPOLYLINE
  5
C2
330
17
100
AcDbEntity
  8
ENGRAVE_LINES
100
AcDbPolyline
 90
9
 70
1
 10
11.341775350925028
 20
-2.7512311090965875
 10
11.343881230056375
 20
-2.7529710915635084
 10
11.503145611702116
 20
-2.8886825058855803
 10
11.471589952559107
 20
-2.824950636273641
 10
11.466439177400659
 20
-2.8121707047391826
 10
11.36943393457172
 20
-2.5056472225701576
 10
11.366294371716432
 20
-2.4922308042762884
 10
11.366104068408506
 20
-2.490998744560015
 10
11.180700213829846
 20
-2.6222056576105137
  0
LWPOLYLINE
  5
C3
330
17
100
AcDbEntity
  8
ENGRAVE_LINES
100
AcDbPolyline
 90
9
 70
1
 10
12.697841459768922
 20
-4.097045709102489
 10
12.878664762760554
 20
-4.319307406563478
 10
13.005265432306446
 20
-4.1377611938866625
 10
13.006718456689443
 20
-4.135737816436927
 10
13.011164195155251
 20
-4.129724429155044
 10
12.926403645562191
 20
-4.113286089251313
 10
12.913117326330246
 20
-4.109634944769756
 10
12.616656250236137
 20
-4.003158923771517
 10
12.696085547324344
 20
-4.094953094138382
  0
LWPOLYLINE
  5
C4
330
17
100
AcDbEntity
  8
ENGRAVE_LINES
100
AcDbPolyline
 90
13
 70
1
 10
13.257584083124046
 20
-4.779295050346877
 10
13.246962891867854
 20
-4.77834819192008
 10
13.219127132700727
 20
-4.774192795354694
 10
13.276049558376151
 20
-4.853548430097265
 10
13.277607904145345
 20
-4.85579204868443
 10
13.453728057580912
 20
-5.117757643787208
 10
13.45521759418659
 20
-5.120047522954626
 10
13.499947822267828
 20
-5.191149693088374
 10
13.632584595046604
 20
-4.987245887259377
 10
13.634108711759026
 20
-4.9849788773017565
 10
13.782658339836313
 20
-4.771105478176038
 10
13.588001615699975
 20
-4.788458744409114
 10
13.577342985616879
 20
-4.788774733859537
  0
LWPOLYLINE
  5
C5
330
17
100
AcDbEntity
  8
ENGRAVE_LINES
100
AcDbPolyline
 90
24
 70
1
 10
13.259502451997239
 20
-6.822809573503424
 10
13.260781665292706
 20
-6.825549516257492
 10
13.389562084386633
 20
-7.113925413687101
 10
13.39074853112313
 20
-7.116706783330338
 10
13.50048250129431
 20
-7.386421638945857
 10
13.54795469050415
 20
-7.263881793045937
 10
13.549094245111258
 20
-7.261080884577549
 10
13.673012015367659
 20
-6.970582277394968
 10
13.674245019380262
 20
-6.967821231568514
 10
13.807851741351085
 20
-6.6816494328102305
 10
13.809176802894433
 20
-6.678931366428185
 10
13.952321654830321
 20
-6.397409420703545
 10
13.953737278110665
 20
-6.394737402051099
 10
13.958750297429189
 20
-6.385647713017413
 10
13.920852567432217
 20
-6.305174349572568
 10
13.778995675638068
 20
-6.0262414606952195
 10
13.628738823944277
 20
-5.751742257115338
 10
13.500169755356003
 20
-5.532906071598607
 10
13.449496627359796
 20
-5.616234480503605
 10
13.295091226978805
 20
-5.88842174431307
 10
13.149017532649667
 20
-6.165169662231107
 10
13.040536319082806
 20
-6.386735025987242
 10
13.11973659943106
 20
-6.536227217382953
 10
13.121107135247469
 20
-6.538922640267551
  0
LWPOLYLINE
  5
C6
330
17
100
AcDbEntity
  8
ENGRAVE_LINES
100
AcDbPolyline
 90
24
 70
1
 10
12.466927004545491
 20
-5.441618405316525
 10
12.468646355160962
 20
-5.444105875198142
 10
12.643833168892
 20
-5.706888361020742
 10
12.645467985996923
 20
-5.709432186090263
 10
12.811728110416118
 20
-5.977951506788892
 10
12.813276548549636
 20
-5.98054881545317
 10
12.935052296415293
 20
-6.192841133382951
 10
12.98795522979087
 20
-6.08479055677411
 10
12.989193555018613
 20
-6.0823556406500145
 10
13.136542531589875
 20
-5.803191601835692
 10
13.13785418340841
 20
-5.800795389113923
 10
13.293607605184366
 20
-5.526231820757163
 10
13.294991375211639
 20
-5.523876518990369
 10
13.394090429960007
 20
-5.360915066190594
 10
13.303586558892293
 20
-5.217052136926463
 10
13.128990697714325
 20
-4.9573538128916645
 10
12.971042542232441
 20
-4.7371580642748805
 10
12.930569538638814
 20
-4.731116146067656
 10
12.920134884452821
 20
-4.7289197315804135
 10
12.836739885106514
 20
-4.706132005361008
 10
12.801253032620988
 20
-4.7601474293549915
 10
12.63667445581933
 20
-5.026435057369262
 10
12.479528615586966
 20
-5.297175511814654
 10
12.429428842580121
 20
-5.389270434750282
  0
LWPOLYLINE
  5
C7
330
17
100
AcDbEntity
  8
ENGRAVE_LINES
100
AcDbPolyline
 90
21
 70
1
 10
11.003944869705428
 20
-2.762221926441377
 10
11.111614845195954
 20
-3.0520883189777877
 10
11.25281251285509
 20
-3.3271856977217653
 10
11.425555766938032
 20
-3.583652298496677
 10
11.627419670815312
 20
-3.8178878924093276
 10
11.855570497767651
 20
-4.026604325171969
 10
12.1068055102974
 20
-4.206871675580656
 10
12.37759791954259
 20
-4.356159385186567
 10
12.664146393661706
 20
-4.472371781789529
 10
12.758081280807913
 20
-4.4980395377403335
 10
12.772780973300073
 20
-4.475664768863071
 10
12.75656361724038
 20
-4.454446674519442
 10
12.559075502870721
 20
-4.211701172131391
 10
12.35431130128126
 20
-3.9750610318458204
 10
12.142459655054676
 20
-3.744744262508431
 10
11.923715736205228
 20
-3.520963047449351
 10
11.698281066373271
 20
-3.3039235490056913
 10
11.46636333116982
 20
-3.0938257185907907
 10
11.228176188842726
 20
-2.8908631124856528
 10
11.023942069382827
 20
-2.727266172899608
 10
10.999445775960265
 20
-2.7436034418977195
  0
LWPOLYLINE
  5
C8
330
17
100
AcDbEntity
  8
ENGRAVE_LINES
100
AcDbPolyline
 90
48
 70
1
 10
10.996518699030489
 20
-3.7732026119653974
 10
11.22812027735016
 20
-3.987925138683431
 10
11.230302889709403
 20
-3.9900179540694958
 10
11.45456044388123
 20
-4.212399616886394
 10
11.456671519118887
 20
-4.214564572842486
 10
11.67333189633644
 20
-4.444354336548978
 10
11.675369051368369
 20
-4.446588989167789
 10
11.88418767488712
 20
-4.68352745593094
 10
11.886148610073892
 20
-4.685829282628183
 10
12.08688975530131
 20
-4.9296489848122444
 10
12.088772257044159
 20
-4.93201538717428
 10
12.28120931763706
 20
-5.1824410892711334
 10
12.283011260876691
 20
-5.184869395988171
 10
12.312964866819211
 20
-5.226685058411303
 10
12.322006179572883
 20
-5.210065042963877
 10
12.323226742574024
 20
-5.207893508455301
 10
12.481623200928407
 20
-4.93499841270224
 10
12.48290339512781
 20
-4.932861489920878
 10
12.64879174220626
 20
-4.66445465765154
 10
12.650130586858815
 20
-4.662353983674453
 10
12.654148166801157
 20
-4.656238724957048
 10
12.611548549624121
 20
-4.644598357778069
 10
12.601446912180055
 20
-4.641183220075182
 10
12.304999471463113
 20
-4.520956205576374
 10
12.295372655607627
 20
-4.516370285705116
 10
12.0152255812493
 20
-4.361925354252539
 10
12.006208726374766
 20
-4.356233028475443
 10
11.746294669209078
 20
-4.169738248359227
 10
11.73801435219274
 20
-4.163019424452471
 10
11.501981935843666
 20
-3.9470927735838472
 10
11.49455439418576
 20
-3.939441769107239
 10
11.2857169963894
 20
-3.6971143843473495
 10
11.279246496493426
 20
-3.688638602632531
 10
11.100535736537621
 20
-3.4233122292752256
 10
11.095113110038612
 20
-3.4141306517183305
 10
10.949037695254324
 20
-3.1295298904429596
 10
10.94473906394178
 20
-3.1197714062666217
 10
10.842907551804059
 20
-2.8456231775202885
 10
10.635197715186958
 20
-2.9759927637576964
 10
10.633069702194177
 20
-2.977287714283487
 10
10.361277204303697
 20
-3.1375687468348916
 10
10.359114167779245
 20
-3.13880430709468
 10
10.27303185227683
 20
-3.1864080972949465
 10
10.505385203074328
 20
-3.361873202912497
 10
10.50776733474227
 20
-3.3637357607417866
 10
10.753264636905033
 20
-3.562421767272552
 10
10.755582854018032
 20
-3.564363298206601
 10
10.994267013388374
 20
-3.7711842996208977
  0
LWPOLYLINE
  5
C9
330
17
100
AcDbEntity
  8
ENGRAVE_LINES
100
AcDbPolyline
 90
24
 70
1
 10
13.500169755356003
 20
1.5329060715986016
 10
13.628738823944278
 20
1.7517422571153383
 10
13.778995675638066
 20
2.026241460695213
 10
13.92085256743222
 20
2.3051743495725727
 10
13.958750297429189
 20
2.3856477130174096
 10
13.953737278110667
 20
2.394737402051094
 10
13.952321654830323
 20
2.397409420703539
 10
13.809176802894429
 20
2.6789313664281873
 10
13.807851741351081
 20
2.681649432810233
 10
13.67424501938026
 20
2.9678212315685126
 10
13.673012015367657
 20
2.9705822773949664
 10
13.549094245111254
 20
3.2610808845775514
 10
13.547954690504147
 20
3.2638817930459396
 10
13.500482501294313
 20
3.3864216389458504
 10
13.390748531123132
 20
3.116706783330333
 10
13.389562084386633
 20
3.1139254136870944
 10
13.260781665292704
 20
2.825549516257489
 10
13.259502451997239
 20
2.8228095735034207
 10
13.121107135247472
 20
2.538922640267556
 10
13.119736599431066
 20
2.536227217382959
 10
13.040536319082806
 20
2.3867350259872344
 10
13.149017532649653
 20
2.1651696622311345
 10
13.295091226978792
 20
1.8884217443130877
 10
13.449496627359805
 20
1.6162344805035862
  0
LWPOLYLINE
  5
CA
330
17
100
AcDbEntity
  8
ENGRAVE_LINES
100
AcDbPolyline
 90
24
 70
1
 10
12.836739885106512
 20
0.7061320053610076
 10
12.92013488445282
 20
0.7289197315804131
 10
12.930569538638812
 20
0.7311161460676556
 10
12.971042542232446
 20
0.7371580642748817
 10
13.128990697714308
 20
0.9573538128916325
 10
13.303586558892297
 20
1.2170521369264642
 10
13.394090429960007
 20
1.3609150661905893
 10
13.29499137521164
 20
1.5238765189903636
 10
13.293607605184368
 20
1.5262318207571561
 10
13.137854183408406
 20
1.8007953891139254
 10
13.136542531589871
 20
1.8031916018356957
 10
12.989193555018613
 20
2.0823556406500145
 10
12.987955229790872
 20
2.084790556774109
 10
12.935052296415295
 20
2.1928411333829487
 10
12.81327654854964
 20
1.9805488154531696
 10
12.811728110416121
 20
1.9779515067888915
 10
12.645467985996921
 20
1.7094321860902582
 10
12.643833168891998
 20
1.7068883610207384
 10
12.468646355160962
 20
1.4441058751981397
 10
12.466927004545491
 20
1.4416184053165229
 10
12.429428842580121
 20
1.3892704347502798
 10
12.479528615586979
 20
1.2971755118146318
 10
12.636674455819312
 20
1.026435057369287
 10
12.801253032620986
 20
0.7601474293549908
  0
LWPOLYLINE
  5
CB
330
17
100
AcDbEntity
  8
ENGRAVE_LINES
100
AcDbPolyline
 90
48
 70
1
 10
11.230302889709407
 20
-0.009982045930499436
 10
11.228120277350163
 20
-0.01207486131656299
 10
10.99651869903049
 20
-0.22679738803460203
 10
10.994267013388376
 20
-0.22881570037910223
 10
10.755582854018035
 20
-0.4356367017933973
 10
10.753264636905037
 20
-0.43757823272744567
 10
10.507767334742269
 20
-0.6362642392582166
 10
10.505385203074324
 20
-0.6381267970875069
 10
10.27303185227683
 20
-0.8135919027050522
 10
10.359114167779254
 20
-0.8611956929053234
 10
10.361277204303708
 20
-0.862431253165112
 10
10.633069702194176
 20
-1.0227122857165112
 10
10.635197715186955
 20
-1.0240072362423018
 10
10.842907551804059
 20
-1.154376822479711
 10
10.944739063941778
 20
-0.8802285937333804
 10
10.949037695254322
 20
-0.8704701095570421
 10
11.095113110038612
 20
-0.5858693482816707
 10
11.100535736537621
 20
-0.5766877707247763
 10
11.279246496493426
 20
-0.31136139736746876
 10
11.2857169963894
 20
-0.30288561565265026
 10
11.49455439418576
 20
-0.06055823089276056
 10
11.501981935843666
 20
-0.052907226416152045
 10
11.73801435219274
 20
0.1630194244524697
 10
11.746294669209076
 20
0.1697382483592254
 10
12.006208726374762
 20
0.35623302847544164
 10
12.015225581249299
 20
0.3619253542525376
 10
12.295372655607627
 20
0.5163702857051147
 10
12.304999471463113
 20
0.5209562055763725
 10
12.601446912180057
 20
0.641183220075182
 10
12.611548549624123
 20
0.6445983577780693
 10
12.654148166801155
 20
0.6562387249570482
 10
12.650130586858811
 20
0.662353983674456
 10
12.648791742206257
 20
0.6644546576515428
 10
12.482903395127805
 20
0.9328614899208812
 10
12.481623200928402
 20
0.9349984127022442
 10
12.323226742574024
 20
1.2078935084553013
 10
12.322006179572883
 20
1.2100650429638757
 10
12.312964866819211
 20
1.2266850584113
 10
12.283011260876698
 20
1.1848693959881758
 10
12.281209317637067
 20
1.1824410892711368
 10
12.088772257044159
 20
0.9320153871742789
 10
12.08688975530131
 20
0.9296489848122452
 10
11.886148610073896
 20
0.6858292826281848
 10
11.884187674887123
 20
0.6835274559309404
 10
11.675369051368367
 20
0.44658898916778494
 10
11.673331896336439
 20
0.4443543365489745
 10
11.456671519118887
 20
0.21456457284248334
 10
11.45456044388123
 20
0.2123996168863903
  0
LWPOLYLINE
  5
CC
330
17
100
AcDbEntity
  8
ENGRAVE_LINES
100
AcDbPolyline
 90
21
 70
1
 10
12.758081280807911
 20
0.49803953774033244
 10
12.664146393661705
 20
0.47237178178952804
 10
12.377597919542591
 20
0.3561593851865663
 10
12.106805510297406
 20
0.2068716755806586
 10
11.855570497767648
 20
0.026604325171964264
 10
11.62741967081531
 20
-0.18211210759067437
 10
11.425555766938032
 20
-0.41634770150332256
 10
11.252812512855092
 20
-0.6728143022782338
 10
11.111614845195952
 20
-0.9479116810222161
 10
11.003944869705428
 20
-1.237778073558622
 10
10.999445775960265
 20
-1.2563965581022802
 10
11.023942069382828
 20
-1.272733827100393
 10
11.228176188842749
 20
-1.1091368875143288
 10
11.466363331169829
 20
-0.9061742814092048
 10
11.698281066373267
 20
-0.6960764509943144
 10
11.923715736205242
 20
-0.47903695255063905
 10
12.142459655054669
 20
-0.25525573749157865
 10
12.354311301281257
 20
-0.024938968154184848
 10
12.55907550287073
 20
0.21170117213139925
 10
12.756563617240383
 20
0.45444667451944254
 10
12.772780973300073
 20
0.47566476886306713
  0
LWPOLYLINE
  5
CD
330
17
100
AcDbEntity
  8
ENGRAVE_LINES
100
AcDbPolyline
 90
22
 70
1
 10
14.031705547242039
 20
0.734372642378645
 10
14.163371567851675
 20
0.7066579572544581
 10
14.281957600062688
 20
0.8927218082293502
 10
14.442835215176698
 20
1.1612615664231574
 10
14.570930354701407
 20
1.3891588692240673
 10
14.443505755867635
 20
1.5735103615399775
 10
14.441828435310635
 20
1.576026364063811
 10
14.271080871018663
 20
1.8417147602136972
 10
14.269489018763586
 20
1.84428568987996
 10
14.107763258151559
 20
2.115560150371175
 10
14.106258671158454
 20
2.1181831049897397
 10
14.065385877795066
 20
2.1922943257940513
 10
13.938819580890918
 20
1.943427299430525
 10
13.937544445516743
 20
1.9410114567869394
 10
13.785975790930555
 20
1.664115764493518
 10
13.78462792478057
 20
1.6617397336135076
 10
13.624725610517887
 20
1.3895715294507918
 10
13.62330625533723
 20
1.387237499294136
 10
13.605736483522557
 20
1.3593089829782974
 10
13.612091485131698
 20
1.3488586280541244
 10
13.782726006953352
 20
1.0865405116198774
 10
13.961242992803351
 20
0.8295217963286272
  0
LWPOLYLINE
  5
CE
330
17
100
AcDbEntity
  8
ENGRAVE_LINES
100
AcDbPolyline
 90
13
 70
1
 10
13.634108711759025
 20
0.984978877301755
 10
13.632584595046602
 20
0.9872458872593751
 10
13.499947822267826
 20
1.191149693088369
 10
13.455217594186594
 20
1.120047522954628
 10
13.453728057580916
 20
1.1177576437872099
 10
13.277607904145345
 20
0.855792048684426
 10
13.27604955837615
 20
0.8535484300972607
 10
13.219127132700729
 20
0.7741927953546957
 10
13.246962891867852
 20
0.7783481919200808
 10
13.257584083124044
 20
0.7792950503468775
 10
13.57734298561688
 20
0.7887747338595367
 10
13.588001615699977
 20
0.7884587444091147
 10
13.78265833983631
 20
0.7711054781760384
  0
LWPOLYLINE
  5
CF
330
17
100
AcDbEntity
  8
ENGRAVE_LINES
100
AcDbPolyline
 90
16
 70
1
 10
14.003637333284823
 20
0.46981849949326715
 10
13.92773502837452
 20
0.5723132238557378
 10
13.88533415335989
 20
0.5812382820794119
 10
13.577338293409593
 20
0.6086955105934366
 10
13.268256773347455
 20
0.5995323724698113
 10
13.07156880455178
 20
0.5701702665154157
 10
12.993970169720026
 20
0.46864353498552747
 10
13.152198469781545
 20
0.24174308716406406
 10
13.206943738376987
 20
0.1676936340873793
 10
13.242029606838539
 20
0.1744981372950346
 10
13.255717560631256
 20
0.1760783447898906
 10
13.576988494716971
 20
0.18839293650127398
 10
13.59075724903493
 20
0.18786516828507183
 10
13.791163059113574
 20
0.1647292951009109
 10
13.938220059118915
 20
0.3695103167537541
 10
14.004957039196224
 20
0.4680918527802719
  0
LWPOLYLINE
  5
D0
330
17
100
AcDbEntity
  8
ENGRAVE_LINES
100
AcDbPolyline
 90
9
 70
1
 10
12.696085547324346
 20
0.09495309413837971
 10
12.616656250236138
 20
0.0031589237715177135
 10
12.913117326330246
 20
0.10963494476975655
 10
12.926403645562191
 20
0.11328608925131291
 10
13.011164195155247
 20
0.12972442915504395
 10
13.006718456689441
 20
0.13573781643692465
 10
13.005265432306444
 20
0.13776119388666097
 10
12.878664762760554
 20
0.31930740656347484
 10
12.697841459768924
 20
0.09704570910248772
  0
LWPOLYLINE
  5
D1
330
17
100
AcDbEntity
  8
ENGRAVE_LINES
100
AcDbPolyline
 90
9
 70
1
 10
11.34177535092503
 20
-1.2487688909034143
 10
11.180700213829848
 20
-1.3777943423894878
 10
11.366104068408506
 20
-1.5090012554399863
 10
11.366294371716432
 20
-1.5077691957237127
 10
11.36943393457172
 20
-1.4943527774298442
 10
11.466439177400657
 20
-1.187829295260819
 10
11.471589952559105
 20
-1.17504936372636
 10
11.503145611702111
 20
-1.1113174941144255
 10
11.343881230056375
 20
-1.2470289084364936
  0
LWPOLYLINE
  5
D2
330
17
100
AcDbEntity
  8
ENGRAVE_LINES
100
AcDbPolyline
 90
23
 70
1
 10
13.383827095661387
 20
-0.36009027537100025
 10
13.19580595607258
 20
-0.11996740870900324
 10
13.194297489884345
 20
-0.11798501976617656
 10
13.129720357756046
 20
-0.030636807983733732
 10
12.967457362268629
 20
-0.06210586152840585
 10
12.6778803831721
 20
-0.1661094120555625
 10
12.407573191097732
 20
-0.31309780363055606
 10
12.162871557526007
 20
-0.49962575293644823
 10
11.949511081348364
 20
-0.7213212029352616
 10
11.772492751290443
 20
-0.9729878001793806
 10
11.635965726975023
 20
-1.248726692932128
 10
11.543130086137127
 20
-1.5420747952528018
 10
11.529689593235235
 20
-1.6290910959768459
 10
11.681096394763
 20
-1.7426558966021697
 10
11.683068298031419
 20
-1.7441780443156598
 10
11.859234448766086
 20
-1.8840969581938514
 10
12.056874595478797
 20
-1.7179980650709652
 10
12.290858008581873
 20
-1.5100390037915303
 10
12.518996383602268
 20
-1.2956839464249945
 10
12.74111494581063
 20
-1.075097108426706
 10
12.957043532201219
 20
-0.8484474793624447
 10
13.166616721852293
 20
-0.6159086934470234
 10
13.369673962653843
 20
-0.37765889652438156
  0
LWPOLYLINE
  5
D3
330
17
100
AcDbEntity
  8
ENGRAVE_LINES
100
AcDbPolyline
 90
6
 70
1
 10
13.338296474040153
 20
-0.009976482171646286
 10
13.499759019257334
 20
-0.21618121692052594
 10
13.566059694304593
 20
-0.13388060959224865
 10
13.666367076834943
 20
-0.0020591292282665097
 10
13.57697835004526
 20
0.008260363236987435
 10
13.331762832415004
 20
-0.001138958832112237
  0
LWPOLYLINE
  5
D4
330
17
100
AcDbEntity
  8
ENGRAVE_LINES
100
AcDbPolyline
 90
740
 70
1
 10
16.244979368234215
 20
8.026396156192678
 10
16.41355338381416
 20
7.747986452183518
 10
16.41434056772828
 20
7.746660878572737
 10
16.578120902546246
 20
7.465404476081828
 10
16.578885264891674
 20
7.464065613087663
 10
16.737823860461177
 20
7.180045041907319
 10
16.738565176949095
 20
7.1786932823957965
 10
16.892615395507693
 20
6.891991883415496
 10
16.893333448611696
 20
6.890627624036899
 10
17.04245008680604
 20
6.601329524788335
 10
17.04314466582594
 20
6.599953165860815
 10
17.187283967975898
 20
6.308143255832152
 10
17.18795486909959
 20
6.306755201224264
 10
17.327074540037604
 20
6.0125191069507835
 10
17.327721566400836
 20
6.01111976396297
 10
17.46178078388268
 20
5.71454382390146
 10
17.462403745626833
 20
5.713133603146553
 10
17.591363172310228
 20
5.414304842340794
 10
17.591961886638032
 20
5.412884157623505
 10
17.71578368162545
 20
5.111890262168286
 10
17.716357972854613
 20
5.110459530363803
 10
17.835005802797077
 20
4.807388821674961
 10
17.835555502411843
 20
4.805948462606611
 10
17.948994552170294
 20
4.500889871504648
 10
17.949519498870885
 20
4.499440307820711
 10
18.057716481732083
 20
4.1924833484356085
 10
18.05821652148203
 20
4.191025005485295
 10
18.161139688925946
 20
3.882259748990128
 10
18.161614674997296
 20
3.880793054698781
 10
18.259233826013194
 20
3.570310102879928
 10
18.259683619029563
 20
3.568835487623435
 10
18.351970108977927
 20
3.2567259462950346
 10
18.35239457695538
 20
3.255243842773559
 10
18.4393213259732
 20
2.941599295044116
 10
18.44191807945581
 20
2.906579180186113
 10
18.430915549093694
 20
2.873231078306879
 10
18.40798877039629
 20
2.8466319356162297
 10
18.37662813758852
 20
2.830831230466989
 10
18.341608022730515
 20
2.828234476984379
 10
18.30825992085128
 20
2.8392370073464983
 10
18.28166077816063
 20
2.8621637860439004
 10
18.265860073011392
 20
2.893524418851672
 10
18.17913921068789
 20
3.2064260969828315
 10
18.0872898833058
 20
3.5170571704648275
 10
17.990133155756354
 20
3.826069359617133
 10
17.88769753698874
 20
4.133371990195999
 10
17.78001308495108
 20
4.438874889596948
 10
17.667111397770245
 20
4.742488413315251
 10
17.54902560447972
 20
5.0441234712509795
 10
17.425790355298712
 20
5.343691553850301
 10
17.297441811464527
 20
5.6411047580773594
 10
17.164017634621743
 20
5.936275813207834
 10
17.02555697577111
 20
6.229118106436771
 10
16.882100463781235
 20
6.519545708294022
 10
16.733690193466547
 20
6.807473397859077
 10
16.58036971323626
 20
7.092816687765764
 10
16.42218401231436
 20
7.375491848996529
 10
16.259179507539656
 20
7.655415935448678
 10
16.09915784305702
 20
7.919700938628986
 10
16.111462837707144
 20
7.793082270235213
 10
16.11166945121561
 20
7.7905998023059535
 10
16.133486317462527
 20
7.475821792190179
 10
16.133624147800386
 20
7.473334556986252
 10
16.14672095661662
 20
7.158073324190157
 10
16.146789898193305
 20
7.155583227159781
 10
16.15115661623301
 20
6.84008029043994
 10
16.15092673734868
 20
6.8388347648318435
 10
16.15115661623301
 20
6.837589239223746
 10
16.146789898193305
 20
6.522086302503902
 10
16.14672095661662
 20
6.519596205473525
 10
16.133624147800386
 20
6.204334972677428
 10
16.133486317462527
 20
6.201847737473501
 10
16.11166945121561
 20
5.887069727357734
 10
16.111462837707144
 20
5.884587259428475
 10
16.080942627731904
 20
5.570533620557101
 10
16.080667389337552
 20
5.568057821698558
 10
16.04146721688863
 20
5.254969147701473
 10
16.041123564466023
 20
5.252501914600583
 10
15.993273460438179
 20
4.940618059856843
 10
15.992861657256302
 20
4.938161282638396
 10
15.936398279178052
 20
4.627721178526062
 10
15.935918640715569
 20
4.625276739304687
 10
15.870885244666143
 20
4.316518211157599
 10
15.870338138369709
 20
4.314087982595902
 10
15.796784545840984
 20
4.007247567507859
 10
15.796170390843745
 20
4.004833411381787
 10
15.714152950572458
 20
3.7001461769977
 10
15.713472217372958
 20
3.697749942770254
 10
15.623053762172434
 20
3.395449307202874
 10
15.622306972274172
 20
3.393072830607252
 10
15.523556770898715
 20
3.0933903836178027
 10
15.522744496410624
 20
3.0910354852510604
 10
15.415738200489303
 20
2.7942008108302936
 10
15.414861063687464
 20
2.7918692947586043
 10
15.299680649768142
 20
2.498109795244714
 10
15.298739322619063
 20
2.495803447621285
 10
15.175473029366868
 20
2.2053441694889657
 10
15.1744682330127
 20
2.2030647571856883
 10
15.043210493611225
 20
1.9161282186401556
 10
15.04214299781729
 20
1.9138774878940157
 10
14.902994367624153
 20
1.6306835084017526
 10
14.901864990189251
 20
1.6284631834770573
 10
14.782263049877649
 20
1.401169095281357
 10
14.956694336887605
 20
1.166104717784955
 10
15.151428418153568
 20
0.9213138740967547
 10
15.354275992382437
 20
0.6832030150633926
 10
15.565008075391681
 20
0.4520409317740183
 10
15.783386782582918
 20
0.22808857120242637
 10
16.00916559747741
 20
0.01159874163768573
 10
16.242089649995737
 20
-0.19718417269805957
 10
16.48189600416779
 20
-0.39802448752261765
 10
16.728313954947364
 20
-0.5906954845453372
 10
16.902336809543783
 20
-0.7175777183946035
 10
17.057724822480186
 20
-0.6344346714861756
 10
17.05993727923417
 20
-0.6332899569918838
 10
17.342161604495075
 20
-0.49218502604930536
 10
17.344404894548166
 20
-0.4911019813136699
 10
17.630426292269217
 20
-0.3578618546589025
 10
17.632698697057354
 20
-0.35684130939262254
 10
17.922298048853083
 20
-0.23156806107209754
 10
17.92459782750768
 20
-0.23061079710559806
 10
18.217553273954618
 20
-0.11340039781288357
 10
18.219878664636205
 20
-0.11250714849736311
 10
18.515965775237362
 20
-0.0034493920508879145
 10
18.518314996485337
 20
-0.002620841696504117
 10
18.81730694160437
 20
0.09820072375067102
 10
18.81967819370175
 20
0.09896394039904373
 10
19.121345918335066
 20
0.1914720763647078
 10
19.12373738468724
 20
0.1921693746137535
 10
19.427849783940946
 20
0.2762932114582263
 10
19.430259632467333
 20
0.276924057114112
 10
19.736583728604607
 20
0.3525991483328516
 10
19.739010113142225
 20
0.35316305811047155
 10
20.047311234065415
 20
0.42033142970593584
 10
20.049752295783186
 20
0.42082797159914975
 10
20.35979425481398
 20
0.4794381664941564
 10
20.36224812363678
 20
0.47986696010674634
 10
20.673793400456653
 20
0.5298740775652647
 10
20.676258196497933
 20
0.5302347944023528
 10
20.989068119110314
 20
0.5716005244275565
 10
20.991541954112307
 20
0.571892888147262
 10
21.305376881687007
 20
0.6045855408304628
 10
21.307857860467266
 20
0.6048093274556054
 10
21.622477366927143
 20
0.628803857253603
 10
21.62496358883044
 20
0.6289588953432891
 10
21.94012664703961
 20
0.6442369202655368
 10
21.94261620739401
 20
0.6443230910464992
 10
22.258081373806558
 20
0.650872906737372
 10
22.260572365382565
 20
0.6508901441949608
 10
22.576097965010238
 20
0.6487067329003708
 10
22.578588479481915
 20
0.6486550238291271
 10
22.893932791039116
 20
0.6377400582405601
 10
22.89642092044603
 20
0.6376194422543319
 10
23.211342361530296
 20
0.6179812842274278
 10
23.21382619973919
 20
0.6177918537290226
 10
23.52808351190529
 20
0.5894455478776259
 10
23.530561156070352
 20
0.5891874479880217
 10
23.843913589656154
 20
0.5521547101586437
 10
23.846383141676778
 20
0.5518281386058131
 10
24.158590640239378
 20
0.5061373392413234
 10
24.161050208214274
 20
0.5057425462087561
 10
24.212906778414318
 20
0.4966810324611446
 10
24.252081724379288
 20
0.32222707594862765
 10
24.25533583193642
 20
0.3065394398387181
 10
24.131293212210412
 20
0.3282148784495041
 10
23.821550745755236
 20
0.3735449264292071
 10
23.510672384103277
 20
0.4102852725377083
 10
23.198896288333458
 20
0.4384077703307732
 10
22.886461307270693
 20
0.4578908754191993
 10
22.573606794505825
 20
0.4687196619737873
 10
22.260572425029174
 20
0.4708858341598689
 10
21.947598011617625
 20
0.46438773249268234
 10
21.634923321116258
 20
0.44923033510867316
 10
21.322787890755173
 20
0.42542525395180925
 10
21.0114308446422
 20
0.39299072587776007
 10
20.70109071057206
 20
0.3519515986828138
 10
20.39200523729252
 20
0.3023393120682159
 10
20.084411212366998
 20
0.24419187355447064
 10
19.778544280774064
 20
0.17755382936417052
 10
19.474638764381762
 20
0.1024762302955044
 10
19.17292748243587
 20
0.019016592612732783
 10
18.873641573199084
 20
-0.0727611460165409
 10
18.577010316878265
 20
-0.17278667550336566
 10
18.28326095997486
 20
-0.28098336720141753
 10
17.99261854119337
 20
-0.39726833261150357
 10
17.705305719041338
 20
-0.5215524868816767
 10
17.42154260125284
 20
-0.6537406170542491
 10
17.1415465761656
 20
-0.7937314550077342
 10
17.067248266217007
 20
-0.8334860522416978
 10
17.239864822699356
 20
-0.9506690071543273
 10
17.504420276235802
 20
-1.1175651771651656
 10
17.77443305137619
 20
-1.2754797769369477
 10
17.891726426061947
 20
-1.3388887502118352
 10
17.940437341923683
 20
-1.3154958271918438
 10
17.94291747880612
 20
-1.3143507564755086
 10
18.2314861715803
 20
-1.1863961121114914
 10
18.23399991765498
 20
-1.185326838258322
 10
18.52631896757656
 20
-1.0661888740459602
 10
18.528864007011183
 20
-1.0651963821430943
 10
18.824664110070476
 20
-0.9549848560043442
 10
18.82723809820319
 20
-0.9540700604022111
 10
19.126246743409755
 20
-0.8528865066226797
 10
19.128847308909222
 20
-0.8520502500926413
 10
19.430789029347352
 20
-0.7599878857813559
 10
19.433413776397362
 20
-0.7592309387392874
 10
19.738010403004765
 20
-0.6763745779508114
 10
19.740656913511444
 20
-0.6756976377473425
 10
20.047627831347345
 20
-0.602123613345352
 10
20.05029366716685
 20
-0.6015273036234206
 10
20.359356073933377
 20
-0.5373033969577339
 10
20.36203877911809
 20
-0.5367882670780442
 10
20.67290794569681
 20
-0.4819736455398628
 10
20.675605048757912
 20
-0.48154017007477745
 10
20.98799458152148
 20
-0.43618533258770253
 10
20.99070359770586
 20
-0.4358339108840339
 10
21.30432570236315
 20
-0.39998064138105804
 10
21.307044135942522
 20
-0.39971159719216376
 10
21.621609882674097
 20
-0.3733929261214911
 10
21.624335229244238
 20
-0.3732065073090103
 10
21.939554818883995
 20
-0.35644668120418266
 10
21.942284567671972
 20
-0.35634305950968914
 10
22.257867598689646
 20
-0.3491575186520445
 10
22.260599234866906
 20
-0.34913678953882676
 10
22.576254970905552
 20
-0.35153215373287583
 10
22.578985977904743
 20
-0.35159433629799003
 10
22.89442361562664
 20
-0.36356839877279973
 10
22.89715147746006
 20
-0.3637134357294761
 10
23.212080414454356
 20
-0.3852551651717028
 10
23.21480261803184
 20
-0.38548292290212205
 10
23.52893272053709
 20
-0.41657247361879224
 10
23.53164675798124
 20
-0.4168827422971835
 10
23.844688628176144
 20
-0.457491472498893
 10
23.84739199913275
 20
-0.45788396628483874
 10
24.159057241748982
 20
-0.5079744644724907
 10
24.16174745569053
 20
-0.5084488217742634
 10
24.4046157248652
 20
-0.5550840998485306
 10
24.405893475111913
 20
-0.5642118855794216
 10
24.42792556921389
 20
-0.7428433853646847
 10
24.42792611597067
 20
-0.7428485067838204
 10
24.1291456765324
 20
-0.6854770398412428
 10
23.820177847625082
 20
-0.6358200670456546
 10
23.50984530563449
 20
-0.5955627990237748
 10
23.198433949813225
 20
-0.5647423234840567
 10
22.88623067328991
 20
-0.5433870343257163
 10
22.573523098763875
 20
-0.531516605480373
 10
22.260599313527752
 20
-0.5291419727870862
 10
21.94774760406207
 20
-0.5362653239175331
 10
21.635256190446274
 20
-0.5528800963605717
 10
21.323412960831018
 20
-0.5789709834680722
 10
21.012505206216154
 20
-0.614513948556431
 10
20.702819355778924
 20
-0.659476247050785
 10
20.394640712996075
 20
-0.7138164566515158
 10
20.088253192803098
 20
-0.7774845154952751
 10
19.78393906003266
 20
-0.8504217682753306
 10
19.481978669373152
 20
-0.9325610202788038
 10
19.182650207087168
 20
-1.0238265992909499
 10
18.88622943472738
 20
-1.1241344253095473
 10
18.592989435086732
 20
-1.2333920880049658
 10
18.303200360615765
 20
-1.3514989318549209
 10
18.091787025811616
 20
-1.445242011911929
 10
18.32960553597847
 20
-1.5636615591819387
 10
18.614138539807005
 20
-1.6936034280789636
 10
18.902876161428452
 20
-1.813913466814306
 10
19.141114902395707
 20
-1.9039135166226013
 10
19.43517007831811
 20
-1.803980442819472
 10
19.438049054622756
 20
-1.8030556896696306
 10
19.740322256124838
 20
-1.7115353847421455
 10
19.743230673252523
 20
-1.7107078687228041
 10
20.048407760911616
 20
-1.6293936649927465
 10
20.051342335699985
 20
-1.628664320244133
 10
20.359078810814648
 20
-1.5576480091294238
 10
20.36203623057332
 20
-1.557017658971273
 10
20.67198470528139
 20
-1.4963794071290735
 10
20.674961631531467
 20
-1.4958487631312234
 10
20.986772220958343
 20
-1.4456570219619216
 10
20.989765293201064
 20
-1.4452266831410598
 10
21.30308601042669
 20
-1.4055381115170158
 10
21.306091849936895
 20
-1.4052085636604803
 10
21.620569003335717
 20
-1.3760679639667315
 10
21.623584216975953
 20
-1.37583957908413
 10
21.938862809481158
 20
-1.3572798466432916
 10
21.941883993531995
 20
-1.3571528825465586
 10
22.257608123373423
 20
-1.3491949684849915
 10
22.26063186737573
 20
-1.3491695684973593
 10
22.576445129839065
 20
-1.3518224560945082
 10
22.57946802044393
 20
-1.3518986488887148
 10
22.89501391019763
 20
-1.3651593434363687
 10
22.89803253501949
 20
-1.3653370430022915
 10
23.212954848555288
 20
-1.3891905751851306
 10
23.215965800024
 20
-1.3894695809268793
 10
23.52990903775673
 20
-1.4238890237205866
 10
23.53290891696421
 20
-1.4242690206829443
 10
23.84551868453696
 20
-1.4692155197507175
 10
23.848504105074024
 20
-1.4696960789746791
 10
24.159427513415697
 20
-1.5251188965279132
 10
24.162395105194815
 20
-1.525699475534913
 10
24.471281168878406
 20
-1.591536047608449
 10
24.474227581938017
 20
-1.5922159910127387
 10
24.4923352200767
 20
-1.5967163741137511
 10
24.494110462240023
 20
-1.6400900889604577
 10
24.497631188677897
 20
-1.78350858398846
 10
24.432279554778383
 20
-1.7672664111234844
 10
24.126351328251705
 20
-1.7020602781731653
 10
23.818405266311387
 20
-1.6471681795107196
 10
23.5087889934114
 20
-1.602652080000079
 10
23.19785201942086
 20
-1.5685622315739534
 10
22.885945345080298
 20
-1.5449371165070303
 10
22.57342106577508
 20
-1.5318034039753063
 10
22.260631974072993
 20
-1.5291759199506407
 10
21.94793116147493
 20
-1.5370576304644599
 10
21.635671619828035
 20
-1.55543963825958
 10
21.32420584285137
 20
-1.5843011928338444
 10
21.013885428224
 20
-1.6236097138643013
 10
20.7050606806843
 20
-1.673320827985468
 10
20.398080216589207
 20
-1.7333784188801034
 10
20.093290570378915
 20
-1.8037146906260753
 10
19.7910358033922
 20
-1.8842502442276414
 10
19.49165711547311
 20
-1.9748941672449345
 10
19.417782673443902
 20
-2.000000000000002
 10
19.491657115473103
 20
-2.025105832755067
 10
19.7910358033922
 20
-2.115749755772362
 10
20.09329057037892
 20
-2.19628530937393
 10
20.398080216589207
 20
-2.2666215811199
 10
20.70506068068432
 20
-2.326679172014539
 10
21.013885428223983
 20
-2.3763902861356985
 10
21.324205842851367
 20
-2.415698807166159
 10
21.63567161982803
 20
-2.444560361740423
 10
21.947931161474923
 20
-2.462942369535544
 10
22.260631974072986
 20
-2.470824080049363
 10
22.573421065775072
 20
-2.4681965960246974
 10
22.885945345080295
 20
-2.455062883492973
 10
23.197852019420864
 20
-2.4314377684260498
 10
23.508788993411407
 20
-2.3973479199999246
 10
23.818405266311373
 20
-2.352831820489285
 10
24.126351328251694
 20
-2.297939721826841
 10
24.432279554778393
 20
-2.2327335888765183
 10
24.497631188677897
 20
-2.2164914160115448
 10
24.494110462240023
 20
-2.3599099110395376
 10
24.4923352200767
 20
-2.4032836258862527
 10
24.474227581938013
 20
-2.4077840089872664
 10
24.471281168878402
 20
-2.4084639523915565
 10
24.16239510519481
 20
-2.4743005244650926
 10
24.159427513415693
 20
-2.474881103472092
 10
23.848504105074017
 20
-2.5303039210253244
 10
23.845518684536952
 20
-2.530784480249286
 10
23.532908916964203
 20
-2.575730979317061
 10
23.529909037756724
 20
-2.576110976279419
 10
23.215965800024005
 20
-2.6105304190731244
 10
23.21295484855529
 20
-2.610809424814873
 10
22.898032535019485
 20
-2.6346629569977122
 10
22.895013910197626
 20
-2.634840656563635
 10
22.57946802044393
 20
-2.648101351111289
 10
22.576445129839065
 20
-2.6481775439054953
 10
22.26063186737572
 20
-2.6508304315026443
 10
22.257608123373416
 20
-2.650805031515012
 10
21.941883993531988
 20
-2.642847117453445
 10
21.93886280948115
 20
-2.642720153356712
 10
21.623584216975956
 20
-2.6241604209158735
 10
21.62056900333572
 20
-2.623932036033272
 10
21.30609184993689
 20
-2.594791436339523
 10
21.303086010426686
 20
-2.5944618884829875
 10
20.98976529320106
 20
-2.5547733168589417
 10
20.986772220958343
 20
-2.55434297803808
 10
20.674961631531474
 20
-2.50415123686878
 10
20.671984705281393
 20
-2.50362059287093
 10
20.362036230573313
 20
-2.4429823410287286
 10
20.35907881081464
 20
-2.442351990870578
 10
20.05134233569999
 20
-2.3713356797558722
 10
20.04840776091162
 20
-2.370606335007259
 10
19.74323067325252
 20
-2.2892921312771977
 10
19.740322256124834
 20
-2.2884646152578565
 10
19.438049054622752
 20
-2.196944310330373
 10
19.435170078318105
 20
-2.1960195571805317
 10
19.141114902395707
 20
-2.096086483377402
 10
18.902876161428456
 20
-2.1860865331856956
 10
18.614138539806998
 20
-2.306396571921041
 10
18.32960553597847
 20
-2.4363384408180644
 10
18.091787025811616
 20
-2.5547579880880757
 10
18.303200360615772
 20
-2.6485010681450856
 10
18.59298943508672
 20
-2.7666079119950355
 10
18.88622943472737
 20
-2.875865574690454
 10
19.18265020708717
 20
-2.9761734007090563
 10
19.481978669373145
 20
-3.0674389797211994
 10
19.783939060032655
 20
-3.149578231724672
 10
20.08825319280309
 20
-3.222515484504725
 10
20.394640712996075
 20
-3.286183543348488
 10
20.702819355778914
 20
-3.3405237529492173
 10
21.012505206216144
 20
-3.3854860514435705
 10
21.323412960831018
 20
-3.42102901653193
 10
21.63525619044628
 20
-3.447119903639433
 10
21.947747604062062
 20
-3.463734676082472
 10
22.260599313527756
 20
-3.4708580272129175
 10
22.573523098763857
 20
-3.4684833945196307
 10
22.88623067328992
 20
-3.4566129656742866
 10
23.198433949813218
 20
-3.4352576765159473
 10
23.50984530563449
 20
-3.4044372009762283
 10
23.820177847625075
 20
-3.3641799329543494
 10
24.129145676532392
 20
-3.3145229601587625
 10
24.42792611597067
 20
-3.2571514932161825
 10
24.42792556921389
 20
-3.25715661463531
 10
24.405893475111917
 20
-3.4357881144205673
 10
24.404615724865202
 20
-3.444915900151472
 10
24.161747455690524
 20
-3.491551178225742
 10
24.159057241748975
 20
-3.4920255355275147
 10
23.847391999132746
 20
-3.542116033715165
 10
23.84468862817614
 20
-3.5425085275011106
 10
23.531646757981235
 20
-3.58311725770282
 10
23.528932720537085
 20
-3.5834275263812114
 10
23.21480261803184
 20
-3.6145170770978816
 10
23.212080414454356
 20
-3.6147448348283007
 10
22.89715147746006
 20
-3.6362865642705273
 10
22.89442361562664
 20
-3.636431601227204
 10
22.578985977904736
 20
-3.6484056637020137
 10
22.576254970905545
 20
-3.6484678462671276
 10
22.260599234866902
 20
-3.6508632104611767
 10
22.257867598689643
 20
-3.650842481347959
 10
21.942284567671976
 20
-3.6436569404903163
 10
21.939554818883998
 20
-3.6435533187958224
 10
21.624335229244235
 20
-3.626793492690993
 10
21.621609882674093
 20
-3.6266070738785126
 10
21.30704413594252
 20
-3.600288402807838
 10
21.304325702363148
 20
-3.600019358618944
 10
20.99070359770585
 20
-3.564166089115968
 10
20.98799458152147
 20
-3.5638146674122995
 10
20.67560504875791
 20
-3.5184598299252263
 10
20.672907945696807
 20
-3.5180263544601407
 10
20.36203877911809
 20
-3.4632117329219594
 10
20.359356073933377
 20
-3.4626966030422697
 10
20.050293667166844
 20
-3.3984726963765794
 10
20.047627831347338
 20
-3.397876386654648
 10
19.740656913511437
 20
-3.3243023622526593
 10
19.738010403004758
 20
-3.3236254220491905
 10
19.433413776397362
 20
-3.240769061260718
 10
19.430789029347352
 20
-3.2400121142186493
 10
19.128847308909215
 20
-3.1479497499073603
 10
19.126246743409748
 20
-3.147113493377322
 10
18.827238098203186
 20
-3.0459299395977926
 10
18.824664110070472
 20
-3.045015143995659
 10
18.52886400701118
 20
-2.9348036178569092
 10
18.526318967576557
 20
-2.933811125954043
 10
18.23399991765498
 20
-2.8146731617416814
 10
18.2314861715803
 20
-2.813603887888512
 10
17.942917478806123
 20
-2.6856492435244967
 10
17.940437341923687
 20
-2.684504172808162
 10
17.891726426061947
 20
-2.6611112497881697
 10
17.774433051376185
 20
-2.724520223063059
 10
17.504420276235795
 20
-2.882434822834841
 10
17.23986482269936
 20
-3.0493309928456727
 10
17.067248266217007
 20
-3.1665139477583044
 10
17.141546576165556
 20
-3.2062685449922435
 10
17.42154260125288
 20
-3.3462593829457736
 10
17.705305719041373
 20
-3.478447513118345
 10
17.992618541193316
 20
-3.602731667388478
 10
18.28326095997486
 20
-3.719016632798585
 10
18.57701031687827
 20
-3.8272133244966375
 10
18.87364157319907
 20
-3.9272388539834586
 10
19.17292748243586
 20
-4.019016592612734
 10
19.474638764381748
 20
-4.102476230295507
 10
19.77854428077405
 20
-4.177553829364172
 10
20.084411212366998
 20
-4.244191873554474
 10
20.392005237292484
 20
-4.302339312068213
 10
20.70109071057209
 20
-4.351951598682823
 10
21.01143084464216
 20
-4.392990725877759
 10
21.322787890755187
 20
-4.425425253951815
 10
21.634923321116236
 20
-4.449230335108676
 10
21.94759801161763
 20
-4.464387732492686
 10
22.26057242502918
 20
-4.470885834159873
 10
22.57360679450581
 20
-4.468719661973793
 10
22.88646130727067
 20
-4.457890875419205
 10
23.19889628833346
 20
-4.438407770330778
 10
23.510672384103263
 20
-4.410285272537714
 10
23.821550745755218
 20
-4.373544926429213
 10
24.131293212210423
 20
-4.328214878449508
 10
24.25533583193642
 20
-4.306539439838724
 10
24.25208172437929
 20
-4.322227075948616
 10
24.212906778414315
 20
-4.49668103246115
 10
24.16105020821427
 20
-4.5057425462087615
 10
24.158590640239375
 20
-4.506137339241329
 10
23.84638314167677
 20
-4.551828138605819
 10
23.843913589656147
 20
-4.552154710158649
 10
23.530561156070355
 20
-4.589187447988025
 10
23.528083511905294
 20
-4.589445547877629
 10
23.21382619973918
 20
-4.6177918537290275
 10
23.211342361530285
 20
-4.617981284227433
 10
22.896420920446012
 20
-4.637619442254337
 10
22.8939327910391
 20
-4.637740058240565
 10
22.57858847948191
 20
-4.648655023829132
 10
22.57609796501023
 20
-4.648706732900376
 10
22.260572365382558
 20
-4.650890144194964
 10
22.25808137380655
 20
-4.6508729067373755
 10
21.94261620739401
 20
-4.644323091046503
 10
21.94012664703961
 20
-4.6442369202655405
 10
21.624963588830433
 20
-4.628958895343293
 10
21.622477366927136
 20
-4.628803857253606
 10
21.30785786046726
 20
-4.604809327455609
 10
21.305376881687
 20
-4.604585540830467
 10
20.991541954112297
 20
-4.571892888147264
 10
20.989068119110307
 20
-4.571600524427558
 10
20.67625819649793
 20
-4.530234794402356
 10
20.673793400456642
 20
-4.529874077565268
 10
20.362248123636768
 20
-4.479866960106748
 10
20.359794254813973
 20
-4.479438166494158
 10
20.049752295783186
 20
-4.420827971599153
 10
20.047311234065415
 20
-4.420331429705939
 10
19.73901011314221
 20
-4.353163058110473
 10
19.736583728604593
 20
-4.352599148332853
 10
19.430259632467326
 20
-4.276924057114115
 10
19.42784978394094
 20
-4.2762932114582295
 10
19.123737384687228
 20
-4.192169374613753
 10
19.121345918335056
 20
-4.1914720763647075
 10
18.81967819370175
 20
-4.098963940399047
 10
18.81730694160437
 20
-4.098200723750675
 10
18.518314996485337
 20
-3.9973791583034974
 10
18.515965775237362
 20
-3.9965506079491138
 10
18.219878664636198
 20
-3.887492851502637
 10
18.21755327395461
 20
-3.8865996021871165
 10
17.92459782750767
 20
-3.769389202894402
 10
17.92229804885308
 20
-3.7684319389279026
 10
17.632698697057354
 20
-3.643158690607381
 10
17.630426292269213
 20
-3.642138145341101
 10
17.34440489454816
 20
-3.50889801868633
 10
17.342161604495065
 20
-3.5078149739506945
 10
17.05993727923416
 20
-3.3667100430081143
 10
17.05772482248018
 20
-3.365565328513823
 10
16.90233680954378
 20
-3.2824222816054003
 10
16.72831395494736
 20
-3.4093045154546675
 10
16.481896004167805
 20
-3.601975512477375
 10
16.24208964999578
 20
-3.802815827301908
 10
16.00916559747738
 20
-4.011598741637717
 10
15.783386782582934
 20
-4.228088571202412
 10
15.565008075391672
 20
-4.452040931774029
 10
15.354275992382453
 20
-4.683203015063379
 10
15.151428418153564
 20
-4.921313874096762
 10
14.956694336887603
 20
-5.166104717784959
 10
14.782263049877647
 20
-5.401169095281361
 10
14.901864990189251
 20
-5.628463183477068
 10
14.902994367624153
 20
-5.630683508401762
 10
15.042142997817287
 20
-5.9138774878940135
 10
15.043210493611221
 20
-5.9161282186401545
 10
15.174468233012698
 20
-6.203064757185693
 10
15.175473029366866
 20
-6.20534416948897
 10
15.298739322619062
 20
-6.495803447621286
 10
15.29968064976814
 20
-6.498109795244716
 10
15.414861063687464
 20
-6.791869294758613
 10
15.415738200489303
 20
-6.7942008108303025
 10
15.522744496410622
 20
-7.091035485251067
 10
15.523556770898713
 20
-7.093390383617809
 10
15.622306972274172
 20
-7.393072830607265
 10
15.623053762172434
 20
-7.395449307202886
 10
15.713472217372955
 20
-7.697749942770254
 10
15.714152950572455
 20
-7.700146176997701
 10
15.796170390843743
 20
-8.004833411381794
 10
15.796784545840982
 20
-8.007247567507866
 10
15.870338138369707
 20
-8.314087982595906
 10
15.870885244666141
 20
-8.316518211157604
 10
15.935918640715567
 20
-8.625276739304699
 10
15.93639827917805
 20
-8.627721178526071
 10
15.992861657256302
 20
-8.938161282638402
 10
15.993273460438179
 20
-8.94061805985685
 10
16.04112356446602
 20
-9.25250191460058
 10
16.041467216888627
 20
-9.25496914770147
 10
16.08066738933755
 20
-9.56805782169856
 10
16.0809426277319
 20
-9.570533620557102
 10
16.111462837707144
 20
-9.884587259428473
 10
16.11166945121561
 20
-9.887069727357733
 10
16.133486317462523
 20
-10.201847737473509
 10
16.133624147800383
 20
-10.204334972677435
 10
16.146720956616615
 20
-10.519596205473528
 10
16.1467898981933
 20
-10.522086302503906
 10
16.151156616233006
 20
-10.837589239223748
 10
16.150926737348676
 20
-10.838834764831844
 10
16.151156616233006
 20
-10.840080290439941
 10
16.1467898981933
 20
-11.155583227159784
 10
16.146720956616615
 20
-11.158073324190163
 10
16.133624147800383
 20
-11.47333455698626
 10
16.133486317462523
 20
-11.475821792190185
 10
16.11166945121561
 20
-11.790599802305954
 10
16.111462837707144
 20
-11.793082270235214
 10
16.099227613249923
 20
-11.9189830017936
 10
16.233263883489652
 20
-11.698923660719409
 10
16.396147532827353
 20
-11.420951256069198
 10
16.55427174958156
 20
-11.140244161316385
 10
16.707590633851122
 20
-10.856883859412541
 10
16.856059680614898
 20
-10.57095260347536
 10
16.999635792650242
 20
-10.28253339291289
 10
17.138607229319703
 20
-9.991017853502125
 10
17.159612303648345
 20
-9.962876452937026
 10
17.189787709659267
 20
-9.944915482879898
 10
17.224539515328047
 20
-9.93986933820534
 10
17.258577073267514
 20
-9.948506248696635
 10
17.28671847383261
 20
-9.969511323025278
 10
17.30467944388974
 20
-9.9996867290362
 10
17.309725588564298
 20
-10.03443853470498
 10
17.301088678073
 20
-10.068476092644445
 10
17.161787305127316
 20
-10.36068372788324
 10
17.161115689284603
 20
-10.36206219799342
 10
17.01685621811621
 20
-10.651854157120336
 10
17.016161214874742
 20
-10.65322098489998
 10
16.866985520761123
 20
-10.940513147831917
 10
16.866267331864698
 20
-10.941867936521675
 10
16.712218717152197
 20
-11.226576908810149
 10
16.711477551074886
 20
-11.227919265145365
 10
16.552600732609015
 20
-11.509962402183946
 10
16.55183680449465
 20
-11.511291936508789
 10
16.388177900639818
 20
-11.790587367523022
 10
16.387391432239536
 20
-11.7919036939036
 10
16.218997949491886
 20
-12.068370345716268
 10
16.21818916909976
 20
-12.069673082052661
 10
16.052973259423275
 20
-12.330802531134617
 10
16.041467216888627
 20
-12.422700381962214
 10
16.04112356446602
 20
-12.425167615063103
 10
15.996988396742923
 20
-12.71283775745675
 10
15.822227075948618
 20
-12.75208172437929
 10
15.807049074089583
 20
-12.75523011781509
 10
15.815544150868195
 20
-12.708523515954685
 10
15.819216059283328
 20
-12.684590256580561
 10
15.683413290789488
 20
-12.88386528097479
 10
15.682539008610368
 20
-12.885124994575623
 10
15.495709546886824
 20
-13.14948256838143
 10
15.494813929968082
 20
-13.150727204079018
 10
15.340537822135788
 20
-13.361316727108214
 10
15.60137711818587
 20
-13.316541989198788
 10
15.908371097288612
 20
-13.255205775279244
 10
16.21358338530272
 20
-13.185543062236338
 10
16.516788188946393
 20
-13.107605385913201
 10
16.817761200056797
 20
-13.021450403895674
 10
17.11627976153064
 20
-12.92714185285788
 10
17.412123032044477
 20
-12.824749501410253
 10
17.705072149430677
 20
-12.714349098485492
 10
17.994910392589812
 20
-12.596022317300136
 10
18.28142334181919
 20
-12.469856694933366
 10
18.564399037438054
 20
-12.335945567568112
 10
18.843628136594386
 20
-12.194388001441343
 10
19.118904068133386
 20
-12.045288719556472
 10
19.390023185418467
 20
-11.88875802420948
 10
19.656784916986318
 20
-11.72491171538869
 10
19.91899191492808
 20
-11.553871005106899
 10
20.17645020088529
 20
-11.375762427729981
 10
20.4289693095539
 20
-11.190717746367504
 10
20.67636242958796
 20
-10.998873855396173
 10
20.91844654180196
 20
-10.800372679185859
 10
21.155042554565814
 20
-10.59536106710596
 10
21.38597543629555
 20
-10.383990684887339
 10
21.61107434494047
 20
-10.166417902421047
 10
21.83017275437011
 20
-9.942803678077679
 10
22.04310857756884
 20
-9.713313439631772
 10
22.249724286546478
 20
-9.478116961879719
 10
22.44986702887593
 20
-9.23738824104207
 10
22.643388740772156
 20
-8.991305366042555
 10
22.83014625662844
 20
-8.740050386759492
 10
23.010001414928663
 20
-8.483809179347373
 10
23.182821160458587
 20
-8.222771308726506
 10
23.3484776427382
 20
-7.957129888345583
 10
23.506848310604905
 20
-7.6870814373172225
 10
23.65781600287517
 20
-7.412825735035955
 10
23.801269035020105
 20
-7.134565673381765
 10
23.93710128178774
 20
-6.852507106624278
 10
24.065212255714346
 20
-6.566858699132026
 10
24.185507181463613
 20
-6.277831771005485
 10
24.297897065940838
 20
-5.98564014174394
 10
24.40229876412905
 20
-5.690499972064022
 10
24.498635040599112
 20
-5.3926296039856405
 10
24.586834626647693
 20
-5.092249399304675
 10
24.666832273021143
 20
-4.789581576571637
 10
24.73856879818647
 20
-4.484850046695767
 10
24.801991132113148
 20
-4.178280247298364
 10
24.85705235553392
 20
-3.8700989759357203
 10
24.903711734655236
 20
-3.560534222316461
 10
24.941934751291697
 20
-3.2498149996370813
 10
24.971693128402364
 20
-2.9381711751596225
 10
24.99296485100986
 20
-2.6258333001577436
 10
25.00573418248674
 20
-2.313032439358235
 10
25.009991676197444
 20
-2.0000000000000013
 10
25.00573418248674
 20
-1.6869675606417582
 10
24.99296485100986
 20
-1.3741666998422586
 10
24.971693128402364
 20
-1.0618288248403729
 10
24.941934751291697
 20
-0.7501850003629191
 10
24.903711734655236
 20
-0.43946577768353623
 10
24.85705235553392
 20
-0.12990102406428092
 10
24.801991132113145
 20
0.17828024729837263
 10
24.738568798186474
 20
0.4848500466957554
 10
24.666832273021143
 20
0.7895815765716383
 10
24.586834626647693
 20
1.0922493993046818
 10
24.498635040599112
 20
1.3926296039856434
 10
24.40229876412905
 20
1.6904999720640306
 10
24.297897065940838
 20
1.9856401417439449
 10
24.185507181463617
 20
2.2778317710054776
 10
24.065212255714332
 20
2.566858699132053
 10
23.93710128178775
 20
2.8525071066242633
 10
23.80126903502011
 20
3.1345656733817595
 10
23.657816002875165
 20
3.4128257350359643
 10
23.506848310604905
 20
3.687081437317224
 10
23.3484776427382
 20
3.9571298883455834
 10
23.182821160458598
 20
4.222771308726491
 10
23.010001414928652
 20
4.483809179347389
 10
22.830146256628442
 20
4.740050386759483
 10
22.64338874077214
 20
4.99130536604257
 10
22.44986702887592
 20
5.237388241042077
 10
22.249724286546478
 20
5.478116961879718
 10
22.04310857756882
 20
5.7133134396317935
 10
21.830172754370142
 20
5.942803678077647
 10
21.61107434494051
 20
6.166417902421005
 10
21.385975436295503
 20
6.383990684887381
 10
21.15504255456575
 20
6.5953610671060146
 10
20.918446541801938
 20
6.800372679185883
 10
20.67636242958804
 20
6.99887385539611
 10
20.428969309553878
 20
7.1907177463675165
 10
20.17645020088526
 20
7.375762427730001
 10
19.918991914928107
 20
7.553871005106883
 10
19.656784916986336
 20
7.724911715388677
 10
19.390023185418436
 20
7.888758024209497
 10
19.11890406813338
 20
8.045288719556476
 10
18.843628136594326
 20
8.194388001441375
 10
18.56439903743816
 20
8.33594556756806
 10
18.28142334181913
 20
8.469856694933393
 10
17.99491039258986
 20
8.596022317300115
 10
17.705072149430627
 20
8.714349098485512
 10
17.412123032044484
 20
8.82474950141025
 10
17.11627976153064
 20
8.92714185285788
 10
16.817761200056804
 20
9.02145040389567
 10
16.51678818894639
 20
9.107605385913201
 10
16.213583385302723
 20
9.185543062236336
 10
15.90837109728858
 20
9.25520577527925
 10
15.601377118185889
 20
9.316541989198784
 10
15.34089537158343
 20
9.361255351452588
 10
15.519486664054575
 20
9.116362185512974
 10
15.520384359512159
 20
9.115108811355874
 10
15.707624600999372
 20
8.848894134857709
 10
15.708500695396594
 20
8.847625567745016
 10
15.819265980347119
 20
8.684264874345287
 10
15.815544150868204
 20
8.708523515954665
 10
15.807049074089589
 20
8.75523011781509
 10
15.822227075948614
 20
8.752081724379291
 10
15.99698839674293
 20
8.712837757456748
 10
16.041123564466023
 20
8.425167615063106
 10
16.04146721688863
 20
8.422700381962217
 10
16.053007961152627
 20
8.33052537116953
 10
16.07001923503703
 20
8.30448719446099
 10
16.0708513625035
 20
8.303189362502762
 10
16.244169593736807
 20
8.02770805145359
  0
LWPOLYLINE
  5
D5
330
17
100
AcDbEntity
  8
ENGRAVE_LINES
100
AcDbPolyline
 90
46
 70
1
 10
15.130752499531429
 20
0.2636017182599635
 10
15.379162010021522
 20
0.062037001057287294
 10
15.387029757233158
 20
0.05483944602833343
 10
15.609856006970364
 20
-0.17469068826992176
 10
15.616817253563577
 20
-0.18276826776191826
 10
15.810932250442747
 20
-0.43704171920646484
 10
15.816889275774608
 20
-0.4458859316517085
 10
15.97956807074488
 20
-0.7213332583585449
 10
15.98443725123769
 20
-0.7308199504010571
 10
16.113396190613997
 20
-1.0235744756912057
 10
16.117109173647012
 20
-1.033570474969796
 10
16.15454364554911
 20
-1.1561574832933983
 10
16.229545293397628
 20
-1.10762283401348
 10
16.23165518155433
 20
-1.1062985575589974
 10
16.501203493973158
 20
-0.9422714909588668
 10
16.50334922421966
 20
-0.9410061143860925
 10
16.72757783817849
 20
-0.8129232265647351
 10
16.62104626178761
 20
-0.7352497254645107
 10
16.618633176850143
 20
-0.7334274483079162
 10
16.369832758198264
 20
-0.5388936305820817
 10
16.367482252113728
 20
-0.5369913177535955
 10
16.125357353644937
 20
-0.33420919797520565
 10
16.123072079778627
 20
-0.332228996897835
 10
15.887896023824387
 20
-0.12142748536115888
 10
15.885678561904305
 20
-0.11937163138194339
 10
15.657716826605547
 20
0.09921130894030385
 10
15.655569679810286
 20
0.10134049507365711
 10
15.4350795994328
 20
0.3274581171544399
 10
15.433005191565824
 20
0.32965823191333166
 10
15.220235666008849
 20
0.5630552832113296
 10
15.218236338762392
 20
0.5653238429994875
 10
15.013427552588354
 20
0.8057368536005259
 10
15.011505562900007
 20
0.8080712975576076
 10
14.814888714202516
 20
1.0552288775922987
 10
14.813046231707476
 20
1.0576265704847152
 10
14.686740412123918
 20
1.2278368542217577
 10
14.599137029020289
 20
1.0719794594788392
 10
14.597886530664859
 20
1.069825024512368
 10
14.435728598740681
 20
0.7991481388731394
 10
14.434418953895324
 20
0.7970291375657496
 10
14.343804766475868
 20
0.6548536692591329
 10
14.543558758556099
 20
0.5873213119128275
 10
14.55344033991333
 20
0.5833137447628672
 10
14.842244815577898
 20
0.44573614862513666
 10
14.851583051389843
 20
0.4405879842433841
 10
15.122088697625907
 20
0.2698182109305042
  0
LWPOLYLINE
  5
D6
330
17
100
AcDbEntity
  8
ENGRAVE_LINES
100
AcDbPolyline
 90
20
 70
1
 10
15.997392637925838
 20
-1.2578521694473117
 10
15.946516882437988
 20
-1.0912488665405875
 10
15.821864137206214
 20
-0.8082699940953499
 10
15.66461750907702
 20
-0.5420203986286165
 10
15.476984396020493
 20
-0.2962376408344531
 10
15.261598755647071
 20
-0.0743719718698141
 10
15.021484130216468
 20
0.12046210060856731
 10
14.760011202731956
 20
0.2855295333046626
 10
14.480850479939724
 20
0.41851314129567535
 10
14.243160977470504
 20
0.49887064629997935
 10
14.227804032480655
 20
0.4761859035378661
 10
14.341259398730388
 20
0.332324600718703
 10
14.542408722083032
 20
0.09260417196529622
 10
14.750740638547851
 20
-0.1409011745024529
 10
14.966063218722837
 20
-0.36797631782224954
 10
15.188178092935464
 20
-0.5884120610683329
 10
15.41688063399408
 20
-0.8020053239776621
 10
15.651960145704438
 20
-1.0085593300413167
 10
15.893200056977141
 20
-1.2078837877881787
 10
15.975666492375257
 20
-1.271911471939326
  0
LWPOLYLINE
  5
D7
330
17
100
AcDbEntity
  8
ENGRAVE_LINES
100
AcDbPolyline
 90
9
 70
1
 10
14.085153165505314
 20
0.2655285208524674
 10
13.98827109398231
 20
0.13061750277373427
 10
14.233683779855555
 20
0.06317691534786227
 10
14.246651622003276
 20
0.0585194262399691
 10
14.389932906967779
 20
-0.00571251642224854
 10
14.20249334162517
 20
0.21766925896910572
 10
14.200769389329938
 20
0.2197882810041016
 10
14.12191691350765
 20
0.3197731497439495
 10
14.08657804886663
 20
0.2675718131879728
  0
LWPOLYLINE
  5
D8
330
17
100
AcDbEntity
  8
ENGRAVE_LINES
100
AcDbPolyline
 90
25
 70
1
 10
15.14088685273138
 20
-1.8837780625157121
 10
15.191741629578217
 20
-1.842226336969204
 10
15.193692278739272
 20
-1.840677045514325
 10
15.443466692739118
 20
-1.647871668472308
 10
15.445459472432539
 20
-1.6463769560400396
 10
15.47088577880999
 20
-1.6278498449246017
 10
15.416074236199645
 20
-1.3936215090420878
 10
15.301055415535549
 20
-1.1082406473187287
 10
15.14382138243508
 20
-0.8437618690020338
 10
14.948057569368729
 20
-0.6063843324939361
 10
14.71835251419306
 20
-0.40167196605831196
 10
14.460090308712413
 20
-0.2344230540582621
 10
14.179324400130357
 20
-0.10855776923745863
 10
13.882635703377904
 20
-0.027026287193632297
 10
13.874288314195727
 20
-0.026062621831525773
 10
13.708550139378492
 20
-0.2438716305614889
 10
13.707014383025577
 20
-0.24583295373378072
 10
13.616056302631897
 20
-0.35874138569888625
 10
13.731030323210934
 20
-0.4974863647194171
 10
13.937365298301323
 20
-0.7329032010544753
 10
14.150136562563596
 20
-0.9625193979566705
 10
14.369181113871754
 20
-1.1861590485506617
 10
14.59433114419179
 20
-1.4036508245387573
 10
14.825414168137936
 20
-1.614828107454034
 10
15.06225315511209
 20
-1.819529116305125
  0
LWPOLYLINE
  5
D9
330
17
100
AcDbEntity
  8
ENGRAVE_LINES
100
AcDbPolyline
 90
56
 70
1
 10
12.175520613876227
 20
-1.85336672447797
 10
12.173635952066059
 20
-1.8549956462142663
 10
12.001096080081533
 20
-2.000000000000001
 10
12.17363595206606
 20
-2.145004353785735
 10
12.175520613876229
 20
-2.146633275522032
 10
12.411366143700011
 20
-2.356247343197414
 10
12.413205002055951
 20
-2.3579278003103683
 10
12.64315897706754
 20
-2.573988765506889
 10
12.644950623236625
 20
-2.5757194706136253
 10
12.868836877791985
 20
-2.798061810995421
 10
12.87057993921042
 20
-2.7998414382185355
 10
13.08822695609085
 20
-3.0282948193454824
 10
13.08992009741517
 20
-3.0301220053287805
 10
13.30116113922507
 20
-3.2645114111481366
 10
13.302803063355144
 20
-3.2663847561010937
 10
13.500608182419212
 20
-3.498472167814382
 10
13.59322806235717
 20
-3.3867030635057955
 10
13.59484390370114
 20
-3.3848071750827065
 10
13.802820960177103
 20
-3.147516814374828
 10
13.804488652612443
 20
-3.145666371697306
 10
14.018953220359844
 20
-2.9142228138128656
 10
14.020671486282584
 20
-2.91241923448818
 10
14.241459265951079
 20
-2.6869997862270827
 10
14.243226789013358
 20
-2.6852444519609104
 10
14.470168637097615
 20
-2.4660218051075766
 10
14.471984063216128
 20
-2.4643160606454986
 10
14.704906121635107
 20
-2.2514581596712775
 10
14.706768060028452
 20
-2.2498033117685776
 10
14.945491889316461
 20
-2.043473225171035
 10
14.947398913570611
 20
-2.0418705415916043
 10
14.998643886459014
 20
-2.000000000000001
 10
14.947398913570602
 20
-1.9581294584083906
 10
14.945491889316452
 20
-1.95652677482896
 10
14.706768060028445
 20
-1.7501966882314208
 10
14.7049061216351
 20
-1.7485418403287203
 10
14.471984063216128
 20
-1.5356839393545028
 10
14.470168637097617
 20
-1.5339781948924256
 10
14.243226789013352
 20
-1.3147555480390882
 10
14.241459265951072
 20
-1.3130002137729155
 10
14.020671486282579
 20
-1.0875807655118184
 10
14.018953220359839
 20
-1.0857771861871321
 10
13.804488652612443
 20
-0.8543336283026942
 10
13.802820960177103
 20
-0.8524831856251734
 10
13.594843903701138
 20
-0.6151928249172959
 10
13.593228062357166
 20
-0.6132969364942062
 10
13.500608182419212
 20
-0.5015278321856226
 10
13.302803063355148
 20
-0.7336152438989046
 10
13.301161139225073
 20
-0.7354885888518615
 10
13.089920097415172
 20
-0.9698779946712203
 10
13.088226956090852
 20
-0.9717051806545185
 10
12.870579939210423
 20
-1.2001585617814654
 10
12.868836877791987
 20
-1.2019381890045795
 10
12.644950623236625
 20
-1.424280529386378
 10
12.643158977067538
 20
-1.4260112344931148
 10
12.413205002055953
 20
-1.6420721996896301
 10
12.411366143700015
 20
-1.6437526568025844
  0
LWPOLYLINE
  5
DA
330
17
100
AcDbEntity
  8
ENGRAVE_LINES
100
AcDbPolyline
 90
25
 70
1
 10
15.416074236199647
 20
-2.6063784909579093
 10
15.470885778809988
 20
-2.3721501550754005
 10
15.445459472432534
 20
-2.3536230439599586
 10
15.443466692739113
 20
-2.35212833152769
 10
15.193692278739263
 20
-2.1593229544856696
 10
15.191741629578209
 20
-2.1577736630307904
 10
15.14088685273138
 20
-2.1162219374842897
 10
15.0622531551121
 20
-2.1804708836948694
 10
14.825414168137957
 20
-2.3851718925459524
 10
14.594331144191806
 20
-2.5963491754612305
 10
14.369181113871738
 20
-2.81384095144936
 10
14.15013656256361
 20
-3.0374806020433183
 10
13.937365298301305
 20
-3.2670967989455457
 10
13.731030323210913
 20
-3.5025136352806103
 10
13.616056302631897
 20
-3.6412586143011154
 10
13.707014383025575
 20
-3.75416704626622
 10
13.70855013937849
 20
-3.7561283694385117
 10
13.874288314195725
 20
-3.973937378168474
 10
13.882635703377902
 20
-3.972973712806368
 10
14.179324400130357
 20
-3.891442230762541
 10
14.460090308712411
 20
-3.7655769459417376
 10
14.718352514193061
 20
-3.5983280339416854
 10
14.948057569368732
 20
-3.393615667506062
 10
15.143821382435078
 20
-3.1562381309979672
 10
15.301055415535549
 20
-2.8917593526812704
  0
LWPOLYLINE
  5
DB
330
17
100
AcDbEntity
  8
ENGRAVE_LINES
100
AcDbPolyline
 90
9
 70
1
 10
14.08657804886663
 20
-4.267571813187977
 10
14.12191691350765
 20
-4.319773149743953
 10
14.200769389329936
 20
-4.2197882810041065
 10
14.20249334162517
 20
-4.21766925896911
 10
14.38993290696779
 20
-3.994287483577747
 10
14.246651622003276
 20
-4.058519426239969
 10
14.233683779855555
 20
-4.063176915347862
 10
13.988271093982306
 20
-4.130617502773735
 10
14.085153165505314
 20
-4.265528520852472
  0
LWPOLYLINE
  5
DC
330
17
100
AcDbEntity
  8
ENGRAVE_LINES
100
AcDbPolyline
 90
20
 70
1
 10
15.97566649237526
 20
-2.728088528060677
 10
15.893200056977124
 20
-2.7921162122118375
 10
15.651960145704448
 20
-2.991440669958674
 10
15.416880633994085
 20
-3.1979946760223363
 10
15.188178092935471
 20
-3.4115879389316652
 10
14.966063218722844
 20
-3.6320236821777483
 10
14.750740638547848
 20
-3.859098825497554
 10
14.542408722083008
 20
-4.092604171965326
 10
14.341259398730408
 20
-4.332324600718681
 10
14.227804032480655
 20
-4.476185903537869
 10
14.243160977470502
 20
-4.498870646299979
 10
14.48085047993972
 20
-4.418513141295676
 10
14.760011202731963
 20
-4.285529533304658
 10
15.021484130216464
 20
-4.120462100608569
 10
15.261598755647077
 20
-3.925628028130182
 10
15.476984396020494
 20
-3.703762359165546
 10
15.664617509077017
 20
-3.457979601371386
 10
15.821864137206214
 20
-3.1917300059046494
 10
15.946516882437988
 20
-2.9087511334594125
 10
15.997392637925838
 20
-2.742147830552691
  0
LWPOLYLINE
  5
DD
330
17
100
AcDbEntity
  8
ENGRAVE_LINES
100
AcDbPolyline
 90
46
 70
1
 10
15.220235666008854
 20
-4.5630552832113285
 10
15.433005191565824
 20
-4.329658231913334
 10
15.4350795994328
 20
-4.327458117154442
 10
15.65556967981029
 20
-4.101340495073656
 10
15.657716826605553
 20
-4.099211308940302
 10
15.885678561904307
 20
-3.8806283686180616
 10
15.887896023824387
 20
-3.878572514638847
 10
16.123072079778623
 20
-3.667771003102168
 10
16.125357353644937
 20
-3.6657908020247967
 10
16.36748225211373
 20
-3.463008682246406
 10
16.369832758198267
 20
-3.4611063694179203
 10
16.618633176850143
 20
-3.266572551692086
 10
16.62104626178761
 20
-3.264750274535491
 10
16.72757783817849
 20
-3.1870767734352685
 10
16.50334922421966
 20
-3.0589938856139107
 10
16.501203493973158
 20
-3.057728509041137
 10
16.231655181554324
 20
-2.8937014424410026
 10
16.22954529339762
 20
-2.89237716598652
 10
16.15454364554911
 20
-2.843842516706605
 10
16.117109173647012
 20
-2.966429525030205
 10
16.113396190613997
 20
-2.9764255243087954
 10
15.98443725123769
 20
-3.2691800495989427
 10
15.97956807074488
 20
-3.2786667416414548
 10
15.816889275774606
 20
-3.5541140683482917
 10
15.810932250442745
 20
-3.5629582807935347
 10
15.616817253563577
 20
-3.817231732238081
 10
15.609856006970364
 20
-3.8253093117300776
 10
15.38702975723316
 20
-4.054839446028332
 10
15.379162010021524
 20
-4.062037001057286
 10
15.130752499531427
 20
-4.263601718259964
 10
15.122088697625905
 20
-4.269818210930504
 10
14.851583051389843
 20
-4.4405879842433835
 10
14.8422448155779
 20
-4.445736148625136
 10
14.553440339913333
 20
-4.583313744762867
 10
14.5435587585561
 20
-4.587321311912827
 10
14.343804766475868
 20
-4.654853669259134
 10
14.434418953895323
 20
-4.79702913756575
 10
14.435728598740678
 20
-4.799148138873139
 10
14.597886530664859
 20
-5.069825024512372
 10
14.599137029020289
 20
-5.071979459478843
 10
14.686740412123918
 20
-5.227836854221761
 10
14.813046231707474
 20
-5.05762657048472
 10
14.814888714202514
 20
-5.055228877592303
 10
15.011505562900009
 20
-4.80807129755761
 10
15.013427552588356
 20
-4.805736853600528
 10
15.218236338762397
 20
-4.565323842999486
  0
LWPOLYLINE
  5
DE
330
17
100
AcDbEntity
  8
ENGRAVE_LINES
100
AcDbPolyline
 90
336
 70
1
 10
16.520730378260417
 20
-13.727195137818985
 10
16.822913776331305
 20
-13.645177622247681
 10
17.12287569615346
 20
-13.555374918575819
 10
17.42041560321843
 20
-13.457847062894146
 10
17.715334582214115
 20
-13.352659255814043
 10
18.007435470005447
 20
-13.239881818879025
 10
18.29652298744532
 20
-13.119590147552161
 10
18.58240386992452
 20
-12.991864660811961
 10
18.864886996576136
 20
-12.85679074738934
 10
19.143783518045655
 20
-12.71445870868271
 10
19.418906982743145
 20
-12.564963698388413
 10
19.690073461493125
 20
-12.40840565888691
 10
19.957101670495856
 20
-12.244889254428776
 10
20.219813092522894
 20
-12.074523801162435
 10
20.478032096261305
 20
-11.897423194052962
 10
20.731586053728687
 20
-11.713705830739743
 10
20.980305455681354
 20
-11.523494532383282
 10
21.224024024936465
 20
-11.326916461555491
 10
21.462578827534035
 20
-11.124103037227124
 10
21.695810381663446
 20
-10.915189846910058
 10
21.923562764282927
 20
-10.700316556012009
 10
22.14568371535834
 20
-10.479626814466428
 10
22.36202473965515
 20
-10.253268160696742
 10
22.57244120601132
 20
-10.021391922983096
 10
22.776792444029233
 20
-9.784153118293126
 10
22.974941838117434
 20
-9.541710348649188
 10
23.166756918823367
 20
-9.294225695096847
 10
23.352109451393332
 20
-9.041864609348625
 10
23.530875521501905
 20
-8.784795803173768
 10
23.70293561809224
 20
-8.523191135609563
 10
23.868174713274115
 20
-8.257225498066514
 10
24.026482339222824
 20
-7.98707669740922
 10
24.177752662031487
 20
-7.712925337085198
 10
24.321884552464002
 20
-7.434954696386299
 10
24.458781653563328
 20
-7.153350607920476
 10
24.58835244506972
 20
-6.8683013333756255
 10
24.710510304604604
 20
-6.579997437661345
 10
24.825173565580705
 20
-6.2886316615095925
 10
24.932265571798837
 20
-5.99439879262118
 10
25.03171472869518
 20
-5.697495535443563
 10
25.123454551204674
 20
-5.398120379667241
 10
25.207423708208267
 20
-5.096473467529393
 10
25.283566063534934
 20
-4.792756460011912
 10
25.351830713490752
 20
-4.487172402023591
 10
25.412172020889354
 20
-4.179925586659155
 10
25.464549645562197
 20
-3.871221418621546
 10
25.508928571327136
 20
-3.561266276902596
 10
25.545279129398054
 20
-3.2502673768111268
 10
25.573577018219265
 20
-2.938432631443544
 10
25.593803319712006
 20
-2.6259705126867607
 10
25.605944511921827
 20
-2.31308991184696
 10
25.609992478058377
 20
-2.0000000000000018
 10
25.605944511921827
 20
-1.6869100881530505
 10
25.593803319712006
 20
-1.3740294873132453
 10
25.573577018219265
 20
-1.0615673685564597
 10
25.545279129398054
 20
-0.7497326231888729
 10
25.508928571327136
 20
-0.43873372309740966
 10
25.464549645562197
 20
-0.12877858137845574
 10
25.412172020889354
 20
0.17992558665916022
 10
25.351830713490752
 20
0.4871724020235889
 10
25.283566063534938
 20
0.7927564600118991
 10
25.20742370820827
 20
1.0964734675293768
 10
25.12345455120467
 20
1.398120379667243
 10
25.031714728695185
 20
1.69749553544355
 10
24.932265571798833
 20
1.9943987926211804
 10
24.8251735655807
 20
2.288631661509599
 10
24.71051030460461
 20
2.57999743766133
 10
24.588352445069724
 20
2.8683013333756184
 10
24.458781653563374
 20
3.1533506079203693
 10
24.321884552463942
 20
3.434954696386413
 10
24.177752662031494
 20
3.7129253370851836
 10
24.026482339222824
 20
3.987076697409221
 10
23.868174713274126
 20
4.2572254980664965
 10
23.702935618092233
 20
4.523191135609576
 10
23.530875521501915
 20
4.784795803173755
 10
23.35210945139333
 20
5.041864609348631
 10
23.166756918823374
 20
5.294225695096839
 10
22.97494183811747
 20
5.541710348649149
 10
22.776792444029223
 20
5.784153118293139
 10
22.572441206011327
 20
6.021391922983089
 10
22.362024739655123
 20
6.253268160696773
 10
22.14568371535838
 20
6.4796268144663935
 10
21.923562764282927
 20
6.700316556012008
 10
21.69581038166347
 20
6.915189846910036
 10
21.46257882753404
 20
7.124103037227123
 10
21.224024024936448
 20
7.326916461555506
 10
20.980305455681354
 20
7.523494532383286
 10
20.731586053728694
 20
7.713705830739739
 10
20.47803209626123
 20
7.897423194053016
 10
20.21981309252297
 20
8.074523801162387
 10
19.95710167049586
 20
8.24488925442877
 10
19.69007346149308
 20
8.408405658886938
 10
19.41890698274327
 20
8.564963698388341
 10
19.1437835180456
 20
8.714458708682736
 10
18.864886996576136
 20
8.85679074738934
 10
18.58240386992458
 20
8.99186466081193
 10
18.296522987445275
 20
9.119590147552184
 10
18.00743547000545
 20
9.239881818879025
 10
17.715334582214115
 20
9.352659255814043
 10
17.420415603218434
 20
9.457847062894146
 10
17.12287569615346
 20
9.555374918575819
 10
16.8229137763313
 20
9.645177622247681
 10
16.52073037826041
 20
9.727195137818986
 10
16.21652752158115
 20
9.80137263385589
 10
15.910508576008937
 20
9.867660520238093
 10
15.60287812537506
 20
9.926014481311416
 10
15.29384183085547
 20
9.97639550551432
 10
14.983606293479365
 20
10.01876991145845
 10
14.815710068962082
 20
10.037294841889711
 10
14.92797680294163
 20
9.898885793472733
 10
14.928937696136206
 20
9.897680186496611
 10
15.129605563116693
 20
9.641435051563837
 10
15.130545664194548
 20
9.640213162094339
 10
15.186108627392937
 20
9.56670131854999
 10
15.319656843556764
 20
9.547499983863883
 10
15.322074884265975
 20
9.547118689169453
 10
15.6330362978904
 20
9.493740168349088
 10
15.635443074264664
 20
9.493293252249957
 10
15.944837751322126
 20
9.431477388130963
 10
15.947231482850125
 20
9.430965181251604
 10
16.25483053596542
 20
9.36075770464945
 10
16.25720945178628
 20
9.360180585915865
 10
16.562785321970512
 20
9.281633435684803
 10
16.565147662183893
 20
9.280991832044199
 10
16.868474287180533
 20
9.19416311665338
 10
16.870818304148575
 20
9.193457502758307
 10
17.17167128567228
 20
9.098411457303653
 10
17.173995245312497
 20
9.09764235516087
 10
17.472152015056924
 20
8.994449293844532
 10
17.474454198125056
 20
8.993617272428827
 10
17.769694182416885
 20
8.882353536541384
 10
17.771972885778787
 20
8.88145921137465
 10
18.064077668756102
 20
8.762207112818505
 10
18.066331206647696
 20
8.761251145514388
 10
18.35508469184208
 20
8.634098905910177
 10
18.35731139711648
 20
8.633082003684619
 10
18.642499967319203
 20
8.498123689105656
 10
18.64469819268005
 20
8.497046604253692
 10
18.926110867974163
 20
8.354382055636734
 10
18.928278987194272
 20
8.353245584975971
 10
19.205707581035615
 20
8.20298034425981
 10
19.20784399016006
 20
8.20178532854093
 10
19.48108326339179
 20
8.044030560587416
 10
19.483186381924487
 20
8.042777883872207
 10
19.752034194611134
 20
7.87765029422749
 10
19.754102466684067
 20
7.876340883234823
 10
20.01835992765285
 20
7.703962631791658
 10
20.0203918231771
 20
7.702597455211904
 10
20.27986343715578
 20
7.523096065836863
 10
20.28185745295348
 20
7.521676133615271
 10
20.536351265196004
 20
7.335184399807746
 10
20.53830592611235
 20
7.333710762397293
 10
20.787633664405238
 20
7.14036664905007
 10
20.789547524399822
 20
7.1388403966343414
 10
21.033524738344227
 20
6.938786937968423
 10
21.03539638156079
 20
6.9372091996551095
 10
21.273842579027235
 20
6.730594393404294
 10
21.275670620841098
 20
6.728966336389889
 10
21.508409401495932
 20
6.515943034313399
 10
21.51019248953835
 20
6.514265863019709
 10
21.737051675343086
 20
6.294991657823834
 10
21.738788490501697
 20
6.293266613006968
 10
21.959600253088784
 20
6.0679037217594205
 10
21.961289510483496
 20
6.066132079591882
 10
22.175890495314214
 20
5.834847223715072
 10
22.17753094524773
 20
5.833030294841667
 10
22.3857623924604
 20
5.5959945767737205
 10
22.38735282134274
 20
5.594133705341943
 10
22.589060683201826
 20
5.351522481956653
 10
22.590599914448134
 20
5.349619044622308
 10
22.785634969307356
 20
5.101611797501726
 10
22.78712186420832
 20
5.099667202410485
 10
22.975339826903493
 20
4.846447405066064
 10
22.97677328546775
 20
4.844463090811732
 10
23.158034914057612
 20
4.586218072952297
 10
23.15941387582553
 20
4.58419550751256
 10
23.33358507460169
 20
4.3211163164594755
 10
23.334908519429852
 20
4.319056996109896
 10
23.50186043811957
 20
4.051338255462006
 10
23.50312738693551
 20
4.0492437036690925
 10
23.662736516023948
 20
3.777083469321936
 10
23.663946031550413
 20
3.774955235616109
 10
23.816094293651883
 20
3.4985548492419714
 10
23.817245481100272
 20
3.4963945080712135
 10
23.961820318310778
 20
3.2159584481683807
 10
23.96291232604305
 20
3.2137675977334954
 10
24.09980678320964
 20
2.9295033283549214
 10
24.10083880336839
 20
2.9272835894271796
 10
24.229951607213575
 20
2.639401406700452
 10
24.23092287631965
 20
2.637154421422579
 10
24.352158510362482
 20
2.3458672979747663
 10
24.353068309879806
 20
2.343594728646084
 10
24.466337085098093
 20
2.0491181560485017
 10
24.467184741965237
 20
2.046821683895182
 10
24.572402863146664
 20
1.7493735132446957
 10
24.57318775027477
 20
1.7470548371760046
 10
24.670277378007846
 20
1.4468551179307616
 10
24.670998914744537
 20
1.4445159532822178
 10
24.75988822300348
 20
1.1417867704710505
 10
24.76054587556242
 20
1.1394288477354402
 10
24.841169104843395
 20
0.8343941576613818
 10
24.841762386699195
 20
0.8320192212085545
 10
24.91405989266861
 20
0.5249046857679925
 10
24.91458836491673
 20
0.5225144925543882
 10
24.978506662535565
 20
0.2135473122944453
 10
24.978969934217034
 20
0.21114363056332072
 10
25.034461737308586
 20
-0.09944762339905003
 10
25.034859465699213
 20
-0.10186301542575715
 10
25.08188372193099
 20
-0.4138485704986137
 10
25.08221561279492
 20
-0.41627388593579434
 10
25.12073753404877
 20
-0.7294229380358792
 10
25.121003341856156
 20
-0.7318563826571771
 10
25.150994429964218
 20
-1.0459372669566904
 10
25.151193958072856
 20
-1.0483770405218513
 10
25.172632025900228
 20
-1.3631574028319848
 10
25.172765126701027
 20
-1.365601700418658
 10
25.18563431455962
 20
-1.6808486690831164
 10
25.18570088958582
 20
-1.6832956824221226
 10
25.189991676967214
 20
-1.9987760405934636
 10
25.189765475098874
 20
-2.000000000000001
 10
25.189991676967214
 20
-2.001223959406539
 10
25.18570088958582
 20
-2.3167043175778703
 10
25.18563431455962
 20
-2.3191513309168763
 10
25.172765126701027
 20
-2.634398299581345
 10
25.172632025900228
 20
-2.6368425971680187
 10
25.151193958072856
 20
-2.9516229594781422
 10
25.150994429964218
 20
-2.9540627330433025
 10
25.121003341856156
 20
-3.2681436173428264
 10
25.12073753404877
 20
-3.2705770619641252
 10
25.08221561279492
 20
-3.5837261140642003
 10
25.08188372193099
 20
-3.5861514295013803
 10
25.034859465699213
 20
-3.8981369845742466
 10
25.034461737308586
 20
-3.900552376600954
 10
24.978969934217034
 20
-4.211143630563316
 10
24.978506662535565
 20
-4.213547312294441
 10
24.914588364916728
 20
-4.522514492554394
 10
24.914059892668607
 20
-4.524904685767997
 10
24.841762386699195
 20
-4.832019221208549
 10
24.841169104843395
 20
-4.834394157661376
 10
24.76054587556242
 20
-5.139428847735435
 10
24.75988822300348
 20
-5.141786770471046
 10
24.670998914744537
 20
-5.444515953282214
 10
24.670277378007846
 20
-5.446855117930758
 10
24.57318775027477
 20
-5.747054837176001
 10
24.572402863146664
 20
-5.749373513244692
 10
24.467184741965237
 20
-6.046821683895177
 10
24.466337085098093
 20
-6.049118156048498
 10
24.353068309879806
 20
-6.34359472864608
 10
24.352158510362482
 20
-6.3458672979747615
 10
24.230922876319653
 20
-6.637154421422576
 10
24.22995160721358
 20
-6.6394014067004505
 10
24.10083880336839
 20
-6.927283589427178
 10
24.09980678320964
 20
-6.929503328354919
 10
23.96291232604305
 20
-7.213767597733494
 10
23.961820318310778
 20
-7.2159584481683785
 10
23.817245481100272
 20
-7.49639450807121
 10
23.816094293651883
 20
-7.498554849241969
 10
23.663946031550413
 20
-7.774955235616107
 10
23.662736516023948
 20
-7.777083469321934
 10
23.50312738693551
 20
-8.049243703669092
 10
23.50186043811957
 20
-8.051338255462005
 10
23.334908519429852
 20
-8.319056996109895
 10
23.33358507460169
 20
-8.321116316459474
 10
23.15941387582553
 20
-8.584195507512558
 10
23.158034914057612
 20
-8.586218072952295
 10
22.976773285467758
 20
-8.844463090811724
 10
22.9753398269035
 20
-8.846447405066055
 10
22.787121864208324
 20
-9.099667202410485
 10
22.78563496930736
 20
-9.101611797501727
 10
22.59059991444814
 20
-9.3496190446223
 10
22.589060683201833
 20
-9.351522481956644
 10
22.38735282134274
 20
-9.594133705341944
 10
22.3857623924604
 20
-9.595994576773721
 10
22.17753094524774
 20
-9.833030294841661
 10
22.17589049531422
 20
-9.834847223715068
 10
21.961289510483496
 20
-10.066132079591883
 10
21.959600253088784
 20
-10.06790372175942
 10
21.738788490501705
 20
-10.29326661300696
 10
21.73705167534309
 20
-10.294991657823827
 10
21.510192489538344
 20
-10.51426586301971
 10
21.50840940149593
 20
-10.5159430343134
 10
21.275670620841105
 20
-10.728966336389883
 10
21.273842579027242
 20
-10.73059439340429
 10
21.035396381560787
 20
-10.937209199655111
 10
21.033524738344227
 20
-10.938786937968423
 10
20.789547524399833
 20
-11.138840396634336
 10
20.787633664405245
 20
-11.140366649050064
 10
20.53830592611235
 20
-11.333710762397295
 10
20.536351265196004
 20
-11.33518439980775
 10
20.28185745295349
 20
-11.521676133615268
 10
20.279863437155786
 20
-11.52309606583686
 10
20.020391823177096
 20
-11.702597455211906
 10
20.018359927652845
 20
-11.70396263179166
 10
19.754102466684074
 20
-11.87634088323482
 10
19.75203419461114
 20
-11.877650294227486
 10
19.483186381924494
 20
-12.042777883872203
 10
19.481083263391795
 20
-12.044030560587412
 10
19.207843990160068
 20
-12.201785328540927
 10
19.20570758103562
 20
-12.202980344259807
 10
18.92827898719428
 20
-12.353245584975967
 10
18.92611086797417
 20
-12.354382055636732
 10
18.644698192680046
 20
-12.497046604253693
 10
18.6424999673192
 20
-12.498123689105654
 10
18.357311397116483
 20
-12.633082003684615
 10
18.355084691842084
 20
-12.634098905910175
 10
18.066331206647693
 20
-12.76125114551439
 10
18.064077668756095
 20
-12.762207112818507
 10
17.771972885778787
 20
-12.881459211374649
 10
17.769694182416888
 20
-12.882353536541382
 10
17.47445419812505
 20
-12.993617272428828
 10
17.472152015056917
 20
-12.994449293844534
 10
17.173995245312497
 20
-13.09764235516087
 10
17.17167128567228
 20
-13.098411457303653
 10
16.870818304148568
 20
-13.19345750275831
 10
16.868474287180526
 20
-13.194163116653383
 10
16.565147662183897
 20
-13.280991832044199
 10
16.562785321970516
 20
-13.281633435684803
 10
16.257209451786277
 20
-13.360180585915867
 10
16.254830535965418
 20
-13.360757704649451
 10
15.947231482850128
 20
-13.430965181251603
 10
15.944837751322133
 20
-13.431477388130961
 10
15.635443074264659
 20
-13.49329325224996
 10
15.633036297890392
 20
-13.49374016834909
 10
15.322074884265978
 20
-13.547118689169451
 10
15.31965684355677
 20
-13.547499983863881
 10
15.185970569214208
 20
-13.566721168319399
 10
15.106863683827761
 20
-13.670931648431784
 10
15.105926183479605
 20
-13.67214504893535
 10
14.90583443787324
 20
-13.926612076144377
 10
14.904876400993107
 20
-13.927809328424038
 10
14.815727624963406
 20
-14.037292904837795
 10
14.983606293479358
 20
-14.018769911458449
 10
15.293841830855472
 20
-13.97639550551432
 10
15.602878125375044
 20
-13.92601448131142
 10
15.910508576008928
 20
-13.867660520238095
 10
16.21652752158111
 20
-13.8013726338559
  0
LWPOLYLINE
  5
DF
330
17
100
AcDbEntity
  8
ENGRAVE_LINES
100
AcDbPolyline
 90
368
 70
1
 10
15.758692988517462
 20
-14.609291562050512
 10
16.06626166604755
 20
-14.550307915527453
 10
16.372296529234536
 20
-14.483823146829796
 10
16.676614665841527
 20
-14.409876992860836
 10
16.979034189691568
 20
-14.328513650076935
 10
17.279374349379342
 20
-14.23978174807172
 10
17.577455636302407
 20
-14.143734320511214
 10
17.873099891951377
 20
-14.04042877343623
 10
18.166130414392235
 20
-13.929926850951768
 10
18.456372063878067
 20
-13.812294598323616
 10
18.743651367528113
 20
-13.687602322503821
 10
19.027796623008573
 20
-13.555924550109834
 10
19.308638001157473
 20
-13.417339982880666
 10
19.586007647488557
 20
-13.271931450638217
 10
19.859739782514964
 20
-13.119785861781361
 10
20.1296708008334
 20
-12.960994151341986
 10
20.395639368908487
 20
-12.795651226634527
 10
20.657486521498978
 20
-12.62385591053157
 10
20.915055756669364
 20
-12.445710882398608
 10
21.168193129327836
 20
-12.261322616724684
 10
21.416747343237656
 20
-12.070801319483753
 10
21.66056984144404
 20
-11.874260862266613
 10
21.899514895064403
 20
-11.671818714221615
 10
22.133439690388315
 20
-11.463595871845117
 10
22.362204414235052
 20
-11.249716786663736
 10
22.58567233751764
 20
-11.03030929085172
 10
22.803709896963632
 20
-10.805504520827705
 10
23.016186774943904
 20
-10.575436838876426
 10
23.222975977361504
 20
-10.34024375284244
 10
23.423953909553855
 20
-10.100065833943995
 10
23.61900045016354
 20
-9.855046632755668
 10
23.80799902293255
 20
-9.605332593410871
 10
23.9908366663789
 20
-9.35107296607347
 10
24.16740410131088
 20
-9.092419717734705
 10
24.337595796142477
 20
-8.829527441383561
 10
24.50131002996723
 20
-8.562553263610026
 10
24.658448953355727
 20
-8.29165675069219
 10
24.808918646838322
 20
-8.016999813226574
 10
24.952629177039434
 20
-7.738746609356543
 10
25.089494650429614
 20
-7.45706344665696
 10
25.219433264662165
 20
-7.172118682735932
 10
25.342367357465637
 20
-6.884082624609107
 10
25.458223453061215
 20
-6.593127426909992
 10
25.566932306077756
 20
-6.299426988996684
 10
25.668428942939187
 20
-6.003156851013465
 10
25.762652700697615
 20
-5.704494088974849
 10
25.849547263291132
 20
-5.4036172089285675
 10
25.929060695202722
 20
-5.100706040266154
 10
26.00114547250129
 20
-4.795941628242029
 10
26.065758511246308
 20
-4.489506125764137
 10
26.12286119323799
 20
-4.181582684525739
 10
26.172419389099023
 20
-3.87235534553764
 10
26.214403478673148
 20
-3.562008929129499
 10
26.248788368728572
 20
-3.25072892448656
 10
26.2755535079559
 20
-2.938701378784459
 10
26.29468289925125
 20
-2.6261127859928948
 10
26.306165109277508
 20
-2.3131499754104823
 10
26.309993275297852
 20
-2.0000000000000013
 10
26.306165109277508
 20
-1.6868500245895228
 10
26.29468289925125
 20
-1.3738872140071137
 10
26.2755535079559
 20
-1.0612986212155524
 10
26.248788368728572
 20
-0.7492710755134503
 10
26.214403478673148
 20
-0.43799107087050504
 10
26.17241938909902
 20
-0.1276446544623598
 10
26.122861193237995
 20
0.1815826845257159
 10
26.065758511246305
 20
0.4895061257641429
 10
26.001145472501292
 20
0.7959416282420125
 10
25.929060695202725
 20
1.1007060402661455
 10
25.84954726329113
 20
1.403617208928572
 10
25.762652700697615
 20
1.7044940889748499
 10
25.66842894293919
 20
2.0031568510134563
 10
25.566932306077764
 20
2.2994269889966725
 10
25.458223453061226
 20
2.593127426909971
 10
25.342367357465626
 20
2.884082624609127
 10
25.21943326466217
 20
3.172118682735922
 10
25.089494650429618
 20
3.4570634466569516
 10
24.952629177039494
 20
3.7387466093564226
 10
24.80891864683828
 20
4.016999813226656
 10
24.658448953355713
 20
4.291656750692218
 10
24.501310029967254
 20
4.5625532636099875
 10
24.337595796142484
 20
4.829527441383551
 10
24.16740410131087
 20
5.09241971773472
 10
23.990836666378886
 20
5.351072966073487
 10
23.807999022932588
 20
5.605332593410825
 10
23.619000450163533
 20
5.85504663275568
 10
23.423953909553862
 20
6.100065833943988
 10
23.222975977361486
 20
6.340243752842458
 10
23.016186774943918
 20
6.575436838876409
 10
22.803709896963642
 20
6.805504520827692
 10
22.58567233751766
 20
7.030309290851698
 10
22.36220441423506
 20
7.249716786663728
 10
22.133439690388293
 20
7.463595871845132
 10
21.89951489506438
 20
7.671818714221631
 10
21.660569841444072
 20
7.874260862266586
 10
21.416747343237663
 20
8.070801319483747
 10
21.16819312932791
 20
8.261322616724627
 10
20.915055756669293
 20
8.445710882398656
 10
20.65748652149898
 20
8.62385591053157
 10
20.39563936890849
 20
8.795651226634524
 10
20.129670800833406
 20
8.960994151341984
 10
19.85973978251497
 20
9.119785861781358
 10
19.586007647488557
 20
9.271931450638217
 10
19.308638001157487
 20
9.417339982880659
 10
19.02779662300858
 20
9.555924550109832
 10
18.74365136752812
 20
9.687602322503816
 10
18.456372063878128
 20
9.81229459832359
 10
18.166130414392185
 20
9.929926850951787
 10
17.87309989195139
 20
10.040428773436224
 10
17.577455636302407
 20
10.143734320511212
 10
17.27937434937935
 20
10.239781748071719
 10
16.979034189691568
 20
10.328513650076935
 10
16.676614665841527
 20
10.409876992860836
 10
16.37229652923455
 20
10.483823146829794
 10
16.066261666047556
 20
10.550307915527453
 10
15.758692988517481
 20
10.609291562050508
 10
15.449774325618622
 20
10.660738832798607
 10
15.139690313189659
 20
10.704618978545094
 10
14.828626283581212
 20
10.74090577281511
 10
14.51676815488398
 20
10.769577527560966
 10
14.204302319809926
 20
10.790617106124573
 10
14.169117236819439
 20
10.792123395728181
 10
14.297051460520777
 20
10.649991861281627
 10
14.298073014332395
 20
10.64883720474299
 10
14.511638668056772
 20
10.403238195045283
 10
14.512640293594329
 20
10.402066209467398
 10
14.652618095612038
 20
10.235411313802349
 10
14.688646817668507
 20
10.232376515739247
 10
14.690962927925915
 20
10.23215123288903
 10
15.004503502951762
 20
10.197556545864765
 10
15.006813014582145
 20
10.197271457955193
 10
15.319354377662746
 20
10.15458210422892
 10
15.321655746680861
 20
10.154237401850727
 10
15.632988953532177
 20
10.10348192067358
 10
15.635280641396378
 20
10.10307783427176
 10
15.945197555426942
 20
10.044290157369035
 10
15.947478030067762
 20
10.04382695708877
 10
16.255771461524912
 20
9.977046385975441
 10
16.258039198369293
 20
9.976524381481507
 10
16.5645030428524
 20
9.901795561187855
 10
16.566756525842933
 20
9.901215101457597
 10
16.87118590209104
 20
9.818587990682524
 10
16.873423624699477
 20
9.817949463772553
 10
17.175615011561227
 20
9.72747930148454
 10
17.177835477795664
 20
9.72678313427131
 10
17.477586850289953
 20
9.62853040277932
 10
17.479788575694954
 20
9.627777060673742
 10
17.776899540071344
 20
9.52180744519279
 10
17.77908105272033
 20
9.520997431829084
 10
18.07335298042892
 20
9.407381776567506
 10
18.075512821908212
 20
9.406515633466517
 10
18.36674898238943
 20
9.285329894264233
 10
18.368885708773252
 20
9.284408200471399
 10
18.656891400978775
 20
9.155733394020928
 10
18.65900358379455
 20
9.154756765719165
 10
18.943586266351403
 20
9.018678915403285
 10
18.945672493534754
 20
9.01764800550106
 10
19.226641913465638
 20
8.874258083883293
 10
19.22870079030439
 20
8.87317358157812
 10
19.5058691102181
 20
8.72256744958457
 10
19.50789926028468
 20
8.721430079902273
 10
19.781081183951652
 20
8.56370842273541
 10
19.78308125002331
 20
8.562518946045401
 10
20.05209414625229
 20
8.39778720587265
 10
20.054062791218406
 20
8.396546417379614
 10
20.318726815951496
 20
8.224914722841776
 10
20.32066272370751
 20
8.22362345205404
 10
20.580800940251866
 20
8.045206544640623
 10
20.582702816579136
 20
8.043865654815605
 10
20.83814131389505
 20
7.858782812156335
 10
20.840007887326067
 20
7.857393199723427
 10
21.09057589629225
 20
7.665768155847193
 10
21.092405918960665
 20
7.664330749808473
 10
21.337935926539103
 20
7.466291612423005
 10
21.33972817501397
 20
7.464807373732159
 10
21.58005603623793
 20
7.26048653857979
 10
21.5818093123416
 20
7.258956459499692
 10
21.816774360052023
 20
7.048490521846381
 10
21.818487491661184
 20
7.046915625285724
 10
22.047932643917978
 20
6.830445288602604
 10
22.049604485747228
 20
6.828826627432061
 10
22.273376350843808
 20
6.606496609330486
 10
22.275005785211352
 20
6.604835265678819
 10
22.49295476422205
 20
6.376794201161831
 10
22.494540701796875
 20
6.375091285692465
 10
22.70652108858883
 20
6.141491627787362
 10
22.708062469118993
 20
6.139748278955857
 10
22.913932547761505
 20
5.9007461967942705
 10
22.915428340782906
 20
5.898963580087239
 10
23.115050480289273
 20
5.6547188545009
 10
23.11649968581459
 20
5.652898161656828
 10
23.30974043215298
 20
5.403574078358746
 10
23.311142081340176
 20
5.401716526571285
 10
23.497872246652086
 20
5.147479766993852
 10
23.499225402452115
 20
5.14558659809808
 10
23.67932015141874
 20
4.886607127960975
 10
23.68062390920199
 20
4.884679607603192
 10
23.853962842500785
 20
4.621130563285661
 10
23.85521633066188
 20
4.6191699800772605
 10
24.021683565457508
 20
4.351227552870698
 10
24.02288594599796
 20
4.349235217526684
 10
24.18237019341381
 20
4.077078535844888
 10
24.18352066250229
 20
4.075055780307628
 10
24.335915302020805
 20
3.79886678993352
 10
24.337013090530505
 20
3.796814966482284
 10
24.482216241272514
 20
3.5167783089310998
 10
24.483260615295347
 20
3.514698789278032
 10
24.621175204130846
 20
3.231001678358336
 10
24.62216546546808
 20
3.2288958527314056
 10
24.752699291912826
 20
2.9417279493864448
 10
24.753634778541866
 20
2.9395972256000373
 10
24.876700576396455
 20
2.6491505111130937
 10
24.877580662913406
 20
2.6469963136268486
 10
24.993096158603656
 20
2.353464961275379
 10
24.993920256641445
 20
2.351288730241878
 10
25.10180822422099
 20
2.054868975486224
 10
25.102575782842703
 20
2.052672165788209
 10
25.20276409562111
 20
1.7535621750816748
 10
25.203474601688313
 20
1.751346255359408
 10
25.295896280450172
 20
1.4497459936673998
 10
25.296549258965953
 20
1.44751244533683
 10
25.381142516748707
 20
1.1436235424536412
 10
25.381737531175233
 20
1.1413738587160258
 10
25.458445814575807
 20
0.8353994744686118
 10
25.458982467126173
 20
0.8331351593122681
 10
25.527754494108823
 20
0.5252798477411592
 10
25.528232426012966
 20
0.5230024149359878
 10
25.589022220192998
 20
0.21347198754411378
 10
25.589441111937564
 20
0.21118295962960704
 10
25.642208033318102
 20
-0.09981565220952532
 10
25.642567604860044
 20
-0.10211474494216881
 10
25.687276377001186
 20
-0.41437362832497787
 10
25.687576387954987
 20
-0.41668124885588337
 10
25.724197121557314
 20
-0.7299916483453904
 10
25.72443737135568
 20
-0.7323062539535791
 10
25.7529455842422
 20
-1.0464587111393597
 10
25.75312591227016
 20
-1.048778754434083
 10
25.773502545753512
 20
-1.3635632479621669
 10
25.773622831455793
 20
-1.3658871779174118
 10
25.785854263079568
 20
-1.6810932638965375
 10
25.785914426041177
 20
-1.6834195268879295
 10
25.78999247868699
 20
-1.9988364795782774
 10
25.789776638428293
 20
-2.0000000000000013
 10
25.78999247868699
 20
-2.0011635204217257
 10
25.785914426041177
 20
-2.3165804731120807
 10
25.785854263079568
 20
-2.3189067361034725
 10
25.773622831455793
 20
-2.634112822082595
 10
25.773502545753512
 20
-2.6364367520378402
 10
25.75312591227016
 20
-2.9512212455659204
 10
25.7529455842422
 20
-2.9535412888606434
 10
25.72443737135568
 20
-3.26769374604642
 10
25.724197121557314
 20
-3.270008351654609
 10
25.687576387954987
 20
-3.5833187511441236
 10
25.687276377001186
 20
-3.5856263716750294
 10
25.642567604860044
 20
-3.8978852550578345
 10
25.642208033318102
 20
-3.900184347790478
 10
25.589441111937564
 20
-4.211182959629606
 10
25.589022220192998
 20
-4.213471987544113
 10
25.528232426012966
 20
-4.523002414935984
 10
25.527754494108823
 20
-4.525279847741155
 10
25.45898246712617
 20
-4.833135159312282
 10
25.458445814575803
 20
-4.835399474468626
 10
25.38173753117523
 20
-5.141373858716037
 10
25.381142516748703
 20
-5.143623542453652
 10
25.296549258965953
 20
-5.447512445336836
 10
25.295896280450172
 20
-5.449745993667407
 10
25.203474601688313
 20
-5.751346255359411
 10
25.20276409562111
 20
-5.753562175081677
 10
25.102575782842703
 20
-6.052672165788218
 10
25.10180822422099
 20
-6.054868975486234
 10
24.993920256641445
 20
-6.351288730241884
 10
24.993096158603656
 20
-6.353464961275386
 10
24.877580662913402
 20
-6.646996313626853
 10
24.876700576396452
 20
-6.649150511113097
 10
24.753634778541866
 20
-6.939597225600037
 10
24.752699291912826
 20
-6.941727949386444
 10
24.62216546546808
 20
-7.228895852731412
 10
24.621175204130843
 20
-7.231001678358344
 10
24.483260615295343
 20
-7.514698789278036
 10
24.482216241272514
 20
-7.516778308931104
 10
24.337013090530505
 20
-7.796814966482286
 10
24.335915302020805
 20
-7.798866789933521
 10
24.183520662502286
 20
-8.075055780307634
 10
24.182370193413806
 20
-8.077078535844896
 10
24.022885945997956
 20
-8.349235217526688
 10
24.021683565457504
 20
-8.351227552870702
 10
23.85521633066188
 20
-8.619169980077263
 10
23.853962842500785
 20
-8.621130563285664
 10
23.68062390920199
 20
-8.884679607603191
 10
23.67932015141874
 20
-8.886607127960973
 10
23.499225402452108
 20
-9.145586598098092
 10
23.49787224665208
 20
-9.147479766993865
 10
23.31114208134017
 20
-9.401716526571295
 10
23.309740432152974
 20
-9.403574078358757
 10
23.11649968581458
 20
-9.652898161656834
 10
23.115050480289266
 20
-9.654718854500905
 10
22.915428340782903
 20
-9.898963580087242
 10
22.9139325477615
 20
-9.900746196794275
 10
22.708062469118985
 20
-10.139748278955864
 10
22.706521088588822
 20
-10.141491627787369
 10
22.494540701796872
 20
-10.37509128569247
 10
22.492954764222045
 20
-10.376794201161838
 10
22.275005785211345
 20
-10.604835265678823
 10
22.2733763508438
 20
-10.606496609330488
 10
22.049604485747228
 20
-10.828826627432061
 10
22.047932643917978
 20
-10.830445288602604
 10
21.818487491661177
 20
-11.04691562528573
 10
21.816774360052015
 20
-11.048490521846386
 10
21.581809312341598
 20
-11.258956459499693
 10
21.580056036237927
 20
-11.26048653857979
 10
21.339728175013967
 20
-11.46480737373216
 10
21.3379359265391
 20
-11.466291612423007
 10
21.092405918960665
 20
-11.66433074980847
 10
21.09057589629225
 20
-11.66576815584719
 10
20.84000788732606
 20
-11.85739319972343
 10
20.838141313895044
 20
-11.858782812156338
 10
20.582702816579125
 20
-12.043865654815612
 10
20.58080094025186
 20
-12.04520654464063
 10
20.320662723707507
 20
-12.223623452054046
 10
20.31872681595149
 20
-12.224914722841781
 10
20.054062791218403
 20
-12.39654641737962
 10
20.052094146252287
 20
-12.397787205872655
 10
19.783081250023297
 20
-12.562518946045408
 10
19.781081183951642
 20
-12.563708422735417
 10
19.507899260284677
 20
-12.721430079902278
 10
19.50586911021809
 20
-12.722567449584576
 10
19.228700790304384
 20
-12.873173581578122
 10
19.226641913465635
 20
-12.874258083883294
 10
18.945672493534754
 20
-13.01764800550106
 10
18.943586266351403
 20
-13.018678915403285
 10
18.65900358379454
 20
-13.154756765719172
 10
18.65689140097876
 20
-13.155733394020935
 10
18.36888570877324
 20
-13.284408200471399
 10
18.366748982389424
 20
-13.285329894264233
 10
18.07551282190821
 20
-13.406515633466517
 10
18.073352980428915
 20
-13.407381776567506
 10
17.77908105272033
 20
-13.520997431829084
 10
17.776899540071344
 20
-13.52180744519279
 10
17.47978857569495
 20
-13.627777060673742
 10
17.47758685028995
 20
-13.62853040277932
 10
17.177835477795664
 20
-13.72678313427131
 10
17.175615011561227
 20
-13.72747930148454
 10
16.87342362469948
 20
-13.817949463772553
 10
16.871185902091042
 20
-13.818587990682524
 10
16.56675652584294
 20
-13.901215101457595
 10
16.564503042852408
 20
-13.901795561187853
 10
16.258039198369282
 20
-13.97652438148151
 10
16.255771461524898
 20
-13.977046385975445
 10
15.947478030067753
 20
-14.043826957088772
 10
15.945197555426933
 20
-14.044290157369037
 10
15.635280641396372
 20
-14.103077834271762
 10
15.63298895353217
 20
-14.103481920673582
 10
15.321655746680849
 20
-14.154237401850729
 10
15.319354377662735
 20
-14.154582104228922
 10
15.006813014582137
 20
-14.197271457955193
 10
15.004503502951755
 20
-14.197556545864765
 10
14.69096292792591
 20
-14.23215123288903
 10
14.688646817668502
 20
-14.232376515739247
 10
14.652811423092604
 20
-14.235395029298484
 10
14.490855071501947
 20
-14.427513637121749
 10
14.489856801728058
 20
-14.42867755513578
 10
14.277025410254838
 20
-14.672589369937718
 10
14.27600745579787
 20
-14.67373611158621
 10
14.16909813449612
 20
-14.792124213507437
 10
14.204302319809917
 20
-14.790617106124573
 10
14.516768154883975
 20
-14.769577527560966
 10
14.828626283581201
 20
-14.740905772815111
 10
15.139690313189648
 20
-14.704618978545096
 10
15.449774325618623
 20
-14.660738832798607
  0
LWPOLYLINE
  5
E0
330
17
100
AcDbEntity
  8
ENGRAVE_LINES
100
AcDbPolyline
 90
24
 70
1
 10
9.968233918152043
 20
-2.0000000000000004
 10
9.951070251992922
 20
-1.9893833035743385
 10
9.680062501762087
 20
-1.8329169060260895
 10
9.404431005119665
 20
-1.684747366964881
 10
9.124429692376728
 20
-1.5450111901560726
 10
9.11445139050071
 20
-1.5404042423065865
 10
8.892569990478234
 20
-1.6555795780426468
 10
8.889863150348601
 20
-1.656927424274038
 10
8.604823728266881
 20
-1.7929332418689212
 10
8.602073136936783
 20
-1.7941893948395635
 10
8.31262567303196
 20
-1.9205429472209983
 10
8.309834435502326
 20
-1.9217059889244794
 10
8.112667227139818
 20
-1.9999999999999993
 10
8.309834435502328
 20
-2.0782940110755206
 10
8.31262567303196
 20
-2.0794570527790017
 10
8.602073136936776
 20
-2.2058106051604347
 10
8.604823728266874
 20
-2.207066758131077
 10
8.889863150348603
 20
-2.343072575725962
 10
8.892569990478238
 20
-2.3444204219573535
 10
9.114451390500708
 20
-2.459595757693413
 10
9.12442969237672
 20
-2.4549888098439294
 10
9.40443100511967
 20
-2.3152526330351177
 10
9.68006250176209
 20
-2.16708309397391
 10
9.951070251992936
 20
-2.0106166964256533
  0
LWPOLYLINE
  5
E1
330
17
100
AcDbEntity
  8
ENGRAVE_LINES
100
AcDbPolyline
 90
22
 70
1
 10
10.79485201189493
 20
-1.3367326491064362
 10
10.540562330392044
 20
-1.1771271094656428
 10
10.270915768255605
 20
-1.0181115746785843
 10
10.110211951475767
 20
-0.9292418604554011
 10
9.992623708441023
 20
-1.0119875984279156
 10
9.990121883974863
 20
-1.0136859939329113
 10
9.725877120531777
 20
-1.186659285377718
 10
9.72331965293738
 20
-1.1882726769775729
 10
9.45341324014474
 20
-1.3522714053072382
 10
9.4508030164156
 20
-1.3537979717272453
 10
9.306750540532835
 20
-1.4348292608598323
 10
9.486029987852222
 20
-1.524299643349812
 10
9.488455437068817
 20
-1.5255564098351861
 10
9.766493307799658
 20
-1.675019528707967
 10
9.768879498302978
 20
-1.676349325979322
 10
10.042253255452033
 20
-1.8341817382587104
 10
10.04459798892257
 20
-1.8355833412171767
 10
10.139319473106974
 20
-1.8941739263084387
 10
10.217204585208169
 20
-1.8459975877808072
 10
10.478220320523777
 20
-1.673377426256838
 10
10.73387699265329
 20
-1.4929152411802349
 10
10.762273726874154
 20
-1.4715505325458156
  0
LWPOLYLINE
  5
E2
330
17
100
AcDbEntity
  8
ENGRAVE_LINES
100
AcDbPolyline
 90
22
 70
1
 10
10.217204585208172
 20
-2.154002412219194
 10
10.139319473106974
 20
-2.105826073691561
 10
10.044597988922574
 20
-2.1644166587828213
 10
10.042253255452037
 20
-2.165818261741288
 10
9.768879498302985
 20
-2.3236506740206746
 10
9.766493307799665
 20
-2.3249804712920294
 10
9.488455437068815
 20
-2.4744435901648156
 10
9.48602998785222
 20
-2.47570035665019
 10
9.306750540532835
 20
-2.565170739140168
 10
9.450803016415597
 20
-2.6462020282727527
 10
9.453413240144737
 20
-2.64772859469276
 10
9.723319652937379
 20
-2.811727323022426
 10
9.725877120531775
 20
-2.813340714622281
 10
9.990121883974856
 20
-2.986314006067085
 10
9.992623708441016
 20
-2.9880124015720804
 10
10.110211951475767
 20
-3.0707581395445986
 10
10.27091576825562
 20
-2.981888425321407
 10
10.540562330392019
 20
-2.8228728905343727
 10
10.79485201189493
 20
-2.6632673508935634
 10
10.762273726874154
 20
-2.528449467454186
 10
10.733876992653288
 20
-2.5070847588197647
 10
10.478220320523791
 20
-2.3266225737431734
  0
LWPOLYLINE
  5
E3
330
17
100
AcDbEntity
  8
ENGRAVE_LINES
100
AcDbPolyline
 90
15
 70
1
 10
10.310405028061908
 20
-1.9999999999999991
 10
10.313055782160676
 20
-2.0016396410478268
 10
10.315356898471933
 20
-2.0031117584423
 10
10.578651406387193
 20
-2.177238963569421
 10
10.580906785595738
 20
-2.1787802391861413
 10
10.728781422201275
 20
-2.2831615558048792
 10
10.715373625595115
 20
-2.170594280695953
 10
10.714741924236332
 20
-2.15994969531303
 10
10.714741924236332
 20
-1.8400503046869718
 10
10.715373625595115
 20
-1.829405719304049
 10
10.728781422201275
 20
-1.7168384441951225
 10
10.58090678559574
 20
-1.821219760813859
 10
10.578651406387193
 20
-1.8227610364305795
 10
10.315356898471926
 20
-1.9968882415577023
 10
10.31305578216067
 20
-1.9983603589521746
  0
LWPOLYLINE
  5
E4
330
17
100
AcDbEntity
  8
ENGRAVE_LINES
100
AcDbPolyline
 90
16
 70
1
 10
11.066139873924808
 20
-1.5172359267583528
 10
11.031581849845276
 20
-1.4941882057953708
 10
10.92722132356605
 20
-1.57270541201876
 10
10.894741924236332
 20
-1.845391341490695
 10
10.894741924236332
 20
-2.1546086585093063
 10
10.927221323566052
 20
-2.427294587981242
 10
11.031581849845274
 20
-2.50581179420463
 10
11.066139873924806
 20
-2.4827640732416487
 10
11.321668215156143
 20
-2.301931345000532
 10
11.335319278249635
 20
-2.291692173160871
 10
11.317216579373913
 20
-2.1744918665363393
 10
11.316161817514145
 20
-2.1607534309566407
 10
11.316161817514145
 20
-1.8392465690433595
 10
11.317216579373913
 20
-1.8255081334636607
 10
11.335319278249635
 20
-1.708307826839131
 10
11.321668215156137
 20
-1.6980686549994661
  0
LWPOLYLINE
  5
E5
330
17
100
AcDbEntity
  8
ENGRAVE_LINES
100
AcDbPolyline
 90
7
 70
1
 10
11.49854355015723
 20
-1.8307364873045615
 10
11.496161817514144
 20
-1.8461562762533643
 10
11.496161817514144
 20
-2.153843723746636
 10
11.49854355015723
 20
-2.1692635126954385
 10
11.572094005770646
 20
-2.1140959591684085
 10
11.71574753611878
 20
-2.0
 10
11.572094005770666
 20
-1.8859040408316048
  0
LWPOLYLINE
  5
E6
330
17
100
AcDbEntity
  8
ENGRAVE_LINES
100
AcDbPolyline
 90
24
 70
1
 10
17.09502281447779
 20
-2.246445673346131
 10
17.092657080040922
 20
-2.245079815932175
 10
16.860012783889914
 20
-2.106012865315781
 10
16.65163258017652
 20
-2.2393221296279076
 10
16.393266621723978
 20
-2.4158836366439784
 10
16.234317816363145
 20
-2.5317356819473584
 10
16.21304262003239
 20
-2.650112448369688
 10
16.210537956601993
 20
-2.6604774329659833
 10
16.20921231101178
 20
-2.6648185367332937
 10
16.326290667825493
 20
-2.740581631934875
 10
16.593710763440853
 20
-2.9033136239851793
 10
16.86553214618203
 20
-3.0585822449626847
 10
16.88802997409514
 20
-3.070620097343762
 10
17.140015948888802
 20
-2.8995561986969363
 10
17.142545951943042
 20
-2.897900071438422
 10
17.409659234024407
 20
-2.7293902821202325
 10
17.412243444359657
 20
-2.727820081529842
 10
17.684866811625582
 20
-2.568378699884658
 10
17.687502312059845
 20
-2.5668961984809915
 10
17.691284983073256
 20
-2.5648512808900383
 10
17.655884855224834
 20
-2.5478507287344074
 10
17.65344061240388
 20
-2.546630916071223
 10
17.37316648070856
 20
-2.4014045666501893
 10
17.370760383750312
 20
-2.40011113581379
  0
LWPOLYLINE
  5
E7
330
17
100
AcDbEntity
  8
ENGRAVE_LINES
100
AcDbPolyline
 90
26
 70
1
 10
18.543510632740812
 20
-1.8591751204269709
 10
18.54073932723534
 20
-1.8579653523722552
 10
18.25345534386946
 20
-1.7267671532162805
 10
18.250726243019745
 20
-1.7254649698563294
 10
17.96801182948027
 20
-1.584689919022136
 10
17.96532801402774
 20
-1.5832967903246984
 10
17.886889130722263
 20
-1.5408926130337446
 10
17.735039454907646
 20
-1.6138168788600042
 10
17.457191051788023
 20
-1.7577863170434416
 10
17.183839947856296
 20
-1.9101218290758957
 10
17.033483276330102
 20
-2.0000000000000018
 10
17.183839947856292
 20
-2.0898781709241043
 10
17.457191051788023
 20
-2.2422136829565615
 10
17.73503945490763
 20
-2.386183121139992
 10
17.886889130722263
 20
-2.45910738696626
 10
17.965328014027744
 20
-2.4167032096753047
 10
17.968011829480275
 20
-2.415310080977868
 10
18.250726243019745
 20
-2.2745350301436744
 10
18.25345534386946
 20
-2.2732328467837233
 10
18.540739327235343
 20
-2.142034647627745
 10
18.543510632740816
 20
-2.140824879573029
 10
18.83503988583583
 20
-2.019351634987223
 10
18.837850267612957
 20
-2.018235647882612
 10
18.886121771923555
 20
-2.0000000000000018
 10
18.837850267612957
 20
-1.9817643521173918
 10
18.83503988583583
 20
-1.9806483650127802
  0
LWPOLYLINE
  5
E8
330
17
100
AcDbEntity
  8
ENGRAVE_LINES
100
AcDbPolyline
 90
24
 70
1
 10
17.095022814477797
 20
-1.7535543266538691
 10
17.37076038375032
 20
-1.5998888641862101
 10
17.373166480708566
 20
-1.5985954333498105
 10
17.65344061240388
 20
-1.4533690839287823
 10
17.655884855224834
 20
-1.4521492712655983
 10
17.69128498307326
 20
-1.435148719109966
 10
17.687502312059845
 20
-1.4331038015190116
 10
17.684866811625582
 20
-1.4316213001153455
 10
17.412243444359657
 20
-1.2721799184701614
 10
17.409659234024407
 20
-1.270609717879771
 10
17.14254595194304
 20
-1.1020999285615778
 10
17.1400159488888
 20
-1.1004438013030637
 10
16.88802997409514
 20
-0.9293799026562415
 10
16.86553214618205
 20
-0.9414177550373084
 10
16.593710763440846
 20
-1.096686376014828
 10
16.326290667825507
 20
-1.2594183680651219
 10
16.209212311011783
 20
-1.33518146326671
 10
16.210537956601993
 20
-1.3395225670340167
 10
16.21304262003239
 20
-1.3498875516303122
 10
16.234317816363145
 20
-1.4682643180526491
 10
16.393266621723953
 20
-1.5841163633560107
 10
16.651632580176543
 20
-1.7606778703721073
 10
16.860012783889914
 20
-1.8939871346842232
 10
17.09265708004093
 20
-1.7549201840678248
  0
LWPOLYLINE
  5
E9
330
17
100
AcDbEntity
  8
ENGRAVE_LINES
100
AcDbPolyline
 90
14
 70
1
 10
16.29058002744017
 20
-1.7319586081666325
 10
16.288348298669476
 20
-1.7303832819797458
 10
16.27351643546296
 20
-1.7195728724001698
 10
16.28984193585879
 20
-1.9946683434895658
 10
16.28910649131427
 20
-2.0000000000000004
 10
16.28984193585879
 20
-2.005331656510435
 10
16.27351643546296
 20
-2.2804271275998365
 10
16.28834829866948
 20
-2.2696167180202576
 10
16.290580027440175
 20
-2.2680413918333717
 10
16.551201624872107
 20
-2.0899384316790077
 10
16.553480135036757
 20
-2.088431561634638
 10
16.691710489267603
 20
-2.0000000000000013
 10
16.553480135036757
 20
-1.9115684383653637
 10
16.551201624872107
 20
-1.9100615683209947
  0
LWPOLYLINE
  5
EA
330
17
100
AcDbEntity
  8
ENGRAVE_LINES
100
AcDbPolyline
 90
11
 70
1
 10
15.536254983975404
 20
-2.853548750160954
 10
15.779601016931064
 20
-2.6524841095389244
 10
15.781733059849307
 20
-2.650776286686342
 10
15.81962712268307
 20
-2.621354994561724
 10
15.702507618098396
 20
-2.540880875303915
 10
15.700474234522968
 20
-2.539441886979827
 10
15.62881889466099
 20
-2.48722956703332
 10
15.589765011464356
 20
-2.6541200728511845
 10
15.585607643914544
 20
-2.6672567935155715
 10
15.496452070190836
 20
-2.8884666295216075
 10
15.534175753678328
 20
-2.8553204914718586
  0
LWPOLYLINE
  5
EB
330
17
100
AcDbEntity
  8
ENGRAVE_LINES
100
AcDbPolyline
 90
18
 70
1
 10
15.667777539330395
 20
-1.707099251599895
 10
15.689735922106536
 20
-1.9931105672447158
 10
15.688907118642758
 20
-2.0
 10
15.689735922106536
 20
-2.0068894327552846
 10
15.667777539330393
 20
-2.2929007484001076
 10
15.805470281628695
 20
-2.393231826712467
 10
15.968853519943771
 20
-2.5054942739582957
 10
16.031069088373158
 20
-2.4571895455503077
 10
16.033251979730945
 20
-2.4555472145175568
 10
16.06993160476288
 20
-2.428812760167529
 10
16.09152342975156
 20
-2.3086742484668332
 10
16.109841657767355
 20
-2.0000000000000004
 10
16.09152342975156
 20
-1.6913257515331663
 10
16.06993160476288
 20
-1.5711872398324762
 10
16.033251979730945
 20
-1.5444527854824484
 10
16.031069088373158
 20
-1.5428104544496974
 10
15.96885351994377
 20
-1.4945057260417072
 10
15.805470281628702
 20
-1.6067681732875307
  0
LWPOLYLINE
  5
EC
330
17
100
AcDbEntity
  8
ENGRAVE_LINES
100
AcDbPolyline
 90
11
 70
1
 10
15.585607643914543
 20
-1.332743206484427
 10
15.589765011464355
 20
-1.3458799271488133
 10
15.62881889466099
 20
-1.5127704329666827
 10
15.70047423452297
 20
-1.4605581130201748
 10
15.702507618098398
 20
-1.4591191246960868
 10
15.81962712268307
 20
-1.3786450054382793
 10
15.781733059849298
 20
-1.3492237133136544
 10
15.779601016931053
 20
-1.3475158904610716
 10
15.536254983975406
 20
-1.1464512498390498
 10
15.534175753678332
 20
-1.144679508528146
 10
15.496452070190836
 20
-1.1115333704783956
  0
LWPOLYLINE
  5
ED
330
17
100
AcDbEntity
  8
ENGRAVE_LINES
100
AcDbPolyline
 90
6
 70
1
 10
15.496986563832131
 20
-2.1660522316600206
 10
15.50973514496922
 20
-2.0000000000000004
 10
15.496986563832131
 20
-1.8339477683399819
 10
15.304666664925277
 20
-1.982402968484868
 10
15.283129819003747
 20
-2.0000000000000013
 10
15.304666664925263
 20
-2.017597031515123
  0
LWPOLYLINE
  5
EE
330
17
100
AcDbEntity
  8
ENGRAVE_LINES
100
AcDbPolyline
 90
38
 70
1
 10
25.49561282651122
 20
7.156513591997346
 10
25.602058309202356
 20
6.85452567289734
 10
25.60240715233873
 20
6.853516960263304
 10
25.705263871816165
 20
6.550287939016918
 10
25.705600728087965
 20
6.54927516038167
 10
25.804854218472038
 20
6.244847683444583
 10
25.80517904050343
 20
6.243830981246403
 10
25.900815342676502
 20
5.938247863626401
 10
25.901128084784173
 20
5.937227380855377
 10
25.993133748353845
 20
5.630531600090778
 10
25.993434366553398
 20
5.6295074802687095
 10
26.0817964517442
 20
5.321742170383994
 10
26.08208490375638
 20
5.3207145575441865
 10
26.1667909832296
 20
5.011923002983545
 10
26.16929543588015
 20
4.976896166268844
 10
26.15820505832526
 20
4.943577176203009
 10
26.135208260013147
 20
4.9170385469861655
 10
26.10380609502033
 20
4.901320544343306
 10
26.06877925830563
 20
4.898816091692756
 10
26.035460268239795
 20
4.909906469247642
 10
26.00892163902295
 20
4.932903267559756
 10
25.99320363638009
 20
4.964305432552575
 10
25.908638736187935
 20
5.272582325474482
 10
25.82057119645937
 20
5.579321732957011
 10
25.72887222382655
 20
5.884995176479721
 10
25.633554714931968
 20
6.189559665799545
 10
25.534632075332226
 20
6.492972366640336
 10
25.432118217614047
 20
6.795190606712577
 10
25.326027559436405
 20
7.096171881718662
 10
25.216375021503723
 20
7.395873861327906
 10
25.107769119800594
 20
7.682147486173963
 10
25.15338022123406
 20
7.642793795803679
 10
25.178147006242682
 20
7.622467724916937
 10
25.371647006242682
 20
7.471487724916936
 10
25.383558357414458
 20
7.462653858659588
 10
25.3848601022727
 20
7.459222597435755
 10
25.385232770274268
 20
7.458222441811627
 10
25.495252045571938
 20
7.157518096763742
  0
LWPOLYLINE
  5
EF
330
17
100
AcDbEntity
  8
ENGRAVE_LINES
100
AcDbPolyline
 90
22
 70
1
 10
32.93076203916696
 20
6.788517171409944
 10
32.91962976165945
 20
6.755212157210681
 10
32.89659960117129
 20
6.728702474428598
 10
32.86517769086787
 20
6.713023981956393
 10
32.83014773175256
 20
6.710563588147071
 10
32.7968427175533
 20
6.721695865654577
 10
32.77033303477121
 20
6.744726026142739
 10
32.75465454229901
 20
6.776147936446158
 10
32.67110989234806
 20
7.082214035709797
 10
32.58482365336247
 20
7.3870815948087545
 10
32.49569263690253
 20
7.6911296264308735
 10
32.47639148306679
 20
7.754762051543556
 10
32.53241977876594
 20
7.803103795803682
 10
32.55605072658507
 20
7.824526407551307
 10
32.623768492411784
 20
7.889012622144419
 10
32.66806509551866
 20
7.742974706280314
 10
32.66830542419674
 20
7.742168851116278
 10
32.75767300448039
 20
7.437313841544058
 10
32.757905793122966
 20
7.43650577603508
 10
32.84442104556997
 20
7.130829063868349
 10
32.84464627385371
 20
7.130018858561581
 10
32.928301645357635
 20
6.823547130525252
  0
LWPOLYLINE
  5
F0
330
17
100
AcDbEntity
  8
ENGRAVE_LINES
100
AcDbPolyline
 90
18
 70
1
 10
2.121320343559642
 20
17.968679656440358
 10
2.1557618524725
 20
17.961828814366374
 10
2.1849599538664313
 20
17.94231926674715
 10
3.5107851685912075
 20
16.61649405202237
 10
3.530294716210434
 20
16.58729595062844
 10
3.537145558284418
 20
16.55285444171558
 10
3.530294716210434
 20
16.518412932802722
 10
3.5107851685912075
 20
16.48921483140879
 10
3.4815870671972764
 20
16.469705283789565
 10
3.447145558284418
 20
16.46285444171558
 10
3.41270404937156
 20
16.469705283789565
 10
3.383505947977629
 20
16.48921483140879
 10
2.0576807332528526
 20
17.815040046133568
 10
2.038171185633626
 20
17.8442381475275
 10
2.031320343559642
 20
17.878679656440358
 10
2.038171185633626
 20
17.913121165353218
 10
2.0576807332528526
 20
17.94231926674715
 10
2.0868788346467837
 20
17.961828814366374
  0
LWPOLYLINE
  5
F1
330
17
100
AcDbEntity
  8
ENGRAVE_LINES
100
AcDbPolyline
 90
298
 70
1
 10
21.752936008759864
 20
13.841647320966976
 10
21.56354006833659
 20
14.098501624820367
 10
21.37111140844576
 20
14.353091818090588
 10
21.175677092461033
 20
14.605382094939056
 10
20.977264606474773
 20
14.855336972989969
 10
20.775901855432345
 20
15.10292129832049
 10
20.57161715920755
 20
15.348100250404919
 10
20.364439248620194
 20
15.590839347011249
 10
20.15439726139401
 20
15.831104449052376
 10
19.941520738060223
 20
16.06886176538566
 10
19.725839617801856
 20
16.304077857566615
 10
19.507384234243652
 20
16.536719644551024
 10
19.2861853111861
 20
16.766754407347356
 10
19.062273958283267
 20
16.99414979361954
 10
18.835681666668442
 20
17.218873822236098
 10
18.606440304525776
 20
17.440894887767396
 10
18.37458211260657
 20
17.660181764932396
 10
18.1401396996967
 20
17.876703612988482
 10
17.90314603802885
 20
18.090429980070446
 10
17.663634458646655
 20
18.30133080747201
 10
17.42163864671652
 20
18.509376433873726
 10
17.177192636789268
 20
18.71453759951533
 10
16.930330808014894
 20
18.9167854503096
 10
16.681087879306485
 20
19.11609154190131
 10
16.429498904457486
 20
19.312427843667457
 10
16.175599267211954
 20
19.50576674265937
 10
15.919424676288346
 20
19.69608104748605
 10
15.66101116035589
 20
19.883343992139544
 10
15.400395062970054
 20
20.067529239757434
 10
15.137613037458713
 20
20.248610886328645
 10
14.872702041768799
 20
20.426563464335498
 10
14.605699333267541
 20
20.6013619463361
 10
14.336642463502908
 20
20.772981748484035
 10
14.22349373649914
 20
20.8432807237332
 10
14.170635301563449
 20
20.781708016988407
 10
14.157436608950388
 20
20.769161724109015
 10
13.901431954952429
 20
20.570999371684007
 10
13.885977890163327
 20
20.56136677944703
 10
13.5953238781919
 20
20.418794180003303
 10
13.578247132454997
 20
20.41246964786671
 10
13.26484317191061
 20
20.331323740377062
 10
13.24684286920281
 20
20.328566195429627
 10
12.923519755053546
 20
20.31216910288092
 10
12.905332829882648
 20
20.313091439336784
 10
12.585327448410634
 20
20.362114460624543
 10
12.567698475630014
 20
20.366678917920837
 10
12.26411188475175
 20
20.479115044793577
 10
12.247762596578358
 20
20.487134753512287
 10
11.973023666994314
 20
20.658380837725154
 10
11.958623405206929
 20
20.66952747004906
 10
11.723979980974724
 20
20.892572676793822
 10
11.71211829398288
 20
20.90638988828591
 10
11.527176704460013
 20
21.172102720591738
 10
11.518339211122848
 20
21.18802483299007
 10
11.390670986714102
 20
21.48552697628243
 10
11.385219495047199
 20
21.50290213643465
 10
11.320051387860245
 20
21.82001381801213
 10
11.318209082572968
 20
21.838130684820108
 10
11.318209082572968
 20
22.161869315179892
 10
11.320051387860245
 20
22.17998618198787
 10
11.363707262825447
 20
22.39241812943167
 10
11.252460412175157
 20
22.444429825944656
 10
10.96178238259789
 20
22.576153926920057
 10
10.669562676156508
 20
22.70442161117458
 10
10.604378862765314
 20
22.73211632238392
 10
10.566511333844439
 20
22.614261124447538
 10
10.508228936623574
 20
22.300434327324677
 10
10.490248878663754
 20
21.98174825305411
 10
10.512861972554667
 20
21.663357385718243
 10
10.576831459442047
 20
21.3447890632252
 10
10.576895302565465
 20
21.309672863297347
 10
10.563515898000471
 20
21.27720529321883
 10
10.538730138807486
 20
21.252329246214845
 10
10.506311432140173
 20
21.23883187493982
 10
10.471195232212322
 20
21.238768031816406
 10
10.438727662133806
 20
21.252147436381396
 10
10.41385161512982
 20
21.276933195574383
 10
10.400354243854796
 20
21.309351902241694
 10
10.335255767701742
 20
21.633542596180536
 10
10.333720512712011
 20
21.644885162168304
 10
10.310294887372981
 20
21.974716418588116
 10
10.310211650479072
 20
21.986162111345212
 10
10.328837766099191
 20
22.316299182046013
 10
10.33020789358913
 20
22.327662876943872
 10
10.390584488129571
 20
22.652766067432214
 10
10.393385819322646
 20
22.663863966089934
 10
10.438025186866492
 20
22.802795173051653
 10
10.37584239094455
 20
22.829214839003264
 10
10.080169216096744
 20
22.950718907780193
 10
10.05091666074164
 20
22.970146712044023
 10
10.03132552239441
 20
22.99929013105376
 10
10.024378374274303
 20
23.033712343450905
 10
10.031132856706554
 20
23.06817287943614
 10
10.050560660970389
 20
23.09742543479124
 10
10.07970407998012
 20
23.11701657313847
 10
10.11412629237727
 20
23.12396372125858
 10
10.148586828362502
 20
23.117209238826327
 10
10.444753623213186
 20
22.995502321621196
 10
10.445738422925388
 20
22.995090785184516
 10
10.493315873970985
 20
22.974876506543335
 10
10.494536351225335
 20
22.978675000727858
 10
10.498723576902822
 20
22.989327603799225
 10
10.639012019843715
 20
23.288754674070464
 10
10.644517415088066
 20
23.298789684497653
 10
10.821674719351915
 20
23.577989804805586
 10
10.828409238941372
 20
23.587244914581788
 10
11.039570031427115
 20
23.841702253542156
 10
11.047424750068647
 20
23.85002776890955
 10
11.289173679333096
 20
24.075626689193957
 10
11.29802155343905
 20
24.082887951816637
 10
11.566448530186115
 20
24.275979577187673
 10
11.576146452699348
 20
24.28205914213902
 10
11.866909892245475
 20
24.439520375010172
 10
11.87730100727782
 20
24.444319910347566
 10
12.185698051098996
 20
24.56360394530765
 10
12.196614290945723
 20
24.567045822510437
 10
12.517656871530498
 20
24.64622333879799
 10
12.52892167502665
 20
24.648251888344696
 10
12.857417193749038
 20
24.686042255018066
 10
12.868848362000467
 20
24.68662466679493
 10
13.199483675114688
 20
24.68241665588023
 10
13.210896318414717
 20
24.68154350985772
 10
13.53832367276774
 20
24.63540518245654
 10
13.549533201035482
 20
24.63309060105053
 10
13.868456729558119
 20
24.54576820650784
 10
13.879281837930598
 20
24.542049626161205
 10
14.184543215914067
 20
24.41495553209845
 10
14.194808817202668
 20
24.409893097777513
 10
14.481470693941032
 20
24.245082946212637
 10
14.491010750522182
 20
24.238758538612018
 10
14.754436606882795
 20
24.038897997647386
 10
14.763096816219413
 20
24.031413908837365
 10
14.99902595651108
 20
23.799735557679487
 10
15.006666246868694
 20
23.791212836616253
 10
15.211282712076015
 20
23.531463881276565
 10
15.217779508067393
 20
23.522040375935305
 10
15.387773795836644
 20
23.23842204126735
 10
15.39302201715164
 20
23.228250169065088
 10
15.525644610258382
 20
22.925349747421865
 10
15.533182817227265
 20
22.891052123466096
 10
15.52702207990029
 20
22.85648050376286
 10
15.508100314688264
 20
22.826898104019463
 10
15.47929818881849
 20
22.806808576431717
 10
15.44500056486272
 20
22.799270369462832
 10
15.410428945159484
 20
22.805431106789808
 10
15.380846545416087
 20
22.824352872001835
 10
15.360757017828341
 20
22.85315499787161
 10
15.230434470634364
 20
23.150802280811575
 10
15.06633653366958
 20
23.424583148481517
 10
14.868817309640546
 20
23.675322560136703
 10
14.641071508885814
 20
23.898965012852624
 10
14.386782731661507
 20
24.09189327463917
 10
14.110063888949151
 20
24.250986890180886
 10
13.815390679516875
 20
24.37367265162493
 10
13.507529199187992
 20
24.457966218093063
 10
13.191458853176695
 20
24.502504210756772
 10
12.872291818320809
 20
24.506566264363922
 10
12.555190357842935
 20
24.470086678551834
 10
12.245283326005945
 20
24.393655480496403
 10
11.94758321313045
 20
24.27850888170977
 10
11.666905072703335
 20
24.126509283339956
 10
11.40778864186371
 20
23.94011515337026
 10
11.174424914903735
 20
23.72234126292988
 10
10.970588357396588
 20
23.476709924860277
 10
10.79957585733305
 20
23.20719402321397
 10
10.664153400680554
 20
22.91815275513549
 10
10.65966954986981
 20
22.9041976558756
 10
10.740441067556047
 20
22.869880181338853
 10
10.741420917601667
 20
22.869456995091486
 10
11.034617964715405
 20
22.74076031435929
 10
11.035592727287282
 20
22.740325537818606
 10
11.327242941336047
 20
22.60816088023947
 10
11.328212479342527
 20
22.60771457455291
 10
11.413560345288946
 20
22.567811536618017
 10
11.518339211122848
 20
22.81197516700993
 10
11.527176704460015
 20
22.827897279408262
 10
11.71211829398288
 20
23.093610111714085
 10
11.723979980974722
 20
23.107427323206174
 10
11.958623405206927
 20
23.33047252995094
 10
11.973023666994314
 20
23.341619162274846
 10
12.247762596578358
 20
23.512865246487713
 10
12.26411188475175
 20
23.520884955206423
 10
12.567698475630014
 20
23.633321082079163
 10
12.585327448410634
 20
23.637885539375457
 10
12.905332829882648
 20
23.686908560663216
 10
12.923519755053546
 20
23.68783089711908
 10
13.246842869202808
 20
23.671433804570373
 10
13.264843171910607
 20
23.668676259622938
 10
13.578247132454997
 20
23.58753035213329
 10
13.5953238781919
 20
23.581205819996697
 10
13.885977890163327
 20
23.43863322055297
 10
13.901431954952429
 20
23.429000628315993
 10
14.157436608950388
 20
23.230838275890985
 10
14.170635301563449
 20
23.218291983011593
 10
14.381509736973992
 20
22.97265266759667
 10
14.391912701384655
 20
22.95770632077947
 10
14.549023694045383
 20
22.67464654480911
 10
14.556205031668375
 20
22.657912049248914
 10
14.653120439079997
 20
22.349020313209458
 10
14.656786145109262
 20
22.331182781120724
 10
14.68953823910527
 20
22.00910514897887
 10
14.68953823910527
 20
21.99089485102113
 10
14.656786145109262
 20
21.668817218879276
 10
14.653120439079997
 20
21.650979686790542
 10
14.556205031668375
 20
21.34208795075109
 10
14.549023694045383
 20
21.325353455190896
 10
14.391912701384657
 20
21.04229367922054
 10
14.381509736973994
 20
21.027347332403334
 10
14.342135039431275
 20
20.981481299708413
 10
14.43208812143074
 20
20.92559371128812
 10
14.432991364888789
 20
20.92502507786723
 10
14.702948106277919
 20
20.75283128632334
 10
14.70384454278968
 20
20.752251981315382
 10
14.971740252689846
 20
20.576868878694896
 10
14.972629756179526
 20
20.576278983573953
 10
15.238426757449949
 20
20.39773123594506
 10
15.239309202816818
 20
20.397130833674616
 10
15.50297011348137
 20
20.215443552184574
 10
15.503845376617365
 20
20.21483272720585
 10
15.765333115121983
 20
20.03003146454934
 10
15.766201072929153
 20
20.029410302769417
 10
16.02547886335706
 20
19.84152104959478
 10
16.026339393764886
 20
19.840889638374517
 10
16.283370771008773
 20
19.6499388196284
 10
16.284223752991334
 20
19.649297247770157
 10
16.538972567881853
 20
19.455311718981086
 10
16.539817881474846
 20
19.454660076716213
 10
16.792248305864685
 20
19.257667120217594
 10
16.793085832182292
 20
19.257005499193763
 10
17.043162363985065
 20
19.05703282028687
 10
17.04399198523669
 20
19.056361313555172
 10
17.291679453419995
 20
18.853437036612654
 10
17.29250105292681
 20
18.85275573861452
 10
17.537764622458724
 20
18.646908403124925
 10
17.538578084670092
 20
18.646217409678833
 10
17.78138326141841
 20
18.43747596623283
 10
17.78218847192813
 20
18.43677537452085
 10
18.022501107511644
 20
18.225169180739552
 10
18.023297953074042
 20
18.22445908929365
 10
18.261084249665217
 20
18.01001790569975
 10
18.26187261821108
 20
18.00929841438795
 10
18.497099133289414
 20
17.792052400220133
 10
18.49787891394174
 20
17.791323610232467
 10
18.730512564997163
 20
17.571303319203835
 10
18.731283648086762
 20
17.57056533303811
 10
18.96129171727238
 20
17.347801709039025
 10
18.962053994353298
 20
17.347054630486415
 10
19.189404133086878
 20
17.121579003232547
 10
19.19015749695164
 20
17.120822937362977
 10
19.41481773046515
 20
16.892667017989062
 10
19.415562075159862
 20
16.89190207113645
 10
19.637500806996417
 20
16.66109794773637
 10
19.638236027835635
 20
16.66032422748367
 10
19.8574220442933
 20
16.42690436059758
 10
19.858148037874777
 20
16.42612197576163
 10
20.074550512396453
 20
16.19011919381066
 10
20.075267176615668
 20
16.18932825442691
 10
20.288855674124584
 20
15.950775749096147
 10
20.28956290818911
 20
15.949976366403167
 10
20.500307389369258
 20
15.708907687973525
 10
20.50100509381294
 20
15.708099974397353
 10
20.708875919333813
 20
15.464549027027054
 10
20.709563996030745
 20
15.463733096165399
 10
20.91453193071588
 20
15.217734133121628
 10
20.915210282894215
 20
15.216910099727878
 10
21.11724649983282
 20
14.96849771856938
 10
21.117915032088376
 20
14.96766569853648
 10
21.316991116689607
 20
14.716874836247706
 10
21.31764973499929
 20
14.716034946591854
 10
21.5137376889885
 20
14.46290087466943
 10
21.514386300723526
 20
14.4620532335136
 10
21.707458546079952
 20
14.206611553005644
 10
21.708097060018865
 20
14.205756279563008
 10
21.898126442854274
 20
13.948042916062212
 10
21.898754769195786
 20
13.947180130619344
 10
22.08571456357339
 20
13.687231329210322
 10
22.08633261394901
 20
13.686361153110296
 10
22.270196525642245
 20
13.42421347327207
 10
22.270804213128706
 20
13.423336028897388
 10
22.451546383319275
 20
13.159026339361601
 10
22.452143622450755
 20
13.158141750116982
 10
22.629738631365445
 20
12.891707223682646
 10
22.63032533814559
 20
12.890815613977676
 10
22.804748208631345
 20
12.622293722283144
 10
22.805324300545077
 20
12.621395217514769
 10
22.976550501581794
 20
12.350823725767698
 10
22.977115897606932
 20
12.349918452302594
 10
23.10335471829387
 20
12.145100327249502
 10
23.10019435510174
 20
12.015894145411291
 10
23.10019435510174
 20
11.984105854588709
 10
23.104827727284032
 20
11.794678155202558
 10
22.991608624754715
 20
11.983345368301759
 10
22.824163202616703
 20
12.255019780534132
 10
22.653507765617668
 20
12.524689351452635
 10
22.479666314921616
 20
12.792316154439105
 10
22.302663299777446
 20
13.057862550171652
 10
22.122523614079398
 20
13.321291191919862
 10
21.939272592866647
 20
13.582565030796188
  0
LWPOLYLINE
  5
F2
330
17
100
AcDbEntity
  8
ENGRAVE_LINES
100
AcDbPolyline
 90
35
 70
1
 10
11.65636038969321
 20
21.66363961030679
 10
11.685558491087141
 20
21.683149157926017
 10
11.719999999999999
 20
21.69
 10
12.763651381487332
 20
21.69
 10
12.681302472527268
 20
21.734628340114693
 10
12.398941509296629
 20
21.883347007740408
 10
12.114836745597067
 20
22.028706695755243
 10
11.829028138227256
 20
22.17068696061677
 10
11.541555883617622
 20
22.30926783406759
 10
11.531360621629316
 20
22.31403446673455
 10
11.498209082572968
 20
22.152717209707564
 10
11.498209082572968
 20
21.847282790292436
 10
11.55969257918537
 20
21.54810063138626
 10
11.68014243083486
 20
21.26741928572704
 10
11.854627406442656
 20
21.01672988058473
 10
12.076004070606244
 20
20.80629566966063
 10
12.33520923668413
 20
20.64473185427492
 10
12.621631014721764
 20
20.538652876012442
 10
12.923543263473162
 20
20.492401620707007
 10
13.22858566000125
 20
20.50787162018512
 10
13.524269732751215
 20
20.584429530850493
 10
13.79849014104327
 20
20.718941062845317
 10
14.040020269142394
 20
20.905899298245277
 10
14.068781984038797
 20
20.939402685906074
 10
14.065569272922863
 20
20.94139873398547
 10
13.792517885551918
 20
21.106589216494765
 10
13.517526703631514
 20
21.268529963444415
 10
13.240634402216534
 20
21.427198199314013
 10
13.092080200832413
 20
21.51
 10
11.719999999999999
 20
21.51
 10
11.685558491087141
 20
21.516850842073985
 10
11.65636038969321
 20
21.53636038969321
 10
11.636850842073983
 20
21.565558491087142
 10
11.629999999999999
 20
21.6
 10
11.636850842073983
 20
21.63444150891286
  0
LWPOLYLINE
  5
F3
330
17
100
AcDbEntity
  8
ENGRAVE_LINES
100
AcDbPolyline
 90
48
 70
1
 10
13.04904914388829
 20
21.74005751888954
 10
13.138857030676968
 20
21.69
 10
14.280000000000001
 20
21.69
 10
14.314441508912859
 20
21.683149157926017
 10
14.34363961030679
 20
21.66363961030679
 10
14.363149157926017
 20
21.63444150891286
 10
14.370000000000001
 20
21.6
 10
14.363149157926017
 20
21.565558491087142
 10
14.34363961030679
 20
21.53636038969321
 10
14.314441508912859
 20
21.516850842073985
 10
14.280000000000001
 20
21.51
 10
13.458173220386632
 20
21.51
 10
13.60748349860298
 20
21.42444038595251
 10
13.608406396961218
 20
21.42390424107263
 10
13.884317298054393
 20
21.2614218767199
 10
13.885233773366153
 20
21.260874824880677
 10
14.159198392187886
 20
21.09513185609599
 10
14.160108315559091
 20
21.094573974235377
 10
14.187423286970931
 20
21.077603261881286
 10
14.238971845225645
 20
21.13765014492646
 10
14.387199768392342
 20
21.404705695996157
 10
14.47863557005201
 20
21.696132665815888
 10
14.509535857741442
 20
22.0
 10
14.47863557005201
 20
22.303867334184112
 10
14.387199768392344
 20
22.59529430400384
 10
14.238971845225638
 20
22.86234985507355
 10
14.040020269142394
 20
23.094100701754723
 10
13.79849014104327
 20
23.281058937154683
 10
13.524269732751215
 20
23.415570469149507
 10
13.228585660001249
 20
23.49212837981488
 10
12.923543263473162
 20
23.507598379292993
 10
12.621631014721764
 20
23.461347123987558
 10
12.33520923668413
 20
23.35526814572508
 10
12.076004070606249
 20
23.193704330339372
 10
11.854627406442653
 20
22.98327011941526
 10
11.680142430834861
 20
22.732580714272963
 10
11.57670244434636
 20
22.49153704169915
 10
11.618274842326537
 20
22.472100527906424
 10
11.61923901941075
 20
22.4716427558429
 10
11.907672736647287
 20
22.332598393034445
 10
11.90863141720633
 20
22.332129218975513
 10
12.195395923067204
 20
22.189674095353816
 10
12.196348972271215
 20
22.189193585284617
 10
12.481403935887876
 20
22.043347735891484
 10
12.482351219698986
 20
22.042855957391478
 10
12.76565655063477
 20
21.893639894144034
 10
12.766597935825969
 20
21.89313691637747
 10
13.048113789714433
 20
21.740571625183325
  0
LWPOLYLINE
  5
F4
330
17
100
AcDbEntity
  8
ENGRAVE_LINES
100
AcDbPolyline
 90
18
 70
1
 10
2.7716385975338595
 20
18.94194970290473
 10
2.806080106446718
 20
18.935098860830745
 10
4.538354229905379
 20
18.2175674251462
 10
4.567552331299311
 20
18.198057877526974
 10
4.587061878918537
 20
18.168859776133043
 10
4.593912720992521
 20
18.134418267220184
 10
4.587061878918537
 20
18.099976758307324
 10
4.567552331299311
 20
18.070778656913394
 10
4.538354229905379
 20
18.051269109294168
 10
4.503912720992521
 20
18.044418267220184
 10
4.469471212079664
 20
18.051269109294168
 10
2.7371970886210013
 20
18.768800544978713
 10
2.70799898722707
 20
18.78831009259794
 10
2.6884894396078436
 20
18.81750819399187
 10
2.6816385975338597
 20
18.85194970290473
 10
2.6884894396078436
 20
18.88639121181759
 10
2.70799898722707
 20
18.91558931321152
 10
2.7371970886210018
 20
18.935098860830745
  0
LWPOLYLINE
  5
F5
330
17
100
AcDbEntity
  8
ENGRAVE_LINES
100
AcDbPolyline
 90
18
 70
1
 10
2.9655584910871418
 20
20.083149157926016
 10
3.0
 20
20.09
 10
6.75
 20
20.09
 10
6.784441508912858
 20
20.083149157926016
 10
6.813639610306789
 20
20.06363961030679
 10
6.833149157926016
 20
20.03444150891286
 10
6.84
 20
20.0
 10
6.833149157926016
 20
19.96555849108714
 10
6.813639610306789
 20
19.93636038969321
 10
6.784441508912858
 20
19.916850842073984
 10
6.75
 20
19.91
 10
3.0
 20
19.91
 10
2.9655584910871418
 20
19.916850842073984
 10
2.9363603896932107
 20
19.93636038969321
 10
2.916850842073984
 20
19.96555849108714
 10
2.91
 20
20.0
 10
2.916850842073984
 20
20.03444150891286
 10
2.9363603896932107
 20
20.06363961030679
  0
LWPOLYLINE
  5
F6
330
17
100
AcDbEntity
  8
ENGRAVE_LINES
100
AcDbPolyline
 90
18
 70
1
 10
2.68163859753386
 20
21.14805029709527
 10
2.688489439607844
 20
21.18249180600813
 10
2.7079989872270707
 20
21.21168990740206
 10
2.737197088621002
 20
21.231199455021287
 10
4.469471212079665
 20
21.94873089070583
 10
4.503912720992523
 20
21.955581732779812
 10
4.538354229905381
 20
21.94873089070583
 10
4.5675523312993125
 20
21.929221343086603
 10
4.587061878918539
 20
21.900023241692672
 10
4.593912720992523
 20
21.865581732779813
 10
4.587061878918539
 20
21.831140223866953
 10
4.5675523312993125
 20
21.801942122473022
 10
4.538354229905381
 20
21.782432574853797
 10
2.806080106446718
 20
21.064901139169255
 10
2.77163859753386
 20
21.05805029709527
 10
2.7371970886210018
 20
21.064901139169255
 10
2.7079989872270707
 20
21.08441068678848
 10
2.688489439607844
 20
21.11360878818241
  0
LWPOLYLINE
  5
F7
330
17
100
AcDbEntity
  8
ENGRAVE_LINES
100
AcDbPolyline
 90
18
 70
1
 10
2.031320343559643
 20
22.121320343559642
 10
2.038171185633627
 20
22.1557618524725
 10
2.0576807332528535
 20
22.184959953866432
 10
3.38350594797763
 20
23.51078516859121
 10
3.4127040493715612
 20
23.530294716210435
 10
3.4471455582844195
 20
23.53714555828442
 10
3.4815870671972777
 20
23.530294716210435
 10
3.510785168591209
 20
23.51078516859121
 10
3.5302947162104354
 20
23.481587067197278
 10
3.5371455582844193
 20
23.44714555828442
 10
3.5302947162104354
 20
23.41270404937156
 10
3.510785168591209
 20
23.38350594797763
 10
2.184959953866432
 20
22.05768073325285
 10
2.155761852472501
 20
22.038171185633626
 10
2.121320343559643
 20
22.031320343559642
 10
2.0868788346467846
 20
22.038171185633626
 10
2.0576807332528535
 20
22.05768073325285
 10
2.038171185633627
 20
22.086878834646782
  0
LWPOLYLINE
  5
F8
330
17
100
AcDbEntity
  8
ENGRAVE_LINES
100
AcDbPolyline
 90
206
 70
1
 10
26.31912584181556
 20
19.382040321517593
 10
26.11819288743063
 20
19.627020915588343
 10
25.914979716722183
 20
19.870113389514135
 10
25.70950407096266
 20
20.111296520409706
 10
25.501783888947866
 20
20.350549252081635
 10
25.291837305429596
 20
20.587850696868163
 10
25.07968264953291
 20
20.823180137462124
 10
24.865338443156336
 20
21.05651702871922
 10
24.648823399353603
 20
21.287840999453042
 10
24.430156420701646
 20
21.517131854211684
 10
24.20935659764846
 20
21.744369575042896
 10
23.98644320684797
 20
21.96953432324009
 10
23.761435709476377
 20
22.192606441075103
 10
23.534353749533278
 20
22.413566453514257
 10
23.30521715212623
 20
22.63239506991899
 10
23.074045921740915
 20
22.84907318572907
 10
22.8408602404942
 20
23.06358188413099
 10
22.605680466370828
 20
23.27590243771067
 10
22.368527131449305
 20
23.486016310085496
 10
22.12942094010595
 20
23.693905157525748
 10
21.888382767208956
 20
23.899550830554528
 10
21.645433656296767
 20
24.102935375531676
 10
21.400594817738035
 20
24.304041036223538
 10
21.153887626884092
 20
24.502850255349667
 10
20.905333622198146
 20
24.699345676119467
 10
20.654954503378935
 20
24.893510143744233
 10
20.40277212946315
 20
25.085326706937273
 10
20.148808516919807
 20
25.274778619391714
 10
19.89308583772548
 20
25.461849341244548
 10
19.635626417430625
 20
25.646522540519058
 10
19.376452733209565
 20
25.828782094551375
 10
19.115587411897927
 20
26.0086120913982
 10
18.853053228018503
 20
26.185996831225054
 10
18.58887310179071
 20
26.360920827678523
 10
18.32307009713248
 20
26.53336880923627
 10
18.055667419643804
 20
26.703325720542228
 10
17.786688414582493
 20
26.870776723719864
 10
17.516156564826435
 20
27.03570719966737
 10
17.244095488821387
 20
27.19810274933523
 10
16.9705289385217
 20
27.357949194981675
 10
16.695480797313596
 20
27.515232581412278
 10
16.418975077934245
 20
27.669939177195864
 10
16.14103592036958
 20
27.82205547586663
 10
15.861687589752973
 20
27.971568197099803
 10
15.580954474242441
 20
28.11846428787351
 10
15.557657776354128
 20
28.13037855574055
 10
15.063639610306788
 20
27.63636038969321
 10
15.034441508912858
 20
27.616850842073983
 10
15.0
 20
27.61
 10
14.965558491087142
 20
27.616850842073983
 10
14.936360389693212
 20
27.63636038969321
 10
14.436360389693212
 20
28.13636038969321
 10
14.416850842073984
 20
28.16555849108714
 10
14.41
 20
28.2
 10
14.416850842073984
 20
28.23444150891286
 10
14.436360389693212
 20
28.26363961030679
 10
14.720773227450385
 20
28.548052448063963
 10
14.44466611281378
 20
28.679629304762745
 10
14.157379051494011
 20
28.813254482132297
 10
13.868855997815947
 20
28.94418954666889
 10
13.579122140926026
 20
29.072423067249524
 10
13.288202775677608
 20
29.197943848606457
 10
12.996123300424724
 20
29.320740932303714
 10
12.702520103086973
 20
29.4409629276587
 10
12.673243134521266
 20
29.46035392260274
 10
12.65361535499159
 20
29.489472676766535
 10
12.646624916005075
 20
29.523886123790813
 10
12.653336048528931
 20
29.558355128324806
 10
12.67272704347297
 20
29.587632096890516
 10
12.701845797636766
 20
29.60725987642019
 10
12.736259244661047
 20
29.614250315406704
 10
12.77072824919504
 20
29.60753918288285
 10
13.064720558246874
 20
29.487157857564473
 10
13.06549727598309
 20
29.486835568909445
 10
13.358351963280304
 20
29.363712567828888
 10
13.359125635792493
 20
29.36338303594455
 10
13.650817134021102
 20
29.237529108202185
 10
13.651587693764748
 20
29.237192361857904
 10
13.94209053716153
 20
29.108618494974245
 10
13.942857916863872
 20
29.108274563569243
 10
14.232146743439632
 20
28.97699198252573
 10
14.232910876105539
 20
28.976640896086508
 10
14.520960429859338
 20
28.842661062345478
 10
14.521721248777162
 20
28.842302851523204
 10
14.80850638190118
 20
28.705637462027305
 10
14.809263820648573
 20
28.70527215809513
 10
14.855450881449183
 20
28.682730102062763
 10
14.936360389693212
 20
28.76363961030679
 10
14.965558491087142
 20
28.783149157926015
 10
15.0
 20
28.79
 10
15.034441508912858
 20
28.783149157926015
 10
15.063639610306788
 20
28.76363961030679
 10
15.428856532630077
 20
28.3984226879835
 10
15.663287359874898
 20
28.278531376112774
 10
15.664034262556752
 20
28.278144986668366
 10
15.945512475585943
 20
28.130859017014362
 10
15.946255735416585
 20
28.13046566571709
 10
16.226345488175767
 20
27.980556120769688
 10
16.227085040265823
 20
27.980155841960595
 10
16.505761879867702
 20
27.82763580938605
 10
16.506497659651494
 20
27.82722863801098
 10
16.783737256561434
 20
27.672111433380913
 10
16.78446919980263
 20
27.671697404987462
 10
17.060247349962665
 20
27.513996570616364
 10
17.060975392759865
 20
27.513575721350758
 10
17.335268019701825
 20
27.35330502511371
 10
17.33599209849416
 20
27.352877391717676
 10
17.608775255441632
 20
27.19005082584834
 10
17.609495307014303
 20
27.189616445655876
 10
17.880745178973267
 20
27.02424822552493
 10
17.881461140463074
 20
27.02380713645906
 10
18.151154046301052
 20
26.85591169933315
 10
18.151865855201862
 20
26.855463939902602
 10
18.41997824971536
 20
26.68505594368391
 10
18.420685843883582
 20
26.68460155297977
 10
18.68719431985369
 20
26.51169587492632
 10
18.6878976375137
 20
26.511234892618603
 10
18.95277892774961
 20
26.33584662804542
 10
18.95347790749913
 20
26.335379094379608
 10
19.216708886869466
 20
26.157523555340852
 10
19.217403467684946
 20
26.157049511134392
 10
19.47896115513666
 20
25.976742225086536
 10
19.479651276378583
 20
25.976261711725265
 10
19.739512836943305
 20
25.793518420171516
 10
19.740198438361496
 20
25.793031479606057
 10
19.998341185149098
 20
25.60786813672204
 10
19.999022206887975
 20
25.607374811464133
 10
20.255423603067232
 20
25.41980758270505
 10
20.256099985671042
 20
25.419307915823843
 10
20.510737646437168
 20
25.229353176513168
 10
20.51140933085517
 20
25.228847211631457
 10
20.76426102538411
 20
25.03652154553128
 10
20.76492795297573
 20
25.036009326821695
 10
21.01597160636498
 20
24.841329524684937
 10
21.016633718904938
 20
24.8408110968661
 10
21.2658474141008
 20
24.64379415497059
 10
21.26650465378418
 20
24.643269563303193
 10
21.51386663349514
 20
24.443932681967844
 10
21.514518942942455
 20
24.443401972250715
 10
21.76000761153875
 20
24.241762554333853
 10
21.760654933800932
 20
24.241225772899934
 10
22.004248859199876
 20
24.037301422279988
 10
22.00489113776326
 20
24.036758615992326
 10
22.246569053300366
 20
23.830567136030933
 10
22.247206232091624
 20
23.830018352278543
 10
22.486947038377266
 20
23.621577744266226
 10
22.487579061768294
 20
23.62102303096
 10
22.725361828529756
 20
23.410351492544635
 10
22.725988641342543
 20
23.409790898113123
 10
22.961792609251308
 20
23.19690682171117
 10
22.962414156762733
 20
23.19634039509637
 10
23.196218739246863
 20
22.981262366287165
 10
23.196834967193503
 20
22.980690156940252
 10
23.42861975223491
 20
22.76343695284342
 10
23.429230606817743
 20
22.76285901072042
 10
23.658975358734246
 20
22.543449598356553
 10
23.65958078662338
 20
22.542865973913976
 10
23.887265447835347
 20
22.32131950854875
 10
23.88786539617465
 20
22.32073025273921
 10
24.11347008895611
 20
22.09706607621106
 10
24.114064505367843
 20
22.096471240478795
 10
24.337569533581867
 20
21.87070887951027
 10
24.33815836617124
 20
21.87010851578668
 10
24.55954421698951
 20
21.642267680279737
 10
24.56012741434923
 20
21.641661840978824
 10
24.779374759955576
 20
21.41176242229404
 10
24.77995227117032
 20
21.411151160307853
 10
24.99704197044811
 20
21.179213229527843
 10
24.99761374509898
 20
21.178596598221844
 10
25.212526845302193
 20
20.944640404398996
 10
25.213092833471116
 20
20.944018457607424
 10
25.425810571879023
 20
20.708064425996056
 10
25.42637072415311
 20
20.70743721801719
 10
25.636874529708297
 20
20.469505948290376
 10
25.637428797184146
 20
20.468873533881837
 10
25.845700292113865
 20
20.22898579833295
 10
25.846248626401845
 20
20.22834823270689
 10
26.05226962782243
 20
19.98652497443613
 10
26.0528119810509
 20
19.985882313254415
 10
26.25656450255525
 20
19.74214464434036
 10
26.257100827374735
 20
19.741496943709734
 10
26.458567080602528
 20
19.49586614336624
 10
26.459097330189856
 20
19.49521345983339
 10
26.658259726380603
 20
19.24771097255176
 10
26.658783854442998
 20
19.247053363098424
 10
26.85562500597157
 20
18.99770079677528
 10
26.85614296675068
 20
18.997038318813217
 10
27.05064568864533
 20
18.745857442864022
 10
27.051157436921233
 20
18.745190154230055
 10
27.243304748363897
 20
18.492202897688568
 10
27.243810239459055
 20
18.4915308566395
 10
27.43358536526785
 20
18.23675930624329
 10
27.43408455505098
 20
18.23608257145083
 10
27.62147092714474
 20
17.979548969713022
 10
27.621963772034704
 20
17.978867600258653
 10
27.806945030879426
 20
17.720594343526074
 10
27.80743148784902
 20
17.71990839889591
 10
27.90165634444593
 20
17.585719336399514
 10
27.7056226805504
 20
17.55166882406034
 10
27.66036238575928
 20
17.616125664279398
 10
27.475870788531783
 20
17.87371524904776
 10
27.288980444600693
 20
18.1295697838411
 10
27.099707670195194
 20
18.38366693159726
 10
26.908068989539654
 20
18.63598450868052
 10
26.714081133410023
 20
18.88650048681958
 10
26.517761037674454
 20
19.13519299502899
  0
LWPOLYLINE
  5
F9
330
17
100
AcDbEntity
  8
ENGRAVE_LINES
100
AcDbPolyline
 90
7
 70
1
 10
15.0
 20
27.827279220613576
 10
15.372720779386421
 20
28.2
 10
15.321638614519042
 20
28.251082164867377
 10
15.298861082893449
 20
28.262730923607275
 10
15.015432043518231
 20
28.404355509282116
 10
14.891917322386247
 20
28.464638101772668
 10
14.627279220613579
 20
28.2
  0
LWPOLYLINE
  5
FA
330
17
100
AcDbEntity
  8
ENGRAVE_LINES
100
AcDbPolyline
 90
20
 70
1
 10
18.416850842073984
 20
28.16555849108714
 10
18.41
 20
28.2
 10
18.416850842073984
 20
28.23444150891286
 10
18.43636038969321
 20
28.26363961030679
 10
18.93636038969321
 20
28.76363961030679
 10
18.96555849108714
 20
28.783149157926015
 10
19.0
 20
28.79
 10
19.03444150891286
 20
28.783149157926015
 10
19.06363961030679
 20
28.76363961030679
 10
19.56363961030679
 20
28.26363961030679
 10
19.583149157926016
 20
28.23444150891286
 10
19.59
 20
28.2
 10
19.583149157926016
 20
28.16555849108714
 10
19.56363961030679
 20
28.13636038969321
 10
19.06363961030679
 20
27.63636038969321
 10
19.03444150891286
 20
27.616850842073983
 10
19.0
 20
27.61
 10
18.96555849108714
 20
27.616850842073983
 10
18.93636038969321
 20
27.63636038969321
 10
18.43636038969321
 20
28.13636038969321
  0
LWPOLYLINE
  5
FB
330
17
100
AcDbEntity
  8
ENGRAVE_LINES
100
AcDbPolyline
 90
4
 70
1
 10
19.0
 20
28.57272077938642
 10
18.62727922061358
 20
28.2
 10
19.0
 20
27.82727922061358
 10
19.37272077938642
 20
28.2
  0
LWPOLYLINE
  5
FC
330
17
100
AcDbEntity
  8
ENGRAVE_LINES
100
AcDbPolyline
 90
20
 70
1
 10
22.416850842073984
 20
28.16555849108714
 10
22.41
 20
28.2
 10
22.416850842073984
 20
28.23444150891286
 10
22.43636038969321
 20
28.26363961030679
 10
22.93636038969321
 20
28.76363961030679
 10
22.96555849108714
 20
28.783149157926015
 10
23.0
 20
28.79
 10
23.03444150891286
 20
28.783149157926015
 10
23.06363961030679
 20
28.76363961030679
 10
23.56363961030679
 20
28.26363961030679
 10
23.583149157926016
 20
28.23444150891286
 10
23.59
 20
28.2
 10
23.583149157926016
 20
28.16555849108714
 10
23.56363961030679
 20
28.13636038969321
 10
23.06363961030679
 20
27.63636038969321
 10
23.03444150891286
 20
27.616850842073983
 10
23.0
 20
27.61
 10
22.96555849108714
 20
27.616850842073983
 10
22.93636038969321
 20
27.63636038969321
 10
22.43636038969321
 20
28.13636038969321
  0
LWPOLYLINE
  5
FD
330
17
100
AcDbEntity
  8
ENGRAVE_LINES
100
AcDbPolyline
 90
4
 70
1
 10
23.0
 20
28.57272077938642
 10
22.62727922061358
 20
28.2
 10
23.0
 20
27.82727922061358
 10
23.37272077938642
 20
28.2
  0
LWPOLYLINE
  5
FE
330
17
100
AcDbEntity
  8
ENGRAVE_LINES
100
AcDbPolyline
 90
20
 70
1
 10
10.436360389693212
 20
28.13636038969321
 10
10.416850842073984
 20
28.16555849108714
 10
10.41
 20
28.2
 10
10.416850842073984
 20
28.23444150891286
 10
10.436360389693212
 20
28.26363961030679
 10
10.936360389693212
 20
28.76363961030679
 10
10.965558491087142
 20
28.783149157926015
 10
11.0
 20
28.79
 10
11.034441508912858
 20
28.783149157926015
 10
11.063639610306788
 20
28.76363961030679
 10
11.563639610306788
 20
28.26363961030679
 10
11.583149157926016
 20
28.23444150891286
 10
11.59
 20
28.2
 10
11.583149157926016
 20
28.16555849108714
 10
11.563639610306788
 20
28.13636038969321
 10
11.063639610306788
 20
27.63636038969321
 10
11.034441508912858
 20
27.616850842073983
 10
11.0
 20
27.61
 10
10.965558491087142
 20
27.616850842073983
 10
10.936360389693212
 20
27.63636038969321
  0
LWPOLYLINE
  5
FF
330
17
100
AcDbEntity
  8
ENGRAVE_LINES
100
AcDbPolyline
 90
4
 70
1
 10
11.372720779386421
 20
28.2
 10
11.0
 20
28.572720779386422
 10
10.627279220613579
 20
28.2
 10
11.0
 20
27.827279220613576
  0
LWPOLYLINE
  5
100
330
17
100
AcDbEntity
  8
ENGRAVE_LINES
100
AcDbPolyline
 90
20
 70
1
 10
26.43636038969321
 20
28.13636038969321
 10
26.416850842073984
 20
28.16555849108714
 10
26.41
 20
28.2
 10
26.416850842073984
 20
28.23444150891286
 10
26.43636038969321
 20
28.26363961030679
 10
26.93636038969321
 20
28.76363961030679
 10
26.96555849108714
 20
28.783149157926015
 10
27.0
 20
28.79
 10
27.03444150891286
 20
28.783149157926015
 10
27.06363961030679
 20
28.76363961030679
 10
27.56363961030679
 20
28.26363961030679
 10
27.583149157926016
 20
28.23444150891286
 10
27.59
 20
28.2
 10
27.583149157926016
 20
28.16555849108714
 10
27.56363961030679
 20
28.13636038969321
 10
27.06363961030679
 20
27.63636038969321
 10
27.03444150891286
 20
27.616850842073983
 10
27.0
 20
27.61
 10
26.96555849108714
 20
27.616850842073983
 10
26.93636038969321
 20
27.63636038969321
  0
LWPOLYLINE
  5
101
330
17
100
AcDbEntity
  8
ENGRAVE_LINES
100
AcDbPolyline
 90
4
 70
1
 10
27.37272077938642
 20
28.2
 10
27.0
 20
28.57272077938642
 10
26.62727922061358
 20
28.2
 10
27.0
 20
27.82727922061358
  0
LWPOLYLINE
  5
102
330
17
100
AcDbEntity
  8
ENGRAVE_LINES
100
AcDbPolyline
 90
20
 70
1
 10
6.436360389693211
 20
28.13636038969321
 10
6.416850842073984
 20
28.16555849108714
 10
6.41
 20
28.2
 10
6.416850842073984
 20
28.23444150891286
 10
6.436360389693211
 20
28.26363961030679
 10
6.936360389693211
 20
28.76363961030679
 10
6.965558491087142
 20
28.783149157926015
 10
7.0
 20
28.79
 10
7.034441508912858
 20
28.783149157926015
 10
7.063639610306789
 20
28.76363961030679
 10
7.563639610306789
 20
28.26363961030679
 10
7.583149157926016
 20
28.23444150891286
 10
7.59
 20
28.2
 10
7.583149157926016
 20
28.16555849108714
 10
7.563639610306789
 20
28.13636038969321
 10
7.063639610306789
 20
27.63636038969321
 10
7.034441508912858
 20
27.616850842073983
 10
7.0
 20
27.61
 10
6.965558491087142
 20
27.616850842073983
 10
6.936360389693211
 20
27.63636038969321
  0
LWPOLYLINE
  5
103
330
17
100
AcDbEntity
  8
ENGRAVE_LINES
100
AcDbPolyline
 90
4
 70
1
 10
7.3727207793864205
 20
28.2
 10
7.0
 20
28.57272077938642
 10
6.6272792206135795
 20
28.2
 10
7.0
 20
27.82727922061358
  0
LWPOLYLINE
  5
104
330
17
100
AcDbEntity
  8
ENGRAVE_LINES
100
AcDbPolyline
 90
20
 70
1
 10
30.416850842073984
 20
28.16555849108714
 10
30.41
 20
28.2
 10
30.416850842073984
 20
28.23444150891286
 10
30.43636038969321
 20
28.26363961030679
 10
30.93636038969321
 20
28.76363961030679
 10
30.96555849108714
 20
28.783149157926015
 10
31.0
 20
28.79
 10
31.03444150891286
 20
28.783149157926015
 10
31.06363961030679
 20
28.76363961030679
 10
31.56363961030679
 20
28.26363961030679
 10
31.583149157926016
 20
28.23444150891286
 10
31.59
 20
28.2
 10
31.583149157926016
 20
28.16555849108714
 10
31.56363961030679
 20
28.13636038969321
 10
31.06363961030679
 20
27.63636038969321
 10
31.03444150891286
 20
27.616850842073983
 10
31.0
 20
27.61
 10
30.96555849108714
 20
27.616850842073983
 10
30.93636038969321
 20
27.63636038969321
 10
30.43636038969321
 20
28.13636038969321
  0
LWPOLYLINE
  5
105
330
17
100
AcDbEntity
  8
ENGRAVE_LINES
100
AcDbPolyline
 90
4
 70
1
 10
31.0
 20
28.57272077938642
 10
30.62727922061358
 20
28.2
 10
31.0
 20
27.82727922061358
 10
31.37272077938642
 20
28.2
  0
LWPOLYLINE
  5
106
330
17
100
AcDbEntity
  8
ENGRAVE_LINES
100
AcDbPolyline
 90
20
 70
1
 10
2.4168508420739845
 20
28.16555849108714
 10
2.41
 20
28.2
 10
2.4168508420739845
 20
28.23444150891286
 10
2.4363603896932107
 20
28.26363961030679
 10
2.9363603896932107
 20
28.76363961030679
 10
2.965558491087142
 20
28.783149157926015
 10
3.0
 20
28.79
 10
3.034441508912858
 20
28.783149157926015
 10
3.0636396103067893
 20
28.76363961030679
 10
3.5636396103067893
 20
28.26363961030679
 10
3.5831491579260155
 20
28.23444150891286
 10
3.59
 20
28.2
 10
3.5831491579260155
 20
28.16555849108714
 10
3.5636396103067893
 20
28.13636038969321
 10
3.0636396103067893
 20
27.63636038969321
 10
3.034441508912858
 20
27.616850842073983
 10
3.0
 20
27.61
 10
2.965558491087142
 20
27.616850842073983
 10
2.9363603896932107
 20
27.63636038969321
 10
2.4363603896932107
 20
28.13636038969321
  0
LWPOLYLINE
  5
107
330
17
100
AcDbEntity
  8
ENGRAVE_LINES
100
AcDbPolyline
 90
4
 70
1
 10
3.0
 20
28.57272077938642
 10
2.6272792206135795
 20
28.2
 10
3.0
 20
27.82727922061358
 10
3.3727207793864205
 20
28.2
  0
LWPOLYLINE
  5
108
330
17
100
AcDbEntity
  8
ENGRAVE_FILL
100
AcDbPolyline
 90
10
 70
1
 10
-18.3795
 20
-27.4185
 10
-17.3455
 20
-25.467
 10
-16.9205
 20
-25.467
 10
-16.9205
 20
-27.8
 10
-17.2265
 20
-27.8
 10
-17.2265
 20
-25.8485
 10
-18.261
 20
-27.8
 10
-18.686
 20
-27.8
 10
-18.686
 20
-25.467
 10
-18.3795
 20
-25.467
  0
LWPOLYLINE
  5
109
330
17
100
AcDbEntity
  8
ENGRAVE_FILL
100
AcDbPolyline
 90
13
 70
1
 10
-15.06725
 20
-27.3515
 10
-15.38425
 20
-27.3515
 10
-15.98575
 20
-25.7515
 10
-15.98575
 20
-27.8
 10
-16.29225
 20
-27.8
 10
-16.29225
 20
-25.467
 10
-15.82175
 20
-25.467
 10
-15.22675
 20
-27.0545
 10
-14.62825
 20
-25.467
 10
-14.15775
 20
-25.467
 10
-14.15775
 20
-27.8
 10
-14.46575
 20
-27.8
 10
-14.46575
 20
-25.7515
  0
LWPOLYLINE
  5
10A
330
17
100
AcDbEntity
  8
ENGRAVE_FILL
100
AcDbPolyline
 90
8
 70
1
 10
-11.7533125
 20
-25.467
 10
-11.7533125
 20
-27.8
 10
-12.0688125
 20
-27.8
 10
-12.0688125
 20
-25.733
 10
-13.2158125
 20
-25.733
 10
-13.2158125
 20
-27.8
 10
-13.5313125
 20
-27.8
 10
-13.5313125
 20
-25.467
  0
LWPOLYLINE
  5
10B
330
17
100
AcDbEntity
  8
ENGRAVE_FILL
100
AcDbPolyline
 90
18
 70
1
 10
-11.0360625
 20
-27.5345
 10
-10.8785625
 20
-27.523875
 10
-10.778062499999999
 20
-27.492
 10
-10.7383125
 20
-27.455750000000002
 10
-10.7060625
 20
-27.400000000000002
 10
-10.6360625
 20
-27.2345
 10
-11.3845625
 20
-25.467
 10
-11.0450625
 20
-25.467
 10
-10.465562499999999
 20
-26.836000000000002
 10
-9.8825625
 20
-25.467
 10
-9.5435625
 20
-25.467
 10
-10.4155625
 20
-27.517
 10
-10.4528125
 20
-27.590625
 10
-10.4985625
 20
-27.654500000000002
 10
-10.6891875
 20
-27.763625
 10
-11.0140625
 20
-27.8
 10
-11.1345625
 20
-27.8
 10
-11.1345625
 20
-27.5345
  0
LWPOLYLINE
  5
10C
330
17
100
AcDbEntity
  8
ENGRAVE_FILL
100
AcDbPolyline
 90
16
 70
1
 10
-7.398562500000001
 20
-27.8
 10
-7.714062499999999
 20
-27.8
 10
-7.714062499999999
 20
-25.733
 10
-8.4720625
 20
-25.733
 10
-8.4720625
 20
-26.020500000000002
 10
-8.5118125
 20
-26.786625
 10
-8.6310625
 20
-27.317
 10
-8.8894375
 20
-27.6355
 10
-9.3575625
 20
-27.8
 10
-9.3575625
 20
-27.5345
 10
-9.0791875
 20
-27.41525
 10
-8.9220625
 20
-27.2045
 10
-8.820062499999999
 20
-26.667875000000002
 10
-8.7860625
 20
-25.864
 10
-8.7860625
 20
-25.467
 10
-7.398562500000001
 20
-25.467
  0
LWPOLYLINE
  5
10D
330
17
100
AcDbEntity
  8
ENGRAVE_FILL
100
AcDbPolyline
 90
13
 70
1
 10
-5.1669374999999995
 20
-27.415750000000003
 10
-5.3263125
 20
-27.63
 10
-5.5838125000000005
 20
-27.7575
 10
-5.931312499999999
 20
-27.8
 10
-6.768812499999999
 20
-27.8
 10
-6.768812499999999
 20
-25.467
 10
-6.453312499999999
 20
-25.467
 10
-6.453312499999999
 20
-26.4265
 10
-5.931312499999999
 20
-26.4265
 10
-5.5838125000000005
 20
-26.469125
 10
-5.3263125
 20
-26.597
 10
-5.1669374999999995
 20
-26.81125
 10
-5.1138125
 20
-27.114
  0
LWPOLYLINE
  5
10E
330
17
100
AcDbEntity
  8
ENGRAVE_FILL
100
AcDbPolyline
 90
11
 70
1
 10
-5.7254375
 20
-27.514000000000003
 10
-5.5703125
 20
-27.4345
 10
-5.4776875
 20
-27.301875
 10
-5.4468125
 20
-27.114
 10
-5.4776875
 20
-26.924625
 10
-5.5703125
 20
-26.7905
 10
-5.7254375
 20
-26.712125
 10
-5.9468125
 20
-26.686
 10
-6.453312499999999
 20
-26.686
 10
-6.453312499999999
 20
-27.5405
 10
-5.9468125
 20
-27.5405
  0
LWPOLYLINE
  5
10F
330
17
100
AcDbEntity
  8
ENGRAVE_FILL
100
AcDbPolyline
 90
4
 70
1
 10
1.6221250000000005
 20
-26.7955
 10
2.4641249999999992
 20
-26.7955
 10
2.4641249999999992
 20
-27.0515
 10
1.6221250000000005
 20
-27.0515
  0
LWPOLYLINE
  5
110
330
17
100
AcDbEntity
  8
ENGRAVE_FILL
100
AcDbPolyline
 90
34
 70
1
 10
-4.1625
 20
-25.929000000000002
 10
-4.321875
 20
-26.228
 10
-4.375
 20
-26.636
 10
-4.321875
 20
-27.042875000000002
 10
-4.1625
 20
-27.3415
 10
-3.9031249999999993
 20
-27.524875
 10
-3.549999999999999
 20
-27.586000000000002
 10
-3.3526249999999993
 20
-27.567625
 10
-3.166499999999999
 20
-27.5125
 10
-2.99125
 20
-27.42025
 10
-2.8264999999999993
 20
-27.2905
 10
-2.8264999999999993
 20
-27.6205
 10
-2.9970000000000003
 20
-27.719
 10
-3.1775
 20
-27.7895
 10
-3.3677499999999996
 20
-27.831500000000002
 10
-3.5685000000000002
 20
-27.8455
 10
-4.042249999999999
 20
-27.7645
 10
-4.403499999999999
 20
-27.5215
 10
-4.631875
 20
-27.137875
 10
-4.708
 20
-26.636
 10
-4.631875
 20
-26.133125
 10
-4.403499999999999
 20
-25.7495
 10
-4.042249999999999
 20
-25.506125
 10
-3.5685000000000002
 20
-25.425
 10
-3.3654999999999995
 20
-25.438875000000003
 10
-3.1745
 20
-25.4805
 10
-2.9947500000000002
 20
-25.549875
 10
-2.8264999999999993
 20
-25.647000000000002
 10
-2.8264999999999993
 20
-25.9795
 10
-2.99125
 20
-25.849875
 10
-3.166499999999999
 20
-25.758
 10
-3.3526249999999993
 20
-25.702875
 10
-3.549999999999999
 20
-25.6845
 10
-3.9031249999999993
 20
-25.745625
  0
LWPOLYLINE
  5
111
330
17
100
AcDbEntity
  8
ENGRAVE_FILL
100
AcDbPolyline
 90
16
 70
1
 10
4.3920625
 20
-27.155375
 10
4.236812499999999
 20
-27.5355
 10
3.983437500000001
 20
-27.768
 10
3.6373125
 20
-27.8455
 10
3.2915625000000004
 20
-27.768
 10
3.0383125
 20
-27.5355
 10
2.8830624999999994
 20
-27.155375
 10
2.8313124999999992
 20
-26.636
 10
2.8830624999999994
 20
-26.115625
 10
3.0383125
 20
-25.735500000000002
 10
3.2915625000000004
 20
-25.502625000000002
 10
3.6373125
 20
-25.425
 10
3.983437500000001
 20
-25.502625000000002
 10
4.236812499999999
 20
-25.735500000000002
 10
4.3920625
 20
-26.115625
 10
4.4438125
 20
-26.636
  0
LWPOLYLINE
  5
112
330
17
100
AcDbEntity
  8
ENGRAVE_FILL
100
AcDbPolyline
 90
16
 70
1
 10
3.1789375
 20
-27.055625
 10
3.2708125000000017
 20
-27.3555
 10
3.4239375
 20
-27.5355
 10
3.6373125
 20
-27.5955
 10
3.8520624999999997
 20
-27.5355
 10
4.005312499999999
 20
-27.3555
 10
4.0975624999999996
 20
-27.055625
 10
4.1283125
 20
-26.636
 10
4.0975624999999996
 20
-26.215000000000003
 10
4.005312499999999
 20
-25.915
 10
3.8520624999999997
 20
-25.735
 10
3.6373125
 20
-25.675
 10
3.4239375
 20
-25.735
 10
3.2708125000000017
 20
-25.915
 10
3.1789375
 20
-26.215000000000003
 10
3.1483124999999994
 20
-26.636
  0
LWPOLYLINE
  5
113
330
17
100
AcDbEntity
  8
ENGRAVE_FILL
100
AcDbPolyline
 90
8
 70
1
 10
-2.2951249999999987
 20
-27.8
 10
-2.6281250000000007
 20
-27.8
 10
-1.7376250000000013
 20
-25.467
 10
-1.3796250000000008
 20
-25.467
 10
-0.49062499999999787
 20
-27.8
 10
-0.8186250000000008
 20
-27.8
 10
-1.0311249999999994
 20
-27.2015
 10
-2.082625
 20
-27.2015
  0
LWPOLYLINE
  5
114
330
17
100
AcDbEntity
  8
ENGRAVE_FILL
100
AcDbPolyline
 90
3
 70
1
 10
-1.559124999999998
 20
-25.778
 10
-1.9876250000000013
 20
-26.939
 10
-1.1296250000000008
 20
-26.939
  0
LWPOLYLINE
  5
115
330
17
100
AcDbEntity
  8
ENGRAVE_FILL
100
AcDbPolyline
 90
13
 70
1
 10
1.3061875000000018
 20
-26.46725
 10
1.1554375000000014
 20
-26.686
 10
0.9069375000000006
 20
-26.818375000000003
 10
0.5624375000000015
 20
-26.8625
 10
0.16543749999999946
 20
-26.8625
 10
0.16543749999999946
 20
-27.8
 10
-0.15006250000000065
 20
-27.8
 10
-0.15006250000000065
 20
-25.467
 10
0.5624375000000015
 20
-25.467
 10
0.9069375000000006
 20
-25.511375
 10
1.1554375000000014
 20
-25.6445
 10
1.3061875000000018
 20
-25.863125
 10
1.356437500000002
 20
-26.164
  0
LWPOLYLINE
  5
116
330
17
100
AcDbEntity
  8
ENGRAVE_FILL
100
AcDbPolyline
 90
11
 70
1
 10
1.0234375
 20
-26.164
 10
0.9933125
 20
-25.978375
 10
0.9029375000000002
 20
-25.840500000000002
 10
0.7578125
 20
-25.755000000000003
 10
0.5624375000000015
 20
-25.7265
 10
0.16543749999999946
 20
-25.7265
 10
0.16543749999999946
 20
-26.603
 10
0.5624375000000015
 20
-26.603
 10
0.7578125
 20
-26.5745
 10
0.9029375000000002
 20
-26.489
 10
0.9933125
 20
-26.35075
  0
LWPOLYLINE
  5
117
330
17
100
AcDbEntity
  8
ENGRAVE_FILL
100
AcDbPolyline
 90
11
 70
1
 10
5.0077500000000015
 20
-25.5795
 10
5.565750000000001
 20
-25.467
 10
5.881250000000001
 20
-25.467
 10
5.881250000000001
 20
-27.5345
 10
6.396750000000001
 20
-27.5345
 10
6.396750000000001
 20
-27.8
 10
5.053250000000002
 20
-27.8
 10
5.053250000000002
 20
-27.5345
 10
5.568750000000001
 20
-27.5345
 10
5.568750000000001
 20
-25.7545
 10
5.0077500000000015
 20
-25.867
  0
ENDSEC
  0
SECTION
  2
OBJECTS
  0
DICTIONARY
  5
A
330
0
100
AcDbDictionary
281
1
  3
ACAD_COLOR
350
B
  3
ACAD_GROUP
350
C
  3
ACAD_LAYOUT
350
D
  3
ACAD_MATERIAL
350
E
  3
ACAD_MLEADERSTYLE
350
F
  3
ACAD_MLINESTYLE
350
10
  3
ACAD_PLOTSETTINGS
350
11
  3
ACAD_PLOTSTYLENAME
350
12
  3
ACAD_SCALELIST
350
14
  3
ACAD_TABLESTYLE
350
15
  3
ACAD_VISUALSTYLE
350
16
  3
EZDXF_META
350
2D
  0
DICTIONARY
  5
B
330
A
100
AcDbDictionary
281
1
  0
DICTIONARY
  5
C
330
A
100
AcDbDictionary
281
1
  0
DICTIONARY
  5
D
330
A
100
AcDbDictionary
281
1
  3
Model
350
1A
  3
Layout1
350
1E
  0
DICTIONARY
  5
E
330
A
100
AcDbDictionary
281
1
  3
ByBlock
350
1F
  3
ByLayer
350
20
  3
Global
350
21
  0
DICTIONARY
  5
F
330
A
100
AcDbDictionary
281
1
  3
Standard
350
2C
  0
DICTIONARY
  5
10
330
A
100
AcDbDictionary
281
1
  3
Standard
350
22
  0
DICTIONARY
  5
11
330
A
100
AcDbDictionary
281
1
  0
ACDBDICTIONARYWDFLT
  5
12
330
A
100
AcDbDictionary
281
1
  3
Normal
350
13
100
AcDbDictionaryWithDefault
340
13
  0
ACDBPLACEHOLDER
  5
13
330
12
  0
DICTIONARY
  5
14
330
A
100
AcDbDictionary
281
1
  0
DICTIONARY
  5
15
330
A
100
AcDbDictionary
281
1
  0
DICTIONARY
  5
16
330
A
100
AcDbDictionary
281
1
  0
LAYOUT
  5
1A
330
D
100
AcDbPlotSettings
  1

  4
A3
  6

 40
7.5
 41
20.0
 42
7.5
 43
20.0
 44
420.0
 45
297.0
 46
0.0
 47
0.0
 48
0.0
 49
0.0
140
0.0
141
0.0
142
1.0
143
1.0
 70
1024
 72
1
 73
0
 74
5
  7

 75
16
 76
0
 77
2
 78
300
147
1.0
148
0.0
149
0.0
100
AcDbLayout
  1
Model
 70
1
 71
0
 10
0.0
 20
0.0
 11
420.0
 21
297.0
 12
0.0
 22
0.0
 32
0.0
 14
1e+20
 24
1e+20
 34
1e+20
 15
-1e+20
 25
-1e+20
 35
-1e+20
146
0.0
 13
0.0
 23
0.0
 33
0.0
 16
1.0
 26
0.0
 36
0.0
 17
0.0
 27
1.0
 37
0.0
 76
1
330
17
  0
LAYOUT
  5
1E
330
D
100
AcDbPlotSettings
  1

  4
A3
  6

 40
7.5
 41
20.0
 42
7.5
 43
20.0
 44
420.0
 45
297.0
 46
0.0
 47
0.0
 48
0.0
 49
0.0
140
0.0
141
0.0
142
1.0
143
1.0
 70
0
 72
1
 73
0
 74
5
  7

 75
16
 76
0
 77
2
 78
300
147
1.0
148
0.0
149
0.0
100
AcDbLayout
  1
Layout1
 70
1
 71
1
 10
0.0
 20
0.0
 11
420.0
 21
297.0
 12
0.0
 22
0.0
 32
0.0
 14
1e+20
 24
1e+20
 34
1e+20
 15
-1e+20
 25
-1e+20
 35
-1e+20
146
0.0
 13
0.0
 23
0.0
 33
0.0
 16
1.0
 26
0.0
 36
0.0
 17
0.0
 27
1.0
 37
0.0
 76
1
330
1B
  0
MATERIAL
  5
1F
102
{ACAD_REACTORS
330
E
102
}
330
E
100
AcDbMaterial
  1
ByBlock
  2

 70
0
 40
1.0
 71
1
 41
1.0
 91
-1023410177
 42
1.0
 72
1
  3

 73
1
 74
1
 75
1
 44
0.5
 73
0
 45
1.0
 46
1.0
 77
1
  4

 78
1
 79
1
170
1
 48
1.0
171
1
  6

172
1
173
1
174
1
140
1.0
141
1.0
175
1
  7

176
1
177
1
178
1
143
1.0
179
1
  8

270
1
271
1
272
1
145
1.0
146
1.0
273
1
  9

274
1
275
1
276
1
 42
1.0
 72
1
  3

 73
1
 74
1
 75
1
 94
63
  0
MATERIAL
  5
20
102
{ACAD_REACTORS
330
E
102
}
330
E
100
AcDbMaterial
  1
ByLayer
  2

 70
0
 40
1.0
 71
1
 41
1.0
 91
-1023410177
 42
1.0
 72
1
  3

 73
1
 74
1
 75
1
 44
0.5
 73
0
 45
1.0
 46
1.0
 77
1
  4

 78
1
 79
1
170
1
 48
1.0
171
1
  6

172
1
173
1
174
1
140
1.0
141
1.0
175
1
  7

176
1
177
1
178
1
143
1.0
179
1
  8

270
1
271
1
272
1
145
1.0
146
1.0
273
1
  9

274
1
275
1
276
1
 42
1.0
 72
1
  3

 73
1
 74
1
 75
1
 94
63
  0
MATERIAL
  5
21
102
{ACAD_REACTORS
330
E
102
}
330
E
100
AcDbMaterial
  1
Global
  2

 70
0
 40
1.0
 71
1
 41
1.0
 91
-1023410177
 42
1.0
 72
1
  3

 73
1
 74
1
 75
1
 44
0.5
 73
0
 45
1.0
 46
1.0
 77
1
  4

 78
1
 79
1
170
1
 48
1.0
171
1
  6

172
1
173
1
174
1
140
1.0
141
1.0
175
1
  7

176
1
177
1
178
1
143
1.0
179
1
  8

270
1
271
1
272
1
145
1.0
146
1.0
273
1
  9

274
1
275
1
276
1
 42
1.0
 72
1
  3

 73
1
 74
1
 75
1
 94
63
  0
MLINESTYLE
  5
22
102
{ACAD_REACTORS
330
10
102
}
330
10
100
AcDbMlineStyle
  2
Standard
 70
0
  3

 62
256
 51
90.0
 52
90.0
 71
2
 49
0.5
 62
256
  6
BYLAYER
 49
-0.5
 62
256
  6
BYLAYER
  0
MLEADERSTYLE
  5
2C
102
{ACAD_REACTORS
330
F
102
}
330
F
100
AcDbMLeaderStyle
179
2
170
2
171
1
172
0
 90
2
 40
0.0
 41
0.0
173
1
 91
-1056964608
 92
-2
290
1
 42
2.0
291
1
 43
8.0
  3
Standard
 44
4.0
300

342
29
174
1
175
1
176
0
178
1
 93
-1056964608
 45
4.0
292
0
297
0
 46
4.0
 94
-1056964608
 47
1.0
 49
1.0
140
1.0
294
1
141
0.0
177
0
142
1.0
295
0
296
0
143
3.75
271
0
272
9
273
9
  0
DICTIONARY
  5
2D
330
A
100
AcDbDictionary
280
1
281
1
  3
CREATED_BY_EZDXF
350
2E
  3
WRITTEN_BY_EZDXF
350
11A
  0
DICTIONARYVAR
  5
2E
330
2D
100
DictionaryVariables
280
0
  1
1.4.3 @ 2026-09-24T11:47:32.614434+00:00
  0
DICTIONARYVAR
  5
11A
330
2D
100
DictionaryVariables
280
0
  1
1.4.3 @ 2026-09-24T11:47:34.585649+00:00
  0
ENDSEC
  0
EOF
