ISO-10303-21;
HEADER;
FILE_DESCRIPTION(('FreeCAD Model'),'2;1');
FILE_NAME('Open CASCADE Shape Model','2026-09-28T16:08:31',('FreeCAD'),(
    'FreeCAD'),'Open CASCADE STEP processor 7.9','FreeCAD','Unknown');
FILE_SCHEMA(('AUTOMOTIVE_DESIGN { 1 0 10303 214 1 1 1 1 }'));
ENDSEC;
DATA;
#1 = APPLICATION_PROTOCOL_DEFINITION('international standard',
  'automotive_design',2000,#2);
#2 = APPLICATION_CONTEXT(
  'core data for automotive mechanical design processes');
#3 = SHAPE_DEFINITION_REPRESENTATION(#4,#10);
#4 = PRODUCT_DEFINITION_SHAPE('','',#5);
#5 = PRODUCT_DEFINITION('design','',#6,#9);
#6 = PRODUCT_DEFINITION_FORMATION('','',#7);
#7 = PRODUCT('Open CASCADE STEP translator 7.9 6',
  'Open CASCADE STEP translator 7.9 6','',(#8));
#8 = PRODUCT_CONTEXT('',#2,'mechanical');
#9 = PRODUCT_DEFINITION_CONTEXT('part definition',#2,'design');
#10 = ADVANCED_BREP_SHAPE_REPRESENTATION('',(#11,#15),#9021);
#11 = AXIS2_PLACEMENT_3D('',#12,#13,#14);
#12 = CARTESIAN_POINT('',(0.,0.,0.));
#13 = DIRECTION('',(0.,0.,1.));
#14 = DIRECTION('',(1.,0.,-0.));
#15 = MANIFOLD_SOLID_BREP('',#16);
#16 = CLOSED_SHELL('',(#17,#57,#88,#119,#150,#181,#212,#243,#274,#305,
    #336,#367,#398,#429,#460,#491,#522,#553,#584,#615,#646,#677,#708,
    #739,#770,#801,#832,#863,#894,#925,#956,#987,#1018,#1049,#1080,#1111
    ,#1142,#1173,#1204,#1235,#1266,#1297,#1328,#1359,#1390,#1421,#1452,
    #1483,#1514,#1545,#1576,#1607,#1638,#1669,#1700,#1731,#1762,#1793,
    #1824,#1855,#1886,#1917,#1948,#1979,#2010,#2041,#2072,#2103,#2125,
    #2165,#2196,#2227,#2258,#2289,#2320,#2351,#2382,#2413,#2444,#2475,
    #2506,#2537,#2568,#2599,#2630,#2661,#2692,#2723,#2754,#2785,#2816,
    #2847,#2878,#2909,#2940,#2971,#3002,#3033,#3064,#3095,#3126,#3157,
    #3188,#3219,#3250,#3281,#3312,#3343,#3374,#3405,#3436,#3467,#3498,
    #3529,#3560,#3591,#3622,#3653,#3684,#3715,#3746,#3777,#3808,#3839,
    #3870,#3901,#3932,#3963,#3994,#4025,#4056,#4087,#4118,#4149,#4180,
    #4211,#4233,#4273,#4304,#4335,#4366,#4397,#4428,#4459,#4490,#4521,
    #4552,#4583,#4614,#4645,#4676,#4707,#4738,#4769,#4800,#4831,#4862,
    #4893,#4924,#4955,#4986,#5017,#5048,#5079,#5110,#5141,#5172,#5203,
    #5234,#5265,#5296,#5327,#5358,#5389,#5420,#5451,#5482,#5513,#5544,
    #5575,#5606,#5637,#5668,#5699,#5730,#5761,#5792,#5823,#5854,#5885,
    #5916,#5947,#5978,#6009,#6040,#6071,#6102,#6133,#6164,#6195,#6226,
    #6257,#6288,#6319,#6341,#6381,#6412,#6443,#6474,#6505,#6536,#6567,
    #6598,#6629,#6660,#6691,#6722,#6753,#6784,#6815,#6846,#6877,#6908,
    #6939,#6970,#7001,#7032,#7063,#7094,#7125,#7156,#7187,#7218,#7249,
    #7280,#7311,#7342,#7373,#7404,#7435,#7466,#7497,#7528,#7559,#7590,
    #7621,#7652,#7683,#7714,#7745,#7776,#7807,#7838,#7869,#7900,#7931,
    #7962,#7993,#8024,#8055,#8086,#8117,#8148,#8179,#8210,#8241,#8272,
    #8303,#8334,#8365,#8396,#8427,#8449,#8735));
#17 = ADVANCED_FACE('',(#18),#52,.T.);
#18 = FACE_BOUND('',#19,.F.);
#19 = EDGE_LOOP('',(#20,#30,#38,#46));
#20 = ORIENTED_EDGE('',*,*,#21,.T.);
#21 = EDGE_CURVE('',#22,#24,#26,.T.);
#22 = VERTEX_POINT('',#23);
#23 = CARTESIAN_POINT('',(2.725,78.5,9.5));
#24 = VERTEX_POINT('',#25);
#25 = CARTESIAN_POINT('',(5.575,78.5,9.5));
#26 = LINE('',#27,#28);
#27 = CARTESIAN_POINT('',(2.725,78.5,9.5));
#28 = VECTOR('',#29,1.);
#29 = DIRECTION('',(1.,0.,0.));
#30 = ORIENTED_EDGE('',*,*,#31,.T.);
#31 = EDGE_CURVE('',#24,#32,#34,.T.);
#32 = VERTEX_POINT('',#33);
#33 = CARTESIAN_POINT('',(5.575,78.9901,9.5241));
#34 = LINE('',#35,#36);
#35 = CARTESIAN_POINT('',(5.575,78.5,9.5));
#36 = VECTOR('',#37,1.);
#37 = DIRECTION('',(0.,0.998793164859,4.911429355865E-02));
#38 = ORIENTED_EDGE('',*,*,#39,.F.);
#39 = EDGE_CURVE('',#40,#32,#42,.T.);
#40 = VERTEX_POINT('',#41);
#41 = CARTESIAN_POINT('',(2.725,78.9901,9.5241));
#42 = LINE('',#43,#44);
#43 = CARTESIAN_POINT('',(2.725,78.9901,9.5241));
#44 = VECTOR('',#45,1.);
#45 = DIRECTION('',(1.,0.,0.));
#46 = ORIENTED_EDGE('',*,*,#47,.F.);
#47 = EDGE_CURVE('',#22,#40,#48,.T.);
#48 = LINE('',#49,#50);
#49 = CARTESIAN_POINT('',(2.725,78.5,9.5));
#50 = VECTOR('',#51,1.);
#51 = DIRECTION('',(0.,0.998793164859,4.911429355865E-02));
#52 = PLANE('',#53);
#53 = AXIS2_PLACEMENT_3D('',#54,#55,#56);
#54 = CARTESIAN_POINT('',(2.725,78.5,9.5));
#55 = DIRECTION('',(0.,4.911429355865E-02,-0.998793164859));
#56 = DIRECTION('',(0.,-0.998793164859,-4.911429355865E-02));
#57 = ADVANCED_FACE('',(#58),#83,.T.);
#58 = FACE_BOUND('',#59,.F.);
#59 = EDGE_LOOP('',(#60,#61,#69,#77));
#60 = ORIENTED_EDGE('',*,*,#39,.T.);
#61 = ORIENTED_EDGE('',*,*,#62,.T.);
#62 = EDGE_CURVE('',#32,#63,#65,.T.);
#63 = VERTEX_POINT('',#64);
#64 = CARTESIAN_POINT('',(5.575,79.4754,9.5961));
#65 = LINE('',#66,#67);
#66 = CARTESIAN_POINT('',(5.575,78.9901,9.5241));
#67 = VECTOR('',#68,1.);
#68 = DIRECTION('',(0.,0.98917279827,0.146755494489));
#69 = ORIENTED_EDGE('',*,*,#70,.F.);
#70 = EDGE_CURVE('',#71,#63,#73,.T.);
#71 = VERTEX_POINT('',#72);
#72 = CARTESIAN_POINT('',(2.725,79.4754,9.5961));
#73 = LINE('',#74,#75);
#74 = CARTESIAN_POINT('',(2.725,79.4754,9.5961));
#75 = VECTOR('',#76,1.);
#76 = DIRECTION('',(1.,0.,0.));
#77 = ORIENTED_EDGE('',*,*,#78,.F.);
#78 = EDGE_CURVE('',#40,#71,#79,.T.);
#79 = LINE('',#80,#81);
#80 = CARTESIAN_POINT('',(2.725,78.9901,9.5241));
#81 = VECTOR('',#82,1.);
#82 = DIRECTION('',(0.,0.98917279827,0.146755494489));
#83 = PLANE('',#84);
#84 = AXIS2_PLACEMENT_3D('',#85,#86,#87);
#85 = CARTESIAN_POINT('',(2.725,78.9901,9.5241));
#86 = DIRECTION('',(0.,0.146755494489,-0.98917279827));
#87 = DIRECTION('',(0.,-0.98917279827,-0.146755494489));
#88 = ADVANCED_FACE('',(#89),#114,.T.);
#89 = FACE_BOUND('',#90,.F.);
#90 = EDGE_LOOP('',(#91,#92,#100,#108));
#91 = ORIENTED_EDGE('',*,*,#70,.T.);
#92 = ORIENTED_EDGE('',*,*,#93,.T.);
#93 = EDGE_CURVE('',#63,#94,#96,.T.);
#94 = VERTEX_POINT('',#95);
#95 = CARTESIAN_POINT('',(5.575,79.9514,9.7153));
#96 = LINE('',#97,#98);
#97 = CARTESIAN_POINT('',(5.575,79.4754,9.5961));
#98 = VECTOR('',#99,1.);
#99 = DIRECTION('',(0.,0.970046522522,0.242919213203));
#100 = ORIENTED_EDGE('',*,*,#101,.F.);
#101 = EDGE_CURVE('',#102,#94,#104,.T.);
#102 = VERTEX_POINT('',#103);
#103 = CARTESIAN_POINT('',(2.725,79.9514,9.7153));
#104 = LINE('',#105,#106);
#105 = CARTESIAN_POINT('',(2.725,79.9514,9.7153));
#106 = VECTOR('',#107,1.);
#107 = DIRECTION('',(1.,0.,0.));
#108 = ORIENTED_EDGE('',*,*,#109,.F.);
#109 = EDGE_CURVE('',#71,#102,#110,.T.);
#110 = LINE('',#111,#112);
#111 = CARTESIAN_POINT('',(2.725,79.4754,9.5961));
#112 = VECTOR('',#113,1.);
#113 = DIRECTION('',(0.,0.970046522522,0.242919213203));
#114 = PLANE('',#115);
#115 = AXIS2_PLACEMENT_3D('',#116,#117,#118);
#116 = CARTESIAN_POINT('',(2.725,79.4754,9.5961));
#117 = DIRECTION('',(0.,0.242919213203,-0.970046522522));
#118 = DIRECTION('',(0.,-0.970046522522,-0.242919213203));
#119 = ADVANCED_FACE('',(#120),#145,.T.);
#120 = FACE_BOUND('',#121,.F.);
#121 = EDGE_LOOP('',(#122,#123,#131,#139));
#122 = ORIENTED_EDGE('',*,*,#101,.T.);
#123 = ORIENTED_EDGE('',*,*,#124,.T.);
#124 = EDGE_CURVE('',#94,#125,#127,.T.);
#125 = VERTEX_POINT('',#126);
#126 = CARTESIAN_POINT('',(5.575,80.4134,9.8806));
#127 = LINE('',#128,#129);
#128 = CARTESIAN_POINT('',(5.575,79.9514,9.7153));
#129 = VECTOR('',#130,1.);
#130 = DIRECTION('',(0.,0.941548101009,0.336878573802));
#131 = ORIENTED_EDGE('',*,*,#132,.F.);
#132 = EDGE_CURVE('',#133,#125,#135,.T.);
#133 = VERTEX_POINT('',#134);
#134 = CARTESIAN_POINT('',(2.725,80.4134,9.8806));
#135 = LINE('',#136,#137);
#136 = CARTESIAN_POINT('',(2.725,80.4134,9.8806));
#137 = VECTOR('',#138,1.);
#138 = DIRECTION('',(1.,0.,0.));
#139 = ORIENTED_EDGE('',*,*,#140,.F.);
#140 = EDGE_CURVE('',#102,#133,#141,.T.);
#141 = LINE('',#142,#143);
#142 = CARTESIAN_POINT('',(2.725,79.9514,9.7153));
#143 = VECTOR('',#144,1.);
#144 = DIRECTION('',(0.,0.941548101009,0.336878573802));
#145 = PLANE('',#146);
#146 = AXIS2_PLACEMENT_3D('',#147,#148,#149);
#147 = CARTESIAN_POINT('',(2.725,79.9514,9.7153));
#148 = DIRECTION('',(0.,0.336878573802,-0.941548101009));
#149 = DIRECTION('',(0.,-0.941548101009,-0.336878573802));
#150 = ADVANCED_FACE('',(#151),#176,.T.);
#151 = FACE_BOUND('',#152,.F.);
#152 = EDGE_LOOP('',(#153,#154,#162,#170));
#153 = ORIENTED_EDGE('',*,*,#132,.T.);
#154 = ORIENTED_EDGE('',*,*,#155,.T.);
#155 = EDGE_CURVE('',#125,#156,#158,.T.);
#156 = VERTEX_POINT('',#157);
#157 = CARTESIAN_POINT('',(5.575,80.857,10.0904));
#158 = LINE('',#159,#160);
#159 = CARTESIAN_POINT('',(5.575,80.4134,9.8806));
#160 = VECTOR('',#161,1.);
#161 = DIRECTION('',(0.,0.903994944062,0.427543145321));
#162 = ORIENTED_EDGE('',*,*,#163,.F.);
#163 = EDGE_CURVE('',#164,#156,#166,.T.);
#164 = VERTEX_POINT('',#165);
#165 = CARTESIAN_POINT('',(2.725,80.857,10.0904));
#166 = LINE('',#167,#168);
#167 = CARTESIAN_POINT('',(2.725,80.857,10.0904));
#168 = VECTOR('',#169,1.);
#169 = DIRECTION('',(1.,0.,0.));
#170 = ORIENTED_EDGE('',*,*,#171,.F.);
#171 = EDGE_CURVE('',#133,#164,#172,.T.);
#172 = LINE('',#173,#174);
#173 = CARTESIAN_POINT('',(2.725,80.4134,9.8806));
#174 = VECTOR('',#175,1.);
#175 = DIRECTION('',(0.,0.903994944062,0.427543145321));
#176 = PLANE('',#177);
#177 = AXIS2_PLACEMENT_3D('',#178,#179,#180);
#178 = CARTESIAN_POINT('',(2.725,80.4134,9.8806));
#179 = DIRECTION('',(0.,0.427543145321,-0.903994944062));
#180 = DIRECTION('',(0.,-0.903994944062,-0.427543145321));
#181 = ADVANCED_FACE('',(#182),#207,.T.);
#182 = FACE_BOUND('',#183,.F.);
#183 = EDGE_LOOP('',(#184,#185,#193,#201));
#184 = ORIENTED_EDGE('',*,*,#163,.T.);
#185 = ORIENTED_EDGE('',*,*,#186,.T.);
#186 = EDGE_CURVE('',#156,#187,#189,.T.);
#187 = VERTEX_POINT('',#188);
#188 = CARTESIAN_POINT('',(5.575,81.2778,10.3427));
#189 = LINE('',#190,#191);
#190 = CARTESIAN_POINT('',(5.575,80.857,10.0904));
#191 = VECTOR('',#192,1.);
#192 = DIRECTION('',(0.,0.8576547366,0.514225974439));
#193 = ORIENTED_EDGE('',*,*,#194,.F.);
#194 = EDGE_CURVE('',#195,#187,#197,.T.);
#195 = VERTEX_POINT('',#196);
#196 = CARTESIAN_POINT('',(2.725,81.2778,10.3427));
#197 = LINE('',#198,#199);
#198 = CARTESIAN_POINT('',(2.725,81.2778,10.3427));
#199 = VECTOR('',#200,1.);
#200 = DIRECTION('',(1.,0.,0.));
#201 = ORIENTED_EDGE('',*,*,#202,.F.);
#202 = EDGE_CURVE('',#164,#195,#203,.T.);
#203 = LINE('',#204,#205);
#204 = CARTESIAN_POINT('',(2.725,80.857,10.0904));
#205 = VECTOR('',#206,1.);
#206 = DIRECTION('',(0.,0.8576547366,0.514225974439));
#207 = PLANE('',#208);
#208 = AXIS2_PLACEMENT_3D('',#209,#210,#211);
#209 = CARTESIAN_POINT('',(2.725,80.857,10.0904));
#210 = DIRECTION('',(0.,0.514225974439,-0.8576547366));
#211 = DIRECTION('',(0.,-0.8576547366,-0.514225974439));
#212 = ADVANCED_FACE('',(#213),#238,.T.);
#213 = FACE_BOUND('',#214,.F.);
#214 = EDGE_LOOP('',(#215,#216,#224,#232));
#215 = ORIENTED_EDGE('',*,*,#194,.T.);
#216 = ORIENTED_EDGE('',*,*,#217,.T.);
#217 = EDGE_CURVE('',#187,#218,#220,.T.);
#218 = VERTEX_POINT('',#219);
#219 = CARTESIAN_POINT('',(5.575,81.672,10.6349));
#220 = LINE('',#221,#222);
#221 = CARTESIAN_POINT('',(5.575,81.2778,10.3427));
#222 = VECTOR('',#223,1.);
#223 = DIRECTION('',(0.,0.803362199641,0.595490702017));
#224 = ORIENTED_EDGE('',*,*,#225,.F.);
#225 = EDGE_CURVE('',#226,#218,#228,.T.);
#226 = VERTEX_POINT('',#227);
#227 = CARTESIAN_POINT('',(2.725,81.672,10.6349));
#228 = LINE('',#229,#230);
#229 = CARTESIAN_POINT('',(2.725,81.672,10.6349));
#230 = VECTOR('',#231,1.);
#231 = DIRECTION('',(1.,0.,0.));
#232 = ORIENTED_EDGE('',*,*,#233,.F.);
#233 = EDGE_CURVE('',#195,#226,#234,.T.);
#234 = LINE('',#235,#236);
#235 = CARTESIAN_POINT('',(2.725,81.2778,10.3427));
#236 = VECTOR('',#237,1.);
#237 = DIRECTION('',(0.,0.803362199641,0.595490702017));
#238 = PLANE('',#239);
#239 = AXIS2_PLACEMENT_3D('',#240,#241,#242);
#240 = CARTESIAN_POINT('',(2.725,81.2778,10.3427));
#241 = DIRECTION('',(0.,0.595490702017,-0.803362199641));
#242 = DIRECTION('',(0.,-0.803362199641,-0.595490702017));
#243 = ADVANCED_FACE('',(#244),#269,.T.);
#244 = FACE_BOUND('',#245,.F.);
#245 = EDGE_LOOP('',(#246,#247,#255,#263));
#246 = ORIENTED_EDGE('',*,*,#225,.T.);
#247 = ORIENTED_EDGE('',*,*,#248,.T.);
#248 = EDGE_CURVE('',#218,#249,#251,.T.);
#249 = VERTEX_POINT('',#250);
#250 = CARTESIAN_POINT('',(5.575,82.0355,10.9645));
#251 = LINE('',#252,#253);
#252 = CARTESIAN_POINT('',(5.575,81.672,10.6349));
#253 = VECTOR('',#254,1.);
#254 = DIRECTION('',(0.,0.740806292806,0.671718718318));
#255 = ORIENTED_EDGE('',*,*,#256,.F.);
#256 = EDGE_CURVE('',#257,#249,#259,.T.);
#257 = VERTEX_POINT('',#258);
#258 = CARTESIAN_POINT('',(2.725,82.0355,10.9645));
#259 = LINE('',#260,#261);
#260 = CARTESIAN_POINT('',(2.725,82.0355,10.9645));
#261 = VECTOR('',#262,1.);
#262 = DIRECTION('',(1.,0.,0.));
#263 = ORIENTED_EDGE('',*,*,#264,.F.);
#264 = EDGE_CURVE('',#226,#257,#265,.T.);
#265 = LINE('',#266,#267);
#266 = CARTESIAN_POINT('',(2.725,81.672,10.6349));
#267 = VECTOR('',#268,1.);
#268 = DIRECTION('',(0.,0.740806292806,0.671718718318));
#269 = PLANE('',#270);
#270 = AXIS2_PLACEMENT_3D('',#271,#272,#273);
#271 = CARTESIAN_POINT('',(2.725,81.672,10.6349));
#272 = DIRECTION('',(0.,0.671718718318,-0.740806292806));
#273 = DIRECTION('',(0.,-0.740806292806,-0.671718718318));
#274 = ADVANCED_FACE('',(#275),#300,.T.);
#275 = FACE_BOUND('',#276,.F.);
#276 = EDGE_LOOP('',(#277,#278,#286,#294));
#277 = ORIENTED_EDGE('',*,*,#256,.T.);
#278 = ORIENTED_EDGE('',*,*,#279,.T.);
#279 = EDGE_CURVE('',#249,#280,#282,.T.);
#280 = VERTEX_POINT('',#281);
#281 = CARTESIAN_POINT('',(5.575,82.3651,11.328));
#282 = LINE('',#283,#284);
#283 = CARTESIAN_POINT('',(5.575,82.0355,10.9645));
#284 = VECTOR('',#285,1.);
#285 = DIRECTION('',(0.,0.671718718318,0.740806292806));
#286 = ORIENTED_EDGE('',*,*,#287,.F.);
#287 = EDGE_CURVE('',#288,#280,#290,.T.);
#288 = VERTEX_POINT('',#289);
#289 = CARTESIAN_POINT('',(2.725,82.3651,11.328));
#290 = LINE('',#291,#292);
#291 = CARTESIAN_POINT('',(2.725,82.3651,11.328));
#292 = VECTOR('',#293,1.);
#293 = DIRECTION('',(1.,0.,0.));
#294 = ORIENTED_EDGE('',*,*,#295,.F.);
#295 = EDGE_CURVE('',#257,#288,#296,.T.);
#296 = LINE('',#297,#298);
#297 = CARTESIAN_POINT('',(2.725,82.0355,10.9645));
#298 = VECTOR('',#299,1.);
#299 = DIRECTION('',(0.,0.671718718318,0.740806292806));
#300 = PLANE('',#301);
#301 = AXIS2_PLACEMENT_3D('',#302,#303,#304);
#302 = CARTESIAN_POINT('',(2.725,82.0355,10.9645));
#303 = DIRECTION('',(0.,0.740806292806,-0.671718718318));
#304 = DIRECTION('',(0.,-0.671718718318,-0.740806292806));
#305 = ADVANCED_FACE('',(#306),#331,.T.);
#306 = FACE_BOUND('',#307,.F.);
#307 = EDGE_LOOP('',(#308,#309,#317,#325));
#308 = ORIENTED_EDGE('',*,*,#287,.T.);
#309 = ORIENTED_EDGE('',*,*,#310,.T.);
#310 = EDGE_CURVE('',#280,#311,#313,.T.);
#311 = VERTEX_POINT('',#312);
#312 = CARTESIAN_POINT('',(5.575,82.6573,11.7222));
#313 = LINE('',#314,#315);
#314 = CARTESIAN_POINT('',(5.575,82.3651,11.328));
#315 = VECTOR('',#316,1.);
#316 = DIRECTION('',(0.,0.595490702017,0.803362199641));
#317 = ORIENTED_EDGE('',*,*,#318,.F.);
#318 = EDGE_CURVE('',#319,#311,#321,.T.);
#319 = VERTEX_POINT('',#320);
#320 = CARTESIAN_POINT('',(2.725,82.6573,11.7222));
#321 = LINE('',#322,#323);
#322 = CARTESIAN_POINT('',(2.725,82.6573,11.7222));
#323 = VECTOR('',#324,1.);
#324 = DIRECTION('',(1.,0.,0.));
#325 = ORIENTED_EDGE('',*,*,#326,.F.);
#326 = EDGE_CURVE('',#288,#319,#327,.T.);
#327 = LINE('',#328,#329);
#328 = CARTESIAN_POINT('',(2.725,82.3651,11.328));
#329 = VECTOR('',#330,1.);
#330 = DIRECTION('',(0.,0.595490702017,0.803362199641));
#331 = PLANE('',#332);
#332 = AXIS2_PLACEMENT_3D('',#333,#334,#335);
#333 = CARTESIAN_POINT('',(2.725,82.3651,11.328));
#334 = DIRECTION('',(0.,0.803362199641,-0.595490702017));
#335 = DIRECTION('',(0.,-0.595490702017,-0.803362199641));
#336 = ADVANCED_FACE('',(#337),#362,.T.);
#337 = FACE_BOUND('',#338,.F.);
#338 = EDGE_LOOP('',(#339,#340,#348,#356));
#339 = ORIENTED_EDGE('',*,*,#318,.T.);
#340 = ORIENTED_EDGE('',*,*,#341,.T.);
#341 = EDGE_CURVE('',#311,#342,#344,.T.);
#342 = VERTEX_POINT('',#343);
#343 = CARTESIAN_POINT('',(5.575,82.9096,12.143));
#344 = LINE('',#345,#346);
#345 = CARTESIAN_POINT('',(5.575,82.6573,11.7222));
#346 = VECTOR('',#347,1.);
#347 = DIRECTION('',(0.,0.514225974439,0.8576547366));
#348 = ORIENTED_EDGE('',*,*,#349,.F.);
#349 = EDGE_CURVE('',#350,#342,#352,.T.);
#350 = VERTEX_POINT('',#351);
#351 = CARTESIAN_POINT('',(2.725,82.9096,12.143));
#352 = LINE('',#353,#354);
#353 = CARTESIAN_POINT('',(2.725,82.9096,12.143));
#354 = VECTOR('',#355,1.);
#355 = DIRECTION('',(1.,0.,0.));
#356 = ORIENTED_EDGE('',*,*,#357,.F.);
#357 = EDGE_CURVE('',#319,#350,#358,.T.);
#358 = LINE('',#359,#360);
#359 = CARTESIAN_POINT('',(2.725,82.6573,11.7222));
#360 = VECTOR('',#361,1.);
#361 = DIRECTION('',(0.,0.514225974439,0.8576547366));
#362 = PLANE('',#363);
#363 = AXIS2_PLACEMENT_3D('',#364,#365,#366);
#364 = CARTESIAN_POINT('',(2.725,82.6573,11.7222));
#365 = DIRECTION('',(0.,0.8576547366,-0.514225974439));
#366 = DIRECTION('',(0.,-0.514225974439,-0.8576547366));
#367 = ADVANCED_FACE('',(#368),#393,.T.);
#368 = FACE_BOUND('',#369,.F.);
#369 = EDGE_LOOP('',(#370,#371,#379,#387));
#370 = ORIENTED_EDGE('',*,*,#349,.T.);
#371 = ORIENTED_EDGE('',*,*,#372,.T.);
#372 = EDGE_CURVE('',#342,#373,#375,.T.);
#373 = VERTEX_POINT('',#374);
#374 = CARTESIAN_POINT('',(5.575,83.1194,12.5866));
#375 = LINE('',#376,#377);
#376 = CARTESIAN_POINT('',(5.575,82.9096,12.143));
#377 = VECTOR('',#378,1.);
#378 = DIRECTION('',(0.,0.427543145321,0.903994944062));
#379 = ORIENTED_EDGE('',*,*,#380,.F.);
#380 = EDGE_CURVE('',#381,#373,#383,.T.);
#381 = VERTEX_POINT('',#382);
#382 = CARTESIAN_POINT('',(2.725,83.1194,12.5866));
#383 = LINE('',#384,#385);
#384 = CARTESIAN_POINT('',(2.725,83.1194,12.5866));
#385 = VECTOR('',#386,1.);
#386 = DIRECTION('',(1.,0.,0.));
#387 = ORIENTED_EDGE('',*,*,#388,.F.);
#388 = EDGE_CURVE('',#350,#381,#389,.T.);
#389 = LINE('',#390,#391);
#390 = CARTESIAN_POINT('',(2.725,82.9096,12.143));
#391 = VECTOR('',#392,1.);
#392 = DIRECTION('',(0.,0.427543145321,0.903994944062));
#393 = PLANE('',#394);
#394 = AXIS2_PLACEMENT_3D('',#395,#396,#397);
#395 = CARTESIAN_POINT('',(2.725,82.9096,12.143));
#396 = DIRECTION('',(0.,0.903994944062,-0.427543145321));
#397 = DIRECTION('',(0.,-0.427543145321,-0.903994944062));
#398 = ADVANCED_FACE('',(#399),#424,.T.);
#399 = FACE_BOUND('',#400,.F.);
#400 = EDGE_LOOP('',(#401,#402,#410,#418));
#401 = ORIENTED_EDGE('',*,*,#380,.T.);
#402 = ORIENTED_EDGE('',*,*,#403,.T.);
#403 = EDGE_CURVE('',#373,#404,#406,.T.);
#404 = VERTEX_POINT('',#405);
#405 = CARTESIAN_POINT('',(5.575,83.2847,13.0486));
#406 = LINE('',#407,#408);
#407 = CARTESIAN_POINT('',(5.575,83.1194,12.5866));
#408 = VECTOR('',#409,1.);
#409 = DIRECTION('',(0.,0.336878573802,0.941548101009));
#410 = ORIENTED_EDGE('',*,*,#411,.F.);
#411 = EDGE_CURVE('',#412,#404,#414,.T.);
#412 = VERTEX_POINT('',#413);
#413 = CARTESIAN_POINT('',(2.725,83.2847,13.0486));
#414 = LINE('',#415,#416);
#415 = CARTESIAN_POINT('',(2.725,83.2847,13.0486));
#416 = VECTOR('',#417,1.);
#417 = DIRECTION('',(1.,0.,0.));
#418 = ORIENTED_EDGE('',*,*,#419,.F.);
#419 = EDGE_CURVE('',#381,#412,#420,.T.);
#420 = LINE('',#421,#422);
#421 = CARTESIAN_POINT('',(2.725,83.1194,12.5866));
#422 = VECTOR('',#423,1.);
#423 = DIRECTION('',(0.,0.336878573802,0.941548101009));
#424 = PLANE('',#425);
#425 = AXIS2_PLACEMENT_3D('',#426,#427,#428);
#426 = CARTESIAN_POINT('',(2.725,83.1194,12.5866));
#427 = DIRECTION('',(0.,0.941548101009,-0.336878573802));
#428 = DIRECTION('',(0.,-0.336878573802,-0.941548101009));
#429 = ADVANCED_FACE('',(#430),#455,.T.);
#430 = FACE_BOUND('',#431,.F.);
#431 = EDGE_LOOP('',(#432,#433,#441,#449));
#432 = ORIENTED_EDGE('',*,*,#411,.T.);
#433 = ORIENTED_EDGE('',*,*,#434,.T.);
#434 = EDGE_CURVE('',#404,#435,#437,.T.);
#435 = VERTEX_POINT('',#436);
#436 = CARTESIAN_POINT('',(5.575,83.4039,13.5246));
#437 = LINE('',#438,#439);
#438 = CARTESIAN_POINT('',(5.575,83.2847,13.0486));
#439 = VECTOR('',#440,1.);
#440 = DIRECTION('',(0.,0.242919213203,0.970046522522));
#441 = ORIENTED_EDGE('',*,*,#442,.F.);
#442 = EDGE_CURVE('',#443,#435,#445,.T.);
#443 = VERTEX_POINT('',#444);
#444 = CARTESIAN_POINT('',(2.725,83.4039,13.5246));
#445 = LINE('',#446,#447);
#446 = CARTESIAN_POINT('',(2.725,83.4039,13.5246));
#447 = VECTOR('',#448,1.);
#448 = DIRECTION('',(1.,0.,0.));
#449 = ORIENTED_EDGE('',*,*,#450,.F.);
#450 = EDGE_CURVE('',#412,#443,#451,.T.);
#451 = LINE('',#452,#453);
#452 = CARTESIAN_POINT('',(2.725,83.2847,13.0486));
#453 = VECTOR('',#454,1.);
#454 = DIRECTION('',(0.,0.242919213203,0.970046522522));
#455 = PLANE('',#456);
#456 = AXIS2_PLACEMENT_3D('',#457,#458,#459);
#457 = CARTESIAN_POINT('',(2.725,83.2847,13.0486));
#458 = DIRECTION('',(0.,0.970046522522,-0.242919213203));
#459 = DIRECTION('',(0.,-0.242919213203,-0.970046522522));
#460 = ADVANCED_FACE('',(#461),#486,.T.);
#461 = FACE_BOUND('',#462,.F.);
#462 = EDGE_LOOP('',(#463,#464,#472,#480));
#463 = ORIENTED_EDGE('',*,*,#442,.T.);
#464 = ORIENTED_EDGE('',*,*,#465,.T.);
#465 = EDGE_CURVE('',#435,#466,#468,.T.);
#466 = VERTEX_POINT('',#467);
#467 = CARTESIAN_POINT('',(5.575,83.4759,14.0099));
#468 = LINE('',#469,#470);
#469 = CARTESIAN_POINT('',(5.575,83.4039,13.5246));
#470 = VECTOR('',#471,1.);
#471 = DIRECTION('',(0.,0.146755494489,0.98917279827));
#472 = ORIENTED_EDGE('',*,*,#473,.F.);
#473 = EDGE_CURVE('',#474,#466,#476,.T.);
#474 = VERTEX_POINT('',#475);
#475 = CARTESIAN_POINT('',(2.725,83.4759,14.0099));
#476 = LINE('',#477,#478);
#477 = CARTESIAN_POINT('',(2.725,83.4759,14.0099));
#478 = VECTOR('',#479,1.);
#479 = DIRECTION('',(1.,0.,0.));
#480 = ORIENTED_EDGE('',*,*,#481,.F.);
#481 = EDGE_CURVE('',#443,#474,#482,.T.);
#482 = LINE('',#483,#484);
#483 = CARTESIAN_POINT('',(2.725,83.4039,13.5246));
#484 = VECTOR('',#485,1.);
#485 = DIRECTION('',(0.,0.146755494489,0.98917279827));
#486 = PLANE('',#487);
#487 = AXIS2_PLACEMENT_3D('',#488,#489,#490);
#488 = CARTESIAN_POINT('',(2.725,83.4039,13.5246));
#489 = DIRECTION('',(0.,0.98917279827,-0.146755494489));
#490 = DIRECTION('',(0.,-0.146755494489,-0.98917279827));
#491 = ADVANCED_FACE('',(#492),#517,.T.);
#492 = FACE_BOUND('',#493,.F.);
#493 = EDGE_LOOP('',(#494,#495,#503,#511));
#494 = ORIENTED_EDGE('',*,*,#473,.T.);
#495 = ORIENTED_EDGE('',*,*,#496,.T.);
#496 = EDGE_CURVE('',#466,#497,#499,.T.);
#497 = VERTEX_POINT('',#498);
#498 = CARTESIAN_POINT('',(5.575,83.5,14.5));
#499 = LINE('',#500,#501);
#500 = CARTESIAN_POINT('',(5.575,83.4759,14.0099));
#501 = VECTOR('',#502,1.);
#502 = DIRECTION('',(0.,4.911429355864E-02,0.998793164859));
#503 = ORIENTED_EDGE('',*,*,#504,.F.);
#504 = EDGE_CURVE('',#505,#497,#507,.T.);
#505 = VERTEX_POINT('',#506);
#506 = CARTESIAN_POINT('',(2.725,83.5,14.5));
#507 = LINE('',#508,#509);
#508 = CARTESIAN_POINT('',(2.725,83.5,14.5));
#509 = VECTOR('',#510,1.);
#510 = DIRECTION('',(1.,0.,0.));
#511 = ORIENTED_EDGE('',*,*,#512,.F.);
#512 = EDGE_CURVE('',#474,#505,#513,.T.);
#513 = LINE('',#514,#515);
#514 = CARTESIAN_POINT('',(2.725,83.4759,14.0099));
#515 = VECTOR('',#516,1.);
#516 = DIRECTION('',(0.,4.911429355864E-02,0.998793164859));
#517 = PLANE('',#518);
#518 = AXIS2_PLACEMENT_3D('',#519,#520,#521);
#519 = CARTESIAN_POINT('',(2.725,83.4759,14.0099));
#520 = DIRECTION('',(0.,0.998793164859,-4.911429355864E-02));
#521 = DIRECTION('',(0.,-4.911429355864E-02,-0.998793164859));
#522 = ADVANCED_FACE('',(#523),#548,.T.);
#523 = FACE_BOUND('',#524,.F.);
#524 = EDGE_LOOP('',(#525,#526,#534,#542));
#525 = ORIENTED_EDGE('',*,*,#504,.T.);
#526 = ORIENTED_EDGE('',*,*,#527,.T.);
#527 = EDGE_CURVE('',#497,#528,#530,.T.);
#528 = VERTEX_POINT('',#529);
#529 = CARTESIAN_POINT('',(5.575,83.5,46.5));
#530 = LINE('',#531,#532);
#531 = CARTESIAN_POINT('',(5.575,83.5,14.5));
#532 = VECTOR('',#533,1.);
#533 = DIRECTION('',(0.,0.,1.));
#534 = ORIENTED_EDGE('',*,*,#535,.F.);
#535 = EDGE_CURVE('',#536,#528,#538,.T.);
#536 = VERTEX_POINT('',#537);
#537 = CARTESIAN_POINT('',(2.725,83.5,46.5));
#538 = LINE('',#539,#540);
#539 = CARTESIAN_POINT('',(2.725,83.5,46.5));
#540 = VECTOR('',#541,1.);
#541 = DIRECTION('',(1.,0.,0.));
#542 = ORIENTED_EDGE('',*,*,#543,.F.);
#543 = EDGE_CURVE('',#505,#536,#544,.T.);
#544 = LINE('',#545,#546);
#545 = CARTESIAN_POINT('',(2.725,83.5,14.5));
#546 = VECTOR('',#547,1.);
#547 = DIRECTION('',(0.,0.,1.));
#548 = PLANE('',#549);
#549 = AXIS2_PLACEMENT_3D('',#550,#551,#552);
#550 = CARTESIAN_POINT('',(2.725,83.5,14.5));
#551 = DIRECTION('',(0.,1.,0.));
#552 = DIRECTION('',(0.,0.,-1.));
#553 = ADVANCED_FACE('',(#554),#579,.T.);
#554 = FACE_BOUND('',#555,.F.);
#555 = EDGE_LOOP('',(#556,#557,#565,#573));
#556 = ORIENTED_EDGE('',*,*,#535,.T.);
#557 = ORIENTED_EDGE('',*,*,#558,.T.);
#558 = EDGE_CURVE('',#528,#559,#561,.T.);
#559 = VERTEX_POINT('',#560);
#560 = CARTESIAN_POINT('',(5.575,83.4759,46.9901));
#561 = LINE('',#562,#563);
#562 = CARTESIAN_POINT('',(5.575,83.5,46.5));
#563 = VECTOR('',#564,1.);
#564 = DIRECTION('',(0.,-4.911429355864E-02,0.998793164859));
#565 = ORIENTED_EDGE('',*,*,#566,.F.);
#566 = EDGE_CURVE('',#567,#559,#569,.T.);
#567 = VERTEX_POINT('',#568);
#568 = CARTESIAN_POINT('',(2.725,83.4759,46.9901));
#569 = LINE('',#570,#571);
#570 = CARTESIAN_POINT('',(2.725,83.4759,46.9901));
#571 = VECTOR('',#572,1.);
#572 = DIRECTION('',(1.,0.,0.));
#573 = ORIENTED_EDGE('',*,*,#574,.F.);
#574 = EDGE_CURVE('',#536,#567,#575,.T.);
#575 = LINE('',#576,#577);
#576 = CARTESIAN_POINT('',(2.725,83.5,46.5));
#577 = VECTOR('',#578,1.);
#578 = DIRECTION('',(0.,-4.911429355864E-02,0.998793164859));
#579 = PLANE('',#580);
#580 = AXIS2_PLACEMENT_3D('',#581,#582,#583);
#581 = CARTESIAN_POINT('',(2.725,83.5,46.5));
#582 = DIRECTION('',(0.,0.998793164859,4.911429355864E-02));
#583 = DIRECTION('',(0.,4.911429355864E-02,-0.998793164859));
#584 = ADVANCED_FACE('',(#585),#610,.T.);
#585 = FACE_BOUND('',#586,.F.);
#586 = EDGE_LOOP('',(#587,#588,#596,#604));
#587 = ORIENTED_EDGE('',*,*,#566,.T.);
#588 = ORIENTED_EDGE('',*,*,#589,.T.);
#589 = EDGE_CURVE('',#559,#590,#592,.T.);
#590 = VERTEX_POINT('',#591);
#591 = CARTESIAN_POINT('',(5.575,83.4039,47.4754));
#592 = LINE('',#593,#594);
#593 = CARTESIAN_POINT('',(5.575,83.4759,46.9901));
#594 = VECTOR('',#595,1.);
#595 = DIRECTION('',(0.,-0.146755494489,0.98917279827));
#596 = ORIENTED_EDGE('',*,*,#597,.F.);
#597 = EDGE_CURVE('',#598,#590,#600,.T.);
#598 = VERTEX_POINT('',#599);
#599 = CARTESIAN_POINT('',(2.725,83.4039,47.4754));
#600 = LINE('',#601,#602);
#601 = CARTESIAN_POINT('',(2.725,83.4039,47.4754));
#602 = VECTOR('',#603,1.);
#603 = DIRECTION('',(1.,0.,0.));
#604 = ORIENTED_EDGE('',*,*,#605,.F.);
#605 = EDGE_CURVE('',#567,#598,#606,.T.);
#606 = LINE('',#607,#608);
#607 = CARTESIAN_POINT('',(2.725,83.4759,46.9901));
#608 = VECTOR('',#609,1.);
#609 = DIRECTION('',(0.,-0.146755494489,0.98917279827));
#610 = PLANE('',#611);
#611 = AXIS2_PLACEMENT_3D('',#612,#613,#614);
#612 = CARTESIAN_POINT('',(2.725,83.4759,46.9901));
#613 = DIRECTION('',(0.,0.98917279827,0.146755494489));
#614 = DIRECTION('',(0.,0.146755494489,-0.98917279827));
#615 = ADVANCED_FACE('',(#616),#641,.T.);
#616 = FACE_BOUND('',#617,.F.);
#617 = EDGE_LOOP('',(#618,#619,#627,#635));
#618 = ORIENTED_EDGE('',*,*,#597,.T.);
#619 = ORIENTED_EDGE('',*,*,#620,.T.);
#620 = EDGE_CURVE('',#590,#621,#623,.T.);
#621 = VERTEX_POINT('',#622);
#622 = CARTESIAN_POINT('',(5.575,83.2847,47.9514));
#623 = LINE('',#624,#625);
#624 = CARTESIAN_POINT('',(5.575,83.4039,47.4754));
#625 = VECTOR('',#626,1.);
#626 = DIRECTION('',(0.,-0.242919213203,0.970046522522));
#627 = ORIENTED_EDGE('',*,*,#628,.F.);
#628 = EDGE_CURVE('',#629,#621,#631,.T.);
#629 = VERTEX_POINT('',#630);
#630 = CARTESIAN_POINT('',(2.725,83.2847,47.9514));
#631 = LINE('',#632,#633);
#632 = CARTESIAN_POINT('',(2.725,83.2847,47.9514));
#633 = VECTOR('',#634,1.);
#634 = DIRECTION('',(1.,0.,0.));
#635 = ORIENTED_EDGE('',*,*,#636,.F.);
#636 = EDGE_CURVE('',#598,#629,#637,.T.);
#637 = LINE('',#638,#639);
#638 = CARTESIAN_POINT('',(2.725,83.4039,47.4754));
#639 = VECTOR('',#640,1.);
#640 = DIRECTION('',(0.,-0.242919213203,0.970046522522));
#641 = PLANE('',#642);
#642 = AXIS2_PLACEMENT_3D('',#643,#644,#645);
#643 = CARTESIAN_POINT('',(2.725,83.4039,47.4754));
#644 = DIRECTION('',(0.,0.970046522522,0.242919213203));
#645 = DIRECTION('',(0.,0.242919213203,-0.970046522522));
#646 = ADVANCED_FACE('',(#647),#672,.T.);
#647 = FACE_BOUND('',#648,.F.);
#648 = EDGE_LOOP('',(#649,#650,#658,#666));
#649 = ORIENTED_EDGE('',*,*,#628,.T.);
#650 = ORIENTED_EDGE('',*,*,#651,.T.);
#651 = EDGE_CURVE('',#621,#652,#654,.T.);
#652 = VERTEX_POINT('',#653);
#653 = CARTESIAN_POINT('',(5.575,83.1194,48.4134));
#654 = LINE('',#655,#656);
#655 = CARTESIAN_POINT('',(5.575,83.2847,47.9514));
#656 = VECTOR('',#657,1.);
#657 = DIRECTION('',(0.,-0.336878573802,0.941548101009));
#658 = ORIENTED_EDGE('',*,*,#659,.F.);
#659 = EDGE_CURVE('',#660,#652,#662,.T.);
#660 = VERTEX_POINT('',#661);
#661 = CARTESIAN_POINT('',(2.725,83.1194,48.4134));
#662 = LINE('',#663,#664);
#663 = CARTESIAN_POINT('',(2.725,83.1194,48.4134));
#664 = VECTOR('',#665,1.);
#665 = DIRECTION('',(1.,0.,0.));
#666 = ORIENTED_EDGE('',*,*,#667,.F.);
#667 = EDGE_CURVE('',#629,#660,#668,.T.);
#668 = LINE('',#669,#670);
#669 = CARTESIAN_POINT('',(2.725,83.2847,47.9514));
#670 = VECTOR('',#671,1.);
#671 = DIRECTION('',(0.,-0.336878573802,0.941548101009));
#672 = PLANE('',#673);
#673 = AXIS2_PLACEMENT_3D('',#674,#675,#676);
#674 = CARTESIAN_POINT('',(2.725,83.2847,47.9514));
#675 = DIRECTION('',(0.,0.941548101009,0.336878573802));
#676 = DIRECTION('',(0.,0.336878573802,-0.941548101009));
#677 = ADVANCED_FACE('',(#678),#703,.T.);
#678 = FACE_BOUND('',#679,.F.);
#679 = EDGE_LOOP('',(#680,#681,#689,#697));
#680 = ORIENTED_EDGE('',*,*,#659,.T.);
#681 = ORIENTED_EDGE('',*,*,#682,.T.);
#682 = EDGE_CURVE('',#652,#683,#685,.T.);
#683 = VERTEX_POINT('',#684);
#684 = CARTESIAN_POINT('',(5.575,82.9096,48.857));
#685 = LINE('',#686,#687);
#686 = CARTESIAN_POINT('',(5.575,83.1194,48.4134));
#687 = VECTOR('',#688,1.);
#688 = DIRECTION('',(0.,-0.427543145321,0.903994944062));
#689 = ORIENTED_EDGE('',*,*,#690,.F.);
#690 = EDGE_CURVE('',#691,#683,#693,.T.);
#691 = VERTEX_POINT('',#692);
#692 = CARTESIAN_POINT('',(2.725,82.9096,48.857));
#693 = LINE('',#694,#695);
#694 = CARTESIAN_POINT('',(2.725,82.9096,48.857));
#695 = VECTOR('',#696,1.);
#696 = DIRECTION('',(1.,0.,0.));
#697 = ORIENTED_EDGE('',*,*,#698,.F.);
#698 = EDGE_CURVE('',#660,#691,#699,.T.);
#699 = LINE('',#700,#701);
#700 = CARTESIAN_POINT('',(2.725,83.1194,48.4134));
#701 = VECTOR('',#702,1.);
#702 = DIRECTION('',(0.,-0.427543145321,0.903994944062));
#703 = PLANE('',#704);
#704 = AXIS2_PLACEMENT_3D('',#705,#706,#707);
#705 = CARTESIAN_POINT('',(2.725,83.1194,48.4134));
#706 = DIRECTION('',(0.,0.903994944062,0.427543145321));
#707 = DIRECTION('',(0.,0.427543145321,-0.903994944062));
#708 = ADVANCED_FACE('',(#709),#734,.T.);
#709 = FACE_BOUND('',#710,.F.);
#710 = EDGE_LOOP('',(#711,#712,#720,#728));
#711 = ORIENTED_EDGE('',*,*,#690,.T.);
#712 = ORIENTED_EDGE('',*,*,#713,.T.);
#713 = EDGE_CURVE('',#683,#714,#716,.T.);
#714 = VERTEX_POINT('',#715);
#715 = CARTESIAN_POINT('',(5.575,82.6573,49.2778));
#716 = LINE('',#717,#718);
#717 = CARTESIAN_POINT('',(5.575,82.9096,48.857));
#718 = VECTOR('',#719,1.);
#719 = DIRECTION('',(0.,-0.514225974439,0.8576547366));
#720 = ORIENTED_EDGE('',*,*,#721,.F.);
#721 = EDGE_CURVE('',#722,#714,#724,.T.);
#722 = VERTEX_POINT('',#723);
#723 = CARTESIAN_POINT('',(2.725,82.6573,49.2778));
#724 = LINE('',#725,#726);
#725 = CARTESIAN_POINT('',(2.725,82.6573,49.2778));
#726 = VECTOR('',#727,1.);
#727 = DIRECTION('',(1.,0.,0.));
#728 = ORIENTED_EDGE('',*,*,#729,.F.);
#729 = EDGE_CURVE('',#691,#722,#730,.T.);
#730 = LINE('',#731,#732);
#731 = CARTESIAN_POINT('',(2.725,82.9096,48.857));
#732 = VECTOR('',#733,1.);
#733 = DIRECTION('',(0.,-0.514225974439,0.8576547366));
#734 = PLANE('',#735);
#735 = AXIS2_PLACEMENT_3D('',#736,#737,#738);
#736 = CARTESIAN_POINT('',(2.725,82.9096,48.857));
#737 = DIRECTION('',(0.,0.8576547366,0.514225974439));
#738 = DIRECTION('',(0.,0.514225974439,-0.8576547366));
#739 = ADVANCED_FACE('',(#740),#765,.T.);
#740 = FACE_BOUND('',#741,.F.);
#741 = EDGE_LOOP('',(#742,#743,#751,#759));
#742 = ORIENTED_EDGE('',*,*,#721,.T.);
#743 = ORIENTED_EDGE('',*,*,#744,.T.);
#744 = EDGE_CURVE('',#714,#745,#747,.T.);
#745 = VERTEX_POINT('',#746);
#746 = CARTESIAN_POINT('',(5.575,82.3651,49.672));
#747 = LINE('',#748,#749);
#748 = CARTESIAN_POINT('',(5.575,82.6573,49.2778));
#749 = VECTOR('',#750,1.);
#750 = DIRECTION('',(0.,-0.595490702017,0.803362199641));
#751 = ORIENTED_EDGE('',*,*,#752,.F.);
#752 = EDGE_CURVE('',#753,#745,#755,.T.);
#753 = VERTEX_POINT('',#754);
#754 = CARTESIAN_POINT('',(2.725,82.3651,49.672));
#755 = LINE('',#756,#757);
#756 = CARTESIAN_POINT('',(2.725,82.3651,49.672));
#757 = VECTOR('',#758,1.);
#758 = DIRECTION('',(1.,0.,0.));
#759 = ORIENTED_EDGE('',*,*,#760,.F.);
#760 = EDGE_CURVE('',#722,#753,#761,.T.);
#761 = LINE('',#762,#763);
#762 = CARTESIAN_POINT('',(2.725,82.6573,49.2778));
#763 = VECTOR('',#764,1.);
#764 = DIRECTION('',(0.,-0.595490702017,0.803362199641));
#765 = PLANE('',#766);
#766 = AXIS2_PLACEMENT_3D('',#767,#768,#769);
#767 = CARTESIAN_POINT('',(2.725,82.6573,49.2778));
#768 = DIRECTION('',(0.,0.803362199641,0.595490702017));
#769 = DIRECTION('',(0.,0.595490702017,-0.803362199641));
#770 = ADVANCED_FACE('',(#771),#796,.T.);
#771 = FACE_BOUND('',#772,.F.);
#772 = EDGE_LOOP('',(#773,#774,#782,#790));
#773 = ORIENTED_EDGE('',*,*,#752,.T.);
#774 = ORIENTED_EDGE('',*,*,#775,.T.);
#775 = EDGE_CURVE('',#745,#776,#778,.T.);
#776 = VERTEX_POINT('',#777);
#777 = CARTESIAN_POINT('',(5.575,82.0355,50.0355));
#778 = LINE('',#779,#780);
#779 = CARTESIAN_POINT('',(5.575,82.3651,49.672));
#780 = VECTOR('',#781,1.);
#781 = DIRECTION('',(0.,-0.671718718318,0.740806292806));
#782 = ORIENTED_EDGE('',*,*,#783,.F.);
#783 = EDGE_CURVE('',#784,#776,#786,.T.);
#784 = VERTEX_POINT('',#785);
#785 = CARTESIAN_POINT('',(2.725,82.0355,50.0355));
#786 = LINE('',#787,#788);
#787 = CARTESIAN_POINT('',(2.725,82.0355,50.0355));
#788 = VECTOR('',#789,1.);
#789 = DIRECTION('',(1.,0.,0.));
#790 = ORIENTED_EDGE('',*,*,#791,.F.);
#791 = EDGE_CURVE('',#753,#784,#792,.T.);
#792 = LINE('',#793,#794);
#793 = CARTESIAN_POINT('',(2.725,82.3651,49.672));
#794 = VECTOR('',#795,1.);
#795 = DIRECTION('',(0.,-0.671718718318,0.740806292806));
#796 = PLANE('',#797);
#797 = AXIS2_PLACEMENT_3D('',#798,#799,#800);
#798 = CARTESIAN_POINT('',(2.725,82.3651,49.672));
#799 = DIRECTION('',(0.,0.740806292806,0.671718718318));
#800 = DIRECTION('',(0.,0.671718718318,-0.740806292806));
#801 = ADVANCED_FACE('',(#802),#827,.T.);
#802 = FACE_BOUND('',#803,.F.);
#803 = EDGE_LOOP('',(#804,#805,#813,#821));
#804 = ORIENTED_EDGE('',*,*,#783,.T.);
#805 = ORIENTED_EDGE('',*,*,#806,.T.);
#806 = EDGE_CURVE('',#776,#807,#809,.T.);
#807 = VERTEX_POINT('',#808);
#808 = CARTESIAN_POINT('',(5.575,81.672,50.3651));
#809 = LINE('',#810,#811);
#810 = CARTESIAN_POINT('',(5.575,82.0355,50.0355));
#811 = VECTOR('',#812,1.);
#812 = DIRECTION('',(0.,-0.740806292806,0.671718718318));
#813 = ORIENTED_EDGE('',*,*,#814,.F.);
#814 = EDGE_CURVE('',#815,#807,#817,.T.);
#815 = VERTEX_POINT('',#816);
#816 = CARTESIAN_POINT('',(2.725,81.672,50.3651));
#817 = LINE('',#818,#819);
#818 = CARTESIAN_POINT('',(2.725,81.672,50.3651));
#819 = VECTOR('',#820,1.);
#820 = DIRECTION('',(1.,0.,0.));
#821 = ORIENTED_EDGE('',*,*,#822,.F.);
#822 = EDGE_CURVE('',#784,#815,#823,.T.);
#823 = LINE('',#824,#825);
#824 = CARTESIAN_POINT('',(2.725,82.0355,50.0355));
#825 = VECTOR('',#826,1.);
#826 = DIRECTION('',(0.,-0.740806292806,0.671718718318));
#827 = PLANE('',#828);
#828 = AXIS2_PLACEMENT_3D('',#829,#830,#831);
#829 = CARTESIAN_POINT('',(2.725,82.0355,50.0355));
#830 = DIRECTION('',(0.,0.671718718318,0.740806292806));
#831 = DIRECTION('',(0.,0.740806292806,-0.671718718318));
#832 = ADVANCED_FACE('',(#833),#858,.T.);
#833 = FACE_BOUND('',#834,.F.);
#834 = EDGE_LOOP('',(#835,#836,#844,#852));
#835 = ORIENTED_EDGE('',*,*,#814,.T.);
#836 = ORIENTED_EDGE('',*,*,#837,.T.);
#837 = EDGE_CURVE('',#807,#838,#840,.T.);
#838 = VERTEX_POINT('',#839);
#839 = CARTESIAN_POINT('',(5.575,81.2778,50.6573));
#840 = LINE('',#841,#842);
#841 = CARTESIAN_POINT('',(5.575,81.672,50.3651));
#842 = VECTOR('',#843,1.);
#843 = DIRECTION('',(0.,-0.803362199641,0.595490702017));
#844 = ORIENTED_EDGE('',*,*,#845,.F.);
#845 = EDGE_CURVE('',#846,#838,#848,.T.);
#846 = VERTEX_POINT('',#847);
#847 = CARTESIAN_POINT('',(2.725,81.2778,50.6573));
#848 = LINE('',#849,#850);
#849 = CARTESIAN_POINT('',(2.725,81.2778,50.6573));
#850 = VECTOR('',#851,1.);
#851 = DIRECTION('',(1.,0.,0.));
#852 = ORIENTED_EDGE('',*,*,#853,.F.);
#853 = EDGE_CURVE('',#815,#846,#854,.T.);
#854 = LINE('',#855,#856);
#855 = CARTESIAN_POINT('',(2.725,81.672,50.3651));
#856 = VECTOR('',#857,1.);
#857 = DIRECTION('',(0.,-0.803362199641,0.595490702017));
#858 = PLANE('',#859);
#859 = AXIS2_PLACEMENT_3D('',#860,#861,#862);
#860 = CARTESIAN_POINT('',(2.725,81.672,50.3651));
#861 = DIRECTION('',(0.,0.595490702017,0.803362199641));
#862 = DIRECTION('',(0.,0.803362199641,-0.595490702017));
#863 = ADVANCED_FACE('',(#864),#889,.T.);
#864 = FACE_BOUND('',#865,.F.);
#865 = EDGE_LOOP('',(#866,#867,#875,#883));
#866 = ORIENTED_EDGE('',*,*,#845,.T.);
#867 = ORIENTED_EDGE('',*,*,#868,.T.);
#868 = EDGE_CURVE('',#838,#869,#871,.T.);
#869 = VERTEX_POINT('',#870);
#870 = CARTESIAN_POINT('',(5.575,80.857,50.9096));
#871 = LINE('',#872,#873);
#872 = CARTESIAN_POINT('',(5.575,81.2778,50.6573));
#873 = VECTOR('',#874,1.);
#874 = DIRECTION('',(0.,-0.8576547366,0.514225974439));
#875 = ORIENTED_EDGE('',*,*,#876,.F.);
#876 = EDGE_CURVE('',#877,#869,#879,.T.);
#877 = VERTEX_POINT('',#878);
#878 = CARTESIAN_POINT('',(2.725,80.857,50.9096));
#879 = LINE('',#880,#881);
#880 = CARTESIAN_POINT('',(2.725,80.857,50.9096));
#881 = VECTOR('',#882,1.);
#882 = DIRECTION('',(1.,0.,0.));
#883 = ORIENTED_EDGE('',*,*,#884,.F.);
#884 = EDGE_CURVE('',#846,#877,#885,.T.);
#885 = LINE('',#886,#887);
#886 = CARTESIAN_POINT('',(2.725,81.2778,50.6573));
#887 = VECTOR('',#888,1.);
#888 = DIRECTION('',(0.,-0.8576547366,0.514225974439));
#889 = PLANE('',#890);
#890 = AXIS2_PLACEMENT_3D('',#891,#892,#893);
#891 = CARTESIAN_POINT('',(2.725,81.2778,50.6573));
#892 = DIRECTION('',(0.,0.514225974439,0.8576547366));
#893 = DIRECTION('',(0.,0.8576547366,-0.514225974439));
#894 = ADVANCED_FACE('',(#895),#920,.T.);
#895 = FACE_BOUND('',#896,.F.);
#896 = EDGE_LOOP('',(#897,#898,#906,#914));
#897 = ORIENTED_EDGE('',*,*,#876,.T.);
#898 = ORIENTED_EDGE('',*,*,#899,.T.);
#899 = EDGE_CURVE('',#869,#900,#902,.T.);
#900 = VERTEX_POINT('',#901);
#901 = CARTESIAN_POINT('',(5.575,80.4134,51.1194));
#902 = LINE('',#903,#904);
#903 = CARTESIAN_POINT('',(5.575,80.857,50.9096));
#904 = VECTOR('',#905,1.);
#905 = DIRECTION('',(0.,-0.903994944062,0.427543145321));
#906 = ORIENTED_EDGE('',*,*,#907,.F.);
#907 = EDGE_CURVE('',#908,#900,#910,.T.);
#908 = VERTEX_POINT('',#909);
#909 = CARTESIAN_POINT('',(2.725,80.4134,51.1194));
#910 = LINE('',#911,#912);
#911 = CARTESIAN_POINT('',(2.725,80.4134,51.1194));
#912 = VECTOR('',#913,1.);
#913 = DIRECTION('',(1.,0.,0.));
#914 = ORIENTED_EDGE('',*,*,#915,.F.);
#915 = EDGE_CURVE('',#877,#908,#916,.T.);
#916 = LINE('',#917,#918);
#917 = CARTESIAN_POINT('',(2.725,80.857,50.9096));
#918 = VECTOR('',#919,1.);
#919 = DIRECTION('',(0.,-0.903994944062,0.427543145321));
#920 = PLANE('',#921);
#921 = AXIS2_PLACEMENT_3D('',#922,#923,#924);
#922 = CARTESIAN_POINT('',(2.725,80.857,50.9096));
#923 = DIRECTION('',(0.,0.427543145321,0.903994944062));
#924 = DIRECTION('',(0.,0.903994944062,-0.427543145321));
#925 = ADVANCED_FACE('',(#926),#951,.T.);
#926 = FACE_BOUND('',#927,.F.);
#927 = EDGE_LOOP('',(#928,#929,#937,#945));
#928 = ORIENTED_EDGE('',*,*,#907,.T.);
#929 = ORIENTED_EDGE('',*,*,#930,.T.);
#930 = EDGE_CURVE('',#900,#931,#933,.T.);
#931 = VERTEX_POINT('',#932);
#932 = CARTESIAN_POINT('',(5.575,79.9514,51.2847));
#933 = LINE('',#934,#935);
#934 = CARTESIAN_POINT('',(5.575,80.4134,51.1194));
#935 = VECTOR('',#936,1.);
#936 = DIRECTION('',(0.,-0.941548101009,0.336878573802));
#937 = ORIENTED_EDGE('',*,*,#938,.F.);
#938 = EDGE_CURVE('',#939,#931,#941,.T.);
#939 = VERTEX_POINT('',#940);
#940 = CARTESIAN_POINT('',(2.725,79.9514,51.2847));
#941 = LINE('',#942,#943);
#942 = CARTESIAN_POINT('',(2.725,79.9514,51.2847));
#943 = VECTOR('',#944,1.);
#944 = DIRECTION('',(1.,0.,0.));
#945 = ORIENTED_EDGE('',*,*,#946,.F.);
#946 = EDGE_CURVE('',#908,#939,#947,.T.);
#947 = LINE('',#948,#949);
#948 = CARTESIAN_POINT('',(2.725,80.4134,51.1194));
#949 = VECTOR('',#950,1.);
#950 = DIRECTION('',(0.,-0.941548101009,0.336878573802));
#951 = PLANE('',#952);
#952 = AXIS2_PLACEMENT_3D('',#953,#954,#955);
#953 = CARTESIAN_POINT('',(2.725,80.4134,51.1194));
#954 = DIRECTION('',(0.,0.336878573802,0.941548101009));
#955 = DIRECTION('',(0.,0.941548101009,-0.336878573802));
#956 = ADVANCED_FACE('',(#957),#982,.T.);
#957 = FACE_BOUND('',#958,.F.);
#958 = EDGE_LOOP('',(#959,#960,#968,#976));
#959 = ORIENTED_EDGE('',*,*,#938,.T.);
#960 = ORIENTED_EDGE('',*,*,#961,.T.);
#961 = EDGE_CURVE('',#931,#962,#964,.T.);
#962 = VERTEX_POINT('',#963);
#963 = CARTESIAN_POINT('',(5.575,79.4754,51.4039));
#964 = LINE('',#965,#966);
#965 = CARTESIAN_POINT('',(5.575,79.9514,51.2847));
#966 = VECTOR('',#967,1.);
#967 = DIRECTION('',(0.,-0.970046522522,0.242919213203));
#968 = ORIENTED_EDGE('',*,*,#969,.F.);
#969 = EDGE_CURVE('',#970,#962,#972,.T.);
#970 = VERTEX_POINT('',#971);
#971 = CARTESIAN_POINT('',(2.725,79.4754,51.4039));
#972 = LINE('',#973,#974);
#973 = CARTESIAN_POINT('',(2.725,79.4754,51.4039));
#974 = VECTOR('',#975,1.);
#975 = DIRECTION('',(1.,0.,0.));
#976 = ORIENTED_EDGE('',*,*,#977,.F.);
#977 = EDGE_CURVE('',#939,#970,#978,.T.);
#978 = LINE('',#979,#980);
#979 = CARTESIAN_POINT('',(2.725,79.9514,51.2847));
#980 = VECTOR('',#981,1.);
#981 = DIRECTION('',(0.,-0.970046522522,0.242919213203));
#982 = PLANE('',#983);
#983 = AXIS2_PLACEMENT_3D('',#984,#985,#986);
#984 = CARTESIAN_POINT('',(2.725,79.9514,51.2847));
#985 = DIRECTION('',(0.,0.242919213203,0.970046522522));
#986 = DIRECTION('',(0.,0.970046522522,-0.242919213203));
#987 = ADVANCED_FACE('',(#988),#1013,.T.);
#988 = FACE_BOUND('',#989,.F.);
#989 = EDGE_LOOP('',(#990,#991,#999,#1007));
#990 = ORIENTED_EDGE('',*,*,#969,.T.);
#991 = ORIENTED_EDGE('',*,*,#992,.T.);
#992 = EDGE_CURVE('',#962,#993,#995,.T.);
#993 = VERTEX_POINT('',#994);
#994 = CARTESIAN_POINT('',(5.575,78.9901,51.4759));
#995 = LINE('',#996,#997);
#996 = CARTESIAN_POINT('',(5.575,79.4754,51.4039));
#997 = VECTOR('',#998,1.);
#998 = DIRECTION('',(0.,-0.98917279827,0.146755494489));
#999 = ORIENTED_EDGE('',*,*,#1000,.F.);
#1000 = EDGE_CURVE('',#1001,#993,#1003,.T.);
#1001 = VERTEX_POINT('',#1002);
#1002 = CARTESIAN_POINT('',(2.725,78.9901,51.4759));
#1003 = LINE('',#1004,#1005);
#1004 = CARTESIAN_POINT('',(2.725,78.9901,51.4759));
#1005 = VECTOR('',#1006,1.);
#1006 = DIRECTION('',(1.,0.,0.));
#1007 = ORIENTED_EDGE('',*,*,#1008,.F.);
#1008 = EDGE_CURVE('',#970,#1001,#1009,.T.);
#1009 = LINE('',#1010,#1011);
#1010 = CARTESIAN_POINT('',(2.725,79.4754,51.4039));
#1011 = VECTOR('',#1012,1.);
#1012 = DIRECTION('',(0.,-0.98917279827,0.146755494489));
#1013 = PLANE('',#1014);
#1014 = AXIS2_PLACEMENT_3D('',#1015,#1016,#1017);
#1015 = CARTESIAN_POINT('',(2.725,79.4754,51.4039));
#1016 = DIRECTION('',(0.,0.146755494489,0.98917279827));
#1017 = DIRECTION('',(0.,0.98917279827,-0.146755494489));
#1018 = ADVANCED_FACE('',(#1019),#1044,.T.);
#1019 = FACE_BOUND('',#1020,.F.);
#1020 = EDGE_LOOP('',(#1021,#1022,#1030,#1038));
#1021 = ORIENTED_EDGE('',*,*,#1000,.T.);
#1022 = ORIENTED_EDGE('',*,*,#1023,.T.);
#1023 = EDGE_CURVE('',#993,#1024,#1026,.T.);
#1024 = VERTEX_POINT('',#1025);
#1025 = CARTESIAN_POINT('',(5.575,78.5,51.5));
#1026 = LINE('',#1027,#1028);
#1027 = CARTESIAN_POINT('',(5.575,78.9901,51.4759));
#1028 = VECTOR('',#1029,1.);
#1029 = DIRECTION('',(0.,-0.998793164859,4.911429355865E-02));
#1030 = ORIENTED_EDGE('',*,*,#1031,.F.);
#1031 = EDGE_CURVE('',#1032,#1024,#1034,.T.);
#1032 = VERTEX_POINT('',#1033);
#1033 = CARTESIAN_POINT('',(2.725,78.5,51.5));
#1034 = LINE('',#1035,#1036);
#1035 = CARTESIAN_POINT('',(2.725,78.5,51.5));
#1036 = VECTOR('',#1037,1.);
#1037 = DIRECTION('',(1.,0.,0.));
#1038 = ORIENTED_EDGE('',*,*,#1039,.F.);
#1039 = EDGE_CURVE('',#1001,#1032,#1040,.T.);
#1040 = LINE('',#1041,#1042);
#1041 = CARTESIAN_POINT('',(2.725,78.9901,51.4759));
#1042 = VECTOR('',#1043,1.);
#1043 = DIRECTION('',(0.,-0.998793164859,4.911429355865E-02));
#1044 = PLANE('',#1045);
#1045 = AXIS2_PLACEMENT_3D('',#1046,#1047,#1048);
#1046 = CARTESIAN_POINT('',(2.725,78.9901,51.4759));
#1047 = DIRECTION('',(0.,4.911429355865E-02,0.998793164859));
#1048 = DIRECTION('',(0.,0.998793164859,-4.911429355865E-02));
#1049 = ADVANCED_FACE('',(#1050),#1075,.T.);
#1050 = FACE_BOUND('',#1051,.F.);
#1051 = EDGE_LOOP('',(#1052,#1053,#1061,#1069));
#1052 = ORIENTED_EDGE('',*,*,#1031,.T.);
#1053 = ORIENTED_EDGE('',*,*,#1054,.T.);
#1054 = EDGE_CURVE('',#1024,#1055,#1057,.T.);
#1055 = VERTEX_POINT('',#1056);
#1056 = CARTESIAN_POINT('',(5.575,16.5,51.5));
#1057 = LINE('',#1058,#1059);
#1058 = CARTESIAN_POINT('',(5.575,78.5,51.5));
#1059 = VECTOR('',#1060,1.);
#1060 = DIRECTION('',(-0.,-1.,-0.));
#1061 = ORIENTED_EDGE('',*,*,#1062,.F.);
#1062 = EDGE_CURVE('',#1063,#1055,#1065,.T.);
#1063 = VERTEX_POINT('',#1064);
#1064 = CARTESIAN_POINT('',(2.725,16.5,51.5));
#1065 = LINE('',#1066,#1067);
#1066 = CARTESIAN_POINT('',(2.725,16.5,51.5));
#1067 = VECTOR('',#1068,1.);
#1068 = DIRECTION('',(1.,0.,0.));
#1069 = ORIENTED_EDGE('',*,*,#1070,.F.);
#1070 = EDGE_CURVE('',#1032,#1063,#1071,.T.);
#1071 = LINE('',#1072,#1073);
#1072 = CARTESIAN_POINT('',(2.725,78.5,51.5));
#1073 = VECTOR('',#1074,1.);
#1074 = DIRECTION('',(-0.,-1.,-0.));
#1075 = PLANE('',#1076);
#1076 = AXIS2_PLACEMENT_3D('',#1077,#1078,#1079);
#1077 = CARTESIAN_POINT('',(2.725,78.5,51.5));
#1078 = DIRECTION('',(0.,0.,1.));
#1079 = DIRECTION('',(0.,1.,0.));
#1080 = ADVANCED_FACE('',(#1081),#1106,.T.);
#1081 = FACE_BOUND('',#1082,.F.);
#1082 = EDGE_LOOP('',(#1083,#1084,#1092,#1100));
#1083 = ORIENTED_EDGE('',*,*,#1062,.T.);
#1084 = ORIENTED_EDGE('',*,*,#1085,.T.);
#1085 = EDGE_CURVE('',#1055,#1086,#1088,.T.);
#1086 = VERTEX_POINT('',#1087);
#1087 = CARTESIAN_POINT('',(5.575,16.0099,51.4759));
#1088 = LINE('',#1089,#1090);
#1089 = CARTESIAN_POINT('',(5.575,16.5,51.5));
#1090 = VECTOR('',#1091,1.);
#1091 = DIRECTION('',(-0.,-0.998793164859,-4.911429355865E-02));
#1092 = ORIENTED_EDGE('',*,*,#1093,.F.);
#1093 = EDGE_CURVE('',#1094,#1086,#1096,.T.);
#1094 = VERTEX_POINT('',#1095);
#1095 = CARTESIAN_POINT('',(2.725,16.0099,51.4759));
#1096 = LINE('',#1097,#1098);
#1097 = CARTESIAN_POINT('',(2.725,16.0099,51.4759));
#1098 = VECTOR('',#1099,1.);
#1099 = DIRECTION('',(1.,0.,0.));
#1100 = ORIENTED_EDGE('',*,*,#1101,.F.);
#1101 = EDGE_CURVE('',#1063,#1094,#1102,.T.);
#1102 = LINE('',#1103,#1104);
#1103 = CARTESIAN_POINT('',(2.725,16.5,51.5));
#1104 = VECTOR('',#1105,1.);
#1105 = DIRECTION('',(-0.,-0.998793164859,-4.911429355865E-02));
#1106 = PLANE('',#1107);
#1107 = AXIS2_PLACEMENT_3D('',#1108,#1109,#1110);
#1108 = CARTESIAN_POINT('',(2.725,16.5,51.5));
#1109 = DIRECTION('',(0.,-4.911429355865E-02,0.998793164859));
#1110 = DIRECTION('',(0.,0.998793164859,4.911429355865E-02));
#1111 = ADVANCED_FACE('',(#1112),#1137,.T.);
#1112 = FACE_BOUND('',#1113,.F.);
#1113 = EDGE_LOOP('',(#1114,#1115,#1123,#1131));
#1114 = ORIENTED_EDGE('',*,*,#1093,.T.);
#1115 = ORIENTED_EDGE('',*,*,#1116,.T.);
#1116 = EDGE_CURVE('',#1086,#1117,#1119,.T.);
#1117 = VERTEX_POINT('',#1118);
#1118 = CARTESIAN_POINT('',(5.575,15.5246,51.4039));
#1119 = LINE('',#1120,#1121);
#1120 = CARTESIAN_POINT('',(5.575,16.0099,51.4759));
#1121 = VECTOR('',#1122,1.);
#1122 = DIRECTION('',(-0.,-0.98917279827,-0.146755494489));
#1123 = ORIENTED_EDGE('',*,*,#1124,.F.);
#1124 = EDGE_CURVE('',#1125,#1117,#1127,.T.);
#1125 = VERTEX_POINT('',#1126);
#1126 = CARTESIAN_POINT('',(2.725,15.5246,51.4039));
#1127 = LINE('',#1128,#1129);
#1128 = CARTESIAN_POINT('',(2.725,15.5246,51.4039));
#1129 = VECTOR('',#1130,1.);
#1130 = DIRECTION('',(1.,0.,0.));
#1131 = ORIENTED_EDGE('',*,*,#1132,.F.);
#1132 = EDGE_CURVE('',#1094,#1125,#1133,.T.);
#1133 = LINE('',#1134,#1135);
#1134 = CARTESIAN_POINT('',(2.725,16.0099,51.4759));
#1135 = VECTOR('',#1136,1.);
#1136 = DIRECTION('',(-0.,-0.98917279827,-0.146755494489));
#1137 = PLANE('',#1138);
#1138 = AXIS2_PLACEMENT_3D('',#1139,#1140,#1141);
#1139 = CARTESIAN_POINT('',(2.725,16.0099,51.4759));
#1140 = DIRECTION('',(0.,-0.146755494489,0.98917279827));
#1141 = DIRECTION('',(0.,0.98917279827,0.146755494489));
#1142 = ADVANCED_FACE('',(#1143),#1168,.T.);
#1143 = FACE_BOUND('',#1144,.F.);
#1144 = EDGE_LOOP('',(#1145,#1146,#1154,#1162));
#1145 = ORIENTED_EDGE('',*,*,#1124,.T.);
#1146 = ORIENTED_EDGE('',*,*,#1147,.T.);
#1147 = EDGE_CURVE('',#1117,#1148,#1150,.T.);
#1148 = VERTEX_POINT('',#1149);
#1149 = CARTESIAN_POINT('',(5.575,15.0486,51.2847));
#1150 = LINE('',#1151,#1152);
#1151 = CARTESIAN_POINT('',(5.575,15.5246,51.4039));
#1152 = VECTOR('',#1153,1.);
#1153 = DIRECTION('',(-0.,-0.970046522522,-0.242919213203));
#1154 = ORIENTED_EDGE('',*,*,#1155,.F.);
#1155 = EDGE_CURVE('',#1156,#1148,#1158,.T.);
#1156 = VERTEX_POINT('',#1157);
#1157 = CARTESIAN_POINT('',(2.725,15.0486,51.2847));
#1158 = LINE('',#1159,#1160);
#1159 = CARTESIAN_POINT('',(2.725,15.0486,51.2847));
#1160 = VECTOR('',#1161,1.);
#1161 = DIRECTION('',(1.,0.,0.));
#1162 = ORIENTED_EDGE('',*,*,#1163,.F.);
#1163 = EDGE_CURVE('',#1125,#1156,#1164,.T.);
#1164 = LINE('',#1165,#1166);
#1165 = CARTESIAN_POINT('',(2.725,15.5246,51.4039));
#1166 = VECTOR('',#1167,1.);
#1167 = DIRECTION('',(-0.,-0.970046522522,-0.242919213203));
#1168 = PLANE('',#1169);
#1169 = AXIS2_PLACEMENT_3D('',#1170,#1171,#1172);
#1170 = CARTESIAN_POINT('',(2.725,15.5246,51.4039));
#1171 = DIRECTION('',(0.,-0.242919213203,0.970046522522));
#1172 = DIRECTION('',(0.,0.970046522522,0.242919213203));
#1173 = ADVANCED_FACE('',(#1174),#1199,.T.);
#1174 = FACE_BOUND('',#1175,.F.);
#1175 = EDGE_LOOP('',(#1176,#1177,#1185,#1193));
#1176 = ORIENTED_EDGE('',*,*,#1155,.T.);
#1177 = ORIENTED_EDGE('',*,*,#1178,.T.);
#1178 = EDGE_CURVE('',#1148,#1179,#1181,.T.);
#1179 = VERTEX_POINT('',#1180);
#1180 = CARTESIAN_POINT('',(5.575,14.5866,51.1194));
#1181 = LINE('',#1182,#1183);
#1182 = CARTESIAN_POINT('',(5.575,15.0486,51.2847));
#1183 = VECTOR('',#1184,1.);
#1184 = DIRECTION('',(-0.,-0.941548101009,-0.336878573802));
#1185 = ORIENTED_EDGE('',*,*,#1186,.F.);
#1186 = EDGE_CURVE('',#1187,#1179,#1189,.T.);
#1187 = VERTEX_POINT('',#1188);
#1188 = CARTESIAN_POINT('',(2.725,14.5866,51.1194));
#1189 = LINE('',#1190,#1191);
#1190 = CARTESIAN_POINT('',(2.725,14.5866,51.1194));
#1191 = VECTOR('',#1192,1.);
#1192 = DIRECTION('',(1.,0.,0.));
#1193 = ORIENTED_EDGE('',*,*,#1194,.F.);
#1194 = EDGE_CURVE('',#1156,#1187,#1195,.T.);
#1195 = LINE('',#1196,#1197);
#1196 = CARTESIAN_POINT('',(2.725,15.0486,51.2847));
#1197 = VECTOR('',#1198,1.);
#1198 = DIRECTION('',(-0.,-0.941548101009,-0.336878573802));
#1199 = PLANE('',#1200);
#1200 = AXIS2_PLACEMENT_3D('',#1201,#1202,#1203);
#1201 = CARTESIAN_POINT('',(2.725,15.0486,51.2847));
#1202 = DIRECTION('',(0.,-0.336878573802,0.941548101009));
#1203 = DIRECTION('',(0.,0.941548101009,0.336878573802));
#1204 = ADVANCED_FACE('',(#1205),#1230,.T.);
#1205 = FACE_BOUND('',#1206,.F.);
#1206 = EDGE_LOOP('',(#1207,#1208,#1216,#1224));
#1207 = ORIENTED_EDGE('',*,*,#1186,.T.);
#1208 = ORIENTED_EDGE('',*,*,#1209,.T.);
#1209 = EDGE_CURVE('',#1179,#1210,#1212,.T.);
#1210 = VERTEX_POINT('',#1211);
#1211 = CARTESIAN_POINT('',(5.575,14.143,50.9096));
#1212 = LINE('',#1213,#1214);
#1213 = CARTESIAN_POINT('',(5.575,14.5866,51.1194));
#1214 = VECTOR('',#1215,1.);
#1215 = DIRECTION('',(-0.,-0.903994944062,-0.427543145321));
#1216 = ORIENTED_EDGE('',*,*,#1217,.F.);
#1217 = EDGE_CURVE('',#1218,#1210,#1220,.T.);
#1218 = VERTEX_POINT('',#1219);
#1219 = CARTESIAN_POINT('',(2.725,14.143,50.9096));
#1220 = LINE('',#1221,#1222);
#1221 = CARTESIAN_POINT('',(2.725,14.143,50.9096));
#1222 = VECTOR('',#1223,1.);
#1223 = DIRECTION('',(1.,0.,0.));
#1224 = ORIENTED_EDGE('',*,*,#1225,.F.);
#1225 = EDGE_CURVE('',#1187,#1218,#1226,.T.);
#1226 = LINE('',#1227,#1228);
#1227 = CARTESIAN_POINT('',(2.725,14.5866,51.1194));
#1228 = VECTOR('',#1229,1.);
#1229 = DIRECTION('',(-0.,-0.903994944062,-0.427543145321));
#1230 = PLANE('',#1231);
#1231 = AXIS2_PLACEMENT_3D('',#1232,#1233,#1234);
#1232 = CARTESIAN_POINT('',(2.725,14.5866,51.1194));
#1233 = DIRECTION('',(0.,-0.427543145321,0.903994944062));
#1234 = DIRECTION('',(0.,0.903994944062,0.427543145321));
#1235 = ADVANCED_FACE('',(#1236),#1261,.T.);
#1236 = FACE_BOUND('',#1237,.F.);
#1237 = EDGE_LOOP('',(#1238,#1239,#1247,#1255));
#1238 = ORIENTED_EDGE('',*,*,#1217,.T.);
#1239 = ORIENTED_EDGE('',*,*,#1240,.T.);
#1240 = EDGE_CURVE('',#1210,#1241,#1243,.T.);
#1241 = VERTEX_POINT('',#1242);
#1242 = CARTESIAN_POINT('',(5.575,13.7222,50.6573));
#1243 = LINE('',#1244,#1245);
#1244 = CARTESIAN_POINT('',(5.575,14.143,50.9096));
#1245 = VECTOR('',#1246,1.);
#1246 = DIRECTION('',(-0.,-0.8576547366,-0.514225974439));
#1247 = ORIENTED_EDGE('',*,*,#1248,.F.);
#1248 = EDGE_CURVE('',#1249,#1241,#1251,.T.);
#1249 = VERTEX_POINT('',#1250);
#1250 = CARTESIAN_POINT('',(2.725,13.7222,50.6573));
#1251 = LINE('',#1252,#1253);
#1252 = CARTESIAN_POINT('',(2.725,13.7222,50.6573));
#1253 = VECTOR('',#1254,1.);
#1254 = DIRECTION('',(1.,0.,0.));
#1255 = ORIENTED_EDGE('',*,*,#1256,.F.);
#1256 = EDGE_CURVE('',#1218,#1249,#1257,.T.);
#1257 = LINE('',#1258,#1259);
#1258 = CARTESIAN_POINT('',(2.725,14.143,50.9096));
#1259 = VECTOR('',#1260,1.);
#1260 = DIRECTION('',(-0.,-0.8576547366,-0.514225974439));
#1261 = PLANE('',#1262);
#1262 = AXIS2_PLACEMENT_3D('',#1263,#1264,#1265);
#1263 = CARTESIAN_POINT('',(2.725,14.143,50.9096));
#1264 = DIRECTION('',(0.,-0.514225974439,0.8576547366));
#1265 = DIRECTION('',(0.,0.8576547366,0.514225974439));
#1266 = ADVANCED_FACE('',(#1267),#1292,.T.);
#1267 = FACE_BOUND('',#1268,.F.);
#1268 = EDGE_LOOP('',(#1269,#1270,#1278,#1286));
#1269 = ORIENTED_EDGE('',*,*,#1248,.T.);
#1270 = ORIENTED_EDGE('',*,*,#1271,.T.);
#1271 = EDGE_CURVE('',#1241,#1272,#1274,.T.);
#1272 = VERTEX_POINT('',#1273);
#1273 = CARTESIAN_POINT('',(5.575,13.328,50.3651));
#1274 = LINE('',#1275,#1276);
#1275 = CARTESIAN_POINT('',(5.575,13.7222,50.6573));
#1276 = VECTOR('',#1277,1.);
#1277 = DIRECTION('',(-0.,-0.803362199641,-0.595490702017));
#1278 = ORIENTED_EDGE('',*,*,#1279,.F.);
#1279 = EDGE_CURVE('',#1280,#1272,#1282,.T.);
#1280 = VERTEX_POINT('',#1281);
#1281 = CARTESIAN_POINT('',(2.725,13.328,50.3651));
#1282 = LINE('',#1283,#1284);
#1283 = CARTESIAN_POINT('',(2.725,13.328,50.3651));
#1284 = VECTOR('',#1285,1.);
#1285 = DIRECTION('',(1.,0.,0.));
#1286 = ORIENTED_EDGE('',*,*,#1287,.F.);
#1287 = EDGE_CURVE('',#1249,#1280,#1288,.T.);
#1288 = LINE('',#1289,#1290);
#1289 = CARTESIAN_POINT('',(2.725,13.7222,50.6573));
#1290 = VECTOR('',#1291,1.);
#1291 = DIRECTION('',(-0.,-0.803362199641,-0.595490702017));
#1292 = PLANE('',#1293);
#1293 = AXIS2_PLACEMENT_3D('',#1294,#1295,#1296);
#1294 = CARTESIAN_POINT('',(2.725,13.7222,50.6573));
#1295 = DIRECTION('',(0.,-0.595490702017,0.803362199641));
#1296 = DIRECTION('',(0.,0.803362199641,0.595490702017));
#1297 = ADVANCED_FACE('',(#1298),#1323,.T.);
#1298 = FACE_BOUND('',#1299,.F.);
#1299 = EDGE_LOOP('',(#1300,#1301,#1309,#1317));
#1300 = ORIENTED_EDGE('',*,*,#1279,.T.);
#1301 = ORIENTED_EDGE('',*,*,#1302,.T.);
#1302 = EDGE_CURVE('',#1272,#1303,#1305,.T.);
#1303 = VERTEX_POINT('',#1304);
#1304 = CARTESIAN_POINT('',(5.575,12.9645,50.0355));
#1305 = LINE('',#1306,#1307);
#1306 = CARTESIAN_POINT('',(5.575,13.328,50.3651));
#1307 = VECTOR('',#1308,1.);
#1308 = DIRECTION('',(-0.,-0.740806292806,-0.671718718318));
#1309 = ORIENTED_EDGE('',*,*,#1310,.F.);
#1310 = EDGE_CURVE('',#1311,#1303,#1313,.T.);
#1311 = VERTEX_POINT('',#1312);
#1312 = CARTESIAN_POINT('',(2.725,12.9645,50.0355));
#1313 = LINE('',#1314,#1315);
#1314 = CARTESIAN_POINT('',(2.725,12.9645,50.0355));
#1315 = VECTOR('',#1316,1.);
#1316 = DIRECTION('',(1.,0.,0.));
#1317 = ORIENTED_EDGE('',*,*,#1318,.F.);
#1318 = EDGE_CURVE('',#1280,#1311,#1319,.T.);
#1319 = LINE('',#1320,#1321);
#1320 = CARTESIAN_POINT('',(2.725,13.328,50.3651));
#1321 = VECTOR('',#1322,1.);
#1322 = DIRECTION('',(-0.,-0.740806292806,-0.671718718318));
#1323 = PLANE('',#1324);
#1324 = AXIS2_PLACEMENT_3D('',#1325,#1326,#1327);
#1325 = CARTESIAN_POINT('',(2.725,13.328,50.3651));
#1326 = DIRECTION('',(0.,-0.671718718318,0.740806292806));
#1327 = DIRECTION('',(0.,0.740806292806,0.671718718318));
#1328 = ADVANCED_FACE('',(#1329),#1354,.T.);
#1329 = FACE_BOUND('',#1330,.F.);
#1330 = EDGE_LOOP('',(#1331,#1332,#1340,#1348));
#1331 = ORIENTED_EDGE('',*,*,#1310,.T.);
#1332 = ORIENTED_EDGE('',*,*,#1333,.T.);
#1333 = EDGE_CURVE('',#1303,#1334,#1336,.T.);
#1334 = VERTEX_POINT('',#1335);
#1335 = CARTESIAN_POINT('',(5.575,12.6349,49.672));
#1336 = LINE('',#1337,#1338);
#1337 = CARTESIAN_POINT('',(5.575,12.9645,50.0355));
#1338 = VECTOR('',#1339,1.);
#1339 = DIRECTION('',(-0.,-0.671718718318,-0.740806292806));
#1340 = ORIENTED_EDGE('',*,*,#1341,.F.);
#1341 = EDGE_CURVE('',#1342,#1334,#1344,.T.);
#1342 = VERTEX_POINT('',#1343);
#1343 = CARTESIAN_POINT('',(2.725,12.6349,49.672));
#1344 = LINE('',#1345,#1346);
#1345 = CARTESIAN_POINT('',(2.725,12.6349,49.672));
#1346 = VECTOR('',#1347,1.);
#1347 = DIRECTION('',(1.,0.,0.));
#1348 = ORIENTED_EDGE('',*,*,#1349,.F.);
#1349 = EDGE_CURVE('',#1311,#1342,#1350,.T.);
#1350 = LINE('',#1351,#1352);
#1351 = CARTESIAN_POINT('',(2.725,12.9645,50.0355));
#1352 = VECTOR('',#1353,1.);
#1353 = DIRECTION('',(-0.,-0.671718718318,-0.740806292806));
#1354 = PLANE('',#1355);
#1355 = AXIS2_PLACEMENT_3D('',#1356,#1357,#1358);
#1356 = CARTESIAN_POINT('',(2.725,12.9645,50.0355));
#1357 = DIRECTION('',(0.,-0.740806292806,0.671718718318));
#1358 = DIRECTION('',(0.,0.671718718318,0.740806292806));
#1359 = ADVANCED_FACE('',(#1360),#1385,.T.);
#1360 = FACE_BOUND('',#1361,.F.);
#1361 = EDGE_LOOP('',(#1362,#1363,#1371,#1379));
#1362 = ORIENTED_EDGE('',*,*,#1341,.T.);
#1363 = ORIENTED_EDGE('',*,*,#1364,.T.);
#1364 = EDGE_CURVE('',#1334,#1365,#1367,.T.);
#1365 = VERTEX_POINT('',#1366);
#1366 = CARTESIAN_POINT('',(5.575,12.3427,49.2778));
#1367 = LINE('',#1368,#1369);
#1368 = CARTESIAN_POINT('',(5.575,12.6349,49.672));
#1369 = VECTOR('',#1370,1.);
#1370 = DIRECTION('',(-0.,-0.595490702017,-0.803362199641));
#1371 = ORIENTED_EDGE('',*,*,#1372,.F.);
#1372 = EDGE_CURVE('',#1373,#1365,#1375,.T.);
#1373 = VERTEX_POINT('',#1374);
#1374 = CARTESIAN_POINT('',(2.725,12.3427,49.2778));
#1375 = LINE('',#1376,#1377);
#1376 = CARTESIAN_POINT('',(2.725,12.3427,49.2778));
#1377 = VECTOR('',#1378,1.);
#1378 = DIRECTION('',(1.,0.,0.));
#1379 = ORIENTED_EDGE('',*,*,#1380,.F.);
#1380 = EDGE_CURVE('',#1342,#1373,#1381,.T.);
#1381 = LINE('',#1382,#1383);
#1382 = CARTESIAN_POINT('',(2.725,12.6349,49.672));
#1383 = VECTOR('',#1384,1.);
#1384 = DIRECTION('',(-0.,-0.595490702017,-0.803362199641));
#1385 = PLANE('',#1386);
#1386 = AXIS2_PLACEMENT_3D('',#1387,#1388,#1389);
#1387 = CARTESIAN_POINT('',(2.725,12.6349,49.672));
#1388 = DIRECTION('',(0.,-0.803362199641,0.595490702017));
#1389 = DIRECTION('',(0.,0.595490702017,0.803362199641));
#1390 = ADVANCED_FACE('',(#1391),#1416,.T.);
#1391 = FACE_BOUND('',#1392,.F.);
#1392 = EDGE_LOOP('',(#1393,#1394,#1402,#1410));
#1393 = ORIENTED_EDGE('',*,*,#1372,.T.);
#1394 = ORIENTED_EDGE('',*,*,#1395,.T.);
#1395 = EDGE_CURVE('',#1365,#1396,#1398,.T.);
#1396 = VERTEX_POINT('',#1397);
#1397 = CARTESIAN_POINT('',(5.575,12.0904,48.857));
#1398 = LINE('',#1399,#1400);
#1399 = CARTESIAN_POINT('',(5.575,12.3427,49.2778));
#1400 = VECTOR('',#1401,1.);
#1401 = DIRECTION('',(-0.,-0.514225974439,-0.8576547366));
#1402 = ORIENTED_EDGE('',*,*,#1403,.F.);
#1403 = EDGE_CURVE('',#1404,#1396,#1406,.T.);
#1404 = VERTEX_POINT('',#1405);
#1405 = CARTESIAN_POINT('',(2.725,12.0904,48.857));
#1406 = LINE('',#1407,#1408);
#1407 = CARTESIAN_POINT('',(2.725,12.0904,48.857));
#1408 = VECTOR('',#1409,1.);
#1409 = DIRECTION('',(1.,0.,0.));
#1410 = ORIENTED_EDGE('',*,*,#1411,.F.);
#1411 = EDGE_CURVE('',#1373,#1404,#1412,.T.);
#1412 = LINE('',#1413,#1414);
#1413 = CARTESIAN_POINT('',(2.725,12.3427,49.2778));
#1414 = VECTOR('',#1415,1.);
#1415 = DIRECTION('',(-0.,-0.514225974439,-0.8576547366));
#1416 = PLANE('',#1417);
#1417 = AXIS2_PLACEMENT_3D('',#1418,#1419,#1420);
#1418 = CARTESIAN_POINT('',(2.725,12.3427,49.2778));
#1419 = DIRECTION('',(0.,-0.8576547366,0.514225974439));
#1420 = DIRECTION('',(0.,0.514225974439,0.8576547366));
#1421 = ADVANCED_FACE('',(#1422),#1447,.T.);
#1422 = FACE_BOUND('',#1423,.F.);
#1423 = EDGE_LOOP('',(#1424,#1425,#1433,#1441));
#1424 = ORIENTED_EDGE('',*,*,#1403,.T.);
#1425 = ORIENTED_EDGE('',*,*,#1426,.T.);
#1426 = EDGE_CURVE('',#1396,#1427,#1429,.T.);
#1427 = VERTEX_POINT('',#1428);
#1428 = CARTESIAN_POINT('',(5.575,11.8806,48.4134));
#1429 = LINE('',#1430,#1431);
#1430 = CARTESIAN_POINT('',(5.575,12.0904,48.857));
#1431 = VECTOR('',#1432,1.);
#1432 = DIRECTION('',(-0.,-0.427543145321,-0.903994944062));
#1433 = ORIENTED_EDGE('',*,*,#1434,.F.);
#1434 = EDGE_CURVE('',#1435,#1427,#1437,.T.);
#1435 = VERTEX_POINT('',#1436);
#1436 = CARTESIAN_POINT('',(2.725,11.8806,48.4134));
#1437 = LINE('',#1438,#1439);
#1438 = CARTESIAN_POINT('',(2.725,11.8806,48.4134));
#1439 = VECTOR('',#1440,1.);
#1440 = DIRECTION('',(1.,0.,0.));
#1441 = ORIENTED_EDGE('',*,*,#1442,.F.);
#1442 = EDGE_CURVE('',#1404,#1435,#1443,.T.);
#1443 = LINE('',#1444,#1445);
#1444 = CARTESIAN_POINT('',(2.725,12.0904,48.857));
#1445 = VECTOR('',#1446,1.);
#1446 = DIRECTION('',(-0.,-0.427543145321,-0.903994944062));
#1447 = PLANE('',#1448);
#1448 = AXIS2_PLACEMENT_3D('',#1449,#1450,#1451);
#1449 = CARTESIAN_POINT('',(2.725,12.0904,48.857));
#1450 = DIRECTION('',(0.,-0.903994944062,0.427543145321));
#1451 = DIRECTION('',(0.,0.427543145321,0.903994944062));
#1452 = ADVANCED_FACE('',(#1453),#1478,.T.);
#1453 = FACE_BOUND('',#1454,.F.);
#1454 = EDGE_LOOP('',(#1455,#1456,#1464,#1472));
#1455 = ORIENTED_EDGE('',*,*,#1434,.T.);
#1456 = ORIENTED_EDGE('',*,*,#1457,.T.);
#1457 = EDGE_CURVE('',#1427,#1458,#1460,.T.);
#1458 = VERTEX_POINT('',#1459);
#1459 = CARTESIAN_POINT('',(5.575,11.7153,47.9514));
#1460 = LINE('',#1461,#1462);
#1461 = CARTESIAN_POINT('',(5.575,11.8806,48.4134));
#1462 = VECTOR('',#1463,1.);
#1463 = DIRECTION('',(-0.,-0.336878573802,-0.941548101009));
#1464 = ORIENTED_EDGE('',*,*,#1465,.F.);
#1465 = EDGE_CURVE('',#1466,#1458,#1468,.T.);
#1466 = VERTEX_POINT('',#1467);
#1467 = CARTESIAN_POINT('',(2.725,11.7153,47.9514));
#1468 = LINE('',#1469,#1470);
#1469 = CARTESIAN_POINT('',(2.725,11.7153,47.9514));
#1470 = VECTOR('',#1471,1.);
#1471 = DIRECTION('',(1.,0.,0.));
#1472 = ORIENTED_EDGE('',*,*,#1473,.F.);
#1473 = EDGE_CURVE('',#1435,#1466,#1474,.T.);
#1474 = LINE('',#1475,#1476);
#1475 = CARTESIAN_POINT('',(2.725,11.8806,48.4134));
#1476 = VECTOR('',#1477,1.);
#1477 = DIRECTION('',(-0.,-0.336878573802,-0.941548101009));
#1478 = PLANE('',#1479);
#1479 = AXIS2_PLACEMENT_3D('',#1480,#1481,#1482);
#1480 = CARTESIAN_POINT('',(2.725,11.8806,48.4134));
#1481 = DIRECTION('',(0.,-0.941548101009,0.336878573802));
#1482 = DIRECTION('',(0.,0.336878573802,0.941548101009));
#1483 = ADVANCED_FACE('',(#1484),#1509,.T.);
#1484 = FACE_BOUND('',#1485,.F.);
#1485 = EDGE_LOOP('',(#1486,#1487,#1495,#1503));
#1486 = ORIENTED_EDGE('',*,*,#1465,.T.);
#1487 = ORIENTED_EDGE('',*,*,#1488,.T.);
#1488 = EDGE_CURVE('',#1458,#1489,#1491,.T.);
#1489 = VERTEX_POINT('',#1490);
#1490 = CARTESIAN_POINT('',(5.575,11.5961,47.4754));
#1491 = LINE('',#1492,#1493);
#1492 = CARTESIAN_POINT('',(5.575,11.7153,47.9514));
#1493 = VECTOR('',#1494,1.);
#1494 = DIRECTION('',(-0.,-0.242919213203,-0.970046522522));
#1495 = ORIENTED_EDGE('',*,*,#1496,.F.);
#1496 = EDGE_CURVE('',#1497,#1489,#1499,.T.);
#1497 = VERTEX_POINT('',#1498);
#1498 = CARTESIAN_POINT('',(2.725,11.5961,47.4754));
#1499 = LINE('',#1500,#1501);
#1500 = CARTESIAN_POINT('',(2.725,11.5961,47.4754));
#1501 = VECTOR('',#1502,1.);
#1502 = DIRECTION('',(1.,0.,0.));
#1503 = ORIENTED_EDGE('',*,*,#1504,.F.);
#1504 = EDGE_CURVE('',#1466,#1497,#1505,.T.);
#1505 = LINE('',#1506,#1507);
#1506 = CARTESIAN_POINT('',(2.725,11.7153,47.9514));
#1507 = VECTOR('',#1508,1.);
#1508 = DIRECTION('',(-0.,-0.242919213203,-0.970046522522));
#1509 = PLANE('',#1510);
#1510 = AXIS2_PLACEMENT_3D('',#1511,#1512,#1513);
#1511 = CARTESIAN_POINT('',(2.725,11.7153,47.9514));
#1512 = DIRECTION('',(0.,-0.970046522522,0.242919213203));
#1513 = DIRECTION('',(0.,0.242919213203,0.970046522522));
#1514 = ADVANCED_FACE('',(#1515),#1540,.T.);
#1515 = FACE_BOUND('',#1516,.F.);
#1516 = EDGE_LOOP('',(#1517,#1518,#1526,#1534));
#1517 = ORIENTED_EDGE('',*,*,#1496,.T.);
#1518 = ORIENTED_EDGE('',*,*,#1519,.T.);
#1519 = EDGE_CURVE('',#1489,#1520,#1522,.T.);
#1520 = VERTEX_POINT('',#1521);
#1521 = CARTESIAN_POINT('',(5.575,11.5241,46.9901));
#1522 = LINE('',#1523,#1524);
#1523 = CARTESIAN_POINT('',(5.575,11.5961,47.4754));
#1524 = VECTOR('',#1525,1.);
#1525 = DIRECTION('',(-0.,-0.146755494489,-0.98917279827));
#1526 = ORIENTED_EDGE('',*,*,#1527,.F.);
#1527 = EDGE_CURVE('',#1528,#1520,#1530,.T.);
#1528 = VERTEX_POINT('',#1529);
#1529 = CARTESIAN_POINT('',(2.725,11.5241,46.9901));
#1530 = LINE('',#1531,#1532);
#1531 = CARTESIAN_POINT('',(2.725,11.5241,46.9901));
#1532 = VECTOR('',#1533,1.);
#1533 = DIRECTION('',(1.,0.,0.));
#1534 = ORIENTED_EDGE('',*,*,#1535,.F.);
#1535 = EDGE_CURVE('',#1497,#1528,#1536,.T.);
#1536 = LINE('',#1537,#1538);
#1537 = CARTESIAN_POINT('',(2.725,11.5961,47.4754));
#1538 = VECTOR('',#1539,1.);
#1539 = DIRECTION('',(-0.,-0.146755494489,-0.98917279827));
#1540 = PLANE('',#1541);
#1541 = AXIS2_PLACEMENT_3D('',#1542,#1543,#1544);
#1542 = CARTESIAN_POINT('',(2.725,11.5961,47.4754));
#1543 = DIRECTION('',(0.,-0.98917279827,0.146755494489));
#1544 = DIRECTION('',(0.,0.146755494489,0.98917279827));
#1545 = ADVANCED_FACE('',(#1546),#1571,.T.);
#1546 = FACE_BOUND('',#1547,.F.);
#1547 = EDGE_LOOP('',(#1548,#1549,#1557,#1565));
#1548 = ORIENTED_EDGE('',*,*,#1527,.T.);
#1549 = ORIENTED_EDGE('',*,*,#1550,.T.);
#1550 = EDGE_CURVE('',#1520,#1551,#1553,.T.);
#1551 = VERTEX_POINT('',#1552);
#1552 = CARTESIAN_POINT('',(5.575,11.5,46.5));
#1553 = LINE('',#1554,#1555);
#1554 = CARTESIAN_POINT('',(5.575,11.5241,46.9901));
#1555 = VECTOR('',#1556,1.);
#1556 = DIRECTION('',(-0.,-4.911429355864E-02,-0.998793164859));
#1557 = ORIENTED_EDGE('',*,*,#1558,.F.);
#1558 = EDGE_CURVE('',#1559,#1551,#1561,.T.);
#1559 = VERTEX_POINT('',#1560);
#1560 = CARTESIAN_POINT('',(2.725,11.5,46.5));
#1561 = LINE('',#1562,#1563);
#1562 = CARTESIAN_POINT('',(2.725,11.5,46.5));
#1563 = VECTOR('',#1564,1.);
#1564 = DIRECTION('',(1.,0.,0.));
#1565 = ORIENTED_EDGE('',*,*,#1566,.F.);
#1566 = EDGE_CURVE('',#1528,#1559,#1567,.T.);
#1567 = LINE('',#1568,#1569);
#1568 = CARTESIAN_POINT('',(2.725,11.5241,46.9901));
#1569 = VECTOR('',#1570,1.);
#1570 = DIRECTION('',(-0.,-4.911429355864E-02,-0.998793164859));
#1571 = PLANE('',#1572);
#1572 = AXIS2_PLACEMENT_3D('',#1573,#1574,#1575);
#1573 = CARTESIAN_POINT('',(2.725,11.5241,46.9901));
#1574 = DIRECTION('',(0.,-0.998793164859,4.911429355864E-02));
#1575 = DIRECTION('',(0.,4.911429355864E-02,0.998793164859));
#1576 = ADVANCED_FACE('',(#1577),#1602,.T.);
#1577 = FACE_BOUND('',#1578,.F.);
#1578 = EDGE_LOOP('',(#1579,#1580,#1588,#1596));
#1579 = ORIENTED_EDGE('',*,*,#1558,.T.);
#1580 = ORIENTED_EDGE('',*,*,#1581,.T.);
#1581 = EDGE_CURVE('',#1551,#1582,#1584,.T.);
#1582 = VERTEX_POINT('',#1583);
#1583 = CARTESIAN_POINT('',(5.575,11.5,14.5));
#1584 = LINE('',#1585,#1586);
#1585 = CARTESIAN_POINT('',(5.575,11.5,46.5));
#1586 = VECTOR('',#1587,1.);
#1587 = DIRECTION('',(-0.,-0.,-1.));
#1588 = ORIENTED_EDGE('',*,*,#1589,.F.);
#1589 = EDGE_CURVE('',#1590,#1582,#1592,.T.);
#1590 = VERTEX_POINT('',#1591);
#1591 = CARTESIAN_POINT('',(2.725,11.5,14.5));
#1592 = LINE('',#1593,#1594);
#1593 = CARTESIAN_POINT('',(2.725,11.5,14.5));
#1594 = VECTOR('',#1595,1.);
#1595 = DIRECTION('',(1.,0.,0.));
#1596 = ORIENTED_EDGE('',*,*,#1597,.F.);
#1597 = EDGE_CURVE('',#1559,#1590,#1598,.T.);
#1598 = LINE('',#1599,#1600);
#1599 = CARTESIAN_POINT('',(2.725,11.5,46.5));
#1600 = VECTOR('',#1601,1.);
#1601 = DIRECTION('',(-0.,-0.,-1.));
#1602 = PLANE('',#1603);
#1603 = AXIS2_PLACEMENT_3D('',#1604,#1605,#1606);
#1604 = CARTESIAN_POINT('',(2.725,11.5,46.5));
#1605 = DIRECTION('',(-0.,-1.,-0.));
#1606 = DIRECTION('',(0.,0.,1.));
#1607 = ADVANCED_FACE('',(#1608),#1633,.T.);
#1608 = FACE_BOUND('',#1609,.F.);
#1609 = EDGE_LOOP('',(#1610,#1611,#1619,#1627));
#1610 = ORIENTED_EDGE('',*,*,#1589,.T.);
#1611 = ORIENTED_EDGE('',*,*,#1612,.T.);
#1612 = EDGE_CURVE('',#1582,#1613,#1615,.T.);
#1613 = VERTEX_POINT('',#1614);
#1614 = CARTESIAN_POINT('',(5.575,11.5241,14.0099));
#1615 = LINE('',#1616,#1617);
#1616 = CARTESIAN_POINT('',(5.575,11.5,14.5));
#1617 = VECTOR('',#1618,1.);
#1618 = DIRECTION('',(0.,4.911429355864E-02,-0.998793164859));
#1619 = ORIENTED_EDGE('',*,*,#1620,.F.);
#1620 = EDGE_CURVE('',#1621,#1613,#1623,.T.);
#1621 = VERTEX_POINT('',#1622);
#1622 = CARTESIAN_POINT('',(2.725,11.5241,14.0099));
#1623 = LINE('',#1624,#1625);
#1624 = CARTESIAN_POINT('',(2.725,11.5241,14.0099));
#1625 = VECTOR('',#1626,1.);
#1626 = DIRECTION('',(1.,0.,0.));
#1627 = ORIENTED_EDGE('',*,*,#1628,.F.);
#1628 = EDGE_CURVE('',#1590,#1621,#1629,.T.);
#1629 = LINE('',#1630,#1631);
#1630 = CARTESIAN_POINT('',(2.725,11.5,14.5));
#1631 = VECTOR('',#1632,1.);
#1632 = DIRECTION('',(0.,4.911429355864E-02,-0.998793164859));
#1633 = PLANE('',#1634);
#1634 = AXIS2_PLACEMENT_3D('',#1635,#1636,#1637);
#1635 = CARTESIAN_POINT('',(2.725,11.5,14.5));
#1636 = DIRECTION('',(-0.,-0.998793164859,-4.911429355864E-02));
#1637 = DIRECTION('',(0.,-4.911429355864E-02,0.998793164859));
#1638 = ADVANCED_FACE('',(#1639),#1664,.T.);
#1639 = FACE_BOUND('',#1640,.F.);
#1640 = EDGE_LOOP('',(#1641,#1642,#1650,#1658));
#1641 = ORIENTED_EDGE('',*,*,#1620,.T.);
#1642 = ORIENTED_EDGE('',*,*,#1643,.T.);
#1643 = EDGE_CURVE('',#1613,#1644,#1646,.T.);
#1644 = VERTEX_POINT('',#1645);
#1645 = CARTESIAN_POINT('',(5.575,11.5961,13.5246));
#1646 = LINE('',#1647,#1648);
#1647 = CARTESIAN_POINT('',(5.575,11.5241,14.0099));
#1648 = VECTOR('',#1649,1.);
#1649 = DIRECTION('',(0.,0.146755494489,-0.98917279827));
#1650 = ORIENTED_EDGE('',*,*,#1651,.F.);
#1651 = EDGE_CURVE('',#1652,#1644,#1654,.T.);
#1652 = VERTEX_POINT('',#1653);
#1653 = CARTESIAN_POINT('',(2.725,11.5961,13.5246));
#1654 = LINE('',#1655,#1656);
#1655 = CARTESIAN_POINT('',(2.725,11.5961,13.5246));
#1656 = VECTOR('',#1657,1.);
#1657 = DIRECTION('',(1.,0.,0.));
#1658 = ORIENTED_EDGE('',*,*,#1659,.F.);
#1659 = EDGE_CURVE('',#1621,#1652,#1660,.T.);
#1660 = LINE('',#1661,#1662);
#1661 = CARTESIAN_POINT('',(2.725,11.5241,14.0099));
#1662 = VECTOR('',#1663,1.);
#1663 = DIRECTION('',(0.,0.146755494489,-0.98917279827));
#1664 = PLANE('',#1665);
#1665 = AXIS2_PLACEMENT_3D('',#1666,#1667,#1668);
#1666 = CARTESIAN_POINT('',(2.725,11.5241,14.0099));
#1667 = DIRECTION('',(-0.,-0.98917279827,-0.146755494489));
#1668 = DIRECTION('',(0.,-0.146755494489,0.98917279827));
#1669 = ADVANCED_FACE('',(#1670),#1695,.T.);
#1670 = FACE_BOUND('',#1671,.F.);
#1671 = EDGE_LOOP('',(#1672,#1673,#1681,#1689));
#1672 = ORIENTED_EDGE('',*,*,#1651,.T.);
#1673 = ORIENTED_EDGE('',*,*,#1674,.T.);
#1674 = EDGE_CURVE('',#1644,#1675,#1677,.T.);
#1675 = VERTEX_POINT('',#1676);
#1676 = CARTESIAN_POINT('',(5.575,11.7153,13.0486));
#1677 = LINE('',#1678,#1679);
#1678 = CARTESIAN_POINT('',(5.575,11.5961,13.5246));
#1679 = VECTOR('',#1680,1.);
#1680 = DIRECTION('',(0.,0.242919213203,-0.970046522522));
#1681 = ORIENTED_EDGE('',*,*,#1682,.F.);
#1682 = EDGE_CURVE('',#1683,#1675,#1685,.T.);
#1683 = VERTEX_POINT('',#1684);
#1684 = CARTESIAN_POINT('',(2.725,11.7153,13.0486));
#1685 = LINE('',#1686,#1687);
#1686 = CARTESIAN_POINT('',(2.725,11.7153,13.0486));
#1687 = VECTOR('',#1688,1.);
#1688 = DIRECTION('',(1.,0.,0.));
#1689 = ORIENTED_EDGE('',*,*,#1690,.F.);
#1690 = EDGE_CURVE('',#1652,#1683,#1691,.T.);
#1691 = LINE('',#1692,#1693);
#1692 = CARTESIAN_POINT('',(2.725,11.5961,13.5246));
#1693 = VECTOR('',#1694,1.);
#1694 = DIRECTION('',(0.,0.242919213203,-0.970046522522));
#1695 = PLANE('',#1696);
#1696 = AXIS2_PLACEMENT_3D('',#1697,#1698,#1699);
#1697 = CARTESIAN_POINT('',(2.725,11.5961,13.5246));
#1698 = DIRECTION('',(-0.,-0.970046522522,-0.242919213203));
#1699 = DIRECTION('',(0.,-0.242919213203,0.970046522522));
#1700 = ADVANCED_FACE('',(#1701),#1726,.T.);
#1701 = FACE_BOUND('',#1702,.F.);
#1702 = EDGE_LOOP('',(#1703,#1704,#1712,#1720));
#1703 = ORIENTED_EDGE('',*,*,#1682,.T.);
#1704 = ORIENTED_EDGE('',*,*,#1705,.T.);
#1705 = EDGE_CURVE('',#1675,#1706,#1708,.T.);
#1706 = VERTEX_POINT('',#1707);
#1707 = CARTESIAN_POINT('',(5.575,11.8806,12.5866));
#1708 = LINE('',#1709,#1710);
#1709 = CARTESIAN_POINT('',(5.575,11.7153,13.0486));
#1710 = VECTOR('',#1711,1.);
#1711 = DIRECTION('',(0.,0.336878573802,-0.941548101009));
#1712 = ORIENTED_EDGE('',*,*,#1713,.F.);
#1713 = EDGE_CURVE('',#1714,#1706,#1716,.T.);
#1714 = VERTEX_POINT('',#1715);
#1715 = CARTESIAN_POINT('',(2.725,11.8806,12.5866));
#1716 = LINE('',#1717,#1718);
#1717 = CARTESIAN_POINT('',(2.725,11.8806,12.5866));
#1718 = VECTOR('',#1719,1.);
#1719 = DIRECTION('',(1.,0.,0.));
#1720 = ORIENTED_EDGE('',*,*,#1721,.F.);
#1721 = EDGE_CURVE('',#1683,#1714,#1722,.T.);
#1722 = LINE('',#1723,#1724);
#1723 = CARTESIAN_POINT('',(2.725,11.7153,13.0486));
#1724 = VECTOR('',#1725,1.);
#1725 = DIRECTION('',(0.,0.336878573802,-0.941548101009));
#1726 = PLANE('',#1727);
#1727 = AXIS2_PLACEMENT_3D('',#1728,#1729,#1730);
#1728 = CARTESIAN_POINT('',(2.725,11.7153,13.0486));
#1729 = DIRECTION('',(-0.,-0.941548101009,-0.336878573802));
#1730 = DIRECTION('',(0.,-0.336878573802,0.941548101009));
#1731 = ADVANCED_FACE('',(#1732),#1757,.T.);
#1732 = FACE_BOUND('',#1733,.F.);
#1733 = EDGE_LOOP('',(#1734,#1735,#1743,#1751));
#1734 = ORIENTED_EDGE('',*,*,#1713,.T.);
#1735 = ORIENTED_EDGE('',*,*,#1736,.T.);
#1736 = EDGE_CURVE('',#1706,#1737,#1739,.T.);
#1737 = VERTEX_POINT('',#1738);
#1738 = CARTESIAN_POINT('',(5.575,12.0904,12.143));
#1739 = LINE('',#1740,#1741);
#1740 = CARTESIAN_POINT('',(5.575,11.8806,12.5866));
#1741 = VECTOR('',#1742,1.);
#1742 = DIRECTION('',(0.,0.427543145321,-0.903994944062));
#1743 = ORIENTED_EDGE('',*,*,#1744,.F.);
#1744 = EDGE_CURVE('',#1745,#1737,#1747,.T.);
#1745 = VERTEX_POINT('',#1746);
#1746 = CARTESIAN_POINT('',(2.725,12.0904,12.143));
#1747 = LINE('',#1748,#1749);
#1748 = CARTESIAN_POINT('',(2.725,12.0904,12.143));
#1749 = VECTOR('',#1750,1.);
#1750 = DIRECTION('',(1.,0.,0.));
#1751 = ORIENTED_EDGE('',*,*,#1752,.F.);
#1752 = EDGE_CURVE('',#1714,#1745,#1753,.T.);
#1753 = LINE('',#1754,#1755);
#1754 = CARTESIAN_POINT('',(2.725,11.8806,12.5866));
#1755 = VECTOR('',#1756,1.);
#1756 = DIRECTION('',(0.,0.427543145321,-0.903994944062));
#1757 = PLANE('',#1758);
#1758 = AXIS2_PLACEMENT_3D('',#1759,#1760,#1761);
#1759 = CARTESIAN_POINT('',(2.725,11.8806,12.5866));
#1760 = DIRECTION('',(-0.,-0.903994944062,-0.427543145321));
#1761 = DIRECTION('',(0.,-0.427543145321,0.903994944062));
#1762 = ADVANCED_FACE('',(#1763),#1788,.T.);
#1763 = FACE_BOUND('',#1764,.F.);
#1764 = EDGE_LOOP('',(#1765,#1766,#1774,#1782));
#1765 = ORIENTED_EDGE('',*,*,#1744,.T.);
#1766 = ORIENTED_EDGE('',*,*,#1767,.T.);
#1767 = EDGE_CURVE('',#1737,#1768,#1770,.T.);
#1768 = VERTEX_POINT('',#1769);
#1769 = CARTESIAN_POINT('',(5.575,12.3427,11.7222));
#1770 = LINE('',#1771,#1772);
#1771 = CARTESIAN_POINT('',(5.575,12.0904,12.143));
#1772 = VECTOR('',#1773,1.);
#1773 = DIRECTION('',(0.,0.514225974439,-0.8576547366));
#1774 = ORIENTED_EDGE('',*,*,#1775,.F.);
#1775 = EDGE_CURVE('',#1776,#1768,#1778,.T.);
#1776 = VERTEX_POINT('',#1777);
#1777 = CARTESIAN_POINT('',(2.725,12.3427,11.7222));
#1778 = LINE('',#1779,#1780);
#1779 = CARTESIAN_POINT('',(2.725,12.3427,11.7222));
#1780 = VECTOR('',#1781,1.);
#1781 = DIRECTION('',(1.,0.,0.));
#1782 = ORIENTED_EDGE('',*,*,#1783,.F.);
#1783 = EDGE_CURVE('',#1745,#1776,#1784,.T.);
#1784 = LINE('',#1785,#1786);
#1785 = CARTESIAN_POINT('',(2.725,12.0904,12.143));
#1786 = VECTOR('',#1787,1.);
#1787 = DIRECTION('',(0.,0.514225974439,-0.8576547366));
#1788 = PLANE('',#1789);
#1789 = AXIS2_PLACEMENT_3D('',#1790,#1791,#1792);
#1790 = CARTESIAN_POINT('',(2.725,12.0904,12.143));
#1791 = DIRECTION('',(-0.,-0.8576547366,-0.514225974439));
#1792 = DIRECTION('',(0.,-0.514225974439,0.8576547366));
#1793 = ADVANCED_FACE('',(#1794),#1819,.T.);
#1794 = FACE_BOUND('',#1795,.F.);
#1795 = EDGE_LOOP('',(#1796,#1797,#1805,#1813));
#1796 = ORIENTED_EDGE('',*,*,#1775,.T.);
#1797 = ORIENTED_EDGE('',*,*,#1798,.T.);
#1798 = EDGE_CURVE('',#1768,#1799,#1801,.T.);
#1799 = VERTEX_POINT('',#1800);
#1800 = CARTESIAN_POINT('',(5.575,12.6349,11.328));
#1801 = LINE('',#1802,#1803);
#1802 = CARTESIAN_POINT('',(5.575,12.3427,11.7222));
#1803 = VECTOR('',#1804,1.);
#1804 = DIRECTION('',(0.,0.595490702017,-0.803362199641));
#1805 = ORIENTED_EDGE('',*,*,#1806,.F.);
#1806 = EDGE_CURVE('',#1807,#1799,#1809,.T.);
#1807 = VERTEX_POINT('',#1808);
#1808 = CARTESIAN_POINT('',(2.725,12.6349,11.328));
#1809 = LINE('',#1810,#1811);
#1810 = CARTESIAN_POINT('',(2.725,12.6349,11.328));
#1811 = VECTOR('',#1812,1.);
#1812 = DIRECTION('',(1.,0.,0.));
#1813 = ORIENTED_EDGE('',*,*,#1814,.F.);
#1814 = EDGE_CURVE('',#1776,#1807,#1815,.T.);
#1815 = LINE('',#1816,#1817);
#1816 = CARTESIAN_POINT('',(2.725,12.3427,11.7222));
#1817 = VECTOR('',#1818,1.);
#1818 = DIRECTION('',(0.,0.595490702017,-0.803362199641));
#1819 = PLANE('',#1820);
#1820 = AXIS2_PLACEMENT_3D('',#1821,#1822,#1823);
#1821 = CARTESIAN_POINT('',(2.725,12.3427,11.7222));
#1822 = DIRECTION('',(-0.,-0.803362199641,-0.595490702017));
#1823 = DIRECTION('',(0.,-0.595490702017,0.803362199641));
#1824 = ADVANCED_FACE('',(#1825),#1850,.T.);
#1825 = FACE_BOUND('',#1826,.F.);
#1826 = EDGE_LOOP('',(#1827,#1828,#1836,#1844));
#1827 = ORIENTED_EDGE('',*,*,#1806,.T.);
#1828 = ORIENTED_EDGE('',*,*,#1829,.T.);
#1829 = EDGE_CURVE('',#1799,#1830,#1832,.T.);
#1830 = VERTEX_POINT('',#1831);
#1831 = CARTESIAN_POINT('',(5.575,12.9645,10.9645));
#1832 = LINE('',#1833,#1834);
#1833 = CARTESIAN_POINT('',(5.575,12.6349,11.328));
#1834 = VECTOR('',#1835,1.);
#1835 = DIRECTION('',(0.,0.671718718318,-0.740806292806));
#1836 = ORIENTED_EDGE('',*,*,#1837,.F.);
#1837 = EDGE_CURVE('',#1838,#1830,#1840,.T.);
#1838 = VERTEX_POINT('',#1839);
#1839 = CARTESIAN_POINT('',(2.725,12.9645,10.9645));
#1840 = LINE('',#1841,#1842);
#1841 = CARTESIAN_POINT('',(2.725,12.9645,10.9645));
#1842 = VECTOR('',#1843,1.);
#1843 = DIRECTION('',(1.,0.,0.));
#1844 = ORIENTED_EDGE('',*,*,#1845,.F.);
#1845 = EDGE_CURVE('',#1807,#1838,#1846,.T.);
#1846 = LINE('',#1847,#1848);
#1847 = CARTESIAN_POINT('',(2.725,12.6349,11.328));
#1848 = VECTOR('',#1849,1.);
#1849 = DIRECTION('',(0.,0.671718718318,-0.740806292806));
#1850 = PLANE('',#1851);
#1851 = AXIS2_PLACEMENT_3D('',#1852,#1853,#1854);
#1852 = CARTESIAN_POINT('',(2.725,12.6349,11.328));
#1853 = DIRECTION('',(-0.,-0.740806292806,-0.671718718318));
#1854 = DIRECTION('',(0.,-0.671718718318,0.740806292806));
#1855 = ADVANCED_FACE('',(#1856),#1881,.T.);
#1856 = FACE_BOUND('',#1857,.F.);
#1857 = EDGE_LOOP('',(#1858,#1859,#1867,#1875));
#1858 = ORIENTED_EDGE('',*,*,#1837,.T.);
#1859 = ORIENTED_EDGE('',*,*,#1860,.T.);
#1860 = EDGE_CURVE('',#1830,#1861,#1863,.T.);
#1861 = VERTEX_POINT('',#1862);
#1862 = CARTESIAN_POINT('',(5.575,13.328,10.6349));
#1863 = LINE('',#1864,#1865);
#1864 = CARTESIAN_POINT('',(5.575,12.9645,10.9645));
#1865 = VECTOR('',#1866,1.);
#1866 = DIRECTION('',(0.,0.740806292806,-0.671718718318));
#1867 = ORIENTED_EDGE('',*,*,#1868,.F.);
#1868 = EDGE_CURVE('',#1869,#1861,#1871,.T.);
#1869 = VERTEX_POINT('',#1870);
#1870 = CARTESIAN_POINT('',(2.725,13.328,10.6349));
#1871 = LINE('',#1872,#1873);
#1872 = CARTESIAN_POINT('',(2.725,13.328,10.6349));
#1873 = VECTOR('',#1874,1.);
#1874 = DIRECTION('',(1.,0.,0.));
#1875 = ORIENTED_EDGE('',*,*,#1876,.F.);
#1876 = EDGE_CURVE('',#1838,#1869,#1877,.T.);
#1877 = LINE('',#1878,#1879);
#1878 = CARTESIAN_POINT('',(2.725,12.9645,10.9645));
#1879 = VECTOR('',#1880,1.);
#1880 = DIRECTION('',(0.,0.740806292806,-0.671718718318));
#1881 = PLANE('',#1882);
#1882 = AXIS2_PLACEMENT_3D('',#1883,#1884,#1885);
#1883 = CARTESIAN_POINT('',(2.725,12.9645,10.9645));
#1884 = DIRECTION('',(-0.,-0.671718718318,-0.740806292806));
#1885 = DIRECTION('',(0.,-0.740806292806,0.671718718318));
#1886 = ADVANCED_FACE('',(#1887),#1912,.T.);
#1887 = FACE_BOUND('',#1888,.F.);
#1888 = EDGE_LOOP('',(#1889,#1890,#1898,#1906));
#1889 = ORIENTED_EDGE('',*,*,#1868,.T.);
#1890 = ORIENTED_EDGE('',*,*,#1891,.T.);
#1891 = EDGE_CURVE('',#1861,#1892,#1894,.T.);
#1892 = VERTEX_POINT('',#1893);
#1893 = CARTESIAN_POINT('',(5.575,13.7222,10.3427));
#1894 = LINE('',#1895,#1896);
#1895 = CARTESIAN_POINT('',(5.575,13.328,10.6349));
#1896 = VECTOR('',#1897,1.);
#1897 = DIRECTION('',(0.,0.803362199641,-0.595490702017));
#1898 = ORIENTED_EDGE('',*,*,#1899,.F.);
#1899 = EDGE_CURVE('',#1900,#1892,#1902,.T.);
#1900 = VERTEX_POINT('',#1901);
#1901 = CARTESIAN_POINT('',(2.725,13.7222,10.3427));
#1902 = LINE('',#1903,#1904);
#1903 = CARTESIAN_POINT('',(2.725,13.7222,10.3427));
#1904 = VECTOR('',#1905,1.);
#1905 = DIRECTION('',(1.,0.,0.));
#1906 = ORIENTED_EDGE('',*,*,#1907,.F.);
#1907 = EDGE_CURVE('',#1869,#1900,#1908,.T.);
#1908 = LINE('',#1909,#1910);
#1909 = CARTESIAN_POINT('',(2.725,13.328,10.6349));
#1910 = VECTOR('',#1911,1.);
#1911 = DIRECTION('',(0.,0.803362199641,-0.595490702017));
#1912 = PLANE('',#1913);
#1913 = AXIS2_PLACEMENT_3D('',#1914,#1915,#1916);
#1914 = CARTESIAN_POINT('',(2.725,13.328,10.6349));
#1915 = DIRECTION('',(-0.,-0.595490702017,-0.803362199641));
#1916 = DIRECTION('',(0.,-0.803362199641,0.595490702017));
#1917 = ADVANCED_FACE('',(#1918),#1943,.T.);
#1918 = FACE_BOUND('',#1919,.F.);
#1919 = EDGE_LOOP('',(#1920,#1921,#1929,#1937));
#1920 = ORIENTED_EDGE('',*,*,#1899,.T.);
#1921 = ORIENTED_EDGE('',*,*,#1922,.T.);
#1922 = EDGE_CURVE('',#1892,#1923,#1925,.T.);
#1923 = VERTEX_POINT('',#1924);
#1924 = CARTESIAN_POINT('',(5.575,14.143,10.0904));
#1925 = LINE('',#1926,#1927);
#1926 = CARTESIAN_POINT('',(5.575,13.7222,10.3427));
#1927 = VECTOR('',#1928,1.);
#1928 = DIRECTION('',(0.,0.8576547366,-0.514225974439));
#1929 = ORIENTED_EDGE('',*,*,#1930,.F.);
#1930 = EDGE_CURVE('',#1931,#1923,#1933,.T.);
#1931 = VERTEX_POINT('',#1932);
#1932 = CARTESIAN_POINT('',(2.725,14.143,10.0904));
#1933 = LINE('',#1934,#1935);
#1934 = CARTESIAN_POINT('',(2.725,14.143,10.0904));
#1935 = VECTOR('',#1936,1.);
#1936 = DIRECTION('',(1.,0.,0.));
#1937 = ORIENTED_EDGE('',*,*,#1938,.F.);
#1938 = EDGE_CURVE('',#1900,#1931,#1939,.T.);
#1939 = LINE('',#1940,#1941);
#1940 = CARTESIAN_POINT('',(2.725,13.7222,10.3427));
#1941 = VECTOR('',#1942,1.);
#1942 = DIRECTION('',(0.,0.8576547366,-0.514225974439));
#1943 = PLANE('',#1944);
#1944 = AXIS2_PLACEMENT_3D('',#1945,#1946,#1947);
#1945 = CARTESIAN_POINT('',(2.725,13.7222,10.3427));
#1946 = DIRECTION('',(-0.,-0.514225974439,-0.8576547366));
#1947 = DIRECTION('',(0.,-0.8576547366,0.514225974439));
#1948 = ADVANCED_FACE('',(#1949),#1974,.T.);
#1949 = FACE_BOUND('',#1950,.F.);
#1950 = EDGE_LOOP('',(#1951,#1952,#1960,#1968));
#1951 = ORIENTED_EDGE('',*,*,#1930,.T.);
#1952 = ORIENTED_EDGE('',*,*,#1953,.T.);
#1953 = EDGE_CURVE('',#1923,#1954,#1956,.T.);
#1954 = VERTEX_POINT('',#1955);
#1955 = CARTESIAN_POINT('',(5.575,14.5866,9.8806));
#1956 = LINE('',#1957,#1958);
#1957 = CARTESIAN_POINT('',(5.575,14.143,10.0904));
#1958 = VECTOR('',#1959,1.);
#1959 = DIRECTION('',(0.,0.903994944062,-0.427543145321));
#1960 = ORIENTED_EDGE('',*,*,#1961,.F.);
#1961 = EDGE_CURVE('',#1962,#1954,#1964,.T.);
#1962 = VERTEX_POINT('',#1963);
#1963 = CARTESIAN_POINT('',(2.725,14.5866,9.8806));
#1964 = LINE('',#1965,#1966);
#1965 = CARTESIAN_POINT('',(2.725,14.5866,9.8806));
#1966 = VECTOR('',#1967,1.);
#1967 = DIRECTION('',(1.,0.,0.));
#1968 = ORIENTED_EDGE('',*,*,#1969,.F.);
#1969 = EDGE_CURVE('',#1931,#1962,#1970,.T.);
#1970 = LINE('',#1971,#1972);
#1971 = CARTESIAN_POINT('',(2.725,14.143,10.0904));
#1972 = VECTOR('',#1973,1.);
#1973 = DIRECTION('',(0.,0.903994944062,-0.427543145321));
#1974 = PLANE('',#1975);
#1975 = AXIS2_PLACEMENT_3D('',#1976,#1977,#1978);
#1976 = CARTESIAN_POINT('',(2.725,14.143,10.0904));
#1977 = DIRECTION('',(-0.,-0.427543145321,-0.903994944062));
#1978 = DIRECTION('',(0.,-0.903994944062,0.427543145321));
#1979 = ADVANCED_FACE('',(#1980),#2005,.T.);
#1980 = FACE_BOUND('',#1981,.F.);
#1981 = EDGE_LOOP('',(#1982,#1983,#1991,#1999));
#1982 = ORIENTED_EDGE('',*,*,#1961,.T.);
#1983 = ORIENTED_EDGE('',*,*,#1984,.T.);
#1984 = EDGE_CURVE('',#1954,#1985,#1987,.T.);
#1985 = VERTEX_POINT('',#1986);
#1986 = CARTESIAN_POINT('',(5.575,15.0486,9.7153));
#1987 = LINE('',#1988,#1989);
#1988 = CARTESIAN_POINT('',(5.575,14.5866,9.8806));
#1989 = VECTOR('',#1990,1.);
#1990 = DIRECTION('',(0.,0.941548101009,-0.336878573802));
#1991 = ORIENTED_EDGE('',*,*,#1992,.F.);
#1992 = EDGE_CURVE('',#1993,#1985,#1995,.T.);
#1993 = VERTEX_POINT('',#1994);
#1994 = CARTESIAN_POINT('',(2.725,15.0486,9.7153));
#1995 = LINE('',#1996,#1997);
#1996 = CARTESIAN_POINT('',(2.725,15.0486,9.7153));
#1997 = VECTOR('',#1998,1.);
#1998 = DIRECTION('',(1.,0.,0.));
#1999 = ORIENTED_EDGE('',*,*,#2000,.F.);
#2000 = EDGE_CURVE('',#1962,#1993,#2001,.T.);
#2001 = LINE('',#2002,#2003);
#2002 = CARTESIAN_POINT('',(2.725,14.5866,9.8806));
#2003 = VECTOR('',#2004,1.);
#2004 = DIRECTION('',(0.,0.941548101009,-0.336878573802));
#2005 = PLANE('',#2006);
#2006 = AXIS2_PLACEMENT_3D('',#2007,#2008,#2009);
#2007 = CARTESIAN_POINT('',(2.725,14.5866,9.8806));
#2008 = DIRECTION('',(-0.,-0.336878573802,-0.941548101009));
#2009 = DIRECTION('',(0.,-0.941548101009,0.336878573802));
#2010 = ADVANCED_FACE('',(#2011),#2036,.T.);
#2011 = FACE_BOUND('',#2012,.F.);
#2012 = EDGE_LOOP('',(#2013,#2014,#2022,#2030));
#2013 = ORIENTED_EDGE('',*,*,#1992,.T.);
#2014 = ORIENTED_EDGE('',*,*,#2015,.T.);
#2015 = EDGE_CURVE('',#1985,#2016,#2018,.T.);
#2016 = VERTEX_POINT('',#2017);
#2017 = CARTESIAN_POINT('',(5.575,15.5246,9.5961));
#2018 = LINE('',#2019,#2020);
#2019 = CARTESIAN_POINT('',(5.575,15.0486,9.7153));
#2020 = VECTOR('',#2021,1.);
#2021 = DIRECTION('',(0.,0.970046522522,-0.242919213203));
#2022 = ORIENTED_EDGE('',*,*,#2023,.F.);
#2023 = EDGE_CURVE('',#2024,#2016,#2026,.T.);
#2024 = VERTEX_POINT('',#2025);
#2025 = CARTESIAN_POINT('',(2.725,15.5246,9.5961));
#2026 = LINE('',#2027,#2028);
#2027 = CARTESIAN_POINT('',(2.725,15.5246,9.5961));
#2028 = VECTOR('',#2029,1.);
#2029 = DIRECTION('',(1.,0.,0.));
#2030 = ORIENTED_EDGE('',*,*,#2031,.F.);
#2031 = EDGE_CURVE('',#1993,#2024,#2032,.T.);
#2032 = LINE('',#2033,#2034);
#2033 = CARTESIAN_POINT('',(2.725,15.0486,9.7153));
#2034 = VECTOR('',#2035,1.);
#2035 = DIRECTION('',(0.,0.970046522522,-0.242919213203));
#2036 = PLANE('',#2037);
#2037 = AXIS2_PLACEMENT_3D('',#2038,#2039,#2040);
#2038 = CARTESIAN_POINT('',(2.725,15.0486,9.7153));
#2039 = DIRECTION('',(-0.,-0.242919213203,-0.970046522522));
#2040 = DIRECTION('',(0.,-0.970046522522,0.242919213203));
#2041 = ADVANCED_FACE('',(#2042),#2067,.T.);
#2042 = FACE_BOUND('',#2043,.F.);
#2043 = EDGE_LOOP('',(#2044,#2045,#2053,#2061));
#2044 = ORIENTED_EDGE('',*,*,#2023,.T.);
#2045 = ORIENTED_EDGE('',*,*,#2046,.T.);
#2046 = EDGE_CURVE('',#2016,#2047,#2049,.T.);
#2047 = VERTEX_POINT('',#2048);
#2048 = CARTESIAN_POINT('',(5.575,16.0099,9.5241));
#2049 = LINE('',#2050,#2051);
#2050 = CARTESIAN_POINT('',(5.575,15.5246,9.5961));
#2051 = VECTOR('',#2052,1.);
#2052 = DIRECTION('',(0.,0.98917279827,-0.146755494489));
#2053 = ORIENTED_EDGE('',*,*,#2054,.F.);
#2054 = EDGE_CURVE('',#2055,#2047,#2057,.T.);
#2055 = VERTEX_POINT('',#2056);
#2056 = CARTESIAN_POINT('',(2.725,16.0099,9.5241));
#2057 = LINE('',#2058,#2059);
#2058 = CARTESIAN_POINT('',(2.725,16.0099,9.5241));
#2059 = VECTOR('',#2060,1.);
#2060 = DIRECTION('',(1.,0.,0.));
#2061 = ORIENTED_EDGE('',*,*,#2062,.F.);
#2062 = EDGE_CURVE('',#2024,#2055,#2063,.T.);
#2063 = LINE('',#2064,#2065);
#2064 = CARTESIAN_POINT('',(2.725,15.5246,9.5961));
#2065 = VECTOR('',#2066,1.);
#2066 = DIRECTION('',(0.,0.98917279827,-0.146755494489));
#2067 = PLANE('',#2068);
#2068 = AXIS2_PLACEMENT_3D('',#2069,#2070,#2071);
#2069 = CARTESIAN_POINT('',(2.725,15.5246,9.5961));
#2070 = DIRECTION('',(-0.,-0.146755494489,-0.98917279827));
#2071 = DIRECTION('',(0.,-0.98917279827,0.146755494489));
#2072 = ADVANCED_FACE('',(#2073),#2098,.T.);
#2073 = FACE_BOUND('',#2074,.F.);
#2074 = EDGE_LOOP('',(#2075,#2076,#2084,#2092));
#2075 = ORIENTED_EDGE('',*,*,#2054,.T.);
#2076 = ORIENTED_EDGE('',*,*,#2077,.T.);
#2077 = EDGE_CURVE('',#2047,#2078,#2080,.T.);
#2078 = VERTEX_POINT('',#2079);
#2079 = CARTESIAN_POINT('',(5.575,16.5,9.5));
#2080 = LINE('',#2081,#2082);
#2081 = CARTESIAN_POINT('',(5.575,16.0099,9.5241));
#2082 = VECTOR('',#2083,1.);
#2083 = DIRECTION('',(0.,0.998793164859,-4.911429355865E-02));
#2084 = ORIENTED_EDGE('',*,*,#2085,.F.);
#2085 = EDGE_CURVE('',#2086,#2078,#2088,.T.);
#2086 = VERTEX_POINT('',#2087);
#2087 = CARTESIAN_POINT('',(2.725,16.5,9.5));
#2088 = LINE('',#2089,#2090);
#2089 = CARTESIAN_POINT('',(2.725,16.5,9.5));
#2090 = VECTOR('',#2091,1.);
#2091 = DIRECTION('',(1.,0.,0.));
#2092 = ORIENTED_EDGE('',*,*,#2093,.F.);
#2093 = EDGE_CURVE('',#2055,#2086,#2094,.T.);
#2094 = LINE('',#2095,#2096);
#2095 = CARTESIAN_POINT('',(2.725,16.0099,9.5241));
#2096 = VECTOR('',#2097,1.);
#2097 = DIRECTION('',(0.,0.998793164859,-4.911429355865E-02));
#2098 = PLANE('',#2099);
#2099 = AXIS2_PLACEMENT_3D('',#2100,#2101,#2102);
#2100 = CARTESIAN_POINT('',(2.725,16.0099,9.5241));
#2101 = DIRECTION('',(-0.,-4.911429355865E-02,-0.998793164859));
#2102 = DIRECTION('',(0.,-0.998793164859,4.911429355865E-02));
#2103 = ADVANCED_FACE('',(#2104),#2120,.T.);
#2104 = FACE_BOUND('',#2105,.F.);
#2105 = EDGE_LOOP('',(#2106,#2107,#2113,#2114));
#2106 = ORIENTED_EDGE('',*,*,#2085,.T.);
#2107 = ORIENTED_EDGE('',*,*,#2108,.T.);
#2108 = EDGE_CURVE('',#2078,#24,#2109,.T.);
#2109 = LINE('',#2110,#2111);
#2110 = CARTESIAN_POINT('',(5.575,16.5,9.5));
#2111 = VECTOR('',#2112,1.);
#2112 = DIRECTION('',(0.,1.,0.));
#2113 = ORIENTED_EDGE('',*,*,#21,.F.);
#2114 = ORIENTED_EDGE('',*,*,#2115,.F.);
#2115 = EDGE_CURVE('',#2086,#22,#2116,.T.);
#2116 = LINE('',#2117,#2118);
#2117 = CARTESIAN_POINT('',(2.725,16.5,9.5));
#2118 = VECTOR('',#2119,1.);
#2119 = DIRECTION('',(0.,1.,0.));
#2120 = PLANE('',#2121);
#2121 = AXIS2_PLACEMENT_3D('',#2122,#2123,#2124);
#2122 = CARTESIAN_POINT('',(2.725,16.5,9.5));
#2123 = DIRECTION('',(-0.,-0.,-1.));
#2124 = DIRECTION('',(0.,-1.,0.));
#2125 = ADVANCED_FACE('',(#2126),#2160,.T.);
#2126 = FACE_BOUND('',#2127,.F.);
#2127 = EDGE_LOOP('',(#2128,#2138,#2146,#2154));
#2128 = ORIENTED_EDGE('',*,*,#2129,.T.);
#2129 = EDGE_CURVE('',#2130,#2132,#2134,.T.);
#2130 = VERTEX_POINT('',#2131);
#2131 = CARTESIAN_POINT('',(2.725,21.950991429835,12.502407636664));
#2132 = VERTEX_POINT('',#2133);
#2133 = CARTESIAN_POINT('',(5.575,21.950991429835,12.502407636664));
#2134 = LINE('',#2135,#2136);
#2135 = CARTESIAN_POINT('',(2.725,21.950991429835,12.502407636664));
#2136 = VECTOR('',#2137,1.);
#2137 = DIRECTION('',(1.,0.,0.));
#2138 = ORIENTED_EDGE('',*,*,#2139,.T.);
#2139 = EDGE_CURVE('',#2132,#2140,#2142,.T.);
#2140 = VERTEX_POINT('',#2141);
#2141 = CARTESIAN_POINT('',(5.575,21.902454838992,12.509607359798));
#2142 = LINE('',#2143,#2144);
#2143 = CARTESIAN_POINT('',(5.575,21.950991429835,12.502407636664));
#2144 = VECTOR('',#2145,1.);
#2145 = DIRECTION('',(0.,-0.989176509965,0.146730474455));
#2146 = ORIENTED_EDGE('',*,*,#2147,.F.);
#2147 = EDGE_CURVE('',#2148,#2140,#2150,.T.);
#2148 = VERTEX_POINT('',#2149);
#2149 = CARTESIAN_POINT('',(2.725,21.902454838992,12.509607359798));
#2150 = LINE('',#2151,#2152);
#2151 = CARTESIAN_POINT('',(2.725,21.902454838992,12.509607359798));
#2152 = VECTOR('',#2153,1.);
#2153 = DIRECTION('',(1.,0.,0.));
#2154 = ORIENTED_EDGE('',*,*,#2155,.F.);
#2155 = EDGE_CURVE('',#2130,#2148,#2156,.T.);
#2156 = LINE('',#2157,#2158);
#2157 = CARTESIAN_POINT('',(2.725,21.950991429835,12.502407636664));
#2158 = VECTOR('',#2159,1.);
#2159 = DIRECTION('',(0.,-0.989176509965,0.146730474455));
#2160 = PLANE('',#2161);
#2161 = AXIS2_PLACEMENT_3D('',#2162,#2163,#2164);
#2162 = CARTESIAN_POINT('',(2.725,21.950991429835,12.502407636664));
#2163 = DIRECTION('',(0.,0.146730474455,0.989176509965));
#2164 = DIRECTION('',(0.,0.989176509965,-0.146730474455));
#2165 = ADVANCED_FACE('',(#2166),#2191,.T.);
#2166 = FACE_BOUND('',#2167,.F.);
#2167 = EDGE_LOOP('',(#2168,#2169,#2177,#2185));
#2168 = ORIENTED_EDGE('',*,*,#2147,.T.);
#2169 = ORIENTED_EDGE('',*,*,#2170,.T.);
#2170 = EDGE_CURVE('',#2140,#2171,#2173,.T.);
#2171 = VERTEX_POINT('',#2172);
#2172 = CARTESIAN_POINT('',(5.575,21.854857661373,12.521529832134));
#2173 = LINE('',#2174,#2175);
#2174 = CARTESIAN_POINT('',(5.575,21.902454838992,12.509607359798));
#2175 = VECTOR('',#2176,1.);
#2176 = DIRECTION('',(0.,-0.970031253195,0.242980179903));
#2177 = ORIENTED_EDGE('',*,*,#2178,.F.);
#2178 = EDGE_CURVE('',#2179,#2171,#2181,.T.);
#2179 = VERTEX_POINT('',#2180);
#2180 = CARTESIAN_POINT('',(2.725,21.854857661373,12.521529832134));
#2181 = LINE('',#2182,#2183);
#2182 = CARTESIAN_POINT('',(2.725,21.854857661373,12.521529832134));
#2183 = VECTOR('',#2184,1.);
#2184 = DIRECTION('',(1.,0.,0.));
#2185 = ORIENTED_EDGE('',*,*,#2186,.F.);
#2186 = EDGE_CURVE('',#2148,#2179,#2187,.T.);
#2187 = LINE('',#2188,#2189);
#2188 = CARTESIAN_POINT('',(2.725,21.902454838992,12.509607359798));
#2189 = VECTOR('',#2190,1.);
#2190 = DIRECTION('',(0.,-0.970031253195,0.242980179903));
#2191 = PLANE('',#2192);
#2192 = AXIS2_PLACEMENT_3D('',#2193,#2194,#2195);
#2193 = CARTESIAN_POINT('',(2.725,21.902454838992,12.509607359798));
#2194 = DIRECTION('',(0.,0.242980179903,0.970031253195));
#2195 = DIRECTION('',(0.,0.970031253195,-0.242980179903));
#2196 = ADVANCED_FACE('',(#2197),#2222,.T.);
#2197 = FACE_BOUND('',#2198,.F.);
#2198 = EDGE_LOOP('',(#2199,#2200,#2208,#2216));
#2199 = ORIENTED_EDGE('',*,*,#2178,.T.);
#2200 = ORIENTED_EDGE('',*,*,#2201,.T.);
#2201 = EDGE_CURVE('',#2171,#2202,#2204,.T.);
#2202 = VERTEX_POINT('',#2203);
#2203 = CARTESIAN_POINT('',(5.575,21.808658283817,12.538060233744));
#2204 = LINE('',#2205,#2206);
#2205 = CARTESIAN_POINT('',(5.575,21.854857661373,12.521529832134));
#2206 = VECTOR('',#2207,1.);
#2207 = DIRECTION('',(0.,-0.941544065183,0.336889853392));
#2208 = ORIENTED_EDGE('',*,*,#2209,.F.);
#2209 = EDGE_CURVE('',#2210,#2202,#2212,.T.);
#2210 = VERTEX_POINT('',#2211);
#2211 = CARTESIAN_POINT('',(2.725,21.808658283817,12.538060233744));
#2212 = LINE('',#2213,#2214);
#2213 = CARTESIAN_POINT('',(2.725,21.808658283817,12.538060233744));
#2214 = VECTOR('',#2215,1.);
#2215 = DIRECTION('',(1.,0.,0.));
#2216 = ORIENTED_EDGE('',*,*,#2217,.F.);
#2217 = EDGE_CURVE('',#2179,#2210,#2218,.T.);
#2218 = LINE('',#2219,#2220);
#2219 = CARTESIAN_POINT('',(2.725,21.854857661373,12.521529832134));
#2220 = VECTOR('',#2221,1.);
#2221 = DIRECTION('',(0.,-0.941544065183,0.336889853392));
#2222 = PLANE('',#2223);
#2223 = AXIS2_PLACEMENT_3D('',#2224,#2225,#2226);
#2224 = CARTESIAN_POINT('',(2.725,21.854857661373,12.521529832134));
#2225 = DIRECTION('',(0.,0.336889853392,0.941544065183));
#2226 = DIRECTION('',(0.,0.941544065183,-0.336889853392));
#2227 = ADVANCED_FACE('',(#2228),#2253,.T.);
#2228 = FACE_BOUND('',#2229,.F.);
#2229 = EDGE_LOOP('',(#2230,#2231,#2239,#2247));
#2230 = ORIENTED_EDGE('',*,*,#2209,.T.);
#2231 = ORIENTED_EDGE('',*,*,#2232,.T.);
#2232 = EDGE_CURVE('',#2202,#2233,#2235,.T.);
#2233 = VERTEX_POINT('',#2234);
#2234 = CARTESIAN_POINT('',(5.575,21.764301631587,12.559039367826));
#2235 = LINE('',#2236,#2237);
#2236 = CARTESIAN_POINT('',(5.575,21.808658283817,12.538060233744));
#2237 = VECTOR('',#2238,1.);
#2238 = DIRECTION('',(0.,-0.903989293123,0.42755509343));
#2239 = ORIENTED_EDGE('',*,*,#2240,.F.);
#2240 = EDGE_CURVE('',#2241,#2233,#2243,.T.);
#2241 = VERTEX_POINT('',#2242);
#2242 = CARTESIAN_POINT('',(2.725,21.764301631587,12.559039367826));
#2243 = LINE('',#2244,#2245);
#2244 = CARTESIAN_POINT('',(2.725,21.764301631587,12.559039367826));
#2245 = VECTOR('',#2246,1.);
#2246 = DIRECTION('',(1.,0.,0.));
#2247 = ORIENTED_EDGE('',*,*,#2248,.F.);
#2248 = EDGE_CURVE('',#2210,#2241,#2249,.T.);
#2249 = LINE('',#2250,#2251);
#2250 = CARTESIAN_POINT('',(2.725,21.808658283817,12.538060233744));
#2251 = VECTOR('',#2252,1.);
#2252 = DIRECTION('',(0.,-0.903989293123,0.42755509343));
#2253 = PLANE('',#2254);
#2254 = AXIS2_PLACEMENT_3D('',#2255,#2256,#2257);
#2255 = CARTESIAN_POINT('',(2.725,21.808658283817,12.538060233744));
#2256 = DIRECTION('',(0.,0.42755509343,0.903989293123));
#2257 = DIRECTION('',(0.,0.903989293123,-0.42755509343));
#2258 = ADVANCED_FACE('',(#2259),#2284,.T.);
#2259 = FACE_BOUND('',#2260,.F.);
#2260 = EDGE_LOOP('',(#2261,#2262,#2270,#2278));
#2261 = ORIENTED_EDGE('',*,*,#2240,.T.);
#2262 = ORIENTED_EDGE('',*,*,#2263,.T.);
#2263 = EDGE_CURVE('',#2233,#2264,#2266,.T.);
#2264 = VERTEX_POINT('',#2265);
#2265 = CARTESIAN_POINT('',(5.575,21.72221488349,12.584265193849));
#2266 = LINE('',#2267,#2268);
#2267 = CARTESIAN_POINT('',(5.575,21.764301631587,12.559039367826));
#2268 = VECTOR('',#2269,1.);
#2269 = DIRECTION('',(0.,-0.85772861,0.514102744193));
#2270 = ORIENTED_EDGE('',*,*,#2271,.F.);
#2271 = EDGE_CURVE('',#2272,#2264,#2274,.T.);
#2272 = VERTEX_POINT('',#2273);
#2273 = CARTESIAN_POINT('',(2.725,21.72221488349,12.584265193849));
#2274 = LINE('',#2275,#2276);
#2275 = CARTESIAN_POINT('',(2.725,21.72221488349,12.584265193849));
#2276 = VECTOR('',#2277,1.);
#2277 = DIRECTION('',(1.,0.,0.));
#2278 = ORIENTED_EDGE('',*,*,#2279,.F.);
#2279 = EDGE_CURVE('',#2241,#2272,#2280,.T.);
#2280 = LINE('',#2281,#2282);
#2281 = CARTESIAN_POINT('',(2.725,21.764301631587,12.559039367826));
#2282 = VECTOR('',#2283,1.);
#2283 = DIRECTION('',(0.,-0.85772861,0.514102744193));
#2284 = PLANE('',#2285);
#2285 = AXIS2_PLACEMENT_3D('',#2286,#2287,#2288);
#2286 = CARTESIAN_POINT('',(2.725,21.764301631587,12.559039367826));
#2287 = DIRECTION('',(0.,0.514102744193,0.85772861));
#2288 = DIRECTION('',(0.,0.85772861,-0.514102744193));
#2289 = ADVANCED_FACE('',(#2290),#2315,.T.);
#2290 = FACE_BOUND('',#2291,.F.);
#2291 = EDGE_LOOP('',(#2292,#2293,#2301,#2309));
#2292 = ORIENTED_EDGE('',*,*,#2271,.T.);
#2293 = ORIENTED_EDGE('',*,*,#2294,.T.);
#2294 = EDGE_CURVE('',#2264,#2295,#2297,.T.);
#2295 = VERTEX_POINT('',#2296);
#2296 = CARTESIAN_POINT('',(5.575,21.682803357918,12.613494773319));
#2297 = LINE('',#2298,#2299);
#2298 = CARTESIAN_POINT('',(5.575,21.72221488349,12.584265193849));
#2299 = VECTOR('',#2300,1.);
#2300 = DIRECTION('',(0.,-0.803207531481,0.595699304492));
#2301 = ORIENTED_EDGE('',*,*,#2302,.F.);
#2302 = EDGE_CURVE('',#2303,#2295,#2305,.T.);
#2303 = VERTEX_POINT('',#2304);
#2304 = CARTESIAN_POINT('',(2.725,21.682803357918,12.613494773319));
#2305 = LINE('',#2306,#2307);
#2306 = CARTESIAN_POINT('',(2.725,21.682803357918,12.613494773319));
#2307 = VECTOR('',#2308,1.);
#2308 = DIRECTION('',(1.,0.,0.));
#2309 = ORIENTED_EDGE('',*,*,#2310,.F.);
#2310 = EDGE_CURVE('',#2272,#2303,#2311,.T.);
#2311 = LINE('',#2312,#2313);
#2312 = CARTESIAN_POINT('',(2.725,21.72221488349,12.584265193849));
#2313 = VECTOR('',#2314,1.);
#2314 = DIRECTION('',(0.,-0.803207531481,0.595699304492));
#2315 = PLANE('',#2316);
#2316 = AXIS2_PLACEMENT_3D('',#2317,#2318,#2319);
#2317 = CARTESIAN_POINT('',(2.725,21.72221488349,12.584265193849));
#2318 = DIRECTION('',(0.,0.595699304492,0.803207531481));
#2319 = DIRECTION('',(0.,0.803207531481,-0.595699304492));
#2320 = ADVANCED_FACE('',(#2321),#2346,.T.);
#2321 = FACE_BOUND('',#2322,.F.);
#2322 = EDGE_LOOP('',(#2323,#2324,#2332,#2340));
#2323 = ORIENTED_EDGE('',*,*,#2302,.T.);
#2324 = ORIENTED_EDGE('',*,*,#2325,.T.);
#2325 = EDGE_CURVE('',#2295,#2326,#2328,.T.);
#2326 = VERTEX_POINT('',#2327);
#2327 = CARTESIAN_POINT('',(5.575,21.646446609407,12.646446609407));
#2328 = LINE('',#2329,#2330);
#2329 = CARTESIAN_POINT('',(5.575,21.682803357918,12.613494773319));
#2330 = VECTOR('',#2331,1.);
#2331 = DIRECTION('',(0.,-0.740951125355,0.671558954847));
#2332 = ORIENTED_EDGE('',*,*,#2333,.F.);
#2333 = EDGE_CURVE('',#2334,#2326,#2336,.T.);
#2334 = VERTEX_POINT('',#2335);
#2335 = CARTESIAN_POINT('',(2.725,21.646446609407,12.646446609407));
#2336 = LINE('',#2337,#2338);
#2337 = CARTESIAN_POINT('',(2.725,21.646446609407,12.646446609407));
#2338 = VECTOR('',#2339,1.);
#2339 = DIRECTION('',(1.,0.,0.));
#2340 = ORIENTED_EDGE('',*,*,#2341,.F.);
#2341 = EDGE_CURVE('',#2303,#2334,#2342,.T.);
#2342 = LINE('',#2343,#2344);
#2343 = CARTESIAN_POINT('',(2.725,21.682803357918,12.613494773319));
#2344 = VECTOR('',#2345,1.);
#2345 = DIRECTION('',(0.,-0.740951125355,0.671558954847));
#2346 = PLANE('',#2347);
#2347 = AXIS2_PLACEMENT_3D('',#2348,#2349,#2350);
#2348 = CARTESIAN_POINT('',(2.725,21.682803357918,12.613494773319));
#2349 = DIRECTION('',(0.,0.671558954847,0.740951125355));
#2350 = DIRECTION('',(0.,0.740951125355,-0.671558954847));
#2351 = ADVANCED_FACE('',(#2352),#2377,.T.);
#2352 = FACE_BOUND('',#2353,.F.);
#2353 = EDGE_LOOP('',(#2354,#2355,#2363,#2371));
#2354 = ORIENTED_EDGE('',*,*,#2333,.T.);
#2355 = ORIENTED_EDGE('',*,*,#2356,.T.);
#2356 = EDGE_CURVE('',#2326,#2357,#2359,.T.);
#2357 = VERTEX_POINT('',#2358);
#2358 = CARTESIAN_POINT('',(5.575,21.613494773319,12.682803357918));
#2359 = LINE('',#2360,#2361);
#2360 = CARTESIAN_POINT('',(5.575,21.646446609407,12.646446609407));
#2361 = VECTOR('',#2362,1.);
#2362 = DIRECTION('',(0.,-0.671558954847,0.740951125355));
#2363 = ORIENTED_EDGE('',*,*,#2364,.F.);
#2364 = EDGE_CURVE('',#2365,#2357,#2367,.T.);
#2365 = VERTEX_POINT('',#2366);
#2366 = CARTESIAN_POINT('',(2.725,21.613494773319,12.682803357918));
#2367 = LINE('',#2368,#2369);
#2368 = CARTESIAN_POINT('',(2.725,21.613494773319,12.682803357918));
#2369 = VECTOR('',#2370,1.);
#2370 = DIRECTION('',(1.,0.,0.));
#2371 = ORIENTED_EDGE('',*,*,#2372,.F.);
#2372 = EDGE_CURVE('',#2334,#2365,#2373,.T.);
#2373 = LINE('',#2374,#2375);
#2374 = CARTESIAN_POINT('',(2.725,21.646446609407,12.646446609407));
#2375 = VECTOR('',#2376,1.);
#2376 = DIRECTION('',(0.,-0.671558954847,0.740951125355));
#2377 = PLANE('',#2378);
#2378 = AXIS2_PLACEMENT_3D('',#2379,#2380,#2381);
#2379 = CARTESIAN_POINT('',(2.725,21.646446609407,12.646446609407));
#2380 = DIRECTION('',(0.,0.740951125355,0.671558954847));
#2381 = DIRECTION('',(0.,0.671558954847,-0.740951125355));
#2382 = ADVANCED_FACE('',(#2383),#2408,.T.);
#2383 = FACE_BOUND('',#2384,.F.);
#2384 = EDGE_LOOP('',(#2385,#2386,#2394,#2402));
#2385 = ORIENTED_EDGE('',*,*,#2364,.T.);
#2386 = ORIENTED_EDGE('',*,*,#2387,.T.);
#2387 = EDGE_CURVE('',#2357,#2388,#2390,.T.);
#2388 = VERTEX_POINT('',#2389);
#2389 = CARTESIAN_POINT('',(5.575,21.584265193849,12.72221488349));
#2390 = LINE('',#2391,#2392);
#2391 = CARTESIAN_POINT('',(5.575,21.613494773319,12.682803357918));
#2392 = VECTOR('',#2393,1.);
#2393 = DIRECTION('',(0.,-0.595699304492,0.803207531481));
#2394 = ORIENTED_EDGE('',*,*,#2395,.F.);
#2395 = EDGE_CURVE('',#2396,#2388,#2398,.T.);
#2396 = VERTEX_POINT('',#2397);
#2397 = CARTESIAN_POINT('',(2.725,21.584265193849,12.72221488349));
#2398 = LINE('',#2399,#2400);
#2399 = CARTESIAN_POINT('',(2.725,21.584265193849,12.72221488349));
#2400 = VECTOR('',#2401,1.);
#2401 = DIRECTION('',(1.,0.,0.));
#2402 = ORIENTED_EDGE('',*,*,#2403,.F.);
#2403 = EDGE_CURVE('',#2365,#2396,#2404,.T.);
#2404 = LINE('',#2405,#2406);
#2405 = CARTESIAN_POINT('',(2.725,21.613494773319,12.682803357918));
#2406 = VECTOR('',#2407,1.);
#2407 = DIRECTION('',(0.,-0.595699304492,0.803207531481));
#2408 = PLANE('',#2409);
#2409 = AXIS2_PLACEMENT_3D('',#2410,#2411,#2412);
#2410 = CARTESIAN_POINT('',(2.725,21.613494773319,12.682803357918));
#2411 = DIRECTION('',(0.,0.803207531481,0.595699304492));
#2412 = DIRECTION('',(0.,0.595699304492,-0.803207531481));
#2413 = ADVANCED_FACE('',(#2414),#2439,.T.);
#2414 = FACE_BOUND('',#2415,.F.);
#2415 = EDGE_LOOP('',(#2416,#2417,#2425,#2433));
#2416 = ORIENTED_EDGE('',*,*,#2395,.T.);
#2417 = ORIENTED_EDGE('',*,*,#2418,.T.);
#2418 = EDGE_CURVE('',#2388,#2419,#2421,.T.);
#2419 = VERTEX_POINT('',#2420);
#2420 = CARTESIAN_POINT('',(5.575,21.559039367826,12.764301631587));
#2421 = LINE('',#2422,#2423);
#2422 = CARTESIAN_POINT('',(5.575,21.584265193849,12.72221488349));
#2423 = VECTOR('',#2424,1.);
#2424 = DIRECTION('',(0.,-0.514102744193,0.85772861));
#2425 = ORIENTED_EDGE('',*,*,#2426,.F.);
#2426 = EDGE_CURVE('',#2427,#2419,#2429,.T.);
#2427 = VERTEX_POINT('',#2428);
#2428 = CARTESIAN_POINT('',(2.725,21.559039367826,12.764301631587));
#2429 = LINE('',#2430,#2431);
#2430 = CARTESIAN_POINT('',(2.725,21.559039367826,12.764301631587));
#2431 = VECTOR('',#2432,1.);
#2432 = DIRECTION('',(1.,0.,0.));
#2433 = ORIENTED_EDGE('',*,*,#2434,.F.);
#2434 = EDGE_CURVE('',#2396,#2427,#2435,.T.);
#2435 = LINE('',#2436,#2437);
#2436 = CARTESIAN_POINT('',(2.725,21.584265193849,12.72221488349));
#2437 = VECTOR('',#2438,1.);
#2438 = DIRECTION('',(0.,-0.514102744193,0.85772861));
#2439 = PLANE('',#2440);
#2440 = AXIS2_PLACEMENT_3D('',#2441,#2442,#2443);
#2441 = CARTESIAN_POINT('',(2.725,21.584265193849,12.72221488349));
#2442 = DIRECTION('',(0.,0.85772861,0.514102744193));
#2443 = DIRECTION('',(0.,0.514102744193,-0.85772861));
#2444 = ADVANCED_FACE('',(#2445),#2470,.T.);
#2445 = FACE_BOUND('',#2446,.F.);
#2446 = EDGE_LOOP('',(#2447,#2448,#2456,#2464));
#2447 = ORIENTED_EDGE('',*,*,#2426,.T.);
#2448 = ORIENTED_EDGE('',*,*,#2449,.T.);
#2449 = EDGE_CURVE('',#2419,#2450,#2452,.T.);
#2450 = VERTEX_POINT('',#2451);
#2451 = CARTESIAN_POINT('',(5.575,21.538060233744,12.808658283817));
#2452 = LINE('',#2453,#2454);
#2453 = CARTESIAN_POINT('',(5.575,21.559039367826,12.764301631587));
#2454 = VECTOR('',#2455,1.);
#2455 = DIRECTION('',(0.,-0.42755509343,0.903989293123));
#2456 = ORIENTED_EDGE('',*,*,#2457,.F.);
#2457 = EDGE_CURVE('',#2458,#2450,#2460,.T.);
#2458 = VERTEX_POINT('',#2459);
#2459 = CARTESIAN_POINT('',(2.725,21.538060233744,12.808658283817));
#2460 = LINE('',#2461,#2462);
#2461 = CARTESIAN_POINT('',(2.725,21.538060233744,12.808658283817));
#2462 = VECTOR('',#2463,1.);
#2463 = DIRECTION('',(1.,0.,0.));
#2464 = ORIENTED_EDGE('',*,*,#2465,.F.);
#2465 = EDGE_CURVE('',#2427,#2458,#2466,.T.);
#2466 = LINE('',#2467,#2468);
#2467 = CARTESIAN_POINT('',(2.725,21.559039367826,12.764301631587));
#2468 = VECTOR('',#2469,1.);
#2469 = DIRECTION('',(0.,-0.42755509343,0.903989293123));
#2470 = PLANE('',#2471);
#2471 = AXIS2_PLACEMENT_3D('',#2472,#2473,#2474);
#2472 = CARTESIAN_POINT('',(2.725,21.559039367826,12.764301631587));
#2473 = DIRECTION('',(0.,0.903989293123,0.42755509343));
#2474 = DIRECTION('',(0.,0.42755509343,-0.903989293123));
#2475 = ADVANCED_FACE('',(#2476),#2501,.T.);
#2476 = FACE_BOUND('',#2477,.F.);
#2477 = EDGE_LOOP('',(#2478,#2479,#2487,#2495));
#2478 = ORIENTED_EDGE('',*,*,#2457,.T.);
#2479 = ORIENTED_EDGE('',*,*,#2480,.T.);
#2480 = EDGE_CURVE('',#2450,#2481,#2483,.T.);
#2481 = VERTEX_POINT('',#2482);
#2482 = CARTESIAN_POINT('',(5.575,21.521529832134,12.854857661373));
#2483 = LINE('',#2484,#2485);
#2484 = CARTESIAN_POINT('',(5.575,21.538060233744,12.808658283817));
#2485 = VECTOR('',#2486,1.);
#2486 = DIRECTION('',(0.,-0.336889853392,0.941544065183));
#2487 = ORIENTED_EDGE('',*,*,#2488,.F.);
#2488 = EDGE_CURVE('',#2489,#2481,#2491,.T.);
#2489 = VERTEX_POINT('',#2490);
#2490 = CARTESIAN_POINT('',(2.725,21.521529832134,12.854857661373));
#2491 = LINE('',#2492,#2493);
#2492 = CARTESIAN_POINT('',(2.725,21.521529832134,12.854857661373));
#2493 = VECTOR('',#2494,1.);
#2494 = DIRECTION('',(1.,0.,0.));
#2495 = ORIENTED_EDGE('',*,*,#2496,.F.);
#2496 = EDGE_CURVE('',#2458,#2489,#2497,.T.);
#2497 = LINE('',#2498,#2499);
#2498 = CARTESIAN_POINT('',(2.725,21.538060233744,12.808658283817));
#2499 = VECTOR('',#2500,1.);
#2500 = DIRECTION('',(0.,-0.336889853392,0.941544065183));
#2501 = PLANE('',#2502);
#2502 = AXIS2_PLACEMENT_3D('',#2503,#2504,#2505);
#2503 = CARTESIAN_POINT('',(2.725,21.538060233744,12.808658283817));
#2504 = DIRECTION('',(0.,0.941544065183,0.336889853392));
#2505 = DIRECTION('',(0.,0.336889853392,-0.941544065183));
#2506 = ADVANCED_FACE('',(#2507),#2532,.T.);
#2507 = FACE_BOUND('',#2508,.F.);
#2508 = EDGE_LOOP('',(#2509,#2510,#2518,#2526));
#2509 = ORIENTED_EDGE('',*,*,#2488,.T.);
#2510 = ORIENTED_EDGE('',*,*,#2511,.T.);
#2511 = EDGE_CURVE('',#2481,#2512,#2514,.T.);
#2512 = VERTEX_POINT('',#2513);
#2513 = CARTESIAN_POINT('',(5.575,21.509607359798,12.902454838992));
#2514 = LINE('',#2515,#2516);
#2515 = CARTESIAN_POINT('',(5.575,21.521529832134,12.854857661373));
#2516 = VECTOR('',#2517,1.);
#2517 = DIRECTION('',(0.,-0.242980179903,0.970031253195));
#2518 = ORIENTED_EDGE('',*,*,#2519,.F.);
#2519 = EDGE_CURVE('',#2520,#2512,#2522,.T.);
#2520 = VERTEX_POINT('',#2521);
#2521 = CARTESIAN_POINT('',(2.725,21.509607359798,12.902454838992));
#2522 = LINE('',#2523,#2524);
#2523 = CARTESIAN_POINT('',(2.725,21.509607359798,12.902454838992));
#2524 = VECTOR('',#2525,1.);
#2525 = DIRECTION('',(1.,0.,0.));
#2526 = ORIENTED_EDGE('',*,*,#2527,.F.);
#2527 = EDGE_CURVE('',#2489,#2520,#2528,.T.);
#2528 = LINE('',#2529,#2530);
#2529 = CARTESIAN_POINT('',(2.725,21.521529832134,12.854857661373));
#2530 = VECTOR('',#2531,1.);
#2531 = DIRECTION('',(0.,-0.242980179903,0.970031253195));
#2532 = PLANE('',#2533);
#2533 = AXIS2_PLACEMENT_3D('',#2534,#2535,#2536);
#2534 = CARTESIAN_POINT('',(2.725,21.521529832134,12.854857661373));
#2535 = DIRECTION('',(0.,0.970031253195,0.242980179903));
#2536 = DIRECTION('',(0.,0.242980179903,-0.970031253195));
#2537 = ADVANCED_FACE('',(#2538),#2563,.T.);
#2538 = FACE_BOUND('',#2539,.F.);
#2539 = EDGE_LOOP('',(#2540,#2541,#2549,#2557));
#2540 = ORIENTED_EDGE('',*,*,#2519,.T.);
#2541 = ORIENTED_EDGE('',*,*,#2542,.T.);
#2542 = EDGE_CURVE('',#2512,#2543,#2545,.T.);
#2543 = VERTEX_POINT('',#2544);
#2544 = CARTESIAN_POINT('',(5.575,21.502407636664,12.950991429835));
#2545 = LINE('',#2546,#2547);
#2546 = CARTESIAN_POINT('',(5.575,21.509607359798,12.902454838992));
#2547 = VECTOR('',#2548,1.);
#2548 = DIRECTION('',(0.,-0.146730474455,0.989176509965));
#2549 = ORIENTED_EDGE('',*,*,#2550,.F.);
#2550 = EDGE_CURVE('',#2551,#2543,#2553,.T.);
#2551 = VERTEX_POINT('',#2552);
#2552 = CARTESIAN_POINT('',(2.725,21.502407636664,12.950991429835));
#2553 = LINE('',#2554,#2555);
#2554 = CARTESIAN_POINT('',(2.725,21.502407636664,12.950991429835));
#2555 = VECTOR('',#2556,1.);
#2556 = DIRECTION('',(1.,0.,0.));
#2557 = ORIENTED_EDGE('',*,*,#2558,.F.);
#2558 = EDGE_CURVE('',#2520,#2551,#2559,.T.);
#2559 = LINE('',#2560,#2561);
#2560 = CARTESIAN_POINT('',(2.725,21.509607359798,12.902454838992));
#2561 = VECTOR('',#2562,1.);
#2562 = DIRECTION('',(0.,-0.146730474455,0.989176509965));
#2563 = PLANE('',#2564);
#2564 = AXIS2_PLACEMENT_3D('',#2565,#2566,#2567);
#2565 = CARTESIAN_POINT('',(2.725,21.509607359798,12.902454838992));
#2566 = DIRECTION('',(0.,0.989176509965,0.146730474455));
#2567 = DIRECTION('',(0.,0.146730474455,-0.989176509965));
#2568 = ADVANCED_FACE('',(#2569),#2594,.T.);
#2569 = FACE_BOUND('',#2570,.F.);
#2570 = EDGE_LOOP('',(#2571,#2572,#2580,#2588));
#2571 = ORIENTED_EDGE('',*,*,#2550,.T.);
#2572 = ORIENTED_EDGE('',*,*,#2573,.T.);
#2573 = EDGE_CURVE('',#2543,#2574,#2576,.T.);
#2574 = VERTEX_POINT('',#2575);
#2575 = CARTESIAN_POINT('',(5.575,21.5,13.));
#2576 = LINE('',#2577,#2578);
#2577 = CARTESIAN_POINT('',(5.575,21.502407636664,12.950991429835));
#2578 = VECTOR('',#2579,1.);
#2579 = DIRECTION('',(0.,-4.906767432739E-02,0.998795456205));
#2580 = ORIENTED_EDGE('',*,*,#2581,.F.);
#2581 = EDGE_CURVE('',#2582,#2574,#2584,.T.);
#2582 = VERTEX_POINT('',#2583);
#2583 = CARTESIAN_POINT('',(2.725,21.5,13.));
#2584 = LINE('',#2585,#2586);
#2585 = CARTESIAN_POINT('',(2.725,21.5,13.));
#2586 = VECTOR('',#2587,1.);
#2587 = DIRECTION('',(1.,0.,0.));
#2588 = ORIENTED_EDGE('',*,*,#2589,.F.);
#2589 = EDGE_CURVE('',#2551,#2582,#2590,.T.);
#2590 = LINE('',#2591,#2592);
#2591 = CARTESIAN_POINT('',(2.725,21.502407636664,12.950991429835));
#2592 = VECTOR('',#2593,1.);
#2593 = DIRECTION('',(0.,-4.906767432739E-02,0.998795456205));
#2594 = PLANE('',#2595);
#2595 = AXIS2_PLACEMENT_3D('',#2596,#2597,#2598);
#2596 = CARTESIAN_POINT('',(2.725,21.502407636664,12.950991429835));
#2597 = DIRECTION('',(0.,0.998795456205,4.906767432739E-02));
#2598 = DIRECTION('',(0.,4.906767432739E-02,-0.998795456205));
#2599 = ADVANCED_FACE('',(#2600),#2625,.T.);
#2600 = FACE_BOUND('',#2601,.F.);
#2601 = EDGE_LOOP('',(#2602,#2603,#2611,#2619));
#2602 = ORIENTED_EDGE('',*,*,#2581,.T.);
#2603 = ORIENTED_EDGE('',*,*,#2604,.T.);
#2604 = EDGE_CURVE('',#2574,#2605,#2607,.T.);
#2605 = VERTEX_POINT('',#2606);
#2606 = CARTESIAN_POINT('',(5.575,21.5,27.));
#2607 = LINE('',#2608,#2609);
#2608 = CARTESIAN_POINT('',(5.575,21.5,13.));
#2609 = VECTOR('',#2610,1.);
#2610 = DIRECTION('',(0.,0.,1.));
#2611 = ORIENTED_EDGE('',*,*,#2612,.F.);
#2612 = EDGE_CURVE('',#2613,#2605,#2615,.T.);
#2613 = VERTEX_POINT('',#2614);
#2614 = CARTESIAN_POINT('',(2.725,21.5,27.));
#2615 = LINE('',#2616,#2617);
#2616 = CARTESIAN_POINT('',(2.725,21.5,27.));
#2617 = VECTOR('',#2618,1.);
#2618 = DIRECTION('',(1.,0.,0.));
#2619 = ORIENTED_EDGE('',*,*,#2620,.F.);
#2620 = EDGE_CURVE('',#2582,#2613,#2621,.T.);
#2621 = LINE('',#2622,#2623);
#2622 = CARTESIAN_POINT('',(2.725,21.5,13.));
#2623 = VECTOR('',#2624,1.);
#2624 = DIRECTION('',(0.,0.,1.));
#2625 = PLANE('',#2626);
#2626 = AXIS2_PLACEMENT_3D('',#2627,#2628,#2629);
#2627 = CARTESIAN_POINT('',(2.725,21.5,13.));
#2628 = DIRECTION('',(0.,1.,0.));
#2629 = DIRECTION('',(0.,0.,-1.));
#2630 = ADVANCED_FACE('',(#2631),#2656,.T.);
#2631 = FACE_BOUND('',#2632,.F.);
#2632 = EDGE_LOOP('',(#2633,#2634,#2642,#2650));
#2633 = ORIENTED_EDGE('',*,*,#2612,.T.);
#2634 = ORIENTED_EDGE('',*,*,#2635,.T.);
#2635 = EDGE_CURVE('',#2605,#2636,#2638,.T.);
#2636 = VERTEX_POINT('',#2637);
#2637 = CARTESIAN_POINT('',(5.575,21.502407636664,27.049008570165));
#2638 = LINE('',#2639,#2640);
#2639 = CARTESIAN_POINT('',(5.575,21.5,27.));
#2640 = VECTOR('',#2641,1.);
#2641 = DIRECTION('',(0.,4.906767432739E-02,0.998795456205));
#2642 = ORIENTED_EDGE('',*,*,#2643,.F.);
#2643 = EDGE_CURVE('',#2644,#2636,#2646,.T.);
#2644 = VERTEX_POINT('',#2645);
#2645 = CARTESIAN_POINT('',(2.725,21.502407636664,27.049008570165));
#2646 = LINE('',#2647,#2648);
#2647 = CARTESIAN_POINT('',(2.725,21.502407636664,27.049008570165));
#2648 = VECTOR('',#2649,1.);
#2649 = DIRECTION('',(1.,0.,0.));
#2650 = ORIENTED_EDGE('',*,*,#2651,.F.);
#2651 = EDGE_CURVE('',#2613,#2644,#2652,.T.);
#2652 = LINE('',#2653,#2654);
#2653 = CARTESIAN_POINT('',(2.725,21.5,27.));
#2654 = VECTOR('',#2655,1.);
#2655 = DIRECTION('',(0.,4.906767432739E-02,0.998795456205));
#2656 = PLANE('',#2657);
#2657 = AXIS2_PLACEMENT_3D('',#2658,#2659,#2660);
#2658 = CARTESIAN_POINT('',(2.725,21.5,27.));
#2659 = DIRECTION('',(0.,0.998795456205,-4.906767432739E-02));
#2660 = DIRECTION('',(0.,-4.906767432739E-02,-0.998795456205));
#2661 = ADVANCED_FACE('',(#2662),#2687,.T.);
#2662 = FACE_BOUND('',#2663,.F.);
#2663 = EDGE_LOOP('',(#2664,#2665,#2673,#2681));
#2664 = ORIENTED_EDGE('',*,*,#2643,.T.);
#2665 = ORIENTED_EDGE('',*,*,#2666,.T.);
#2666 = EDGE_CURVE('',#2636,#2667,#2669,.T.);
#2667 = VERTEX_POINT('',#2668);
#2668 = CARTESIAN_POINT('',(5.575,21.509607359798,27.097545161008));
#2669 = LINE('',#2670,#2671);
#2670 = CARTESIAN_POINT('',(5.575,21.502407636664,27.049008570165));
#2671 = VECTOR('',#2672,1.);
#2672 = DIRECTION('',(0.,0.146730474455,0.989176509965));
#2673 = ORIENTED_EDGE('',*,*,#2674,.F.);
#2674 = EDGE_CURVE('',#2675,#2667,#2677,.T.);
#2675 = VERTEX_POINT('',#2676);
#2676 = CARTESIAN_POINT('',(2.725,21.509607359798,27.097545161008));
#2677 = LINE('',#2678,#2679);
#2678 = CARTESIAN_POINT('',(2.725,21.509607359798,27.097545161008));
#2679 = VECTOR('',#2680,1.);
#2680 = DIRECTION('',(1.,0.,0.));
#2681 = ORIENTED_EDGE('',*,*,#2682,.F.);
#2682 = EDGE_CURVE('',#2644,#2675,#2683,.T.);
#2683 = LINE('',#2684,#2685);
#2684 = CARTESIAN_POINT('',(2.725,21.502407636664,27.049008570165));
#2685 = VECTOR('',#2686,1.);
#2686 = DIRECTION('',(0.,0.146730474455,0.989176509965));
#2687 = PLANE('',#2688);
#2688 = AXIS2_PLACEMENT_3D('',#2689,#2690,#2691);
#2689 = CARTESIAN_POINT('',(2.725,21.502407636664,27.049008570165));
#2690 = DIRECTION('',(0.,0.989176509965,-0.146730474455));
#2691 = DIRECTION('',(0.,-0.146730474455,-0.989176509965));
#2692 = ADVANCED_FACE('',(#2693),#2718,.T.);
#2693 = FACE_BOUND('',#2694,.F.);
#2694 = EDGE_LOOP('',(#2695,#2696,#2704,#2712));
#2695 = ORIENTED_EDGE('',*,*,#2674,.T.);
#2696 = ORIENTED_EDGE('',*,*,#2697,.T.);
#2697 = EDGE_CURVE('',#2667,#2698,#2700,.T.);
#2698 = VERTEX_POINT('',#2699);
#2699 = CARTESIAN_POINT('',(5.575,21.521529832134,27.145142338627));
#2700 = LINE('',#2701,#2702);
#2701 = CARTESIAN_POINT('',(5.575,21.509607359798,27.097545161008));
#2702 = VECTOR('',#2703,1.);
#2703 = DIRECTION('',(0.,0.242980179903,0.970031253195));
#2704 = ORIENTED_EDGE('',*,*,#2705,.F.);
#2705 = EDGE_CURVE('',#2706,#2698,#2708,.T.);
#2706 = VERTEX_POINT('',#2707);
#2707 = CARTESIAN_POINT('',(2.725,21.521529832134,27.145142338627));
#2708 = LINE('',#2709,#2710);
#2709 = CARTESIAN_POINT('',(2.725,21.521529832134,27.145142338627));
#2710 = VECTOR('',#2711,1.);
#2711 = DIRECTION('',(1.,0.,0.));
#2712 = ORIENTED_EDGE('',*,*,#2713,.F.);
#2713 = EDGE_CURVE('',#2675,#2706,#2714,.T.);
#2714 = LINE('',#2715,#2716);
#2715 = CARTESIAN_POINT('',(2.725,21.509607359798,27.097545161008));
#2716 = VECTOR('',#2717,1.);
#2717 = DIRECTION('',(0.,0.242980179903,0.970031253195));
#2718 = PLANE('',#2719);
#2719 = AXIS2_PLACEMENT_3D('',#2720,#2721,#2722);
#2720 = CARTESIAN_POINT('',(2.725,21.509607359798,27.097545161008));
#2721 = DIRECTION('',(0.,0.970031253195,-0.242980179903));
#2722 = DIRECTION('',(0.,-0.242980179903,-0.970031253195));
#2723 = ADVANCED_FACE('',(#2724),#2749,.T.);
#2724 = FACE_BOUND('',#2725,.F.);
#2725 = EDGE_LOOP('',(#2726,#2727,#2735,#2743));
#2726 = ORIENTED_EDGE('',*,*,#2705,.T.);
#2727 = ORIENTED_EDGE('',*,*,#2728,.T.);
#2728 = EDGE_CURVE('',#2698,#2729,#2731,.T.);
#2729 = VERTEX_POINT('',#2730);
#2730 = CARTESIAN_POINT('',(5.575,21.538060233744,27.191341716183));
#2731 = LINE('',#2732,#2733);
#2732 = CARTESIAN_POINT('',(5.575,21.521529832134,27.145142338627));
#2733 = VECTOR('',#2734,1.);
#2734 = DIRECTION('',(0.,0.336889853392,0.941544065183));
#2735 = ORIENTED_EDGE('',*,*,#2736,.F.);
#2736 = EDGE_CURVE('',#2737,#2729,#2739,.T.);
#2737 = VERTEX_POINT('',#2738);
#2738 = CARTESIAN_POINT('',(2.725,21.538060233744,27.191341716183));
#2739 = LINE('',#2740,#2741);
#2740 = CARTESIAN_POINT('',(2.725,21.538060233744,27.191341716183));
#2741 = VECTOR('',#2742,1.);
#2742 = DIRECTION('',(1.,0.,0.));
#2743 = ORIENTED_EDGE('',*,*,#2744,.F.);
#2744 = EDGE_CURVE('',#2706,#2737,#2745,.T.);
#2745 = LINE('',#2746,#2747);
#2746 = CARTESIAN_POINT('',(2.725,21.521529832134,27.145142338627));
#2747 = VECTOR('',#2748,1.);
#2748 = DIRECTION('',(0.,0.336889853392,0.941544065183));
#2749 = PLANE('',#2750);
#2750 = AXIS2_PLACEMENT_3D('',#2751,#2752,#2753);
#2751 = CARTESIAN_POINT('',(2.725,21.521529832134,27.145142338627));
#2752 = DIRECTION('',(0.,0.941544065183,-0.336889853392));
#2753 = DIRECTION('',(0.,-0.336889853392,-0.941544065183));
#2754 = ADVANCED_FACE('',(#2755),#2780,.T.);
#2755 = FACE_BOUND('',#2756,.F.);
#2756 = EDGE_LOOP('',(#2757,#2758,#2766,#2774));
#2757 = ORIENTED_EDGE('',*,*,#2736,.T.);
#2758 = ORIENTED_EDGE('',*,*,#2759,.T.);
#2759 = EDGE_CURVE('',#2729,#2760,#2762,.T.);
#2760 = VERTEX_POINT('',#2761);
#2761 = CARTESIAN_POINT('',(5.575,21.559039367826,27.235698368413));
#2762 = LINE('',#2763,#2764);
#2763 = CARTESIAN_POINT('',(5.575,21.538060233744,27.191341716183));
#2764 = VECTOR('',#2765,1.);
#2765 = DIRECTION('',(0.,0.42755509343,0.903989293123));
#2766 = ORIENTED_EDGE('',*,*,#2767,.F.);
#2767 = EDGE_CURVE('',#2768,#2760,#2770,.T.);
#2768 = VERTEX_POINT('',#2769);
#2769 = CARTESIAN_POINT('',(2.725,21.559039367826,27.235698368413));
#2770 = LINE('',#2771,#2772);
#2771 = CARTESIAN_POINT('',(2.725,21.559039367826,27.235698368413));
#2772 = VECTOR('',#2773,1.);
#2773 = DIRECTION('',(1.,0.,0.));
#2774 = ORIENTED_EDGE('',*,*,#2775,.F.);
#2775 = EDGE_CURVE('',#2737,#2768,#2776,.T.);
#2776 = LINE('',#2777,#2778);
#2777 = CARTESIAN_POINT('',(2.725,21.538060233744,27.191341716183));
#2778 = VECTOR('',#2779,1.);
#2779 = DIRECTION('',(0.,0.42755509343,0.903989293123));
#2780 = PLANE('',#2781);
#2781 = AXIS2_PLACEMENT_3D('',#2782,#2783,#2784);
#2782 = CARTESIAN_POINT('',(2.725,21.538060233744,27.191341716183));
#2783 = DIRECTION('',(0.,0.903989293123,-0.42755509343));
#2784 = DIRECTION('',(0.,-0.42755509343,-0.903989293123));
#2785 = ADVANCED_FACE('',(#2786),#2811,.T.);
#2786 = FACE_BOUND('',#2787,.F.);
#2787 = EDGE_LOOP('',(#2788,#2789,#2797,#2805));
#2788 = ORIENTED_EDGE('',*,*,#2767,.T.);
#2789 = ORIENTED_EDGE('',*,*,#2790,.T.);
#2790 = EDGE_CURVE('',#2760,#2791,#2793,.T.);
#2791 = VERTEX_POINT('',#2792);
#2792 = CARTESIAN_POINT('',(5.575,21.584265193849,27.27778511651));
#2793 = LINE('',#2794,#2795);
#2794 = CARTESIAN_POINT('',(5.575,21.559039367826,27.235698368413));
#2795 = VECTOR('',#2796,1.);
#2796 = DIRECTION('',(0.,0.514102744193,0.85772861));
#2797 = ORIENTED_EDGE('',*,*,#2798,.F.);
#2798 = EDGE_CURVE('',#2799,#2791,#2801,.T.);
#2799 = VERTEX_POINT('',#2800);
#2800 = CARTESIAN_POINT('',(2.725,21.584265193849,27.27778511651));
#2801 = LINE('',#2802,#2803);
#2802 = CARTESIAN_POINT('',(2.725,21.584265193849,27.27778511651));
#2803 = VECTOR('',#2804,1.);
#2804 = DIRECTION('',(1.,0.,0.));
#2805 = ORIENTED_EDGE('',*,*,#2806,.F.);
#2806 = EDGE_CURVE('',#2768,#2799,#2807,.T.);
#2807 = LINE('',#2808,#2809);
#2808 = CARTESIAN_POINT('',(2.725,21.559039367826,27.235698368413));
#2809 = VECTOR('',#2810,1.);
#2810 = DIRECTION('',(0.,0.514102744193,0.85772861));
#2811 = PLANE('',#2812);
#2812 = AXIS2_PLACEMENT_3D('',#2813,#2814,#2815);
#2813 = CARTESIAN_POINT('',(2.725,21.559039367826,27.235698368413));
#2814 = DIRECTION('',(0.,0.85772861,-0.514102744193));
#2815 = DIRECTION('',(0.,-0.514102744193,-0.85772861));
#2816 = ADVANCED_FACE('',(#2817),#2842,.T.);
#2817 = FACE_BOUND('',#2818,.F.);
#2818 = EDGE_LOOP('',(#2819,#2820,#2828,#2836));
#2819 = ORIENTED_EDGE('',*,*,#2798,.T.);
#2820 = ORIENTED_EDGE('',*,*,#2821,.T.);
#2821 = EDGE_CURVE('',#2791,#2822,#2824,.T.);
#2822 = VERTEX_POINT('',#2823);
#2823 = CARTESIAN_POINT('',(5.575,21.613494773319,27.317196642082));
#2824 = LINE('',#2825,#2826);
#2825 = CARTESIAN_POINT('',(5.575,21.584265193849,27.27778511651));
#2826 = VECTOR('',#2827,1.);
#2827 = DIRECTION('',(0.,0.595699304492,0.803207531481));
#2828 = ORIENTED_EDGE('',*,*,#2829,.F.);
#2829 = EDGE_CURVE('',#2830,#2822,#2832,.T.);
#2830 = VERTEX_POINT('',#2831);
#2831 = CARTESIAN_POINT('',(2.725,21.613494773319,27.317196642082));
#2832 = LINE('',#2833,#2834);
#2833 = CARTESIAN_POINT('',(2.725,21.613494773319,27.317196642082));
#2834 = VECTOR('',#2835,1.);
#2835 = DIRECTION('',(1.,0.,0.));
#2836 = ORIENTED_EDGE('',*,*,#2837,.F.);
#2837 = EDGE_CURVE('',#2799,#2830,#2838,.T.);
#2838 = LINE('',#2839,#2840);
#2839 = CARTESIAN_POINT('',(2.725,21.584265193849,27.27778511651));
#2840 = VECTOR('',#2841,1.);
#2841 = DIRECTION('',(0.,0.595699304492,0.803207531481));
#2842 = PLANE('',#2843);
#2843 = AXIS2_PLACEMENT_3D('',#2844,#2845,#2846);
#2844 = CARTESIAN_POINT('',(2.725,21.584265193849,27.27778511651));
#2845 = DIRECTION('',(0.,0.803207531481,-0.595699304492));
#2846 = DIRECTION('',(0.,-0.595699304492,-0.803207531481));
#2847 = ADVANCED_FACE('',(#2848),#2873,.T.);
#2848 = FACE_BOUND('',#2849,.F.);
#2849 = EDGE_LOOP('',(#2850,#2851,#2859,#2867));
#2850 = ORIENTED_EDGE('',*,*,#2829,.T.);
#2851 = ORIENTED_EDGE('',*,*,#2852,.T.);
#2852 = EDGE_CURVE('',#2822,#2853,#2855,.T.);
#2853 = VERTEX_POINT('',#2854);
#2854 = CARTESIAN_POINT('',(5.575,21.646446609407,27.353553390593));
#2855 = LINE('',#2856,#2857);
#2856 = CARTESIAN_POINT('',(5.575,21.613494773319,27.317196642082));
#2857 = VECTOR('',#2858,1.);
#2858 = DIRECTION('',(0.,0.671558954847,0.740951125355));
#2859 = ORIENTED_EDGE('',*,*,#2860,.F.);
#2860 = EDGE_CURVE('',#2861,#2853,#2863,.T.);
#2861 = VERTEX_POINT('',#2862);
#2862 = CARTESIAN_POINT('',(2.725,21.646446609407,27.353553390593));
#2863 = LINE('',#2864,#2865);
#2864 = CARTESIAN_POINT('',(2.725,21.646446609407,27.353553390593));
#2865 = VECTOR('',#2866,1.);
#2866 = DIRECTION('',(1.,0.,0.));
#2867 = ORIENTED_EDGE('',*,*,#2868,.F.);
#2868 = EDGE_CURVE('',#2830,#2861,#2869,.T.);
#2869 = LINE('',#2870,#2871);
#2870 = CARTESIAN_POINT('',(2.725,21.613494773319,27.317196642082));
#2871 = VECTOR('',#2872,1.);
#2872 = DIRECTION('',(0.,0.671558954847,0.740951125355));
#2873 = PLANE('',#2874);
#2874 = AXIS2_PLACEMENT_3D('',#2875,#2876,#2877);
#2875 = CARTESIAN_POINT('',(2.725,21.613494773319,27.317196642082));
#2876 = DIRECTION('',(0.,0.740951125355,-0.671558954847));
#2877 = DIRECTION('',(0.,-0.671558954847,-0.740951125355));
#2878 = ADVANCED_FACE('',(#2879),#2904,.T.);
#2879 = FACE_BOUND('',#2880,.F.);
#2880 = EDGE_LOOP('',(#2881,#2882,#2890,#2898));
#2881 = ORIENTED_EDGE('',*,*,#2860,.T.);
#2882 = ORIENTED_EDGE('',*,*,#2883,.T.);
#2883 = EDGE_CURVE('',#2853,#2884,#2886,.T.);
#2884 = VERTEX_POINT('',#2885);
#2885 = CARTESIAN_POINT('',(5.575,21.682803357918,27.386505226681));
#2886 = LINE('',#2887,#2888);
#2887 = CARTESIAN_POINT('',(5.575,21.646446609407,27.353553390593));
#2888 = VECTOR('',#2889,1.);
#2889 = DIRECTION('',(0.,0.740951125355,0.671558954847));
#2890 = ORIENTED_EDGE('',*,*,#2891,.F.);
#2891 = EDGE_CURVE('',#2892,#2884,#2894,.T.);
#2892 = VERTEX_POINT('',#2893);
#2893 = CARTESIAN_POINT('',(2.725,21.682803357918,27.386505226681));
#2894 = LINE('',#2895,#2896);
#2895 = CARTESIAN_POINT('',(2.725,21.682803357918,27.386505226681));
#2896 = VECTOR('',#2897,1.);
#2897 = DIRECTION('',(1.,0.,0.));
#2898 = ORIENTED_EDGE('',*,*,#2899,.F.);
#2899 = EDGE_CURVE('',#2861,#2892,#2900,.T.);
#2900 = LINE('',#2901,#2902);
#2901 = CARTESIAN_POINT('',(2.725,21.646446609407,27.353553390593));
#2902 = VECTOR('',#2903,1.);
#2903 = DIRECTION('',(0.,0.740951125355,0.671558954847));
#2904 = PLANE('',#2905);
#2905 = AXIS2_PLACEMENT_3D('',#2906,#2907,#2908);
#2906 = CARTESIAN_POINT('',(2.725,21.646446609407,27.353553390593));
#2907 = DIRECTION('',(0.,0.671558954847,-0.740951125355));
#2908 = DIRECTION('',(0.,-0.740951125355,-0.671558954847));
#2909 = ADVANCED_FACE('',(#2910),#2935,.T.);
#2910 = FACE_BOUND('',#2911,.F.);
#2911 = EDGE_LOOP('',(#2912,#2913,#2921,#2929));
#2912 = ORIENTED_EDGE('',*,*,#2891,.T.);
#2913 = ORIENTED_EDGE('',*,*,#2914,.T.);
#2914 = EDGE_CURVE('',#2884,#2915,#2917,.T.);
#2915 = VERTEX_POINT('',#2916);
#2916 = CARTESIAN_POINT('',(5.575,21.72221488349,27.415734806151));
#2917 = LINE('',#2918,#2919);
#2918 = CARTESIAN_POINT('',(5.575,21.682803357918,27.386505226681));
#2919 = VECTOR('',#2920,1.);
#2920 = DIRECTION('',(0.,0.803207531481,0.595699304492));
#2921 = ORIENTED_EDGE('',*,*,#2922,.F.);
#2922 = EDGE_CURVE('',#2923,#2915,#2925,.T.);
#2923 = VERTEX_POINT('',#2924);
#2924 = CARTESIAN_POINT('',(2.725,21.72221488349,27.415734806151));
#2925 = LINE('',#2926,#2927);
#2926 = CARTESIAN_POINT('',(2.725,21.72221488349,27.415734806151));
#2927 = VECTOR('',#2928,1.);
#2928 = DIRECTION('',(1.,0.,0.));
#2929 = ORIENTED_EDGE('',*,*,#2930,.F.);
#2930 = EDGE_CURVE('',#2892,#2923,#2931,.T.);
#2931 = LINE('',#2932,#2933);
#2932 = CARTESIAN_POINT('',(2.725,21.682803357918,27.386505226681));
#2933 = VECTOR('',#2934,1.);
#2934 = DIRECTION('',(0.,0.803207531481,0.595699304492));
#2935 = PLANE('',#2936);
#2936 = AXIS2_PLACEMENT_3D('',#2937,#2938,#2939);
#2937 = CARTESIAN_POINT('',(2.725,21.682803357918,27.386505226681));
#2938 = DIRECTION('',(0.,0.595699304492,-0.803207531481));
#2939 = DIRECTION('',(0.,-0.803207531481,-0.595699304492));
#2940 = ADVANCED_FACE('',(#2941),#2966,.T.);
#2941 = FACE_BOUND('',#2942,.F.);
#2942 = EDGE_LOOP('',(#2943,#2944,#2952,#2960));
#2943 = ORIENTED_EDGE('',*,*,#2922,.T.);
#2944 = ORIENTED_EDGE('',*,*,#2945,.T.);
#2945 = EDGE_CURVE('',#2915,#2946,#2948,.T.);
#2946 = VERTEX_POINT('',#2947);
#2947 = CARTESIAN_POINT('',(5.575,21.764301631587,27.440960632174));
#2948 = LINE('',#2949,#2950);
#2949 = CARTESIAN_POINT('',(5.575,21.72221488349,27.415734806151));
#2950 = VECTOR('',#2951,1.);
#2951 = DIRECTION('',(0.,0.85772861,0.514102744193));
#2952 = ORIENTED_EDGE('',*,*,#2953,.F.);
#2953 = EDGE_CURVE('',#2954,#2946,#2956,.T.);
#2954 = VERTEX_POINT('',#2955);
#2955 = CARTESIAN_POINT('',(2.725,21.764301631587,27.440960632174));
#2956 = LINE('',#2957,#2958);
#2957 = CARTESIAN_POINT('',(2.725,21.764301631587,27.440960632174));
#2958 = VECTOR('',#2959,1.);
#2959 = DIRECTION('',(1.,0.,0.));
#2960 = ORIENTED_EDGE('',*,*,#2961,.F.);
#2961 = EDGE_CURVE('',#2923,#2954,#2962,.T.);
#2962 = LINE('',#2963,#2964);
#2963 = CARTESIAN_POINT('',(2.725,21.72221488349,27.415734806151));
#2964 = VECTOR('',#2965,1.);
#2965 = DIRECTION('',(0.,0.85772861,0.514102744193));
#2966 = PLANE('',#2967);
#2967 = AXIS2_PLACEMENT_3D('',#2968,#2969,#2970);
#2968 = CARTESIAN_POINT('',(2.725,21.72221488349,27.415734806151));
#2969 = DIRECTION('',(0.,0.514102744193,-0.85772861));
#2970 = DIRECTION('',(0.,-0.85772861,-0.514102744193));
#2971 = ADVANCED_FACE('',(#2972),#2997,.T.);
#2972 = FACE_BOUND('',#2973,.F.);
#2973 = EDGE_LOOP('',(#2974,#2975,#2983,#2991));
#2974 = ORIENTED_EDGE('',*,*,#2953,.T.);
#2975 = ORIENTED_EDGE('',*,*,#2976,.T.);
#2976 = EDGE_CURVE('',#2946,#2977,#2979,.T.);
#2977 = VERTEX_POINT('',#2978);
#2978 = CARTESIAN_POINT('',(5.575,21.808658283817,27.461939766256));
#2979 = LINE('',#2980,#2981);
#2980 = CARTESIAN_POINT('',(5.575,21.764301631587,27.440960632174));
#2981 = VECTOR('',#2982,1.);
#2982 = DIRECTION('',(0.,0.903989293123,0.42755509343));
#2983 = ORIENTED_EDGE('',*,*,#2984,.F.);
#2984 = EDGE_CURVE('',#2985,#2977,#2987,.T.);
#2985 = VERTEX_POINT('',#2986);
#2986 = CARTESIAN_POINT('',(2.725,21.808658283817,27.461939766256));
#2987 = LINE('',#2988,#2989);
#2988 = CARTESIAN_POINT('',(2.725,21.808658283817,27.461939766256));
#2989 = VECTOR('',#2990,1.);
#2990 = DIRECTION('',(1.,0.,0.));
#2991 = ORIENTED_EDGE('',*,*,#2992,.F.);
#2992 = EDGE_CURVE('',#2954,#2985,#2993,.T.);
#2993 = LINE('',#2994,#2995);
#2994 = CARTESIAN_POINT('',(2.725,21.764301631587,27.440960632174));
#2995 = VECTOR('',#2996,1.);
#2996 = DIRECTION('',(0.,0.903989293123,0.42755509343));
#2997 = PLANE('',#2998);
#2998 = AXIS2_PLACEMENT_3D('',#2999,#3000,#3001);
#2999 = CARTESIAN_POINT('',(2.725,21.764301631587,27.440960632174));
#3000 = DIRECTION('',(0.,0.42755509343,-0.903989293123));
#3001 = DIRECTION('',(0.,-0.903989293123,-0.42755509343));
#3002 = ADVANCED_FACE('',(#3003),#3028,.T.);
#3003 = FACE_BOUND('',#3004,.F.);
#3004 = EDGE_LOOP('',(#3005,#3006,#3014,#3022));
#3005 = ORIENTED_EDGE('',*,*,#2984,.T.);
#3006 = ORIENTED_EDGE('',*,*,#3007,.T.);
#3007 = EDGE_CURVE('',#2977,#3008,#3010,.T.);
#3008 = VERTEX_POINT('',#3009);
#3009 = CARTESIAN_POINT('',(5.575,21.854857661373,27.478470167866));
#3010 = LINE('',#3011,#3012);
#3011 = CARTESIAN_POINT('',(5.575,21.808658283817,27.461939766256));
#3012 = VECTOR('',#3013,1.);
#3013 = DIRECTION('',(0.,0.941544065183,0.336889853392));
#3014 = ORIENTED_EDGE('',*,*,#3015,.F.);
#3015 = EDGE_CURVE('',#3016,#3008,#3018,.T.);
#3016 = VERTEX_POINT('',#3017);
#3017 = CARTESIAN_POINT('',(2.725,21.854857661373,27.478470167866));
#3018 = LINE('',#3019,#3020);
#3019 = CARTESIAN_POINT('',(2.725,21.854857661373,27.478470167866));
#3020 = VECTOR('',#3021,1.);
#3021 = DIRECTION('',(1.,0.,0.));
#3022 = ORIENTED_EDGE('',*,*,#3023,.F.);
#3023 = EDGE_CURVE('',#2985,#3016,#3024,.T.);
#3024 = LINE('',#3025,#3026);
#3025 = CARTESIAN_POINT('',(2.725,21.808658283817,27.461939766256));
#3026 = VECTOR('',#3027,1.);
#3027 = DIRECTION('',(0.,0.941544065183,0.336889853392));
#3028 = PLANE('',#3029);
#3029 = AXIS2_PLACEMENT_3D('',#3030,#3031,#3032);
#3030 = CARTESIAN_POINT('',(2.725,21.808658283817,27.461939766256));
#3031 = DIRECTION('',(0.,0.336889853392,-0.941544065183));
#3032 = DIRECTION('',(0.,-0.941544065183,-0.336889853392));
#3033 = ADVANCED_FACE('',(#3034),#3059,.T.);
#3034 = FACE_BOUND('',#3035,.F.);
#3035 = EDGE_LOOP('',(#3036,#3037,#3045,#3053));
#3036 = ORIENTED_EDGE('',*,*,#3015,.T.);
#3037 = ORIENTED_EDGE('',*,*,#3038,.T.);
#3038 = EDGE_CURVE('',#3008,#3039,#3041,.T.);
#3039 = VERTEX_POINT('',#3040);
#3040 = CARTESIAN_POINT('',(5.575,21.902454838992,27.490392640202));
#3041 = LINE('',#3042,#3043);
#3042 = CARTESIAN_POINT('',(5.575,21.854857661373,27.478470167866));
#3043 = VECTOR('',#3044,1.);
#3044 = DIRECTION('',(0.,0.970031253195,0.242980179903));
#3045 = ORIENTED_EDGE('',*,*,#3046,.F.);
#3046 = EDGE_CURVE('',#3047,#3039,#3049,.T.);
#3047 = VERTEX_POINT('',#3048);
#3048 = CARTESIAN_POINT('',(2.725,21.902454838992,27.490392640202));
#3049 = LINE('',#3050,#3051);
#3050 = CARTESIAN_POINT('',(2.725,21.902454838992,27.490392640202));
#3051 = VECTOR('',#3052,1.);
#3052 = DIRECTION('',(1.,0.,0.));
#3053 = ORIENTED_EDGE('',*,*,#3054,.F.);
#3054 = EDGE_CURVE('',#3016,#3047,#3055,.T.);
#3055 = LINE('',#3056,#3057);
#3056 = CARTESIAN_POINT('',(2.725,21.854857661373,27.478470167866));
#3057 = VECTOR('',#3058,1.);
#3058 = DIRECTION('',(0.,0.970031253195,0.242980179903));
#3059 = PLANE('',#3060);
#3060 = AXIS2_PLACEMENT_3D('',#3061,#3062,#3063);
#3061 = CARTESIAN_POINT('',(2.725,21.854857661373,27.478470167866));
#3062 = DIRECTION('',(0.,0.242980179903,-0.970031253195));
#3063 = DIRECTION('',(0.,-0.970031253195,-0.242980179903));
#3064 = ADVANCED_FACE('',(#3065),#3090,.T.);
#3065 = FACE_BOUND('',#3066,.F.);
#3066 = EDGE_LOOP('',(#3067,#3068,#3076,#3084));
#3067 = ORIENTED_EDGE('',*,*,#3046,.T.);
#3068 = ORIENTED_EDGE('',*,*,#3069,.T.);
#3069 = EDGE_CURVE('',#3039,#3070,#3072,.T.);
#3070 = VERTEX_POINT('',#3071);
#3071 = CARTESIAN_POINT('',(5.575,21.950991429835,27.497592363336));
#3072 = LINE('',#3073,#3074);
#3073 = CARTESIAN_POINT('',(5.575,21.902454838992,27.490392640202));
#3074 = VECTOR('',#3075,1.);
#3075 = DIRECTION('',(0.,0.989176509965,0.146730474455));
#3076 = ORIENTED_EDGE('',*,*,#3077,.F.);
#3077 = EDGE_CURVE('',#3078,#3070,#3080,.T.);
#3078 = VERTEX_POINT('',#3079);
#3079 = CARTESIAN_POINT('',(2.725,21.950991429835,27.497592363336));
#3080 = LINE('',#3081,#3082);
#3081 = CARTESIAN_POINT('',(2.725,21.950991429835,27.497592363336));
#3082 = VECTOR('',#3083,1.);
#3083 = DIRECTION('',(1.,0.,0.));
#3084 = ORIENTED_EDGE('',*,*,#3085,.F.);
#3085 = EDGE_CURVE('',#3047,#3078,#3086,.T.);
#3086 = LINE('',#3087,#3088);
#3087 = CARTESIAN_POINT('',(2.725,21.902454838992,27.490392640202));
#3088 = VECTOR('',#3089,1.);
#3089 = DIRECTION('',(0.,0.989176509965,0.146730474455));
#3090 = PLANE('',#3091);
#3091 = AXIS2_PLACEMENT_3D('',#3092,#3093,#3094);
#3092 = CARTESIAN_POINT('',(2.725,21.902454838992,27.490392640202));
#3093 = DIRECTION('',(0.,0.146730474455,-0.989176509965));
#3094 = DIRECTION('',(0.,-0.989176509965,-0.146730474455));
#3095 = ADVANCED_FACE('',(#3096),#3121,.T.);
#3096 = FACE_BOUND('',#3097,.F.);
#3097 = EDGE_LOOP('',(#3098,#3099,#3107,#3115));
#3098 = ORIENTED_EDGE('',*,*,#3077,.T.);
#3099 = ORIENTED_EDGE('',*,*,#3100,.T.);
#3100 = EDGE_CURVE('',#3070,#3101,#3103,.T.);
#3101 = VERTEX_POINT('',#3102);
#3102 = CARTESIAN_POINT('',(5.575,22.,27.5));
#3103 = LINE('',#3104,#3105);
#3104 = CARTESIAN_POINT('',(5.575,21.950991429835,27.497592363336));
#3105 = VECTOR('',#3106,1.);
#3106 = DIRECTION('',(0.,0.998795456205,4.906767432742E-02));
#3107 = ORIENTED_EDGE('',*,*,#3108,.F.);
#3108 = EDGE_CURVE('',#3109,#3101,#3111,.T.);
#3109 = VERTEX_POINT('',#3110);
#3110 = CARTESIAN_POINT('',(2.725,22.,27.5));
#3111 = LINE('',#3112,#3113);
#3112 = CARTESIAN_POINT('',(2.725,22.,27.5));
#3113 = VECTOR('',#3114,1.);
#3114 = DIRECTION('',(1.,0.,0.));
#3115 = ORIENTED_EDGE('',*,*,#3116,.F.);
#3116 = EDGE_CURVE('',#3078,#3109,#3117,.T.);
#3117 = LINE('',#3118,#3119);
#3118 = CARTESIAN_POINT('',(2.725,21.950991429835,27.497592363336));
#3119 = VECTOR('',#3120,1.);
#3120 = DIRECTION('',(0.,0.998795456205,4.906767432742E-02));
#3121 = PLANE('',#3122);
#3122 = AXIS2_PLACEMENT_3D('',#3123,#3124,#3125);
#3123 = CARTESIAN_POINT('',(2.725,21.950991429835,27.497592363336));
#3124 = DIRECTION('',(0.,4.906767432742E-02,-0.998795456205));
#3125 = DIRECTION('',(0.,-0.998795456205,-4.906767432742E-02));
#3126 = ADVANCED_FACE('',(#3127),#3152,.T.);
#3127 = FACE_BOUND('',#3128,.F.);
#3128 = EDGE_LOOP('',(#3129,#3130,#3138,#3146));
#3129 = ORIENTED_EDGE('',*,*,#3108,.T.);
#3130 = ORIENTED_EDGE('',*,*,#3131,.T.);
#3131 = EDGE_CURVE('',#3101,#3132,#3134,.T.);
#3132 = VERTEX_POINT('',#3133);
#3133 = CARTESIAN_POINT('',(5.575,39.,27.5));
#3134 = LINE('',#3135,#3136);
#3135 = CARTESIAN_POINT('',(5.575,22.,27.5));
#3136 = VECTOR('',#3137,1.);
#3137 = DIRECTION('',(0.,1.,0.));
#3138 = ORIENTED_EDGE('',*,*,#3139,.F.);
#3139 = EDGE_CURVE('',#3140,#3132,#3142,.T.);
#3140 = VERTEX_POINT('',#3141);
#3141 = CARTESIAN_POINT('',(2.725,39.,27.5));
#3142 = LINE('',#3143,#3144);
#3143 = CARTESIAN_POINT('',(2.725,39.,27.5));
#3144 = VECTOR('',#3145,1.);
#3145 = DIRECTION('',(1.,0.,0.));
#3146 = ORIENTED_EDGE('',*,*,#3147,.F.);
#3147 = EDGE_CURVE('',#3109,#3140,#3148,.T.);
#3148 = LINE('',#3149,#3150);
#3149 = CARTESIAN_POINT('',(2.725,22.,27.5));
#3150 = VECTOR('',#3151,1.);
#3151 = DIRECTION('',(0.,1.,0.));
#3152 = PLANE('',#3153);
#3153 = AXIS2_PLACEMENT_3D('',#3154,#3155,#3156);
#3154 = CARTESIAN_POINT('',(2.725,22.,27.5));
#3155 = DIRECTION('',(-0.,-0.,-1.));
#3156 = DIRECTION('',(0.,-1.,0.));
#3157 = ADVANCED_FACE('',(#3158),#3183,.T.);
#3158 = FACE_BOUND('',#3159,.F.);
#3159 = EDGE_LOOP('',(#3160,#3161,#3169,#3177));
#3160 = ORIENTED_EDGE('',*,*,#3139,.T.);
#3161 = ORIENTED_EDGE('',*,*,#3162,.T.);
#3162 = EDGE_CURVE('',#3132,#3163,#3165,.T.);
#3163 = VERTEX_POINT('',#3164);
#3164 = CARTESIAN_POINT('',(5.575,39.049008570165,27.497592363336));
#3165 = LINE('',#3166,#3167);
#3166 = CARTESIAN_POINT('',(5.575,39.,27.5));
#3167 = VECTOR('',#3168,1.);
#3168 = DIRECTION('',(0.,0.998795456205,-4.906767432742E-02));
#3169 = ORIENTED_EDGE('',*,*,#3170,.F.);
#3170 = EDGE_CURVE('',#3171,#3163,#3173,.T.);
#3171 = VERTEX_POINT('',#3172);
#3172 = CARTESIAN_POINT('',(2.725,39.049008570165,27.497592363336));
#3173 = LINE('',#3174,#3175);
#3174 = CARTESIAN_POINT('',(2.725,39.049008570165,27.497592363336));
#3175 = VECTOR('',#3176,1.);
#3176 = DIRECTION('',(1.,0.,0.));
#3177 = ORIENTED_EDGE('',*,*,#3178,.F.);
#3178 = EDGE_CURVE('',#3140,#3171,#3179,.T.);
#3179 = LINE('',#3180,#3181);
#3180 = CARTESIAN_POINT('',(2.725,39.,27.5));
#3181 = VECTOR('',#3182,1.);
#3182 = DIRECTION('',(0.,0.998795456205,-4.906767432742E-02));
#3183 = PLANE('',#3184);
#3184 = AXIS2_PLACEMENT_3D('',#3185,#3186,#3187);
#3185 = CARTESIAN_POINT('',(2.725,39.,27.5));
#3186 = DIRECTION('',(-0.,-4.906767432742E-02,-0.998795456205));
#3187 = DIRECTION('',(0.,-0.998795456205,4.906767432742E-02));
#3188 = ADVANCED_FACE('',(#3189),#3214,.T.);
#3189 = FACE_BOUND('',#3190,.F.);
#3190 = EDGE_LOOP('',(#3191,#3192,#3200,#3208));
#3191 = ORIENTED_EDGE('',*,*,#3170,.T.);
#3192 = ORIENTED_EDGE('',*,*,#3193,.T.);
#3193 = EDGE_CURVE('',#3163,#3194,#3196,.T.);
#3194 = VERTEX_POINT('',#3195);
#3195 = CARTESIAN_POINT('',(5.575,39.097545161008,27.490392640202));
#3196 = LINE('',#3197,#3198);
#3197 = CARTESIAN_POINT('',(5.575,39.049008570165,27.497592363336));
#3198 = VECTOR('',#3199,1.);
#3199 = DIRECTION('',(0.,0.989176509965,-0.146730474455));
#3200 = ORIENTED_EDGE('',*,*,#3201,.F.);
#3201 = EDGE_CURVE('',#3202,#3194,#3204,.T.);
#3202 = VERTEX_POINT('',#3203);
#3203 = CARTESIAN_POINT('',(2.725,39.097545161008,27.490392640202));
#3204 = LINE('',#3205,#3206);
#3205 = CARTESIAN_POINT('',(2.725,39.097545161008,27.490392640202));
#3206 = VECTOR('',#3207,1.);
#3207 = DIRECTION('',(1.,0.,0.));
#3208 = ORIENTED_EDGE('',*,*,#3209,.F.);
#3209 = EDGE_CURVE('',#3171,#3202,#3210,.T.);
#3210 = LINE('',#3211,#3212);
#3211 = CARTESIAN_POINT('',(2.725,39.049008570165,27.497592363336));
#3212 = VECTOR('',#3213,1.);
#3213 = DIRECTION('',(0.,0.989176509965,-0.146730474455));
#3214 = PLANE('',#3215);
#3215 = AXIS2_PLACEMENT_3D('',#3216,#3217,#3218);
#3216 = CARTESIAN_POINT('',(2.725,39.049008570165,27.497592363336));
#3217 = DIRECTION('',(-0.,-0.146730474455,-0.989176509965));
#3218 = DIRECTION('',(0.,-0.989176509965,0.146730474455));
#3219 = ADVANCED_FACE('',(#3220),#3245,.T.);
#3220 = FACE_BOUND('',#3221,.F.);
#3221 = EDGE_LOOP('',(#3222,#3223,#3231,#3239));
#3222 = ORIENTED_EDGE('',*,*,#3201,.T.);
#3223 = ORIENTED_EDGE('',*,*,#3224,.T.);
#3224 = EDGE_CURVE('',#3194,#3225,#3227,.T.);
#3225 = VERTEX_POINT('',#3226);
#3226 = CARTESIAN_POINT('',(5.575,39.145142338627,27.478470167866));
#3227 = LINE('',#3228,#3229);
#3228 = CARTESIAN_POINT('',(5.575,39.097545161008,27.490392640202));
#3229 = VECTOR('',#3230,1.);
#3230 = DIRECTION('',(0.,0.970031253195,-0.242980179903));
#3231 = ORIENTED_EDGE('',*,*,#3232,.F.);
#3232 = EDGE_CURVE('',#3233,#3225,#3235,.T.);
#3233 = VERTEX_POINT('',#3234);
#3234 = CARTESIAN_POINT('',(2.725,39.145142338627,27.478470167866));
#3235 = LINE('',#3236,#3237);
#3236 = CARTESIAN_POINT('',(2.725,39.145142338627,27.478470167866));
#3237 = VECTOR('',#3238,1.);
#3238 = DIRECTION('',(1.,0.,0.));
#3239 = ORIENTED_EDGE('',*,*,#3240,.F.);
#3240 = EDGE_CURVE('',#3202,#3233,#3241,.T.);
#3241 = LINE('',#3242,#3243);
#3242 = CARTESIAN_POINT('',(2.725,39.097545161008,27.490392640202));
#3243 = VECTOR('',#3244,1.);
#3244 = DIRECTION('',(0.,0.970031253195,-0.242980179903));
#3245 = PLANE('',#3246);
#3246 = AXIS2_PLACEMENT_3D('',#3247,#3248,#3249);
#3247 = CARTESIAN_POINT('',(2.725,39.097545161008,27.490392640202));
#3248 = DIRECTION('',(-0.,-0.242980179903,-0.970031253195));
#3249 = DIRECTION('',(0.,-0.970031253195,0.242980179903));
#3250 = ADVANCED_FACE('',(#3251),#3276,.T.);
#3251 = FACE_BOUND('',#3252,.F.);
#3252 = EDGE_LOOP('',(#3253,#3254,#3262,#3270));
#3253 = ORIENTED_EDGE('',*,*,#3232,.T.);
#3254 = ORIENTED_EDGE('',*,*,#3255,.T.);
#3255 = EDGE_CURVE('',#3225,#3256,#3258,.T.);
#3256 = VERTEX_POINT('',#3257);
#3257 = CARTESIAN_POINT('',(5.575,39.191341716183,27.461939766256));
#3258 = LINE('',#3259,#3260);
#3259 = CARTESIAN_POINT('',(5.575,39.145142338627,27.478470167866));
#3260 = VECTOR('',#3261,1.);
#3261 = DIRECTION('',(0.,0.941544065183,-0.336889853392));
#3262 = ORIENTED_EDGE('',*,*,#3263,.F.);
#3263 = EDGE_CURVE('',#3264,#3256,#3266,.T.);
#3264 = VERTEX_POINT('',#3265);
#3265 = CARTESIAN_POINT('',(2.725,39.191341716183,27.461939766256));
#3266 = LINE('',#3267,#3268);
#3267 = CARTESIAN_POINT('',(2.725,39.191341716183,27.461939766256));
#3268 = VECTOR('',#3269,1.);
#3269 = DIRECTION('',(1.,0.,0.));
#3270 = ORIENTED_EDGE('',*,*,#3271,.F.);
#3271 = EDGE_CURVE('',#3233,#3264,#3272,.T.);
#3272 = LINE('',#3273,#3274);
#3273 = CARTESIAN_POINT('',(2.725,39.145142338627,27.478470167866));
#3274 = VECTOR('',#3275,1.);
#3275 = DIRECTION('',(0.,0.941544065183,-0.336889853392));
#3276 = PLANE('',#3277);
#3277 = AXIS2_PLACEMENT_3D('',#3278,#3279,#3280);
#3278 = CARTESIAN_POINT('',(2.725,39.145142338627,27.478470167866));
#3279 = DIRECTION('',(-0.,-0.336889853392,-0.941544065183));
#3280 = DIRECTION('',(0.,-0.941544065183,0.336889853392));
#3281 = ADVANCED_FACE('',(#3282),#3307,.T.);
#3282 = FACE_BOUND('',#3283,.F.);
#3283 = EDGE_LOOP('',(#3284,#3285,#3293,#3301));
#3284 = ORIENTED_EDGE('',*,*,#3263,.T.);
#3285 = ORIENTED_EDGE('',*,*,#3286,.T.);
#3286 = EDGE_CURVE('',#3256,#3287,#3289,.T.);
#3287 = VERTEX_POINT('',#3288);
#3288 = CARTESIAN_POINT('',(5.575,39.235698368413,27.440960632174));
#3289 = LINE('',#3290,#3291);
#3290 = CARTESIAN_POINT('',(5.575,39.191341716183,27.461939766256));
#3291 = VECTOR('',#3292,1.);
#3292 = DIRECTION('',(0.,0.903989293123,-0.42755509343));
#3293 = ORIENTED_EDGE('',*,*,#3294,.F.);
#3294 = EDGE_CURVE('',#3295,#3287,#3297,.T.);
#3295 = VERTEX_POINT('',#3296);
#3296 = CARTESIAN_POINT('',(2.725,39.235698368413,27.440960632174));
#3297 = LINE('',#3298,#3299);
#3298 = CARTESIAN_POINT('',(2.725,39.235698368413,27.440960632174));
#3299 = VECTOR('',#3300,1.);
#3300 = DIRECTION('',(1.,0.,0.));
#3301 = ORIENTED_EDGE('',*,*,#3302,.F.);
#3302 = EDGE_CURVE('',#3264,#3295,#3303,.T.);
#3303 = LINE('',#3304,#3305);
#3304 = CARTESIAN_POINT('',(2.725,39.191341716183,27.461939766256));
#3305 = VECTOR('',#3306,1.);
#3306 = DIRECTION('',(0.,0.903989293123,-0.42755509343));
#3307 = PLANE('',#3308);
#3308 = AXIS2_PLACEMENT_3D('',#3309,#3310,#3311);
#3309 = CARTESIAN_POINT('',(2.725,39.191341716183,27.461939766256));
#3310 = DIRECTION('',(-0.,-0.42755509343,-0.903989293123));
#3311 = DIRECTION('',(0.,-0.903989293123,0.42755509343));
#3312 = ADVANCED_FACE('',(#3313),#3338,.T.);
#3313 = FACE_BOUND('',#3314,.F.);
#3314 = EDGE_LOOP('',(#3315,#3316,#3324,#3332));
#3315 = ORIENTED_EDGE('',*,*,#3294,.T.);
#3316 = ORIENTED_EDGE('',*,*,#3317,.T.);
#3317 = EDGE_CURVE('',#3287,#3318,#3320,.T.);
#3318 = VERTEX_POINT('',#3319);
#3319 = CARTESIAN_POINT('',(5.575,39.27778511651,27.415734806151));
#3320 = LINE('',#3321,#3322);
#3321 = CARTESIAN_POINT('',(5.575,39.235698368413,27.440960632174));
#3322 = VECTOR('',#3323,1.);
#3323 = DIRECTION('',(0.,0.85772861,-0.514102744193));
#3324 = ORIENTED_EDGE('',*,*,#3325,.F.);
#3325 = EDGE_CURVE('',#3326,#3318,#3328,.T.);
#3326 = VERTEX_POINT('',#3327);
#3327 = CARTESIAN_POINT('',(2.725,39.27778511651,27.415734806151));
#3328 = LINE('',#3329,#3330);
#3329 = CARTESIAN_POINT('',(2.725,39.27778511651,27.415734806151));
#3330 = VECTOR('',#3331,1.);
#3331 = DIRECTION('',(1.,0.,0.));
#3332 = ORIENTED_EDGE('',*,*,#3333,.F.);
#3333 = EDGE_CURVE('',#3295,#3326,#3334,.T.);
#3334 = LINE('',#3335,#3336);
#3335 = CARTESIAN_POINT('',(2.725,39.235698368413,27.440960632174));
#3336 = VECTOR('',#3337,1.);
#3337 = DIRECTION('',(0.,0.85772861,-0.514102744193));
#3338 = PLANE('',#3339);
#3339 = AXIS2_PLACEMENT_3D('',#3340,#3341,#3342);
#3340 = CARTESIAN_POINT('',(2.725,39.235698368413,27.440960632174));
#3341 = DIRECTION('',(-0.,-0.514102744193,-0.85772861));
#3342 = DIRECTION('',(0.,-0.85772861,0.514102744193));
#3343 = ADVANCED_FACE('',(#3344),#3369,.T.);
#3344 = FACE_BOUND('',#3345,.F.);
#3345 = EDGE_LOOP('',(#3346,#3347,#3355,#3363));
#3346 = ORIENTED_EDGE('',*,*,#3325,.T.);
#3347 = ORIENTED_EDGE('',*,*,#3348,.T.);
#3348 = EDGE_CURVE('',#3318,#3349,#3351,.T.);
#3349 = VERTEX_POINT('',#3350);
#3350 = CARTESIAN_POINT('',(5.575,39.317196642082,27.386505226681));
#3351 = LINE('',#3352,#3353);
#3352 = CARTESIAN_POINT('',(5.575,39.27778511651,27.415734806151));
#3353 = VECTOR('',#3354,1.);
#3354 = DIRECTION('',(0.,0.803207531481,-0.595699304492));
#3355 = ORIENTED_EDGE('',*,*,#3356,.F.);
#3356 = EDGE_CURVE('',#3357,#3349,#3359,.T.);
#3357 = VERTEX_POINT('',#3358);
#3358 = CARTESIAN_POINT('',(2.725,39.317196642082,27.386505226681));
#3359 = LINE('',#3360,#3361);
#3360 = CARTESIAN_POINT('',(2.725,39.317196642082,27.386505226681));
#3361 = VECTOR('',#3362,1.);
#3362 = DIRECTION('',(1.,0.,0.));
#3363 = ORIENTED_EDGE('',*,*,#3364,.F.);
#3364 = EDGE_CURVE('',#3326,#3357,#3365,.T.);
#3365 = LINE('',#3366,#3367);
#3366 = CARTESIAN_POINT('',(2.725,39.27778511651,27.415734806151));
#3367 = VECTOR('',#3368,1.);
#3368 = DIRECTION('',(0.,0.803207531481,-0.595699304492));
#3369 = PLANE('',#3370);
#3370 = AXIS2_PLACEMENT_3D('',#3371,#3372,#3373);
#3371 = CARTESIAN_POINT('',(2.725,39.27778511651,27.415734806151));
#3372 = DIRECTION('',(-0.,-0.595699304492,-0.803207531481));
#3373 = DIRECTION('',(0.,-0.803207531481,0.595699304492));
#3374 = ADVANCED_FACE('',(#3375),#3400,.T.);
#3375 = FACE_BOUND('',#3376,.F.);
#3376 = EDGE_LOOP('',(#3377,#3378,#3386,#3394));
#3377 = ORIENTED_EDGE('',*,*,#3356,.T.);
#3378 = ORIENTED_EDGE('',*,*,#3379,.T.);
#3379 = EDGE_CURVE('',#3349,#3380,#3382,.T.);
#3380 = VERTEX_POINT('',#3381);
#3381 = CARTESIAN_POINT('',(5.575,39.353553390593,27.353553390593));
#3382 = LINE('',#3383,#3384);
#3383 = CARTESIAN_POINT('',(5.575,39.317196642082,27.386505226681));
#3384 = VECTOR('',#3385,1.);
#3385 = DIRECTION('',(0.,0.740951125355,-0.671558954847));
#3386 = ORIENTED_EDGE('',*,*,#3387,.F.);
#3387 = EDGE_CURVE('',#3388,#3380,#3390,.T.);
#3388 = VERTEX_POINT('',#3389);
#3389 = CARTESIAN_POINT('',(2.725,39.353553390593,27.353553390593));
#3390 = LINE('',#3391,#3392);
#3391 = CARTESIAN_POINT('',(2.725,39.353553390593,27.353553390593));
#3392 = VECTOR('',#3393,1.);
#3393 = DIRECTION('',(1.,0.,0.));
#3394 = ORIENTED_EDGE('',*,*,#3395,.F.);
#3395 = EDGE_CURVE('',#3357,#3388,#3396,.T.);
#3396 = LINE('',#3397,#3398);
#3397 = CARTESIAN_POINT('',(2.725,39.317196642082,27.386505226681));
#3398 = VECTOR('',#3399,1.);
#3399 = DIRECTION('',(0.,0.740951125355,-0.671558954847));
#3400 = PLANE('',#3401);
#3401 = AXIS2_PLACEMENT_3D('',#3402,#3403,#3404);
#3402 = CARTESIAN_POINT('',(2.725,39.317196642082,27.386505226681));
#3403 = DIRECTION('',(-0.,-0.671558954847,-0.740951125355));
#3404 = DIRECTION('',(0.,-0.740951125355,0.671558954847));
#3405 = ADVANCED_FACE('',(#3406),#3431,.T.);
#3406 = FACE_BOUND('',#3407,.F.);
#3407 = EDGE_LOOP('',(#3408,#3409,#3417,#3425));
#3408 = ORIENTED_EDGE('',*,*,#3387,.T.);
#3409 = ORIENTED_EDGE('',*,*,#3410,.T.);
#3410 = EDGE_CURVE('',#3380,#3411,#3413,.T.);
#3411 = VERTEX_POINT('',#3412);
#3412 = CARTESIAN_POINT('',(5.575,39.386505226681,27.317196642082));
#3413 = LINE('',#3414,#3415);
#3414 = CARTESIAN_POINT('',(5.575,39.353553390593,27.353553390593));
#3415 = VECTOR('',#3416,1.);
#3416 = DIRECTION('',(0.,0.671558954847,-0.740951125355));
#3417 = ORIENTED_EDGE('',*,*,#3418,.F.);
#3418 = EDGE_CURVE('',#3419,#3411,#3421,.T.);
#3419 = VERTEX_POINT('',#3420);
#3420 = CARTESIAN_POINT('',(2.725,39.386505226681,27.317196642082));
#3421 = LINE('',#3422,#3423);
#3422 = CARTESIAN_POINT('',(2.725,39.386505226681,27.317196642082));
#3423 = VECTOR('',#3424,1.);
#3424 = DIRECTION('',(1.,0.,0.));
#3425 = ORIENTED_EDGE('',*,*,#3426,.F.);
#3426 = EDGE_CURVE('',#3388,#3419,#3427,.T.);
#3427 = LINE('',#3428,#3429);
#3428 = CARTESIAN_POINT('',(2.725,39.353553390593,27.353553390593));
#3429 = VECTOR('',#3430,1.);
#3430 = DIRECTION('',(0.,0.671558954847,-0.740951125355));
#3431 = PLANE('',#3432);
#3432 = AXIS2_PLACEMENT_3D('',#3433,#3434,#3435);
#3433 = CARTESIAN_POINT('',(2.725,39.353553390593,27.353553390593));
#3434 = DIRECTION('',(-0.,-0.740951125355,-0.671558954847));
#3435 = DIRECTION('',(0.,-0.671558954847,0.740951125355));
#3436 = ADVANCED_FACE('',(#3437),#3462,.T.);
#3437 = FACE_BOUND('',#3438,.F.);
#3438 = EDGE_LOOP('',(#3439,#3440,#3448,#3456));
#3439 = ORIENTED_EDGE('',*,*,#3418,.T.);
#3440 = ORIENTED_EDGE('',*,*,#3441,.T.);
#3441 = EDGE_CURVE('',#3411,#3442,#3444,.T.);
#3442 = VERTEX_POINT('',#3443);
#3443 = CARTESIAN_POINT('',(5.575,39.415734806151,27.27778511651));
#3444 = LINE('',#3445,#3446);
#3445 = CARTESIAN_POINT('',(5.575,39.386505226681,27.317196642082));
#3446 = VECTOR('',#3447,1.);
#3447 = DIRECTION('',(0.,0.595699304492,-0.803207531481));
#3448 = ORIENTED_EDGE('',*,*,#3449,.F.);
#3449 = EDGE_CURVE('',#3450,#3442,#3452,.T.);
#3450 = VERTEX_POINT('',#3451);
#3451 = CARTESIAN_POINT('',(2.725,39.415734806151,27.27778511651));
#3452 = LINE('',#3453,#3454);
#3453 = CARTESIAN_POINT('',(2.725,39.415734806151,27.27778511651));
#3454 = VECTOR('',#3455,1.);
#3455 = DIRECTION('',(1.,0.,0.));
#3456 = ORIENTED_EDGE('',*,*,#3457,.F.);
#3457 = EDGE_CURVE('',#3419,#3450,#3458,.T.);
#3458 = LINE('',#3459,#3460);
#3459 = CARTESIAN_POINT('',(2.725,39.386505226681,27.317196642082));
#3460 = VECTOR('',#3461,1.);
#3461 = DIRECTION('',(0.,0.595699304492,-0.803207531481));
#3462 = PLANE('',#3463);
#3463 = AXIS2_PLACEMENT_3D('',#3464,#3465,#3466);
#3464 = CARTESIAN_POINT('',(2.725,39.386505226681,27.317196642082));
#3465 = DIRECTION('',(-0.,-0.803207531481,-0.595699304492));
#3466 = DIRECTION('',(0.,-0.595699304492,0.803207531481));
#3467 = ADVANCED_FACE('',(#3468),#3493,.T.);
#3468 = FACE_BOUND('',#3469,.F.);
#3469 = EDGE_LOOP('',(#3470,#3471,#3479,#3487));
#3470 = ORIENTED_EDGE('',*,*,#3449,.T.);
#3471 = ORIENTED_EDGE('',*,*,#3472,.T.);
#3472 = EDGE_CURVE('',#3442,#3473,#3475,.T.);
#3473 = VERTEX_POINT('',#3474);
#3474 = CARTESIAN_POINT('',(5.575,39.440960632174,27.235698368413));
#3475 = LINE('',#3476,#3477);
#3476 = CARTESIAN_POINT('',(5.575,39.415734806151,27.27778511651));
#3477 = VECTOR('',#3478,1.);
#3478 = DIRECTION('',(0.,0.514102744193,-0.85772861));
#3479 = ORIENTED_EDGE('',*,*,#3480,.F.);
#3480 = EDGE_CURVE('',#3481,#3473,#3483,.T.);
#3481 = VERTEX_POINT('',#3482);
#3482 = CARTESIAN_POINT('',(2.725,39.440960632174,27.235698368413));
#3483 = LINE('',#3484,#3485);
#3484 = CARTESIAN_POINT('',(2.725,39.440960632174,27.235698368413));
#3485 = VECTOR('',#3486,1.);
#3486 = DIRECTION('',(1.,0.,0.));
#3487 = ORIENTED_EDGE('',*,*,#3488,.F.);
#3488 = EDGE_CURVE('',#3450,#3481,#3489,.T.);
#3489 = LINE('',#3490,#3491);
#3490 = CARTESIAN_POINT('',(2.725,39.415734806151,27.27778511651));
#3491 = VECTOR('',#3492,1.);
#3492 = DIRECTION('',(0.,0.514102744193,-0.85772861));
#3493 = PLANE('',#3494);
#3494 = AXIS2_PLACEMENT_3D('',#3495,#3496,#3497);
#3495 = CARTESIAN_POINT('',(2.725,39.415734806151,27.27778511651));
#3496 = DIRECTION('',(-0.,-0.85772861,-0.514102744193));
#3497 = DIRECTION('',(0.,-0.514102744193,0.85772861));
#3498 = ADVANCED_FACE('',(#3499),#3524,.T.);
#3499 = FACE_BOUND('',#3500,.F.);
#3500 = EDGE_LOOP('',(#3501,#3502,#3510,#3518));
#3501 = ORIENTED_EDGE('',*,*,#3480,.T.);
#3502 = ORIENTED_EDGE('',*,*,#3503,.T.);
#3503 = EDGE_CURVE('',#3473,#3504,#3506,.T.);
#3504 = VERTEX_POINT('',#3505);
#3505 = CARTESIAN_POINT('',(5.575,39.461939766256,27.191341716183));
#3506 = LINE('',#3507,#3508);
#3507 = CARTESIAN_POINT('',(5.575,39.440960632174,27.235698368413));
#3508 = VECTOR('',#3509,1.);
#3509 = DIRECTION('',(0.,0.42755509343,-0.903989293123));
#3510 = ORIENTED_EDGE('',*,*,#3511,.F.);
#3511 = EDGE_CURVE('',#3512,#3504,#3514,.T.);
#3512 = VERTEX_POINT('',#3513);
#3513 = CARTESIAN_POINT('',(2.725,39.461939766256,27.191341716183));
#3514 = LINE('',#3515,#3516);
#3515 = CARTESIAN_POINT('',(2.725,39.461939766256,27.191341716183));
#3516 = VECTOR('',#3517,1.);
#3517 = DIRECTION('',(1.,0.,0.));
#3518 = ORIENTED_EDGE('',*,*,#3519,.F.);
#3519 = EDGE_CURVE('',#3481,#3512,#3520,.T.);
#3520 = LINE('',#3521,#3522);
#3521 = CARTESIAN_POINT('',(2.725,39.440960632174,27.235698368413));
#3522 = VECTOR('',#3523,1.);
#3523 = DIRECTION('',(0.,0.42755509343,-0.903989293123));
#3524 = PLANE('',#3525);
#3525 = AXIS2_PLACEMENT_3D('',#3526,#3527,#3528);
#3526 = CARTESIAN_POINT('',(2.725,39.440960632174,27.235698368413));
#3527 = DIRECTION('',(-0.,-0.903989293123,-0.42755509343));
#3528 = DIRECTION('',(0.,-0.42755509343,0.903989293123));
#3529 = ADVANCED_FACE('',(#3530),#3555,.T.);
#3530 = FACE_BOUND('',#3531,.F.);
#3531 = EDGE_LOOP('',(#3532,#3533,#3541,#3549));
#3532 = ORIENTED_EDGE('',*,*,#3511,.T.);
#3533 = ORIENTED_EDGE('',*,*,#3534,.T.);
#3534 = EDGE_CURVE('',#3504,#3535,#3537,.T.);
#3535 = VERTEX_POINT('',#3536);
#3536 = CARTESIAN_POINT('',(5.575,39.478470167866,27.145142338627));
#3537 = LINE('',#3538,#3539);
#3538 = CARTESIAN_POINT('',(5.575,39.461939766256,27.191341716183));
#3539 = VECTOR('',#3540,1.);
#3540 = DIRECTION('',(0.,0.336889853392,-0.941544065183));
#3541 = ORIENTED_EDGE('',*,*,#3542,.F.);
#3542 = EDGE_CURVE('',#3543,#3535,#3545,.T.);
#3543 = VERTEX_POINT('',#3544);
#3544 = CARTESIAN_POINT('',(2.725,39.478470167866,27.145142338627));
#3545 = LINE('',#3546,#3547);
#3546 = CARTESIAN_POINT('',(2.725,39.478470167866,27.145142338627));
#3547 = VECTOR('',#3548,1.);
#3548 = DIRECTION('',(1.,0.,0.));
#3549 = ORIENTED_EDGE('',*,*,#3550,.F.);
#3550 = EDGE_CURVE('',#3512,#3543,#3551,.T.);
#3551 = LINE('',#3552,#3553);
#3552 = CARTESIAN_POINT('',(2.725,39.461939766256,27.191341716183));
#3553 = VECTOR('',#3554,1.);
#3554 = DIRECTION('',(0.,0.336889853392,-0.941544065183));
#3555 = PLANE('',#3556);
#3556 = AXIS2_PLACEMENT_3D('',#3557,#3558,#3559);
#3557 = CARTESIAN_POINT('',(2.725,39.461939766256,27.191341716183));
#3558 = DIRECTION('',(-0.,-0.941544065183,-0.336889853392));
#3559 = DIRECTION('',(0.,-0.336889853392,0.941544065183));
#3560 = ADVANCED_FACE('',(#3561),#3586,.T.);
#3561 = FACE_BOUND('',#3562,.F.);
#3562 = EDGE_LOOP('',(#3563,#3564,#3572,#3580));
#3563 = ORIENTED_EDGE('',*,*,#3542,.T.);
#3564 = ORIENTED_EDGE('',*,*,#3565,.T.);
#3565 = EDGE_CURVE('',#3535,#3566,#3568,.T.);
#3566 = VERTEX_POINT('',#3567);
#3567 = CARTESIAN_POINT('',(5.575,39.490392640202,27.097545161008));
#3568 = LINE('',#3569,#3570);
#3569 = CARTESIAN_POINT('',(5.575,39.478470167866,27.145142338627));
#3570 = VECTOR('',#3571,1.);
#3571 = DIRECTION('',(0.,0.242980179903,-0.970031253195));
#3572 = ORIENTED_EDGE('',*,*,#3573,.F.);
#3573 = EDGE_CURVE('',#3574,#3566,#3576,.T.);
#3574 = VERTEX_POINT('',#3575);
#3575 = CARTESIAN_POINT('',(2.725,39.490392640202,27.097545161008));
#3576 = LINE('',#3577,#3578);
#3577 = CARTESIAN_POINT('',(2.725,39.490392640202,27.097545161008));
#3578 = VECTOR('',#3579,1.);
#3579 = DIRECTION('',(1.,0.,0.));
#3580 = ORIENTED_EDGE('',*,*,#3581,.F.);
#3581 = EDGE_CURVE('',#3543,#3574,#3582,.T.);
#3582 = LINE('',#3583,#3584);
#3583 = CARTESIAN_POINT('',(2.725,39.478470167866,27.145142338627));
#3584 = VECTOR('',#3585,1.);
#3585 = DIRECTION('',(0.,0.242980179903,-0.970031253195));
#3586 = PLANE('',#3587);
#3587 = AXIS2_PLACEMENT_3D('',#3588,#3589,#3590);
#3588 = CARTESIAN_POINT('',(2.725,39.478470167866,27.145142338627));
#3589 = DIRECTION('',(-0.,-0.970031253195,-0.242980179903));
#3590 = DIRECTION('',(0.,-0.242980179903,0.970031253195));
#3591 = ADVANCED_FACE('',(#3592),#3617,.T.);
#3592 = FACE_BOUND('',#3593,.F.);
#3593 = EDGE_LOOP('',(#3594,#3595,#3603,#3611));
#3594 = ORIENTED_EDGE('',*,*,#3573,.T.);
#3595 = ORIENTED_EDGE('',*,*,#3596,.T.);
#3596 = EDGE_CURVE('',#3566,#3597,#3599,.T.);
#3597 = VERTEX_POINT('',#3598);
#3598 = CARTESIAN_POINT('',(5.575,39.497592363336,27.049008570165));
#3599 = LINE('',#3600,#3601);
#3600 = CARTESIAN_POINT('',(5.575,39.490392640202,27.097545161008));
#3601 = VECTOR('',#3602,1.);
#3602 = DIRECTION('',(0.,0.146730474455,-0.989176509965));
#3603 = ORIENTED_EDGE('',*,*,#3604,.F.);
#3604 = EDGE_CURVE('',#3605,#3597,#3607,.T.);
#3605 = VERTEX_POINT('',#3606);
#3606 = CARTESIAN_POINT('',(2.725,39.497592363336,27.049008570165));
#3607 = LINE('',#3608,#3609);
#3608 = CARTESIAN_POINT('',(2.725,39.497592363336,27.049008570165));
#3609 = VECTOR('',#3610,1.);
#3610 = DIRECTION('',(1.,0.,0.));
#3611 = ORIENTED_EDGE('',*,*,#3612,.F.);
#3612 = EDGE_CURVE('',#3574,#3605,#3613,.T.);
#3613 = LINE('',#3614,#3615);
#3614 = CARTESIAN_POINT('',(2.725,39.490392640202,27.097545161008));
#3615 = VECTOR('',#3616,1.);
#3616 = DIRECTION('',(0.,0.146730474455,-0.989176509965));
#3617 = PLANE('',#3618);
#3618 = AXIS2_PLACEMENT_3D('',#3619,#3620,#3621);
#3619 = CARTESIAN_POINT('',(2.725,39.490392640202,27.097545161008));
#3620 = DIRECTION('',(-0.,-0.989176509965,-0.146730474455));
#3621 = DIRECTION('',(0.,-0.146730474455,0.989176509965));
#3622 = ADVANCED_FACE('',(#3623),#3648,.T.);
#3623 = FACE_BOUND('',#3624,.F.);
#3624 = EDGE_LOOP('',(#3625,#3626,#3634,#3642));
#3625 = ORIENTED_EDGE('',*,*,#3604,.T.);
#3626 = ORIENTED_EDGE('',*,*,#3627,.T.);
#3627 = EDGE_CURVE('',#3597,#3628,#3630,.T.);
#3628 = VERTEX_POINT('',#3629);
#3629 = CARTESIAN_POINT('',(5.575,39.5,27.));
#3630 = LINE('',#3631,#3632);
#3631 = CARTESIAN_POINT('',(5.575,39.497592363336,27.049008570165));
#3632 = VECTOR('',#3633,1.);
#3633 = DIRECTION('',(0.,4.906767432742E-02,-0.998795456205));
#3634 = ORIENTED_EDGE('',*,*,#3635,.F.);
#3635 = EDGE_CURVE('',#3636,#3628,#3638,.T.);
#3636 = VERTEX_POINT('',#3637);
#3637 = CARTESIAN_POINT('',(2.725,39.5,27.));
#3638 = LINE('',#3639,#3640);
#3639 = CARTESIAN_POINT('',(2.725,39.5,27.));
#3640 = VECTOR('',#3641,1.);
#3641 = DIRECTION('',(1.,0.,0.));
#3642 = ORIENTED_EDGE('',*,*,#3643,.F.);
#3643 = EDGE_CURVE('',#3605,#3636,#3644,.T.);
#3644 = LINE('',#3645,#3646);
#3645 = CARTESIAN_POINT('',(2.725,39.497592363336,27.049008570165));
#3646 = VECTOR('',#3647,1.);
#3647 = DIRECTION('',(0.,4.906767432742E-02,-0.998795456205));
#3648 = PLANE('',#3649);
#3649 = AXIS2_PLACEMENT_3D('',#3650,#3651,#3652);
#3650 = CARTESIAN_POINT('',(2.725,39.497592363336,27.049008570165));
#3651 = DIRECTION('',(-0.,-0.998795456205,-4.906767432742E-02));
#3652 = DIRECTION('',(0.,-4.906767432742E-02,0.998795456205));
#3653 = ADVANCED_FACE('',(#3654),#3679,.T.);
#3654 = FACE_BOUND('',#3655,.F.);
#3655 = EDGE_LOOP('',(#3656,#3657,#3665,#3673));
#3656 = ORIENTED_EDGE('',*,*,#3635,.T.);
#3657 = ORIENTED_EDGE('',*,*,#3658,.T.);
#3658 = EDGE_CURVE('',#3628,#3659,#3661,.T.);
#3659 = VERTEX_POINT('',#3660);
#3660 = CARTESIAN_POINT('',(5.575,39.5,13.));
#3661 = LINE('',#3662,#3663);
#3662 = CARTESIAN_POINT('',(5.575,39.5,27.));
#3663 = VECTOR('',#3664,1.);
#3664 = DIRECTION('',(-0.,-0.,-1.));
#3665 = ORIENTED_EDGE('',*,*,#3666,.F.);
#3666 = EDGE_CURVE('',#3667,#3659,#3669,.T.);
#3667 = VERTEX_POINT('',#3668);
#3668 = CARTESIAN_POINT('',(2.725,39.5,13.));
#3669 = LINE('',#3670,#3671);
#3670 = CARTESIAN_POINT('',(2.725,39.5,13.));
#3671 = VECTOR('',#3672,1.);
#3672 = DIRECTION('',(1.,0.,0.));
#3673 = ORIENTED_EDGE('',*,*,#3674,.F.);
#3674 = EDGE_CURVE('',#3636,#3667,#3675,.T.);
#3675 = LINE('',#3676,#3677);
#3676 = CARTESIAN_POINT('',(2.725,39.5,27.));
#3677 = VECTOR('',#3678,1.);
#3678 = DIRECTION('',(-0.,-0.,-1.));
#3679 = PLANE('',#3680);
#3680 = AXIS2_PLACEMENT_3D('',#3681,#3682,#3683);
#3681 = CARTESIAN_POINT('',(2.725,39.5,27.));
#3682 = DIRECTION('',(-0.,-1.,-0.));
#3683 = DIRECTION('',(0.,0.,1.));
#3684 = ADVANCED_FACE('',(#3685),#3710,.T.);
#3685 = FACE_BOUND('',#3686,.F.);
#3686 = EDGE_LOOP('',(#3687,#3688,#3696,#3704));
#3687 = ORIENTED_EDGE('',*,*,#3666,.T.);
#3688 = ORIENTED_EDGE('',*,*,#3689,.T.);
#3689 = EDGE_CURVE('',#3659,#3690,#3692,.T.);
#3690 = VERTEX_POINT('',#3691);
#3691 = CARTESIAN_POINT('',(5.575,39.497592363336,12.950991429835));
#3692 = LINE('',#3693,#3694);
#3693 = CARTESIAN_POINT('',(5.575,39.5,13.));
#3694 = VECTOR('',#3695,1.);
#3695 = DIRECTION('',(-0.,-4.906767432742E-02,-0.998795456205));
#3696 = ORIENTED_EDGE('',*,*,#3697,.F.);
#3697 = EDGE_CURVE('',#3698,#3690,#3700,.T.);
#3698 = VERTEX_POINT('',#3699);
#3699 = CARTESIAN_POINT('',(2.725,39.497592363336,12.950991429835));
#3700 = LINE('',#3701,#3702);
#3701 = CARTESIAN_POINT('',(2.725,39.497592363336,12.950991429835));
#3702 = VECTOR('',#3703,1.);
#3703 = DIRECTION('',(1.,0.,0.));
#3704 = ORIENTED_EDGE('',*,*,#3705,.F.);
#3705 = EDGE_CURVE('',#3667,#3698,#3706,.T.);
#3706 = LINE('',#3707,#3708);
#3707 = CARTESIAN_POINT('',(2.725,39.5,13.));
#3708 = VECTOR('',#3709,1.);
#3709 = DIRECTION('',(-0.,-4.906767432742E-02,-0.998795456205));
#3710 = PLANE('',#3711);
#3711 = AXIS2_PLACEMENT_3D('',#3712,#3713,#3714);
#3712 = CARTESIAN_POINT('',(2.725,39.5,13.));
#3713 = DIRECTION('',(0.,-0.998795456205,4.906767432742E-02));
#3714 = DIRECTION('',(0.,4.906767432742E-02,0.998795456205));
#3715 = ADVANCED_FACE('',(#3716),#3741,.T.);
#3716 = FACE_BOUND('',#3717,.F.);
#3717 = EDGE_LOOP('',(#3718,#3719,#3727,#3735));
#3718 = ORIENTED_EDGE('',*,*,#3697,.T.);
#3719 = ORIENTED_EDGE('',*,*,#3720,.T.);
#3720 = EDGE_CURVE('',#3690,#3721,#3723,.T.);
#3721 = VERTEX_POINT('',#3722);
#3722 = CARTESIAN_POINT('',(5.575,39.490392640202,12.902454838992));
#3723 = LINE('',#3724,#3725);
#3724 = CARTESIAN_POINT('',(5.575,39.497592363336,12.950991429835));
#3725 = VECTOR('',#3726,1.);
#3726 = DIRECTION('',(-0.,-0.146730474455,-0.989176509965));
#3727 = ORIENTED_EDGE('',*,*,#3728,.F.);
#3728 = EDGE_CURVE('',#3729,#3721,#3731,.T.);
#3729 = VERTEX_POINT('',#3730);
#3730 = CARTESIAN_POINT('',(2.725,39.490392640202,12.902454838992));
#3731 = LINE('',#3732,#3733);
#3732 = CARTESIAN_POINT('',(2.725,39.490392640202,12.902454838992));
#3733 = VECTOR('',#3734,1.);
#3734 = DIRECTION('',(1.,0.,0.));
#3735 = ORIENTED_EDGE('',*,*,#3736,.F.);
#3736 = EDGE_CURVE('',#3698,#3729,#3737,.T.);
#3737 = LINE('',#3738,#3739);
#3738 = CARTESIAN_POINT('',(2.725,39.497592363336,12.950991429835));
#3739 = VECTOR('',#3740,1.);
#3740 = DIRECTION('',(-0.,-0.146730474455,-0.989176509965));
#3741 = PLANE('',#3742);
#3742 = AXIS2_PLACEMENT_3D('',#3743,#3744,#3745);
#3743 = CARTESIAN_POINT('',(2.725,39.497592363336,12.950991429835));
#3744 = DIRECTION('',(0.,-0.989176509965,0.146730474455));
#3745 = DIRECTION('',(0.,0.146730474455,0.989176509965));
#3746 = ADVANCED_FACE('',(#3747),#3772,.T.);
#3747 = FACE_BOUND('',#3748,.F.);
#3748 = EDGE_LOOP('',(#3749,#3750,#3758,#3766));
#3749 = ORIENTED_EDGE('',*,*,#3728,.T.);
#3750 = ORIENTED_EDGE('',*,*,#3751,.T.);
#3751 = EDGE_CURVE('',#3721,#3752,#3754,.T.);
#3752 = VERTEX_POINT('',#3753);
#3753 = CARTESIAN_POINT('',(5.575,39.478470167866,12.854857661373));
#3754 = LINE('',#3755,#3756);
#3755 = CARTESIAN_POINT('',(5.575,39.490392640202,12.902454838992));
#3756 = VECTOR('',#3757,1.);
#3757 = DIRECTION('',(-0.,-0.242980179903,-0.970031253195));
#3758 = ORIENTED_EDGE('',*,*,#3759,.F.);
#3759 = EDGE_CURVE('',#3760,#3752,#3762,.T.);
#3760 = VERTEX_POINT('',#3761);
#3761 = CARTESIAN_POINT('',(2.725,39.478470167866,12.854857661373));
#3762 = LINE('',#3763,#3764);
#3763 = CARTESIAN_POINT('',(2.725,39.478470167866,12.854857661373));
#3764 = VECTOR('',#3765,1.);
#3765 = DIRECTION('',(1.,0.,0.));
#3766 = ORIENTED_EDGE('',*,*,#3767,.F.);
#3767 = EDGE_CURVE('',#3729,#3760,#3768,.T.);
#3768 = LINE('',#3769,#3770);
#3769 = CARTESIAN_POINT('',(2.725,39.490392640202,12.902454838992));
#3770 = VECTOR('',#3771,1.);
#3771 = DIRECTION('',(-0.,-0.242980179903,-0.970031253195));
#3772 = PLANE('',#3773);
#3773 = AXIS2_PLACEMENT_3D('',#3774,#3775,#3776);
#3774 = CARTESIAN_POINT('',(2.725,39.490392640202,12.902454838992));
#3775 = DIRECTION('',(0.,-0.970031253195,0.242980179903));
#3776 = DIRECTION('',(0.,0.242980179903,0.970031253195));
#3777 = ADVANCED_FACE('',(#3778),#3803,.T.);
#3778 = FACE_BOUND('',#3779,.F.);
#3779 = EDGE_LOOP('',(#3780,#3781,#3789,#3797));
#3780 = ORIENTED_EDGE('',*,*,#3759,.T.);
#3781 = ORIENTED_EDGE('',*,*,#3782,.T.);
#3782 = EDGE_CURVE('',#3752,#3783,#3785,.T.);
#3783 = VERTEX_POINT('',#3784);
#3784 = CARTESIAN_POINT('',(5.575,39.461939766256,12.808658283817));
#3785 = LINE('',#3786,#3787);
#3786 = CARTESIAN_POINT('',(5.575,39.478470167866,12.854857661373));
#3787 = VECTOR('',#3788,1.);
#3788 = DIRECTION('',(-0.,-0.336889853392,-0.941544065183));
#3789 = ORIENTED_EDGE('',*,*,#3790,.F.);
#3790 = EDGE_CURVE('',#3791,#3783,#3793,.T.);
#3791 = VERTEX_POINT('',#3792);
#3792 = CARTESIAN_POINT('',(2.725,39.461939766256,12.808658283817));
#3793 = LINE('',#3794,#3795);
#3794 = CARTESIAN_POINT('',(2.725,39.461939766256,12.808658283817));
#3795 = VECTOR('',#3796,1.);
#3796 = DIRECTION('',(1.,0.,0.));
#3797 = ORIENTED_EDGE('',*,*,#3798,.F.);
#3798 = EDGE_CURVE('',#3760,#3791,#3799,.T.);
#3799 = LINE('',#3800,#3801);
#3800 = CARTESIAN_POINT('',(2.725,39.478470167866,12.854857661373));
#3801 = VECTOR('',#3802,1.);
#3802 = DIRECTION('',(-0.,-0.336889853392,-0.941544065183));
#3803 = PLANE('',#3804);
#3804 = AXIS2_PLACEMENT_3D('',#3805,#3806,#3807);
#3805 = CARTESIAN_POINT('',(2.725,39.478470167866,12.854857661373));
#3806 = DIRECTION('',(0.,-0.941544065183,0.336889853392));
#3807 = DIRECTION('',(0.,0.336889853392,0.941544065183));
#3808 = ADVANCED_FACE('',(#3809),#3834,.T.);
#3809 = FACE_BOUND('',#3810,.F.);
#3810 = EDGE_LOOP('',(#3811,#3812,#3820,#3828));
#3811 = ORIENTED_EDGE('',*,*,#3790,.T.);
#3812 = ORIENTED_EDGE('',*,*,#3813,.T.);
#3813 = EDGE_CURVE('',#3783,#3814,#3816,.T.);
#3814 = VERTEX_POINT('',#3815);
#3815 = CARTESIAN_POINT('',(5.575,39.440960632174,12.764301631587));
#3816 = LINE('',#3817,#3818);
#3817 = CARTESIAN_POINT('',(5.575,39.461939766256,12.808658283817));
#3818 = VECTOR('',#3819,1.);
#3819 = DIRECTION('',(-0.,-0.42755509343,-0.903989293123));
#3820 = ORIENTED_EDGE('',*,*,#3821,.F.);
#3821 = EDGE_CURVE('',#3822,#3814,#3824,.T.);
#3822 = VERTEX_POINT('',#3823);
#3823 = CARTESIAN_POINT('',(2.725,39.440960632174,12.764301631587));
#3824 = LINE('',#3825,#3826);
#3825 = CARTESIAN_POINT('',(2.725,39.440960632174,12.764301631587));
#3826 = VECTOR('',#3827,1.);
#3827 = DIRECTION('',(1.,0.,0.));
#3828 = ORIENTED_EDGE('',*,*,#3829,.F.);
#3829 = EDGE_CURVE('',#3791,#3822,#3830,.T.);
#3830 = LINE('',#3831,#3832);
#3831 = CARTESIAN_POINT('',(2.725,39.461939766256,12.808658283817));
#3832 = VECTOR('',#3833,1.);
#3833 = DIRECTION('',(-0.,-0.42755509343,-0.903989293123));
#3834 = PLANE('',#3835);
#3835 = AXIS2_PLACEMENT_3D('',#3836,#3837,#3838);
#3836 = CARTESIAN_POINT('',(2.725,39.461939766256,12.808658283817));
#3837 = DIRECTION('',(0.,-0.903989293123,0.42755509343));
#3838 = DIRECTION('',(0.,0.42755509343,0.903989293123));
#3839 = ADVANCED_FACE('',(#3840),#3865,.T.);
#3840 = FACE_BOUND('',#3841,.F.);
#3841 = EDGE_LOOP('',(#3842,#3843,#3851,#3859));
#3842 = ORIENTED_EDGE('',*,*,#3821,.T.);
#3843 = ORIENTED_EDGE('',*,*,#3844,.T.);
#3844 = EDGE_CURVE('',#3814,#3845,#3847,.T.);
#3845 = VERTEX_POINT('',#3846);
#3846 = CARTESIAN_POINT('',(5.575,39.415734806151,12.72221488349));
#3847 = LINE('',#3848,#3849);
#3848 = CARTESIAN_POINT('',(5.575,39.440960632174,12.764301631587));
#3849 = VECTOR('',#3850,1.);
#3850 = DIRECTION('',(-0.,-0.514102744193,-0.85772861));
#3851 = ORIENTED_EDGE('',*,*,#3852,.F.);
#3852 = EDGE_CURVE('',#3853,#3845,#3855,.T.);
#3853 = VERTEX_POINT('',#3854);
#3854 = CARTESIAN_POINT('',(2.725,39.415734806151,12.72221488349));
#3855 = LINE('',#3856,#3857);
#3856 = CARTESIAN_POINT('',(2.725,39.415734806151,12.72221488349));
#3857 = VECTOR('',#3858,1.);
#3858 = DIRECTION('',(1.,0.,0.));
#3859 = ORIENTED_EDGE('',*,*,#3860,.F.);
#3860 = EDGE_CURVE('',#3822,#3853,#3861,.T.);
#3861 = LINE('',#3862,#3863);
#3862 = CARTESIAN_POINT('',(2.725,39.440960632174,12.764301631587));
#3863 = VECTOR('',#3864,1.);
#3864 = DIRECTION('',(-0.,-0.514102744193,-0.85772861));
#3865 = PLANE('',#3866);
#3866 = AXIS2_PLACEMENT_3D('',#3867,#3868,#3869);
#3867 = CARTESIAN_POINT('',(2.725,39.440960632174,12.764301631587));
#3868 = DIRECTION('',(0.,-0.85772861,0.514102744193));
#3869 = DIRECTION('',(0.,0.514102744193,0.85772861));
#3870 = ADVANCED_FACE('',(#3871),#3896,.T.);
#3871 = FACE_BOUND('',#3872,.F.);
#3872 = EDGE_LOOP('',(#3873,#3874,#3882,#3890));
#3873 = ORIENTED_EDGE('',*,*,#3852,.T.);
#3874 = ORIENTED_EDGE('',*,*,#3875,.T.);
#3875 = EDGE_CURVE('',#3845,#3876,#3878,.T.);
#3876 = VERTEX_POINT('',#3877);
#3877 = CARTESIAN_POINT('',(5.575,39.386505226681,12.682803357918));
#3878 = LINE('',#3879,#3880);
#3879 = CARTESIAN_POINT('',(5.575,39.415734806151,12.72221488349));
#3880 = VECTOR('',#3881,1.);
#3881 = DIRECTION('',(-0.,-0.595699304492,-0.803207531481));
#3882 = ORIENTED_EDGE('',*,*,#3883,.F.);
#3883 = EDGE_CURVE('',#3884,#3876,#3886,.T.);
#3884 = VERTEX_POINT('',#3885);
#3885 = CARTESIAN_POINT('',(2.725,39.386505226681,12.682803357918));
#3886 = LINE('',#3887,#3888);
#3887 = CARTESIAN_POINT('',(2.725,39.386505226681,12.682803357918));
#3888 = VECTOR('',#3889,1.);
#3889 = DIRECTION('',(1.,0.,0.));
#3890 = ORIENTED_EDGE('',*,*,#3891,.F.);
#3891 = EDGE_CURVE('',#3853,#3884,#3892,.T.);
#3892 = LINE('',#3893,#3894);
#3893 = CARTESIAN_POINT('',(2.725,39.415734806151,12.72221488349));
#3894 = VECTOR('',#3895,1.);
#3895 = DIRECTION('',(-0.,-0.595699304492,-0.803207531481));
#3896 = PLANE('',#3897);
#3897 = AXIS2_PLACEMENT_3D('',#3898,#3899,#3900);
#3898 = CARTESIAN_POINT('',(2.725,39.415734806151,12.72221488349));
#3899 = DIRECTION('',(0.,-0.803207531481,0.595699304492));
#3900 = DIRECTION('',(0.,0.595699304492,0.803207531481));
#3901 = ADVANCED_FACE('',(#3902),#3927,.T.);
#3902 = FACE_BOUND('',#3903,.F.);
#3903 = EDGE_LOOP('',(#3904,#3905,#3913,#3921));
#3904 = ORIENTED_EDGE('',*,*,#3883,.T.);
#3905 = ORIENTED_EDGE('',*,*,#3906,.T.);
#3906 = EDGE_CURVE('',#3876,#3907,#3909,.T.);
#3907 = VERTEX_POINT('',#3908);
#3908 = CARTESIAN_POINT('',(5.575,39.353553390593,12.646446609407));
#3909 = LINE('',#3910,#3911);
#3910 = CARTESIAN_POINT('',(5.575,39.386505226681,12.682803357918));
#3911 = VECTOR('',#3912,1.);
#3912 = DIRECTION('',(-0.,-0.671558954847,-0.740951125355));
#3913 = ORIENTED_EDGE('',*,*,#3914,.F.);
#3914 = EDGE_CURVE('',#3915,#3907,#3917,.T.);
#3915 = VERTEX_POINT('',#3916);
#3916 = CARTESIAN_POINT('',(2.725,39.353553390593,12.646446609407));
#3917 = LINE('',#3918,#3919);
#3918 = CARTESIAN_POINT('',(2.725,39.353553390593,12.646446609407));
#3919 = VECTOR('',#3920,1.);
#3920 = DIRECTION('',(1.,0.,0.));
#3921 = ORIENTED_EDGE('',*,*,#3922,.F.);
#3922 = EDGE_CURVE('',#3884,#3915,#3923,.T.);
#3923 = LINE('',#3924,#3925);
#3924 = CARTESIAN_POINT('',(2.725,39.386505226681,12.682803357918));
#3925 = VECTOR('',#3926,1.);
#3926 = DIRECTION('',(-0.,-0.671558954847,-0.740951125355));
#3927 = PLANE('',#3928);
#3928 = AXIS2_PLACEMENT_3D('',#3929,#3930,#3931);
#3929 = CARTESIAN_POINT('',(2.725,39.386505226681,12.682803357918));
#3930 = DIRECTION('',(0.,-0.740951125355,0.671558954847));
#3931 = DIRECTION('',(0.,0.671558954847,0.740951125355));
#3932 = ADVANCED_FACE('',(#3933),#3958,.T.);
#3933 = FACE_BOUND('',#3934,.F.);
#3934 = EDGE_LOOP('',(#3935,#3936,#3944,#3952));
#3935 = ORIENTED_EDGE('',*,*,#3914,.T.);
#3936 = ORIENTED_EDGE('',*,*,#3937,.T.);
#3937 = EDGE_CURVE('',#3907,#3938,#3940,.T.);
#3938 = VERTEX_POINT('',#3939);
#3939 = CARTESIAN_POINT('',(5.575,39.317196642082,12.613494773319));
#3940 = LINE('',#3941,#3942);
#3941 = CARTESIAN_POINT('',(5.575,39.353553390593,12.646446609407));
#3942 = VECTOR('',#3943,1.);
#3943 = DIRECTION('',(-0.,-0.740951125355,-0.671558954847));
#3944 = ORIENTED_EDGE('',*,*,#3945,.F.);
#3945 = EDGE_CURVE('',#3946,#3938,#3948,.T.);
#3946 = VERTEX_POINT('',#3947);
#3947 = CARTESIAN_POINT('',(2.725,39.317196642082,12.613494773319));
#3948 = LINE('',#3949,#3950);
#3949 = CARTESIAN_POINT('',(2.725,39.317196642082,12.613494773319));
#3950 = VECTOR('',#3951,1.);
#3951 = DIRECTION('',(1.,0.,0.));
#3952 = ORIENTED_EDGE('',*,*,#3953,.F.);
#3953 = EDGE_CURVE('',#3915,#3946,#3954,.T.);
#3954 = LINE('',#3955,#3956);
#3955 = CARTESIAN_POINT('',(2.725,39.353553390593,12.646446609407));
#3956 = VECTOR('',#3957,1.);
#3957 = DIRECTION('',(-0.,-0.740951125355,-0.671558954847));
#3958 = PLANE('',#3959);
#3959 = AXIS2_PLACEMENT_3D('',#3960,#3961,#3962);
#3960 = CARTESIAN_POINT('',(2.725,39.353553390593,12.646446609407));
#3961 = DIRECTION('',(0.,-0.671558954847,0.740951125355));
#3962 = DIRECTION('',(0.,0.740951125355,0.671558954847));
#3963 = ADVANCED_FACE('',(#3964),#3989,.T.);
#3964 = FACE_BOUND('',#3965,.F.);
#3965 = EDGE_LOOP('',(#3966,#3967,#3975,#3983));
#3966 = ORIENTED_EDGE('',*,*,#3945,.T.);
#3967 = ORIENTED_EDGE('',*,*,#3968,.T.);
#3968 = EDGE_CURVE('',#3938,#3969,#3971,.T.);
#3969 = VERTEX_POINT('',#3970);
#3970 = CARTESIAN_POINT('',(5.575,39.27778511651,12.584265193849));
#3971 = LINE('',#3972,#3973);
#3972 = CARTESIAN_POINT('',(5.575,39.317196642082,12.613494773319));
#3973 = VECTOR('',#3974,1.);
#3974 = DIRECTION('',(-0.,-0.803207531481,-0.595699304492));
#3975 = ORIENTED_EDGE('',*,*,#3976,.F.);
#3976 = EDGE_CURVE('',#3977,#3969,#3979,.T.);
#3977 = VERTEX_POINT('',#3978);
#3978 = CARTESIAN_POINT('',(2.725,39.27778511651,12.584265193849));
#3979 = LINE('',#3980,#3981);
#3980 = CARTESIAN_POINT('',(2.725,39.27778511651,12.584265193849));
#3981 = VECTOR('',#3982,1.);
#3982 = DIRECTION('',(1.,0.,0.));
#3983 = ORIENTED_EDGE('',*,*,#3984,.F.);
#3984 = EDGE_CURVE('',#3946,#3977,#3985,.T.);
#3985 = LINE('',#3986,#3987);
#3986 = CARTESIAN_POINT('',(2.725,39.317196642082,12.613494773319));
#3987 = VECTOR('',#3988,1.);
#3988 = DIRECTION('',(-0.,-0.803207531481,-0.595699304492));
#3989 = PLANE('',#3990);
#3990 = AXIS2_PLACEMENT_3D('',#3991,#3992,#3993);
#3991 = CARTESIAN_POINT('',(2.725,39.317196642082,12.613494773319));
#3992 = DIRECTION('',(0.,-0.595699304492,0.803207531481));
#3993 = DIRECTION('',(0.,0.803207531481,0.595699304492));
#3994 = ADVANCED_FACE('',(#3995),#4020,.T.);
#3995 = FACE_BOUND('',#3996,.F.);
#3996 = EDGE_LOOP('',(#3997,#3998,#4006,#4014));
#3997 = ORIENTED_EDGE('',*,*,#3976,.T.);
#3998 = ORIENTED_EDGE('',*,*,#3999,.T.);
#3999 = EDGE_CURVE('',#3969,#4000,#4002,.T.);
#4000 = VERTEX_POINT('',#4001);
#4001 = CARTESIAN_POINT('',(5.575,39.235698368413,12.559039367826));
#4002 = LINE('',#4003,#4004);
#4003 = CARTESIAN_POINT('',(5.575,39.27778511651,12.584265193849));
#4004 = VECTOR('',#4005,1.);
#4005 = DIRECTION('',(-0.,-0.85772861,-0.514102744193));
#4006 = ORIENTED_EDGE('',*,*,#4007,.F.);
#4007 = EDGE_CURVE('',#4008,#4000,#4010,.T.);
#4008 = VERTEX_POINT('',#4009);
#4009 = CARTESIAN_POINT('',(2.725,39.235698368413,12.559039367826));
#4010 = LINE('',#4011,#4012);
#4011 = CARTESIAN_POINT('',(2.725,39.235698368413,12.559039367826));
#4012 = VECTOR('',#4013,1.);
#4013 = DIRECTION('',(1.,0.,0.));
#4014 = ORIENTED_EDGE('',*,*,#4015,.F.);
#4015 = EDGE_CURVE('',#3977,#4008,#4016,.T.);
#4016 = LINE('',#4017,#4018);
#4017 = CARTESIAN_POINT('',(2.725,39.27778511651,12.584265193849));
#4018 = VECTOR('',#4019,1.);
#4019 = DIRECTION('',(-0.,-0.85772861,-0.514102744193));
#4020 = PLANE('',#4021);
#4021 = AXIS2_PLACEMENT_3D('',#4022,#4023,#4024);
#4022 = CARTESIAN_POINT('',(2.725,39.27778511651,12.584265193849));
#4023 = DIRECTION('',(0.,-0.514102744193,0.85772861));
#4024 = DIRECTION('',(0.,0.85772861,0.514102744193));
#4025 = ADVANCED_FACE('',(#4026),#4051,.T.);
#4026 = FACE_BOUND('',#4027,.F.);
#4027 = EDGE_LOOP('',(#4028,#4029,#4037,#4045));
#4028 = ORIENTED_EDGE('',*,*,#4007,.T.);
#4029 = ORIENTED_EDGE('',*,*,#4030,.T.);
#4030 = EDGE_CURVE('',#4000,#4031,#4033,.T.);
#4031 = VERTEX_POINT('',#4032);
#4032 = CARTESIAN_POINT('',(5.575,39.191341716183,12.538060233744));
#4033 = LINE('',#4034,#4035);
#4034 = CARTESIAN_POINT('',(5.575,39.235698368413,12.559039367826));
#4035 = VECTOR('',#4036,1.);
#4036 = DIRECTION('',(-0.,-0.903989293123,-0.42755509343));
#4037 = ORIENTED_EDGE('',*,*,#4038,.F.);
#4038 = EDGE_CURVE('',#4039,#4031,#4041,.T.);
#4039 = VERTEX_POINT('',#4040);
#4040 = CARTESIAN_POINT('',(2.725,39.191341716183,12.538060233744));
#4041 = LINE('',#4042,#4043);
#4042 = CARTESIAN_POINT('',(2.725,39.191341716183,12.538060233744));
#4043 = VECTOR('',#4044,1.);
#4044 = DIRECTION('',(1.,0.,0.));
#4045 = ORIENTED_EDGE('',*,*,#4046,.F.);
#4046 = EDGE_CURVE('',#4008,#4039,#4047,.T.);
#4047 = LINE('',#4048,#4049);
#4048 = CARTESIAN_POINT('',(2.725,39.235698368413,12.559039367826));
#4049 = VECTOR('',#4050,1.);
#4050 = DIRECTION('',(-0.,-0.903989293123,-0.42755509343));
#4051 = PLANE('',#4052);
#4052 = AXIS2_PLACEMENT_3D('',#4053,#4054,#4055);
#4053 = CARTESIAN_POINT('',(2.725,39.235698368413,12.559039367826));
#4054 = DIRECTION('',(0.,-0.42755509343,0.903989293123));
#4055 = DIRECTION('',(0.,0.903989293123,0.42755509343));
#4056 = ADVANCED_FACE('',(#4057),#4082,.T.);
#4057 = FACE_BOUND('',#4058,.F.);
#4058 = EDGE_LOOP('',(#4059,#4060,#4068,#4076));
#4059 = ORIENTED_EDGE('',*,*,#4038,.T.);
#4060 = ORIENTED_EDGE('',*,*,#4061,.T.);
#4061 = EDGE_CURVE('',#4031,#4062,#4064,.T.);
#4062 = VERTEX_POINT('',#4063);
#4063 = CARTESIAN_POINT('',(5.575,39.145142338627,12.521529832134));
#4064 = LINE('',#4065,#4066);
#4065 = CARTESIAN_POINT('',(5.575,39.191341716183,12.538060233744));
#4066 = VECTOR('',#4067,1.);
#4067 = DIRECTION('',(-0.,-0.941544065183,-0.336889853392));
#4068 = ORIENTED_EDGE('',*,*,#4069,.F.);
#4069 = EDGE_CURVE('',#4070,#4062,#4072,.T.);
#4070 = VERTEX_POINT('',#4071);
#4071 = CARTESIAN_POINT('',(2.725,39.145142338627,12.521529832134));
#4072 = LINE('',#4073,#4074);
#4073 = CARTESIAN_POINT('',(2.725,39.145142338627,12.521529832134));
#4074 = VECTOR('',#4075,1.);
#4075 = DIRECTION('',(1.,0.,0.));
#4076 = ORIENTED_EDGE('',*,*,#4077,.F.);
#4077 = EDGE_CURVE('',#4039,#4070,#4078,.T.);
#4078 = LINE('',#4079,#4080);
#4079 = CARTESIAN_POINT('',(2.725,39.191341716183,12.538060233744));
#4080 = VECTOR('',#4081,1.);
#4081 = DIRECTION('',(-0.,-0.941544065183,-0.336889853392));
#4082 = PLANE('',#4083);
#4083 = AXIS2_PLACEMENT_3D('',#4084,#4085,#4086);
#4084 = CARTESIAN_POINT('',(2.725,39.191341716183,12.538060233744));
#4085 = DIRECTION('',(0.,-0.336889853392,0.941544065183));
#4086 = DIRECTION('',(0.,0.941544065183,0.336889853392));
#4087 = ADVANCED_FACE('',(#4088),#4113,.T.);
#4088 = FACE_BOUND('',#4089,.F.);
#4089 = EDGE_LOOP('',(#4090,#4091,#4099,#4107));
#4090 = ORIENTED_EDGE('',*,*,#4069,.T.);
#4091 = ORIENTED_EDGE('',*,*,#4092,.T.);
#4092 = EDGE_CURVE('',#4062,#4093,#4095,.T.);
#4093 = VERTEX_POINT('',#4094);
#4094 = CARTESIAN_POINT('',(5.575,39.097545161008,12.509607359798));
#4095 = LINE('',#4096,#4097);
#4096 = CARTESIAN_POINT('',(5.575,39.145142338627,12.521529832134));
#4097 = VECTOR('',#4098,1.);
#4098 = DIRECTION('',(-0.,-0.970031253195,-0.242980179903));
#4099 = ORIENTED_EDGE('',*,*,#4100,.F.);
#4100 = EDGE_CURVE('',#4101,#4093,#4103,.T.);
#4101 = VERTEX_POINT('',#4102);
#4102 = CARTESIAN_POINT('',(2.725,39.097545161008,12.509607359798));
#4103 = LINE('',#4104,#4105);
#4104 = CARTESIAN_POINT('',(2.725,39.097545161008,12.509607359798));
#4105 = VECTOR('',#4106,1.);
#4106 = DIRECTION('',(1.,0.,0.));
#4107 = ORIENTED_EDGE('',*,*,#4108,.F.);
#4108 = EDGE_CURVE('',#4070,#4101,#4109,.T.);
#4109 = LINE('',#4110,#4111);
#4110 = CARTESIAN_POINT('',(2.725,39.145142338627,12.521529832134));
#4111 = VECTOR('',#4112,1.);
#4112 = DIRECTION('',(-0.,-0.970031253195,-0.242980179903));
#4113 = PLANE('',#4114);
#4114 = AXIS2_PLACEMENT_3D('',#4115,#4116,#4117);
#4115 = CARTESIAN_POINT('',(2.725,39.145142338627,12.521529832134));
#4116 = DIRECTION('',(0.,-0.242980179903,0.970031253195));
#4117 = DIRECTION('',(0.,0.970031253195,0.242980179903));
#4118 = ADVANCED_FACE('',(#4119),#4144,.T.);
#4119 = FACE_BOUND('',#4120,.F.);
#4120 = EDGE_LOOP('',(#4121,#4122,#4130,#4138));
#4121 = ORIENTED_EDGE('',*,*,#4100,.T.);
#4122 = ORIENTED_EDGE('',*,*,#4123,.T.);
#4123 = EDGE_CURVE('',#4093,#4124,#4126,.T.);
#4124 = VERTEX_POINT('',#4125);
#4125 = CARTESIAN_POINT('',(5.575,39.049008570165,12.502407636664));
#4126 = LINE('',#4127,#4128);
#4127 = CARTESIAN_POINT('',(5.575,39.097545161008,12.509607359798));
#4128 = VECTOR('',#4129,1.);
#4129 = DIRECTION('',(-0.,-0.989176509965,-0.146730474455));
#4130 = ORIENTED_EDGE('',*,*,#4131,.F.);
#4131 = EDGE_CURVE('',#4132,#4124,#4134,.T.);
#4132 = VERTEX_POINT('',#4133);
#4133 = CARTESIAN_POINT('',(2.725,39.049008570165,12.502407636664));
#4134 = LINE('',#4135,#4136);
#4135 = CARTESIAN_POINT('',(2.725,39.049008570165,12.502407636664));
#4136 = VECTOR('',#4137,1.);
#4137 = DIRECTION('',(1.,0.,0.));
#4138 = ORIENTED_EDGE('',*,*,#4139,.F.);
#4139 = EDGE_CURVE('',#4101,#4132,#4140,.T.);
#4140 = LINE('',#4141,#4142);
#4141 = CARTESIAN_POINT('',(2.725,39.097545161008,12.509607359798));
#4142 = VECTOR('',#4143,1.);
#4143 = DIRECTION('',(-0.,-0.989176509965,-0.146730474455));
#4144 = PLANE('',#4145);
#4145 = AXIS2_PLACEMENT_3D('',#4146,#4147,#4148);
#4146 = CARTESIAN_POINT('',(2.725,39.097545161008,12.509607359798));
#4147 = DIRECTION('',(0.,-0.146730474455,0.989176509965));
#4148 = DIRECTION('',(0.,0.989176509965,0.146730474455));
#4149 = ADVANCED_FACE('',(#4150),#4175,.T.);
#4150 = FACE_BOUND('',#4151,.F.);
#4151 = EDGE_LOOP('',(#4152,#4153,#4161,#4169));
#4152 = ORIENTED_EDGE('',*,*,#4131,.T.);
#4153 = ORIENTED_EDGE('',*,*,#4154,.T.);
#4154 = EDGE_CURVE('',#4124,#4155,#4157,.T.);
#4155 = VERTEX_POINT('',#4156);
#4156 = CARTESIAN_POINT('',(5.575,39.,12.5));
#4157 = LINE('',#4158,#4159);
#4158 = CARTESIAN_POINT('',(5.575,39.049008570165,12.502407636664));
#4159 = VECTOR('',#4160,1.);
#4160 = DIRECTION('',(-0.,-0.998795456205,-4.906767432739E-02));
#4161 = ORIENTED_EDGE('',*,*,#4162,.F.);
#4162 = EDGE_CURVE('',#4163,#4155,#4165,.T.);
#4163 = VERTEX_POINT('',#4164);
#4164 = CARTESIAN_POINT('',(2.725,39.,12.5));
#4165 = LINE('',#4166,#4167);
#4166 = CARTESIAN_POINT('',(2.725,39.,12.5));
#4167 = VECTOR('',#4168,1.);
#4168 = DIRECTION('',(1.,0.,0.));
#4169 = ORIENTED_EDGE('',*,*,#4170,.F.);
#4170 = EDGE_CURVE('',#4132,#4163,#4171,.T.);
#4171 = LINE('',#4172,#4173);
#4172 = CARTESIAN_POINT('',(2.725,39.049008570165,12.502407636664));
#4173 = VECTOR('',#4174,1.);
#4174 = DIRECTION('',(-0.,-0.998795456205,-4.906767432739E-02));
#4175 = PLANE('',#4176);
#4176 = AXIS2_PLACEMENT_3D('',#4177,#4178,#4179);
#4177 = CARTESIAN_POINT('',(2.725,39.049008570165,12.502407636664));
#4178 = DIRECTION('',(0.,-4.906767432739E-02,0.998795456205));
#4179 = DIRECTION('',(0.,0.998795456205,4.906767432739E-02));
#4180 = ADVANCED_FACE('',(#4181),#4206,.T.);
#4181 = FACE_BOUND('',#4182,.F.);
#4182 = EDGE_LOOP('',(#4183,#4184,#4192,#4200));
#4183 = ORIENTED_EDGE('',*,*,#4162,.T.);
#4184 = ORIENTED_EDGE('',*,*,#4185,.T.);
#4185 = EDGE_CURVE('',#4155,#4186,#4188,.T.);
#4186 = VERTEX_POINT('',#4187);
#4187 = CARTESIAN_POINT('',(5.575,22.,12.5));
#4188 = LINE('',#4189,#4190);
#4189 = CARTESIAN_POINT('',(5.575,39.,12.5));
#4190 = VECTOR('',#4191,1.);
#4191 = DIRECTION('',(-0.,-1.,-0.));
#4192 = ORIENTED_EDGE('',*,*,#4193,.F.);
#4193 = EDGE_CURVE('',#4194,#4186,#4196,.T.);
#4194 = VERTEX_POINT('',#4195);
#4195 = CARTESIAN_POINT('',(2.725,22.,12.5));
#4196 = LINE('',#4197,#4198);
#4197 = CARTESIAN_POINT('',(2.725,22.,12.5));
#4198 = VECTOR('',#4199,1.);
#4199 = DIRECTION('',(1.,0.,0.));
#4200 = ORIENTED_EDGE('',*,*,#4201,.F.);
#4201 = EDGE_CURVE('',#4163,#4194,#4202,.T.);
#4202 = LINE('',#4203,#4204);
#4203 = CARTESIAN_POINT('',(2.725,39.,12.5));
#4204 = VECTOR('',#4205,1.);
#4205 = DIRECTION('',(-0.,-1.,-0.));
#4206 = PLANE('',#4207);
#4207 = AXIS2_PLACEMENT_3D('',#4208,#4209,#4210);
#4208 = CARTESIAN_POINT('',(2.725,39.,12.5));
#4209 = DIRECTION('',(0.,0.,1.));
#4210 = DIRECTION('',(0.,1.,0.));
#4211 = ADVANCED_FACE('',(#4212),#4228,.T.);
#4212 = FACE_BOUND('',#4213,.F.);
#4213 = EDGE_LOOP('',(#4214,#4215,#4221,#4222));
#4214 = ORIENTED_EDGE('',*,*,#4193,.T.);
#4215 = ORIENTED_EDGE('',*,*,#4216,.T.);
#4216 = EDGE_CURVE('',#4186,#2132,#4217,.T.);
#4217 = LINE('',#4218,#4219);
#4218 = CARTESIAN_POINT('',(5.575,22.,12.5));
#4219 = VECTOR('',#4220,1.);
#4220 = DIRECTION('',(0.,-0.998795456205,4.906767432739E-02));
#4221 = ORIENTED_EDGE('',*,*,#2129,.F.);
#4222 = ORIENTED_EDGE('',*,*,#4223,.F.);
#4223 = EDGE_CURVE('',#4194,#2130,#4224,.T.);
#4224 = LINE('',#4225,#4226);
#4225 = CARTESIAN_POINT('',(2.725,22.,12.5));
#4226 = VECTOR('',#4227,1.);
#4227 = DIRECTION('',(0.,-0.998795456205,4.906767432739E-02));
#4228 = PLANE('',#4229);
#4229 = AXIS2_PLACEMENT_3D('',#4230,#4231,#4232);
#4230 = CARTESIAN_POINT('',(2.725,22.,12.5));
#4231 = DIRECTION('',(0.,4.906767432739E-02,0.998795456205));
#4232 = DIRECTION('',(0.,0.998795456205,-4.906767432739E-02));
#4233 = ADVANCED_FACE('',(#4234),#4268,.T.);
#4234 = FACE_BOUND('',#4235,.F.);
#4235 = EDGE_LOOP('',(#4236,#4246,#4254,#4262));
#4236 = ORIENTED_EDGE('',*,*,#4237,.T.);
#4237 = EDGE_CURVE('',#4238,#4240,#4242,.T.);
#4238 = VERTEX_POINT('',#4239);
#4239 = CARTESIAN_POINT('',(2.725,59.054857661373,12.521529832134));
#4240 = VERTEX_POINT('',#4241);
#4241 = CARTESIAN_POINT('',(5.575,59.054857661373,12.521529832134));
#4242 = LINE('',#4243,#4244);
#4243 = CARTESIAN_POINT('',(2.725,59.054857661373,12.521529832134));
#4244 = VECTOR('',#4245,1.);
#4245 = DIRECTION('',(1.,0.,0.));
#4246 = ORIENTED_EDGE('',*,*,#4247,.T.);
#4247 = EDGE_CURVE('',#4240,#4248,#4250,.T.);
#4248 = VERTEX_POINT('',#4249);
#4249 = CARTESIAN_POINT('',(5.575,59.008658283817,12.538060233744));
#4250 = LINE('',#4251,#4252);
#4251 = CARTESIAN_POINT('',(5.575,59.054857661373,12.521529832134));
#4252 = VECTOR('',#4253,1.);
#4253 = DIRECTION('',(0.,-0.941544065183,0.336889853392));
#4254 = ORIENTED_EDGE('',*,*,#4255,.F.);
#4255 = EDGE_CURVE('',#4256,#4248,#4258,.T.);
#4256 = VERTEX_POINT('',#4257);
#4257 = CARTESIAN_POINT('',(2.725,59.008658283817,12.538060233744));
#4258 = LINE('',#4259,#4260);
#4259 = CARTESIAN_POINT('',(2.725,59.008658283817,12.538060233744));
#4260 = VECTOR('',#4261,1.);
#4261 = DIRECTION('',(1.,0.,0.));
#4262 = ORIENTED_EDGE('',*,*,#4263,.F.);
#4263 = EDGE_CURVE('',#4238,#4256,#4264,.T.);
#4264 = LINE('',#4265,#4266);
#4265 = CARTESIAN_POINT('',(2.725,59.054857661373,12.521529832134));
#4266 = VECTOR('',#4267,1.);
#4267 = DIRECTION('',(0.,-0.941544065183,0.336889853392));
#4268 = PLANE('',#4269);
#4269 = AXIS2_PLACEMENT_3D('',#4270,#4271,#4272);
#4270 = CARTESIAN_POINT('',(2.725,59.054857661373,12.521529832134));
#4271 = DIRECTION('',(0.,0.336889853392,0.941544065183));
#4272 = DIRECTION('',(0.,0.941544065183,-0.336889853392));
#4273 = ADVANCED_FACE('',(#4274),#4299,.T.);
#4274 = FACE_BOUND('',#4275,.F.);
#4275 = EDGE_LOOP('',(#4276,#4277,#4285,#4293));
#4276 = ORIENTED_EDGE('',*,*,#4255,.T.);
#4277 = ORIENTED_EDGE('',*,*,#4278,.T.);
#4278 = EDGE_CURVE('',#4248,#4279,#4281,.T.);
#4279 = VERTEX_POINT('',#4280);
#4280 = CARTESIAN_POINT('',(5.575,58.964301631587,12.559039367826));
#4281 = LINE('',#4282,#4283);
#4282 = CARTESIAN_POINT('',(5.575,59.008658283817,12.538060233744));
#4283 = VECTOR('',#4284,1.);
#4284 = DIRECTION('',(0.,-0.903989293123,0.42755509343));
#4285 = ORIENTED_EDGE('',*,*,#4286,.F.);
#4286 = EDGE_CURVE('',#4287,#4279,#4289,.T.);
#4287 = VERTEX_POINT('',#4288);
#4288 = CARTESIAN_POINT('',(2.725,58.964301631587,12.559039367826));
#4289 = LINE('',#4290,#4291);
#4290 = CARTESIAN_POINT('',(2.725,58.964301631587,12.559039367826));
#4291 = VECTOR('',#4292,1.);
#4292 = DIRECTION('',(1.,0.,0.));
#4293 = ORIENTED_EDGE('',*,*,#4294,.F.);
#4294 = EDGE_CURVE('',#4256,#4287,#4295,.T.);
#4295 = LINE('',#4296,#4297);
#4296 = CARTESIAN_POINT('',(2.725,59.008658283817,12.538060233744));
#4297 = VECTOR('',#4298,1.);
#4298 = DIRECTION('',(0.,-0.903989293123,0.42755509343));
#4299 = PLANE('',#4300);
#4300 = AXIS2_PLACEMENT_3D('',#4301,#4302,#4303);
#4301 = CARTESIAN_POINT('',(2.725,59.008658283817,12.538060233744));
#4302 = DIRECTION('',(0.,0.42755509343,0.903989293123));
#4303 = DIRECTION('',(0.,0.903989293123,-0.42755509343));
#4304 = ADVANCED_FACE('',(#4305),#4330,.T.);
#4305 = FACE_BOUND('',#4306,.F.);
#4306 = EDGE_LOOP('',(#4307,#4308,#4316,#4324));
#4307 = ORIENTED_EDGE('',*,*,#4286,.T.);
#4308 = ORIENTED_EDGE('',*,*,#4309,.T.);
#4309 = EDGE_CURVE('',#4279,#4310,#4312,.T.);
#4310 = VERTEX_POINT('',#4311);
#4311 = CARTESIAN_POINT('',(5.575,58.92221488349,12.584265193849));
#4312 = LINE('',#4313,#4314);
#4313 = CARTESIAN_POINT('',(5.575,58.964301631587,12.559039367826));
#4314 = VECTOR('',#4315,1.);
#4315 = DIRECTION('',(0.,-0.85772861,0.514102744193));
#4316 = ORIENTED_EDGE('',*,*,#4317,.F.);
#4317 = EDGE_CURVE('',#4318,#4310,#4320,.T.);
#4318 = VERTEX_POINT('',#4319);
#4319 = CARTESIAN_POINT('',(2.725,58.92221488349,12.584265193849));
#4320 = LINE('',#4321,#4322);
#4321 = CARTESIAN_POINT('',(2.725,58.92221488349,12.584265193849));
#4322 = VECTOR('',#4323,1.);
#4323 = DIRECTION('',(1.,0.,0.));
#4324 = ORIENTED_EDGE('',*,*,#4325,.F.);
#4325 = EDGE_CURVE('',#4287,#4318,#4326,.T.);
#4326 = LINE('',#4327,#4328);
#4327 = CARTESIAN_POINT('',(2.725,58.964301631587,12.559039367826));
#4328 = VECTOR('',#4329,1.);
#4329 = DIRECTION('',(0.,-0.85772861,0.514102744193));
#4330 = PLANE('',#4331);
#4331 = AXIS2_PLACEMENT_3D('',#4332,#4333,#4334);
#4332 = CARTESIAN_POINT('',(2.725,58.964301631587,12.559039367826));
#4333 = DIRECTION('',(0.,0.514102744193,0.85772861));
#4334 = DIRECTION('',(0.,0.85772861,-0.514102744193));
#4335 = ADVANCED_FACE('',(#4336),#4361,.T.);
#4336 = FACE_BOUND('',#4337,.F.);
#4337 = EDGE_LOOP('',(#4338,#4339,#4347,#4355));
#4338 = ORIENTED_EDGE('',*,*,#4317,.T.);
#4339 = ORIENTED_EDGE('',*,*,#4340,.T.);
#4340 = EDGE_CURVE('',#4310,#4341,#4343,.T.);
#4341 = VERTEX_POINT('',#4342);
#4342 = CARTESIAN_POINT('',(5.575,58.882803357918,12.613494773319));
#4343 = LINE('',#4344,#4345);
#4344 = CARTESIAN_POINT('',(5.575,58.92221488349,12.584265193849));
#4345 = VECTOR('',#4346,1.);
#4346 = DIRECTION('',(0.,-0.803207531481,0.595699304492));
#4347 = ORIENTED_EDGE('',*,*,#4348,.F.);
#4348 = EDGE_CURVE('',#4349,#4341,#4351,.T.);
#4349 = VERTEX_POINT('',#4350);
#4350 = CARTESIAN_POINT('',(2.725,58.882803357918,12.613494773319));
#4351 = LINE('',#4352,#4353);
#4352 = CARTESIAN_POINT('',(2.725,58.882803357918,12.613494773319));
#4353 = VECTOR('',#4354,1.);
#4354 = DIRECTION('',(1.,0.,0.));
#4355 = ORIENTED_EDGE('',*,*,#4356,.F.);
#4356 = EDGE_CURVE('',#4318,#4349,#4357,.T.);
#4357 = LINE('',#4358,#4359);
#4358 = CARTESIAN_POINT('',(2.725,58.92221488349,12.584265193849));
#4359 = VECTOR('',#4360,1.);
#4360 = DIRECTION('',(0.,-0.803207531481,0.595699304492));
#4361 = PLANE('',#4362);
#4362 = AXIS2_PLACEMENT_3D('',#4363,#4364,#4365);
#4363 = CARTESIAN_POINT('',(2.725,58.92221488349,12.584265193849));
#4364 = DIRECTION('',(0.,0.595699304492,0.803207531481));
#4365 = DIRECTION('',(0.,0.803207531481,-0.595699304492));
#4366 = ADVANCED_FACE('',(#4367),#4392,.T.);
#4367 = FACE_BOUND('',#4368,.F.);
#4368 = EDGE_LOOP('',(#4369,#4370,#4378,#4386));
#4369 = ORIENTED_EDGE('',*,*,#4348,.T.);
#4370 = ORIENTED_EDGE('',*,*,#4371,.T.);
#4371 = EDGE_CURVE('',#4341,#4372,#4374,.T.);
#4372 = VERTEX_POINT('',#4373);
#4373 = CARTESIAN_POINT('',(5.575,58.846446609407,12.646446609407));
#4374 = LINE('',#4375,#4376);
#4375 = CARTESIAN_POINT('',(5.575,58.882803357918,12.613494773319));
#4376 = VECTOR('',#4377,1.);
#4377 = DIRECTION('',(0.,-0.740951125355,0.671558954847));
#4378 = ORIENTED_EDGE('',*,*,#4379,.F.);
#4379 = EDGE_CURVE('',#4380,#4372,#4382,.T.);
#4380 = VERTEX_POINT('',#4381);
#4381 = CARTESIAN_POINT('',(2.725,58.846446609407,12.646446609407));
#4382 = LINE('',#4383,#4384);
#4383 = CARTESIAN_POINT('',(2.725,58.846446609407,12.646446609407));
#4384 = VECTOR('',#4385,1.);
#4385 = DIRECTION('',(1.,0.,0.));
#4386 = ORIENTED_EDGE('',*,*,#4387,.F.);
#4387 = EDGE_CURVE('',#4349,#4380,#4388,.T.);
#4388 = LINE('',#4389,#4390);
#4389 = CARTESIAN_POINT('',(2.725,58.882803357918,12.613494773319));
#4390 = VECTOR('',#4391,1.);
#4391 = DIRECTION('',(0.,-0.740951125355,0.671558954847));
#4392 = PLANE('',#4393);
#4393 = AXIS2_PLACEMENT_3D('',#4394,#4395,#4396);
#4394 = CARTESIAN_POINT('',(2.725,58.882803357918,12.613494773319));
#4395 = DIRECTION('',(0.,0.671558954847,0.740951125355));
#4396 = DIRECTION('',(0.,0.740951125355,-0.671558954847));
#4397 = ADVANCED_FACE('',(#4398),#4423,.T.);
#4398 = FACE_BOUND('',#4399,.F.);
#4399 = EDGE_LOOP('',(#4400,#4401,#4409,#4417));
#4400 = ORIENTED_EDGE('',*,*,#4379,.T.);
#4401 = ORIENTED_EDGE('',*,*,#4402,.T.);
#4402 = EDGE_CURVE('',#4372,#4403,#4405,.T.);
#4403 = VERTEX_POINT('',#4404);
#4404 = CARTESIAN_POINT('',(5.575,58.813494773319,12.682803357918));
#4405 = LINE('',#4406,#4407);
#4406 = CARTESIAN_POINT('',(5.575,58.846446609407,12.646446609407));
#4407 = VECTOR('',#4408,1.);
#4408 = DIRECTION('',(0.,-0.671558954847,0.740951125355));
#4409 = ORIENTED_EDGE('',*,*,#4410,.F.);
#4410 = EDGE_CURVE('',#4411,#4403,#4413,.T.);
#4411 = VERTEX_POINT('',#4412);
#4412 = CARTESIAN_POINT('',(2.725,58.813494773319,12.682803357918));
#4413 = LINE('',#4414,#4415);
#4414 = CARTESIAN_POINT('',(2.725,58.813494773319,12.682803357918));
#4415 = VECTOR('',#4416,1.);
#4416 = DIRECTION('',(1.,0.,0.));
#4417 = ORIENTED_EDGE('',*,*,#4418,.F.);
#4418 = EDGE_CURVE('',#4380,#4411,#4419,.T.);
#4419 = LINE('',#4420,#4421);
#4420 = CARTESIAN_POINT('',(2.725,58.846446609407,12.646446609407));
#4421 = VECTOR('',#4422,1.);
#4422 = DIRECTION('',(0.,-0.671558954847,0.740951125355));
#4423 = PLANE('',#4424);
#4424 = AXIS2_PLACEMENT_3D('',#4425,#4426,#4427);
#4425 = CARTESIAN_POINT('',(2.725,58.846446609407,12.646446609407));
#4426 = DIRECTION('',(0.,0.740951125355,0.671558954847));
#4427 = DIRECTION('',(0.,0.671558954847,-0.740951125355));
#4428 = ADVANCED_FACE('',(#4429),#4454,.T.);
#4429 = FACE_BOUND('',#4430,.F.);
#4430 = EDGE_LOOP('',(#4431,#4432,#4440,#4448));
#4431 = ORIENTED_EDGE('',*,*,#4410,.T.);
#4432 = ORIENTED_EDGE('',*,*,#4433,.T.);
#4433 = EDGE_CURVE('',#4403,#4434,#4436,.T.);
#4434 = VERTEX_POINT('',#4435);
#4435 = CARTESIAN_POINT('',(5.575,58.784265193849,12.72221488349));
#4436 = LINE('',#4437,#4438);
#4437 = CARTESIAN_POINT('',(5.575,58.813494773319,12.682803357918));
#4438 = VECTOR('',#4439,1.);
#4439 = DIRECTION('',(0.,-0.595699304492,0.803207531481));
#4440 = ORIENTED_EDGE('',*,*,#4441,.F.);
#4441 = EDGE_CURVE('',#4442,#4434,#4444,.T.);
#4442 = VERTEX_POINT('',#4443);
#4443 = CARTESIAN_POINT('',(2.725,58.784265193849,12.72221488349));
#4444 = LINE('',#4445,#4446);
#4445 = CARTESIAN_POINT('',(2.725,58.784265193849,12.72221488349));
#4446 = VECTOR('',#4447,1.);
#4447 = DIRECTION('',(1.,0.,0.));
#4448 = ORIENTED_EDGE('',*,*,#4449,.F.);
#4449 = EDGE_CURVE('',#4411,#4442,#4450,.T.);
#4450 = LINE('',#4451,#4452);
#4451 = CARTESIAN_POINT('',(2.725,58.813494773319,12.682803357918));
#4452 = VECTOR('',#4453,1.);
#4453 = DIRECTION('',(0.,-0.595699304492,0.803207531481));
#4454 = PLANE('',#4455);
#4455 = AXIS2_PLACEMENT_3D('',#4456,#4457,#4458);
#4456 = CARTESIAN_POINT('',(2.725,58.813494773319,12.682803357918));
#4457 = DIRECTION('',(0.,0.803207531481,0.595699304492));
#4458 = DIRECTION('',(0.,0.595699304492,-0.803207531481));
#4459 = ADVANCED_FACE('',(#4460),#4485,.T.);
#4460 = FACE_BOUND('',#4461,.F.);
#4461 = EDGE_LOOP('',(#4462,#4463,#4471,#4479));
#4462 = ORIENTED_EDGE('',*,*,#4441,.T.);
#4463 = ORIENTED_EDGE('',*,*,#4464,.T.);
#4464 = EDGE_CURVE('',#4434,#4465,#4467,.T.);
#4465 = VERTEX_POINT('',#4466);
#4466 = CARTESIAN_POINT('',(5.575,58.759039367826,12.764301631587));
#4467 = LINE('',#4468,#4469);
#4468 = CARTESIAN_POINT('',(5.575,58.784265193849,12.72221488349));
#4469 = VECTOR('',#4470,1.);
#4470 = DIRECTION('',(0.,-0.514102744193,0.85772861));
#4471 = ORIENTED_EDGE('',*,*,#4472,.F.);
#4472 = EDGE_CURVE('',#4473,#4465,#4475,.T.);
#4473 = VERTEX_POINT('',#4474);
#4474 = CARTESIAN_POINT('',(2.725,58.759039367826,12.764301631587));
#4475 = LINE('',#4476,#4477);
#4476 = CARTESIAN_POINT('',(2.725,58.759039367826,12.764301631587));
#4477 = VECTOR('',#4478,1.);
#4478 = DIRECTION('',(1.,0.,0.));
#4479 = ORIENTED_EDGE('',*,*,#4480,.F.);
#4480 = EDGE_CURVE('',#4442,#4473,#4481,.T.);
#4481 = LINE('',#4482,#4483);
#4482 = CARTESIAN_POINT('',(2.725,58.784265193849,12.72221488349));
#4483 = VECTOR('',#4484,1.);
#4484 = DIRECTION('',(0.,-0.514102744193,0.85772861));
#4485 = PLANE('',#4486);
#4486 = AXIS2_PLACEMENT_3D('',#4487,#4488,#4489);
#4487 = CARTESIAN_POINT('',(2.725,58.784265193849,12.72221488349));
#4488 = DIRECTION('',(0.,0.85772861,0.514102744193));
#4489 = DIRECTION('',(0.,0.514102744193,-0.85772861));
#4490 = ADVANCED_FACE('',(#4491),#4516,.T.);
#4491 = FACE_BOUND('',#4492,.F.);
#4492 = EDGE_LOOP('',(#4493,#4494,#4502,#4510));
#4493 = ORIENTED_EDGE('',*,*,#4472,.T.);
#4494 = ORIENTED_EDGE('',*,*,#4495,.T.);
#4495 = EDGE_CURVE('',#4465,#4496,#4498,.T.);
#4496 = VERTEX_POINT('',#4497);
#4497 = CARTESIAN_POINT('',(5.575,58.738060233744,12.808658283817));
#4498 = LINE('',#4499,#4500);
#4499 = CARTESIAN_POINT('',(5.575,58.759039367826,12.764301631587));
#4500 = VECTOR('',#4501,1.);
#4501 = DIRECTION('',(0.,-0.42755509343,0.903989293123));
#4502 = ORIENTED_EDGE('',*,*,#4503,.F.);
#4503 = EDGE_CURVE('',#4504,#4496,#4506,.T.);
#4504 = VERTEX_POINT('',#4505);
#4505 = CARTESIAN_POINT('',(2.725,58.738060233744,12.808658283817));
#4506 = LINE('',#4507,#4508);
#4507 = CARTESIAN_POINT('',(2.725,58.738060233744,12.808658283817));
#4508 = VECTOR('',#4509,1.);
#4509 = DIRECTION('',(1.,0.,0.));
#4510 = ORIENTED_EDGE('',*,*,#4511,.F.);
#4511 = EDGE_CURVE('',#4473,#4504,#4512,.T.);
#4512 = LINE('',#4513,#4514);
#4513 = CARTESIAN_POINT('',(2.725,58.759039367826,12.764301631587));
#4514 = VECTOR('',#4515,1.);
#4515 = DIRECTION('',(0.,-0.42755509343,0.903989293123));
#4516 = PLANE('',#4517);
#4517 = AXIS2_PLACEMENT_3D('',#4518,#4519,#4520);
#4518 = CARTESIAN_POINT('',(2.725,58.759039367826,12.764301631587));
#4519 = DIRECTION('',(0.,0.903989293123,0.42755509343));
#4520 = DIRECTION('',(0.,0.42755509343,-0.903989293123));
#4521 = ADVANCED_FACE('',(#4522),#4547,.T.);
#4522 = FACE_BOUND('',#4523,.F.);
#4523 = EDGE_LOOP('',(#4524,#4525,#4533,#4541));
#4524 = ORIENTED_EDGE('',*,*,#4503,.T.);
#4525 = ORIENTED_EDGE('',*,*,#4526,.T.);
#4526 = EDGE_CURVE('',#4496,#4527,#4529,.T.);
#4527 = VERTEX_POINT('',#4528);
#4528 = CARTESIAN_POINT('',(5.575,58.721529832134,12.854857661373));
#4529 = LINE('',#4530,#4531);
#4530 = CARTESIAN_POINT('',(5.575,58.738060233744,12.808658283817));
#4531 = VECTOR('',#4532,1.);
#4532 = DIRECTION('',(0.,-0.336889853392,0.941544065183));
#4533 = ORIENTED_EDGE('',*,*,#4534,.F.);
#4534 = EDGE_CURVE('',#4535,#4527,#4537,.T.);
#4535 = VERTEX_POINT('',#4536);
#4536 = CARTESIAN_POINT('',(2.725,58.721529832134,12.854857661373));
#4537 = LINE('',#4538,#4539);
#4538 = CARTESIAN_POINT('',(2.725,58.721529832134,12.854857661373));
#4539 = VECTOR('',#4540,1.);
#4540 = DIRECTION('',(1.,0.,0.));
#4541 = ORIENTED_EDGE('',*,*,#4542,.F.);
#4542 = EDGE_CURVE('',#4504,#4535,#4543,.T.);
#4543 = LINE('',#4544,#4545);
#4544 = CARTESIAN_POINT('',(2.725,58.738060233744,12.808658283817));
#4545 = VECTOR('',#4546,1.);
#4546 = DIRECTION('',(0.,-0.336889853392,0.941544065183));
#4547 = PLANE('',#4548);
#4548 = AXIS2_PLACEMENT_3D('',#4549,#4550,#4551);
#4549 = CARTESIAN_POINT('',(2.725,58.738060233744,12.808658283817));
#4550 = DIRECTION('',(0.,0.941544065183,0.336889853392));
#4551 = DIRECTION('',(0.,0.336889853392,-0.941544065183));
#4552 = ADVANCED_FACE('',(#4553),#4578,.T.);
#4553 = FACE_BOUND('',#4554,.F.);
#4554 = EDGE_LOOP('',(#4555,#4556,#4564,#4572));
#4555 = ORIENTED_EDGE('',*,*,#4534,.T.);
#4556 = ORIENTED_EDGE('',*,*,#4557,.T.);
#4557 = EDGE_CURVE('',#4527,#4558,#4560,.T.);
#4558 = VERTEX_POINT('',#4559);
#4559 = CARTESIAN_POINT('',(5.575,58.709607359798,12.902454838992));
#4560 = LINE('',#4561,#4562);
#4561 = CARTESIAN_POINT('',(5.575,58.721529832134,12.854857661373));
#4562 = VECTOR('',#4563,1.);
#4563 = DIRECTION('',(0.,-0.242980179903,0.970031253195));
#4564 = ORIENTED_EDGE('',*,*,#4565,.F.);
#4565 = EDGE_CURVE('',#4566,#4558,#4568,.T.);
#4566 = VERTEX_POINT('',#4567);
#4567 = CARTESIAN_POINT('',(2.725,58.709607359798,12.902454838992));
#4568 = LINE('',#4569,#4570);
#4569 = CARTESIAN_POINT('',(2.725,58.709607359798,12.902454838992));
#4570 = VECTOR('',#4571,1.);
#4571 = DIRECTION('',(1.,0.,0.));
#4572 = ORIENTED_EDGE('',*,*,#4573,.F.);
#4573 = EDGE_CURVE('',#4535,#4566,#4574,.T.);
#4574 = LINE('',#4575,#4576);
#4575 = CARTESIAN_POINT('',(2.725,58.721529832134,12.854857661373));
#4576 = VECTOR('',#4577,1.);
#4577 = DIRECTION('',(0.,-0.242980179903,0.970031253195));
#4578 = PLANE('',#4579);
#4579 = AXIS2_PLACEMENT_3D('',#4580,#4581,#4582);
#4580 = CARTESIAN_POINT('',(2.725,58.721529832134,12.854857661373));
#4581 = DIRECTION('',(0.,0.970031253195,0.242980179903));
#4582 = DIRECTION('',(0.,0.242980179903,-0.970031253195));
#4583 = ADVANCED_FACE('',(#4584),#4609,.T.);
#4584 = FACE_BOUND('',#4585,.F.);
#4585 = EDGE_LOOP('',(#4586,#4587,#4595,#4603));
#4586 = ORIENTED_EDGE('',*,*,#4565,.T.);
#4587 = ORIENTED_EDGE('',*,*,#4588,.T.);
#4588 = EDGE_CURVE('',#4558,#4589,#4591,.T.);
#4589 = VERTEX_POINT('',#4590);
#4590 = CARTESIAN_POINT('',(5.575,58.702407636664,12.950991429835));
#4591 = LINE('',#4592,#4593);
#4592 = CARTESIAN_POINT('',(5.575,58.709607359798,12.902454838992));
#4593 = VECTOR('',#4594,1.);
#4594 = DIRECTION('',(0.,-0.146730474455,0.989176509965));
#4595 = ORIENTED_EDGE('',*,*,#4596,.F.);
#4596 = EDGE_CURVE('',#4597,#4589,#4599,.T.);
#4597 = VERTEX_POINT('',#4598);
#4598 = CARTESIAN_POINT('',(2.725,58.702407636664,12.950991429835));
#4599 = LINE('',#4600,#4601);
#4600 = CARTESIAN_POINT('',(2.725,58.702407636664,12.950991429835));
#4601 = VECTOR('',#4602,1.);
#4602 = DIRECTION('',(1.,0.,0.));
#4603 = ORIENTED_EDGE('',*,*,#4604,.F.);
#4604 = EDGE_CURVE('',#4566,#4597,#4605,.T.);
#4605 = LINE('',#4606,#4607);
#4606 = CARTESIAN_POINT('',(2.725,58.709607359798,12.902454838992));
#4607 = VECTOR('',#4608,1.);
#4608 = DIRECTION('',(0.,-0.146730474455,0.989176509965));
#4609 = PLANE('',#4610);
#4610 = AXIS2_PLACEMENT_3D('',#4611,#4612,#4613);
#4611 = CARTESIAN_POINT('',(2.725,58.709607359798,12.902454838992));
#4612 = DIRECTION('',(0.,0.989176509965,0.146730474455));
#4613 = DIRECTION('',(0.,0.146730474455,-0.989176509965));
#4614 = ADVANCED_FACE('',(#4615),#4640,.T.);
#4615 = FACE_BOUND('',#4616,.F.);
#4616 = EDGE_LOOP('',(#4617,#4618,#4626,#4634));
#4617 = ORIENTED_EDGE('',*,*,#4596,.T.);
#4618 = ORIENTED_EDGE('',*,*,#4619,.T.);
#4619 = EDGE_CURVE('',#4589,#4620,#4622,.T.);
#4620 = VERTEX_POINT('',#4621);
#4621 = CARTESIAN_POINT('',(5.575,58.7,13.));
#4622 = LINE('',#4623,#4624);
#4623 = CARTESIAN_POINT('',(5.575,58.702407636664,12.950991429835));
#4624 = VECTOR('',#4625,1.);
#4625 = DIRECTION('',(0.,-4.906767432742E-02,0.998795456205));
#4626 = ORIENTED_EDGE('',*,*,#4627,.F.);
#4627 = EDGE_CURVE('',#4628,#4620,#4630,.T.);
#4628 = VERTEX_POINT('',#4629);
#4629 = CARTESIAN_POINT('',(2.725,58.7,13.));
#4630 = LINE('',#4631,#4632);
#4631 = CARTESIAN_POINT('',(2.725,58.7,13.));
#4632 = VECTOR('',#4633,1.);
#4633 = DIRECTION('',(1.,0.,0.));
#4634 = ORIENTED_EDGE('',*,*,#4635,.F.);
#4635 = EDGE_CURVE('',#4597,#4628,#4636,.T.);
#4636 = LINE('',#4637,#4638);
#4637 = CARTESIAN_POINT('',(2.725,58.702407636664,12.950991429835));
#4638 = VECTOR('',#4639,1.);
#4639 = DIRECTION('',(0.,-4.906767432742E-02,0.998795456205));
#4640 = PLANE('',#4641);
#4641 = AXIS2_PLACEMENT_3D('',#4642,#4643,#4644);
#4642 = CARTESIAN_POINT('',(2.725,58.702407636664,12.950991429835));
#4643 = DIRECTION('',(0.,0.998795456205,4.906767432742E-02));
#4644 = DIRECTION('',(0.,4.906767432742E-02,-0.998795456205));
#4645 = ADVANCED_FACE('',(#4646),#4671,.T.);
#4646 = FACE_BOUND('',#4647,.F.);
#4647 = EDGE_LOOP('',(#4648,#4649,#4657,#4665));
#4648 = ORIENTED_EDGE('',*,*,#4627,.T.);
#4649 = ORIENTED_EDGE('',*,*,#4650,.T.);
#4650 = EDGE_CURVE('',#4620,#4651,#4653,.T.);
#4651 = VERTEX_POINT('',#4652);
#4652 = CARTESIAN_POINT('',(5.575,58.7,28.));
#4653 = LINE('',#4654,#4655);
#4654 = CARTESIAN_POINT('',(5.575,58.7,13.));
#4655 = VECTOR('',#4656,1.);
#4656 = DIRECTION('',(0.,0.,1.));
#4657 = ORIENTED_EDGE('',*,*,#4658,.F.);
#4658 = EDGE_CURVE('',#4659,#4651,#4661,.T.);
#4659 = VERTEX_POINT('',#4660);
#4660 = CARTESIAN_POINT('',(2.725,58.7,28.));
#4661 = LINE('',#4662,#4663);
#4662 = CARTESIAN_POINT('',(2.725,58.7,28.));
#4663 = VECTOR('',#4664,1.);
#4664 = DIRECTION('',(1.,0.,0.));
#4665 = ORIENTED_EDGE('',*,*,#4666,.F.);
#4666 = EDGE_CURVE('',#4628,#4659,#4667,.T.);
#4667 = LINE('',#4668,#4669);
#4668 = CARTESIAN_POINT('',(2.725,58.7,13.));
#4669 = VECTOR('',#4670,1.);
#4670 = DIRECTION('',(0.,0.,1.));
#4671 = PLANE('',#4672);
#4672 = AXIS2_PLACEMENT_3D('',#4673,#4674,#4675);
#4673 = CARTESIAN_POINT('',(2.725,58.7,13.));
#4674 = DIRECTION('',(0.,1.,0.));
#4675 = DIRECTION('',(0.,0.,-1.));
#4676 = ADVANCED_FACE('',(#4677),#4702,.T.);
#4677 = FACE_BOUND('',#4678,.F.);
#4678 = EDGE_LOOP('',(#4679,#4680,#4688,#4696));
#4679 = ORIENTED_EDGE('',*,*,#4658,.T.);
#4680 = ORIENTED_EDGE('',*,*,#4681,.T.);
#4681 = EDGE_CURVE('',#4651,#4682,#4684,.T.);
#4682 = VERTEX_POINT('',#4683);
#4683 = CARTESIAN_POINT('',(5.575,58.702407636664,28.049008570165));
#4684 = LINE('',#4685,#4686);
#4685 = CARTESIAN_POINT('',(5.575,58.7,28.));
#4686 = VECTOR('',#4687,1.);
#4687 = DIRECTION('',(0.,4.906767432742E-02,0.998795456205));
#4688 = ORIENTED_EDGE('',*,*,#4689,.F.);
#4689 = EDGE_CURVE('',#4690,#4682,#4692,.T.);
#4690 = VERTEX_POINT('',#4691);
#4691 = CARTESIAN_POINT('',(2.725,58.702407636664,28.049008570165));
#4692 = LINE('',#4693,#4694);
#4693 = CARTESIAN_POINT('',(2.725,58.702407636664,28.049008570165));
#4694 = VECTOR('',#4695,1.);
#4695 = DIRECTION('',(1.,0.,0.));
#4696 = ORIENTED_EDGE('',*,*,#4697,.F.);
#4697 = EDGE_CURVE('',#4659,#4690,#4698,.T.);
#4698 = LINE('',#4699,#4700);
#4699 = CARTESIAN_POINT('',(2.725,58.7,28.));
#4700 = VECTOR('',#4701,1.);
#4701 = DIRECTION('',(0.,4.906767432742E-02,0.998795456205));
#4702 = PLANE('',#4703);
#4703 = AXIS2_PLACEMENT_3D('',#4704,#4705,#4706);
#4704 = CARTESIAN_POINT('',(2.725,58.7,28.));
#4705 = DIRECTION('',(0.,0.998795456205,-4.906767432742E-02));
#4706 = DIRECTION('',(0.,-4.906767432742E-02,-0.998795456205));
#4707 = ADVANCED_FACE('',(#4708),#4733,.T.);
#4708 = FACE_BOUND('',#4709,.F.);
#4709 = EDGE_LOOP('',(#4710,#4711,#4719,#4727));
#4710 = ORIENTED_EDGE('',*,*,#4689,.T.);
#4711 = ORIENTED_EDGE('',*,*,#4712,.T.);
#4712 = EDGE_CURVE('',#4682,#4713,#4715,.T.);
#4713 = VERTEX_POINT('',#4714);
#4714 = CARTESIAN_POINT('',(5.575,58.709607359798,28.097545161008));
#4715 = LINE('',#4716,#4717);
#4716 = CARTESIAN_POINT('',(5.575,58.702407636664,28.049008570165));
#4717 = VECTOR('',#4718,1.);
#4718 = DIRECTION('',(0.,0.146730474455,0.989176509965));
#4719 = ORIENTED_EDGE('',*,*,#4720,.F.);
#4720 = EDGE_CURVE('',#4721,#4713,#4723,.T.);
#4721 = VERTEX_POINT('',#4722);
#4722 = CARTESIAN_POINT('',(2.725,58.709607359798,28.097545161008));
#4723 = LINE('',#4724,#4725);
#4724 = CARTESIAN_POINT('',(2.725,58.709607359798,28.097545161008));
#4725 = VECTOR('',#4726,1.);
#4726 = DIRECTION('',(1.,0.,0.));
#4727 = ORIENTED_EDGE('',*,*,#4728,.F.);
#4728 = EDGE_CURVE('',#4690,#4721,#4729,.T.);
#4729 = LINE('',#4730,#4731);
#4730 = CARTESIAN_POINT('',(2.725,58.702407636664,28.049008570165));
#4731 = VECTOR('',#4732,1.);
#4732 = DIRECTION('',(0.,0.146730474455,0.989176509965));
#4733 = PLANE('',#4734);
#4734 = AXIS2_PLACEMENT_3D('',#4735,#4736,#4737);
#4735 = CARTESIAN_POINT('',(2.725,58.702407636664,28.049008570165));
#4736 = DIRECTION('',(0.,0.989176509965,-0.146730474455));
#4737 = DIRECTION('',(0.,-0.146730474455,-0.989176509965));
#4738 = ADVANCED_FACE('',(#4739),#4764,.T.);
#4739 = FACE_BOUND('',#4740,.F.);
#4740 = EDGE_LOOP('',(#4741,#4742,#4750,#4758));
#4741 = ORIENTED_EDGE('',*,*,#4720,.T.);
#4742 = ORIENTED_EDGE('',*,*,#4743,.T.);
#4743 = EDGE_CURVE('',#4713,#4744,#4746,.T.);
#4744 = VERTEX_POINT('',#4745);
#4745 = CARTESIAN_POINT('',(5.575,58.721529832134,28.145142338627));
#4746 = LINE('',#4747,#4748);
#4747 = CARTESIAN_POINT('',(5.575,58.709607359798,28.097545161008));
#4748 = VECTOR('',#4749,1.);
#4749 = DIRECTION('',(0.,0.242980179903,0.970031253195));
#4750 = ORIENTED_EDGE('',*,*,#4751,.F.);
#4751 = EDGE_CURVE('',#4752,#4744,#4754,.T.);
#4752 = VERTEX_POINT('',#4753);
#4753 = CARTESIAN_POINT('',(2.725,58.721529832134,28.145142338627));
#4754 = LINE('',#4755,#4756);
#4755 = CARTESIAN_POINT('',(2.725,58.721529832134,28.145142338627));
#4756 = VECTOR('',#4757,1.);
#4757 = DIRECTION('',(1.,0.,0.));
#4758 = ORIENTED_EDGE('',*,*,#4759,.F.);
#4759 = EDGE_CURVE('',#4721,#4752,#4760,.T.);
#4760 = LINE('',#4761,#4762);
#4761 = CARTESIAN_POINT('',(2.725,58.709607359798,28.097545161008));
#4762 = VECTOR('',#4763,1.);
#4763 = DIRECTION('',(0.,0.242980179903,0.970031253195));
#4764 = PLANE('',#4765);
#4765 = AXIS2_PLACEMENT_3D('',#4766,#4767,#4768);
#4766 = CARTESIAN_POINT('',(2.725,58.709607359798,28.097545161008));
#4767 = DIRECTION('',(0.,0.970031253195,-0.242980179903));
#4768 = DIRECTION('',(0.,-0.242980179903,-0.970031253195));
#4769 = ADVANCED_FACE('',(#4770),#4795,.T.);
#4770 = FACE_BOUND('',#4771,.F.);
#4771 = EDGE_LOOP('',(#4772,#4773,#4781,#4789));
#4772 = ORIENTED_EDGE('',*,*,#4751,.T.);
#4773 = ORIENTED_EDGE('',*,*,#4774,.T.);
#4774 = EDGE_CURVE('',#4744,#4775,#4777,.T.);
#4775 = VERTEX_POINT('',#4776);
#4776 = CARTESIAN_POINT('',(5.575,58.738060233744,28.191341716183));
#4777 = LINE('',#4778,#4779);
#4778 = CARTESIAN_POINT('',(5.575,58.721529832134,28.145142338627));
#4779 = VECTOR('',#4780,1.);
#4780 = DIRECTION('',(0.,0.336889853392,0.941544065183));
#4781 = ORIENTED_EDGE('',*,*,#4782,.F.);
#4782 = EDGE_CURVE('',#4783,#4775,#4785,.T.);
#4783 = VERTEX_POINT('',#4784);
#4784 = CARTESIAN_POINT('',(2.725,58.738060233744,28.191341716183));
#4785 = LINE('',#4786,#4787);
#4786 = CARTESIAN_POINT('',(2.725,58.738060233744,28.191341716183));
#4787 = VECTOR('',#4788,1.);
#4788 = DIRECTION('',(1.,0.,0.));
#4789 = ORIENTED_EDGE('',*,*,#4790,.F.);
#4790 = EDGE_CURVE('',#4752,#4783,#4791,.T.);
#4791 = LINE('',#4792,#4793);
#4792 = CARTESIAN_POINT('',(2.725,58.721529832134,28.145142338627));
#4793 = VECTOR('',#4794,1.);
#4794 = DIRECTION('',(0.,0.336889853392,0.941544065183));
#4795 = PLANE('',#4796);
#4796 = AXIS2_PLACEMENT_3D('',#4797,#4798,#4799);
#4797 = CARTESIAN_POINT('',(2.725,58.721529832134,28.145142338627));
#4798 = DIRECTION('',(0.,0.941544065183,-0.336889853392));
#4799 = DIRECTION('',(0.,-0.336889853392,-0.941544065183));
#4800 = ADVANCED_FACE('',(#4801),#4826,.T.);
#4801 = FACE_BOUND('',#4802,.F.);
#4802 = EDGE_LOOP('',(#4803,#4804,#4812,#4820));
#4803 = ORIENTED_EDGE('',*,*,#4782,.T.);
#4804 = ORIENTED_EDGE('',*,*,#4805,.T.);
#4805 = EDGE_CURVE('',#4775,#4806,#4808,.T.);
#4806 = VERTEX_POINT('',#4807);
#4807 = CARTESIAN_POINT('',(5.575,58.759039367826,28.235698368413));
#4808 = LINE('',#4809,#4810);
#4809 = CARTESIAN_POINT('',(5.575,58.738060233744,28.191341716183));
#4810 = VECTOR('',#4811,1.);
#4811 = DIRECTION('',(0.,0.42755509343,0.903989293123));
#4812 = ORIENTED_EDGE('',*,*,#4813,.F.);
#4813 = EDGE_CURVE('',#4814,#4806,#4816,.T.);
#4814 = VERTEX_POINT('',#4815);
#4815 = CARTESIAN_POINT('',(2.725,58.759039367826,28.235698368413));
#4816 = LINE('',#4817,#4818);
#4817 = CARTESIAN_POINT('',(2.725,58.759039367826,28.235698368413));
#4818 = VECTOR('',#4819,1.);
#4819 = DIRECTION('',(1.,0.,0.));
#4820 = ORIENTED_EDGE('',*,*,#4821,.F.);
#4821 = EDGE_CURVE('',#4783,#4814,#4822,.T.);
#4822 = LINE('',#4823,#4824);
#4823 = CARTESIAN_POINT('',(2.725,58.738060233744,28.191341716183));
#4824 = VECTOR('',#4825,1.);
#4825 = DIRECTION('',(0.,0.42755509343,0.903989293123));
#4826 = PLANE('',#4827);
#4827 = AXIS2_PLACEMENT_3D('',#4828,#4829,#4830);
#4828 = CARTESIAN_POINT('',(2.725,58.738060233744,28.191341716183));
#4829 = DIRECTION('',(0.,0.903989293123,-0.42755509343));
#4830 = DIRECTION('',(0.,-0.42755509343,-0.903989293123));
#4831 = ADVANCED_FACE('',(#4832),#4857,.T.);
#4832 = FACE_BOUND('',#4833,.F.);
#4833 = EDGE_LOOP('',(#4834,#4835,#4843,#4851));
#4834 = ORIENTED_EDGE('',*,*,#4813,.T.);
#4835 = ORIENTED_EDGE('',*,*,#4836,.T.);
#4836 = EDGE_CURVE('',#4806,#4837,#4839,.T.);
#4837 = VERTEX_POINT('',#4838);
#4838 = CARTESIAN_POINT('',(5.575,58.784265193849,28.27778511651));
#4839 = LINE('',#4840,#4841);
#4840 = CARTESIAN_POINT('',(5.575,58.759039367826,28.235698368413));
#4841 = VECTOR('',#4842,1.);
#4842 = DIRECTION('',(0.,0.514102744193,0.85772861));
#4843 = ORIENTED_EDGE('',*,*,#4844,.F.);
#4844 = EDGE_CURVE('',#4845,#4837,#4847,.T.);
#4845 = VERTEX_POINT('',#4846);
#4846 = CARTESIAN_POINT('',(2.725,58.784265193849,28.27778511651));
#4847 = LINE('',#4848,#4849);
#4848 = CARTESIAN_POINT('',(2.725,58.784265193849,28.27778511651));
#4849 = VECTOR('',#4850,1.);
#4850 = DIRECTION('',(1.,0.,0.));
#4851 = ORIENTED_EDGE('',*,*,#4852,.F.);
#4852 = EDGE_CURVE('',#4814,#4845,#4853,.T.);
#4853 = LINE('',#4854,#4855);
#4854 = CARTESIAN_POINT('',(2.725,58.759039367826,28.235698368413));
#4855 = VECTOR('',#4856,1.);
#4856 = DIRECTION('',(0.,0.514102744193,0.85772861));
#4857 = PLANE('',#4858);
#4858 = AXIS2_PLACEMENT_3D('',#4859,#4860,#4861);
#4859 = CARTESIAN_POINT('',(2.725,58.759039367826,28.235698368413));
#4860 = DIRECTION('',(0.,0.85772861,-0.514102744193));
#4861 = DIRECTION('',(0.,-0.514102744193,-0.85772861));
#4862 = ADVANCED_FACE('',(#4863),#4888,.T.);
#4863 = FACE_BOUND('',#4864,.F.);
#4864 = EDGE_LOOP('',(#4865,#4866,#4874,#4882));
#4865 = ORIENTED_EDGE('',*,*,#4844,.T.);
#4866 = ORIENTED_EDGE('',*,*,#4867,.T.);
#4867 = EDGE_CURVE('',#4837,#4868,#4870,.T.);
#4868 = VERTEX_POINT('',#4869);
#4869 = CARTESIAN_POINT('',(5.575,58.813494773319,28.317196642082));
#4870 = LINE('',#4871,#4872);
#4871 = CARTESIAN_POINT('',(5.575,58.784265193849,28.27778511651));
#4872 = VECTOR('',#4873,1.);
#4873 = DIRECTION('',(0.,0.595699304492,0.803207531481));
#4874 = ORIENTED_EDGE('',*,*,#4875,.F.);
#4875 = EDGE_CURVE('',#4876,#4868,#4878,.T.);
#4876 = VERTEX_POINT('',#4877);
#4877 = CARTESIAN_POINT('',(2.725,58.813494773319,28.317196642082));
#4878 = LINE('',#4879,#4880);
#4879 = CARTESIAN_POINT('',(2.725,58.813494773319,28.317196642082));
#4880 = VECTOR('',#4881,1.);
#4881 = DIRECTION('',(1.,0.,0.));
#4882 = ORIENTED_EDGE('',*,*,#4883,.F.);
#4883 = EDGE_CURVE('',#4845,#4876,#4884,.T.);
#4884 = LINE('',#4885,#4886);
#4885 = CARTESIAN_POINT('',(2.725,58.784265193849,28.27778511651));
#4886 = VECTOR('',#4887,1.);
#4887 = DIRECTION('',(0.,0.595699304492,0.803207531481));
#4888 = PLANE('',#4889);
#4889 = AXIS2_PLACEMENT_3D('',#4890,#4891,#4892);
#4890 = CARTESIAN_POINT('',(2.725,58.784265193849,28.27778511651));
#4891 = DIRECTION('',(0.,0.803207531481,-0.595699304492));
#4892 = DIRECTION('',(0.,-0.595699304492,-0.803207531481));
#4893 = ADVANCED_FACE('',(#4894),#4919,.T.);
#4894 = FACE_BOUND('',#4895,.F.);
#4895 = EDGE_LOOP('',(#4896,#4897,#4905,#4913));
#4896 = ORIENTED_EDGE('',*,*,#4875,.T.);
#4897 = ORIENTED_EDGE('',*,*,#4898,.T.);
#4898 = EDGE_CURVE('',#4868,#4899,#4901,.T.);
#4899 = VERTEX_POINT('',#4900);
#4900 = CARTESIAN_POINT('',(5.575,58.846446609407,28.353553390593));
#4901 = LINE('',#4902,#4903);
#4902 = CARTESIAN_POINT('',(5.575,58.813494773319,28.317196642082));
#4903 = VECTOR('',#4904,1.);
#4904 = DIRECTION('',(0.,0.671558954847,0.740951125355));
#4905 = ORIENTED_EDGE('',*,*,#4906,.F.);
#4906 = EDGE_CURVE('',#4907,#4899,#4909,.T.);
#4907 = VERTEX_POINT('',#4908);
#4908 = CARTESIAN_POINT('',(2.725,58.846446609407,28.353553390593));
#4909 = LINE('',#4910,#4911);
#4910 = CARTESIAN_POINT('',(2.725,58.846446609407,28.353553390593));
#4911 = VECTOR('',#4912,1.);
#4912 = DIRECTION('',(1.,0.,0.));
#4913 = ORIENTED_EDGE('',*,*,#4914,.F.);
#4914 = EDGE_CURVE('',#4876,#4907,#4915,.T.);
#4915 = LINE('',#4916,#4917);
#4916 = CARTESIAN_POINT('',(2.725,58.813494773319,28.317196642082));
#4917 = VECTOR('',#4918,1.);
#4918 = DIRECTION('',(0.,0.671558954847,0.740951125355));
#4919 = PLANE('',#4920);
#4920 = AXIS2_PLACEMENT_3D('',#4921,#4922,#4923);
#4921 = CARTESIAN_POINT('',(2.725,58.813494773319,28.317196642082));
#4922 = DIRECTION('',(0.,0.740951125355,-0.671558954847));
#4923 = DIRECTION('',(0.,-0.671558954847,-0.740951125355));
#4924 = ADVANCED_FACE('',(#4925),#4950,.T.);
#4925 = FACE_BOUND('',#4926,.F.);
#4926 = EDGE_LOOP('',(#4927,#4928,#4936,#4944));
#4927 = ORIENTED_EDGE('',*,*,#4906,.T.);
#4928 = ORIENTED_EDGE('',*,*,#4929,.T.);
#4929 = EDGE_CURVE('',#4899,#4930,#4932,.T.);
#4930 = VERTEX_POINT('',#4931);
#4931 = CARTESIAN_POINT('',(5.575,58.882803357918,28.386505226681));
#4932 = LINE('',#4933,#4934);
#4933 = CARTESIAN_POINT('',(5.575,58.846446609407,28.353553390593));
#4934 = VECTOR('',#4935,1.);
#4935 = DIRECTION('',(0.,0.740951125355,0.671558954847));
#4936 = ORIENTED_EDGE('',*,*,#4937,.F.);
#4937 = EDGE_CURVE('',#4938,#4930,#4940,.T.);
#4938 = VERTEX_POINT('',#4939);
#4939 = CARTESIAN_POINT('',(2.725,58.882803357918,28.386505226681));
#4940 = LINE('',#4941,#4942);
#4941 = CARTESIAN_POINT('',(2.725,58.882803357918,28.386505226681));
#4942 = VECTOR('',#4943,1.);
#4943 = DIRECTION('',(1.,0.,0.));
#4944 = ORIENTED_EDGE('',*,*,#4945,.F.);
#4945 = EDGE_CURVE('',#4907,#4938,#4946,.T.);
#4946 = LINE('',#4947,#4948);
#4947 = CARTESIAN_POINT('',(2.725,58.846446609407,28.353553390593));
#4948 = VECTOR('',#4949,1.);
#4949 = DIRECTION('',(0.,0.740951125355,0.671558954847));
#4950 = PLANE('',#4951);
#4951 = AXIS2_PLACEMENT_3D('',#4952,#4953,#4954);
#4952 = CARTESIAN_POINT('',(2.725,58.846446609407,28.353553390593));
#4953 = DIRECTION('',(0.,0.671558954847,-0.740951125355));
#4954 = DIRECTION('',(0.,-0.740951125355,-0.671558954847));
#4955 = ADVANCED_FACE('',(#4956),#4981,.T.);
#4956 = FACE_BOUND('',#4957,.F.);
#4957 = EDGE_LOOP('',(#4958,#4959,#4967,#4975));
#4958 = ORIENTED_EDGE('',*,*,#4937,.T.);
#4959 = ORIENTED_EDGE('',*,*,#4960,.T.);
#4960 = EDGE_CURVE('',#4930,#4961,#4963,.T.);
#4961 = VERTEX_POINT('',#4962);
#4962 = CARTESIAN_POINT('',(5.575,58.92221488349,28.415734806151));
#4963 = LINE('',#4964,#4965);
#4964 = CARTESIAN_POINT('',(5.575,58.882803357918,28.386505226681));
#4965 = VECTOR('',#4966,1.);
#4966 = DIRECTION('',(0.,0.803207531481,0.595699304492));
#4967 = ORIENTED_EDGE('',*,*,#4968,.F.);
#4968 = EDGE_CURVE('',#4969,#4961,#4971,.T.);
#4969 = VERTEX_POINT('',#4970);
#4970 = CARTESIAN_POINT('',(2.725,58.92221488349,28.415734806151));
#4971 = LINE('',#4972,#4973);
#4972 = CARTESIAN_POINT('',(2.725,58.92221488349,28.415734806151));
#4973 = VECTOR('',#4974,1.);
#4974 = DIRECTION('',(1.,0.,0.));
#4975 = ORIENTED_EDGE('',*,*,#4976,.F.);
#4976 = EDGE_CURVE('',#4938,#4969,#4977,.T.);
#4977 = LINE('',#4978,#4979);
#4978 = CARTESIAN_POINT('',(2.725,58.882803357918,28.386505226681));
#4979 = VECTOR('',#4980,1.);
#4980 = DIRECTION('',(0.,0.803207531481,0.595699304492));
#4981 = PLANE('',#4982);
#4982 = AXIS2_PLACEMENT_3D('',#4983,#4984,#4985);
#4983 = CARTESIAN_POINT('',(2.725,58.882803357918,28.386505226681));
#4984 = DIRECTION('',(0.,0.595699304492,-0.803207531481));
#4985 = DIRECTION('',(0.,-0.803207531481,-0.595699304492));
#4986 = ADVANCED_FACE('',(#4987),#5012,.T.);
#4987 = FACE_BOUND('',#4988,.F.);
#4988 = EDGE_LOOP('',(#4989,#4990,#4998,#5006));
#4989 = ORIENTED_EDGE('',*,*,#4968,.T.);
#4990 = ORIENTED_EDGE('',*,*,#4991,.T.);
#4991 = EDGE_CURVE('',#4961,#4992,#4994,.T.);
#4992 = VERTEX_POINT('',#4993);
#4993 = CARTESIAN_POINT('',(5.575,58.964301631587,28.440960632174));
#4994 = LINE('',#4995,#4996);
#4995 = CARTESIAN_POINT('',(5.575,58.92221488349,28.415734806151));
#4996 = VECTOR('',#4997,1.);
#4997 = DIRECTION('',(0.,0.85772861,0.514102744193));
#4998 = ORIENTED_EDGE('',*,*,#4999,.F.);
#4999 = EDGE_CURVE('',#5000,#4992,#5002,.T.);
#5000 = VERTEX_POINT('',#5001);
#5001 = CARTESIAN_POINT('',(2.725,58.964301631587,28.440960632174));
#5002 = LINE('',#5003,#5004);
#5003 = CARTESIAN_POINT('',(2.725,58.964301631587,28.440960632174));
#5004 = VECTOR('',#5005,1.);
#5005 = DIRECTION('',(1.,0.,0.));
#5006 = ORIENTED_EDGE('',*,*,#5007,.F.);
#5007 = EDGE_CURVE('',#4969,#5000,#5008,.T.);
#5008 = LINE('',#5009,#5010);
#5009 = CARTESIAN_POINT('',(2.725,58.92221488349,28.415734806151));
#5010 = VECTOR('',#5011,1.);
#5011 = DIRECTION('',(0.,0.85772861,0.514102744193));
#5012 = PLANE('',#5013);
#5013 = AXIS2_PLACEMENT_3D('',#5014,#5015,#5016);
#5014 = CARTESIAN_POINT('',(2.725,58.92221488349,28.415734806151));
#5015 = DIRECTION('',(0.,0.514102744193,-0.85772861));
#5016 = DIRECTION('',(0.,-0.85772861,-0.514102744193));
#5017 = ADVANCED_FACE('',(#5018),#5043,.T.);
#5018 = FACE_BOUND('',#5019,.F.);
#5019 = EDGE_LOOP('',(#5020,#5021,#5029,#5037));
#5020 = ORIENTED_EDGE('',*,*,#4999,.T.);
#5021 = ORIENTED_EDGE('',*,*,#5022,.T.);
#5022 = EDGE_CURVE('',#4992,#5023,#5025,.T.);
#5023 = VERTEX_POINT('',#5024);
#5024 = CARTESIAN_POINT('',(5.575,59.008658283817,28.461939766256));
#5025 = LINE('',#5026,#5027);
#5026 = CARTESIAN_POINT('',(5.575,58.964301631587,28.440960632174));
#5027 = VECTOR('',#5028,1.);
#5028 = DIRECTION('',(0.,0.903989293123,0.42755509343));
#5029 = ORIENTED_EDGE('',*,*,#5030,.F.);
#5030 = EDGE_CURVE('',#5031,#5023,#5033,.T.);
#5031 = VERTEX_POINT('',#5032);
#5032 = CARTESIAN_POINT('',(2.725,59.008658283817,28.461939766256));
#5033 = LINE('',#5034,#5035);
#5034 = CARTESIAN_POINT('',(2.725,59.008658283817,28.461939766256));
#5035 = VECTOR('',#5036,1.);
#5036 = DIRECTION('',(1.,0.,0.));
#5037 = ORIENTED_EDGE('',*,*,#5038,.F.);
#5038 = EDGE_CURVE('',#5000,#5031,#5039,.T.);
#5039 = LINE('',#5040,#5041);
#5040 = CARTESIAN_POINT('',(2.725,58.964301631587,28.440960632174));
#5041 = VECTOR('',#5042,1.);
#5042 = DIRECTION('',(0.,0.903989293123,0.42755509343));
#5043 = PLANE('',#5044);
#5044 = AXIS2_PLACEMENT_3D('',#5045,#5046,#5047);
#5045 = CARTESIAN_POINT('',(2.725,58.964301631587,28.440960632174));
#5046 = DIRECTION('',(0.,0.42755509343,-0.903989293123));
#5047 = DIRECTION('',(0.,-0.903989293123,-0.42755509343));
#5048 = ADVANCED_FACE('',(#5049),#5074,.T.);
#5049 = FACE_BOUND('',#5050,.F.);
#5050 = EDGE_LOOP('',(#5051,#5052,#5060,#5068));
#5051 = ORIENTED_EDGE('',*,*,#5030,.T.);
#5052 = ORIENTED_EDGE('',*,*,#5053,.T.);
#5053 = EDGE_CURVE('',#5023,#5054,#5056,.T.);
#5054 = VERTEX_POINT('',#5055);
#5055 = CARTESIAN_POINT('',(5.575,59.054857661373,28.478470167866));
#5056 = LINE('',#5057,#5058);
#5057 = CARTESIAN_POINT('',(5.575,59.008658283817,28.461939766256));
#5058 = VECTOR('',#5059,1.);
#5059 = DIRECTION('',(0.,0.941544065183,0.336889853392));
#5060 = ORIENTED_EDGE('',*,*,#5061,.F.);
#5061 = EDGE_CURVE('',#5062,#5054,#5064,.T.);
#5062 = VERTEX_POINT('',#5063);
#5063 = CARTESIAN_POINT('',(2.725,59.054857661373,28.478470167866));
#5064 = LINE('',#5065,#5066);
#5065 = CARTESIAN_POINT('',(2.725,59.054857661373,28.478470167866));
#5066 = VECTOR('',#5067,1.);
#5067 = DIRECTION('',(1.,0.,0.));
#5068 = ORIENTED_EDGE('',*,*,#5069,.F.);
#5069 = EDGE_CURVE('',#5031,#5062,#5070,.T.);
#5070 = LINE('',#5071,#5072);
#5071 = CARTESIAN_POINT('',(2.725,59.008658283817,28.461939766256));
#5072 = VECTOR('',#5073,1.);
#5073 = DIRECTION('',(0.,0.941544065183,0.336889853392));
#5074 = PLANE('',#5075);
#5075 = AXIS2_PLACEMENT_3D('',#5076,#5077,#5078);
#5076 = CARTESIAN_POINT('',(2.725,59.008658283817,28.461939766256));
#5077 = DIRECTION('',(0.,0.336889853392,-0.941544065183));
#5078 = DIRECTION('',(0.,-0.941544065183,-0.336889853392));
#5079 = ADVANCED_FACE('',(#5080),#5105,.T.);
#5080 = FACE_BOUND('',#5081,.F.);
#5081 = EDGE_LOOP('',(#5082,#5083,#5091,#5099));
#5082 = ORIENTED_EDGE('',*,*,#5061,.T.);
#5083 = ORIENTED_EDGE('',*,*,#5084,.T.);
#5084 = EDGE_CURVE('',#5054,#5085,#5087,.T.);
#5085 = VERTEX_POINT('',#5086);
#5086 = CARTESIAN_POINT('',(5.575,59.102454838992,28.490392640202));
#5087 = LINE('',#5088,#5089);
#5088 = CARTESIAN_POINT('',(5.575,59.054857661373,28.478470167866));
#5089 = VECTOR('',#5090,1.);
#5090 = DIRECTION('',(0.,0.970031253195,0.242980179903));
#5091 = ORIENTED_EDGE('',*,*,#5092,.F.);
#5092 = EDGE_CURVE('',#5093,#5085,#5095,.T.);
#5093 = VERTEX_POINT('',#5094);
#5094 = CARTESIAN_POINT('',(2.725,59.102454838992,28.490392640202));
#5095 = LINE('',#5096,#5097);
#5096 = CARTESIAN_POINT('',(2.725,59.102454838992,28.490392640202));
#5097 = VECTOR('',#5098,1.);
#5098 = DIRECTION('',(1.,0.,0.));
#5099 = ORIENTED_EDGE('',*,*,#5100,.F.);
#5100 = EDGE_CURVE('',#5062,#5093,#5101,.T.);
#5101 = LINE('',#5102,#5103);
#5102 = CARTESIAN_POINT('',(2.725,59.054857661373,28.478470167866));
#5103 = VECTOR('',#5104,1.);
#5104 = DIRECTION('',(0.,0.970031253195,0.242980179903));
#5105 = PLANE('',#5106);
#5106 = AXIS2_PLACEMENT_3D('',#5107,#5108,#5109);
#5107 = CARTESIAN_POINT('',(2.725,59.054857661373,28.478470167866));
#5108 = DIRECTION('',(0.,0.242980179903,-0.970031253195));
#5109 = DIRECTION('',(0.,-0.970031253195,-0.242980179903));
#5110 = ADVANCED_FACE('',(#5111),#5136,.T.);
#5111 = FACE_BOUND('',#5112,.F.);
#5112 = EDGE_LOOP('',(#5113,#5114,#5122,#5130));
#5113 = ORIENTED_EDGE('',*,*,#5092,.T.);
#5114 = ORIENTED_EDGE('',*,*,#5115,.T.);
#5115 = EDGE_CURVE('',#5085,#5116,#5118,.T.);
#5116 = VERTEX_POINT('',#5117);
#5117 = CARTESIAN_POINT('',(5.575,59.150991429835,28.497592363336));
#5118 = LINE('',#5119,#5120);
#5119 = CARTESIAN_POINT('',(5.575,59.102454838992,28.490392640202));
#5120 = VECTOR('',#5121,1.);
#5121 = DIRECTION('',(0.,0.989176509965,0.146730474455));
#5122 = ORIENTED_EDGE('',*,*,#5123,.F.);
#5123 = EDGE_CURVE('',#5124,#5116,#5126,.T.);
#5124 = VERTEX_POINT('',#5125);
#5125 = CARTESIAN_POINT('',(2.725,59.150991429835,28.497592363336));
#5126 = LINE('',#5127,#5128);
#5127 = CARTESIAN_POINT('',(2.725,59.150991429835,28.497592363336));
#5128 = VECTOR('',#5129,1.);
#5129 = DIRECTION('',(1.,0.,0.));
#5130 = ORIENTED_EDGE('',*,*,#5131,.F.);
#5131 = EDGE_CURVE('',#5093,#5124,#5132,.T.);
#5132 = LINE('',#5133,#5134);
#5133 = CARTESIAN_POINT('',(2.725,59.102454838992,28.490392640202));
#5134 = VECTOR('',#5135,1.);
#5135 = DIRECTION('',(0.,0.989176509965,0.146730474455));
#5136 = PLANE('',#5137);
#5137 = AXIS2_PLACEMENT_3D('',#5138,#5139,#5140);
#5138 = CARTESIAN_POINT('',(2.725,59.102454838992,28.490392640202));
#5139 = DIRECTION('',(0.,0.146730474455,-0.989176509965));
#5140 = DIRECTION('',(0.,-0.989176509965,-0.146730474455));
#5141 = ADVANCED_FACE('',(#5142),#5167,.T.);
#5142 = FACE_BOUND('',#5143,.F.);
#5143 = EDGE_LOOP('',(#5144,#5145,#5153,#5161));
#5144 = ORIENTED_EDGE('',*,*,#5123,.T.);
#5145 = ORIENTED_EDGE('',*,*,#5146,.T.);
#5146 = EDGE_CURVE('',#5116,#5147,#5149,.T.);
#5147 = VERTEX_POINT('',#5148);
#5148 = CARTESIAN_POINT('',(5.575,59.2,28.5));
#5149 = LINE('',#5150,#5151);
#5150 = CARTESIAN_POINT('',(5.575,59.150991429835,28.497592363336));
#5151 = VECTOR('',#5152,1.);
#5152 = DIRECTION('',(0.,0.998795456205,4.906767432742E-02));
#5153 = ORIENTED_EDGE('',*,*,#5154,.F.);
#5154 = EDGE_CURVE('',#5155,#5147,#5157,.T.);
#5155 = VERTEX_POINT('',#5156);
#5156 = CARTESIAN_POINT('',(2.725,59.2,28.5));
#5157 = LINE('',#5158,#5159);
#5158 = CARTESIAN_POINT('',(2.725,59.2,28.5));
#5159 = VECTOR('',#5160,1.);
#5160 = DIRECTION('',(1.,0.,0.));
#5161 = ORIENTED_EDGE('',*,*,#5162,.F.);
#5162 = EDGE_CURVE('',#5124,#5155,#5163,.T.);
#5163 = LINE('',#5164,#5165);
#5164 = CARTESIAN_POINT('',(2.725,59.150991429835,28.497592363336));
#5165 = VECTOR('',#5166,1.);
#5166 = DIRECTION('',(0.,0.998795456205,4.906767432742E-02));
#5167 = PLANE('',#5168);
#5168 = AXIS2_PLACEMENT_3D('',#5169,#5170,#5171);
#5169 = CARTESIAN_POINT('',(2.725,59.150991429835,28.497592363336));
#5170 = DIRECTION('',(0.,4.906767432742E-02,-0.998795456205));
#5171 = DIRECTION('',(0.,-0.998795456205,-4.906767432742E-02));
#5172 = ADVANCED_FACE('',(#5173),#5198,.T.);
#5173 = FACE_BOUND('',#5174,.F.);
#5174 = EDGE_LOOP('',(#5175,#5176,#5184,#5192));
#5175 = ORIENTED_EDGE('',*,*,#5154,.T.);
#5176 = ORIENTED_EDGE('',*,*,#5177,.T.);
#5177 = EDGE_CURVE('',#5147,#5178,#5180,.T.);
#5178 = VERTEX_POINT('',#5179);
#5179 = CARTESIAN_POINT('',(5.575,73.,28.5));
#5180 = LINE('',#5181,#5182);
#5181 = CARTESIAN_POINT('',(5.575,59.2,28.5));
#5182 = VECTOR('',#5183,1.);
#5183 = DIRECTION('',(0.,1.,0.));
#5184 = ORIENTED_EDGE('',*,*,#5185,.F.);
#5185 = EDGE_CURVE('',#5186,#5178,#5188,.T.);
#5186 = VERTEX_POINT('',#5187);
#5187 = CARTESIAN_POINT('',(2.725,73.,28.5));
#5188 = LINE('',#5189,#5190);
#5189 = CARTESIAN_POINT('',(2.725,73.,28.5));
#5190 = VECTOR('',#5191,1.);
#5191 = DIRECTION('',(1.,0.,0.));
#5192 = ORIENTED_EDGE('',*,*,#5193,.F.);
#5193 = EDGE_CURVE('',#5155,#5186,#5194,.T.);
#5194 = LINE('',#5195,#5196);
#5195 = CARTESIAN_POINT('',(2.725,59.2,28.5));
#5196 = VECTOR('',#5197,1.);
#5197 = DIRECTION('',(0.,1.,0.));
#5198 = PLANE('',#5199);
#5199 = AXIS2_PLACEMENT_3D('',#5200,#5201,#5202);
#5200 = CARTESIAN_POINT('',(2.725,59.2,28.5));
#5201 = DIRECTION('',(-0.,-0.,-1.));
#5202 = DIRECTION('',(0.,-1.,0.));
#5203 = ADVANCED_FACE('',(#5204),#5229,.T.);
#5204 = FACE_BOUND('',#5205,.F.);
#5205 = EDGE_LOOP('',(#5206,#5207,#5215,#5223));
#5206 = ORIENTED_EDGE('',*,*,#5185,.T.);
#5207 = ORIENTED_EDGE('',*,*,#5208,.T.);
#5208 = EDGE_CURVE('',#5178,#5209,#5211,.T.);
#5209 = VERTEX_POINT('',#5210);
#5210 = CARTESIAN_POINT('',(5.575,73.049008570165,28.497592363336));
#5211 = LINE('',#5212,#5213);
#5212 = CARTESIAN_POINT('',(5.575,73.,28.5));
#5213 = VECTOR('',#5214,1.);
#5214 = DIRECTION('',(0.,0.998795456205,-4.906767432742E-02));
#5215 = ORIENTED_EDGE('',*,*,#5216,.F.);
#5216 = EDGE_CURVE('',#5217,#5209,#5219,.T.);
#5217 = VERTEX_POINT('',#5218);
#5218 = CARTESIAN_POINT('',(2.725,73.049008570165,28.497592363336));
#5219 = LINE('',#5220,#5221);
#5220 = CARTESIAN_POINT('',(2.725,73.049008570165,28.497592363336));
#5221 = VECTOR('',#5222,1.);
#5222 = DIRECTION('',(1.,0.,0.));
#5223 = ORIENTED_EDGE('',*,*,#5224,.F.);
#5224 = EDGE_CURVE('',#5186,#5217,#5225,.T.);
#5225 = LINE('',#5226,#5227);
#5226 = CARTESIAN_POINT('',(2.725,73.,28.5));
#5227 = VECTOR('',#5228,1.);
#5228 = DIRECTION('',(0.,0.998795456205,-4.906767432742E-02));
#5229 = PLANE('',#5230);
#5230 = AXIS2_PLACEMENT_3D('',#5231,#5232,#5233);
#5231 = CARTESIAN_POINT('',(2.725,73.,28.5));
#5232 = DIRECTION('',(-0.,-4.906767432742E-02,-0.998795456205));
#5233 = DIRECTION('',(0.,-0.998795456205,4.906767432742E-02));
#5234 = ADVANCED_FACE('',(#5235),#5260,.T.);
#5235 = FACE_BOUND('',#5236,.F.);
#5236 = EDGE_LOOP('',(#5237,#5238,#5246,#5254));
#5237 = ORIENTED_EDGE('',*,*,#5216,.T.);
#5238 = ORIENTED_EDGE('',*,*,#5239,.T.);
#5239 = EDGE_CURVE('',#5209,#5240,#5242,.T.);
#5240 = VERTEX_POINT('',#5241);
#5241 = CARTESIAN_POINT('',(5.575,73.097545161008,28.490392640202));
#5242 = LINE('',#5243,#5244);
#5243 = CARTESIAN_POINT('',(5.575,73.049008570165,28.497592363336));
#5244 = VECTOR('',#5245,1.);
#5245 = DIRECTION('',(0.,0.989176509965,-0.146730474455));
#5246 = ORIENTED_EDGE('',*,*,#5247,.F.);
#5247 = EDGE_CURVE('',#5248,#5240,#5250,.T.);
#5248 = VERTEX_POINT('',#5249);
#5249 = CARTESIAN_POINT('',(2.725,73.097545161008,28.490392640202));
#5250 = LINE('',#5251,#5252);
#5251 = CARTESIAN_POINT('',(2.725,73.097545161008,28.490392640202));
#5252 = VECTOR('',#5253,1.);
#5253 = DIRECTION('',(1.,0.,0.));
#5254 = ORIENTED_EDGE('',*,*,#5255,.F.);
#5255 = EDGE_CURVE('',#5217,#5248,#5256,.T.);
#5256 = LINE('',#5257,#5258);
#5257 = CARTESIAN_POINT('',(2.725,73.049008570165,28.497592363336));
#5258 = VECTOR('',#5259,1.);
#5259 = DIRECTION('',(0.,0.989176509965,-0.146730474455));
#5260 = PLANE('',#5261);
#5261 = AXIS2_PLACEMENT_3D('',#5262,#5263,#5264);
#5262 = CARTESIAN_POINT('',(2.725,73.049008570165,28.497592363336));
#5263 = DIRECTION('',(-0.,-0.146730474455,-0.989176509965));
#5264 = DIRECTION('',(0.,-0.989176509965,0.146730474455));
#5265 = ADVANCED_FACE('',(#5266),#5291,.T.);
#5266 = FACE_BOUND('',#5267,.F.);
#5267 = EDGE_LOOP('',(#5268,#5269,#5277,#5285));
#5268 = ORIENTED_EDGE('',*,*,#5247,.T.);
#5269 = ORIENTED_EDGE('',*,*,#5270,.T.);
#5270 = EDGE_CURVE('',#5240,#5271,#5273,.T.);
#5271 = VERTEX_POINT('',#5272);
#5272 = CARTESIAN_POINT('',(5.575,73.145142338627,28.478470167866));
#5273 = LINE('',#5274,#5275);
#5274 = CARTESIAN_POINT('',(5.575,73.097545161008,28.490392640202));
#5275 = VECTOR('',#5276,1.);
#5276 = DIRECTION('',(0.,0.970031253195,-0.242980179903));
#5277 = ORIENTED_EDGE('',*,*,#5278,.F.);
#5278 = EDGE_CURVE('',#5279,#5271,#5281,.T.);
#5279 = VERTEX_POINT('',#5280);
#5280 = CARTESIAN_POINT('',(2.725,73.145142338627,28.478470167866));
#5281 = LINE('',#5282,#5283);
#5282 = CARTESIAN_POINT('',(2.725,73.145142338627,28.478470167866));
#5283 = VECTOR('',#5284,1.);
#5284 = DIRECTION('',(1.,0.,0.));
#5285 = ORIENTED_EDGE('',*,*,#5286,.F.);
#5286 = EDGE_CURVE('',#5248,#5279,#5287,.T.);
#5287 = LINE('',#5288,#5289);
#5288 = CARTESIAN_POINT('',(2.725,73.097545161008,28.490392640202));
#5289 = VECTOR('',#5290,1.);
#5290 = DIRECTION('',(0.,0.970031253195,-0.242980179903));
#5291 = PLANE('',#5292);
#5292 = AXIS2_PLACEMENT_3D('',#5293,#5294,#5295);
#5293 = CARTESIAN_POINT('',(2.725,73.097545161008,28.490392640202));
#5294 = DIRECTION('',(-0.,-0.242980179903,-0.970031253195));
#5295 = DIRECTION('',(0.,-0.970031253195,0.242980179903));
#5296 = ADVANCED_FACE('',(#5297),#5322,.T.);
#5297 = FACE_BOUND('',#5298,.F.);
#5298 = EDGE_LOOP('',(#5299,#5300,#5308,#5316));
#5299 = ORIENTED_EDGE('',*,*,#5278,.T.);
#5300 = ORIENTED_EDGE('',*,*,#5301,.T.);
#5301 = EDGE_CURVE('',#5271,#5302,#5304,.T.);
#5302 = VERTEX_POINT('',#5303);
#5303 = CARTESIAN_POINT('',(5.575,73.191341716183,28.461939766256));
#5304 = LINE('',#5305,#5306);
#5305 = CARTESIAN_POINT('',(5.575,73.145142338627,28.478470167866));
#5306 = VECTOR('',#5307,1.);
#5307 = DIRECTION('',(0.,0.941544065183,-0.336889853392));
#5308 = ORIENTED_EDGE('',*,*,#5309,.F.);
#5309 = EDGE_CURVE('',#5310,#5302,#5312,.T.);
#5310 = VERTEX_POINT('',#5311);
#5311 = CARTESIAN_POINT('',(2.725,73.191341716183,28.461939766256));
#5312 = LINE('',#5313,#5314);
#5313 = CARTESIAN_POINT('',(2.725,73.191341716183,28.461939766256));
#5314 = VECTOR('',#5315,1.);
#5315 = DIRECTION('',(1.,0.,0.));
#5316 = ORIENTED_EDGE('',*,*,#5317,.F.);
#5317 = EDGE_CURVE('',#5279,#5310,#5318,.T.);
#5318 = LINE('',#5319,#5320);
#5319 = CARTESIAN_POINT('',(2.725,73.145142338627,28.478470167866));
#5320 = VECTOR('',#5321,1.);
#5321 = DIRECTION('',(0.,0.941544065183,-0.336889853392));
#5322 = PLANE('',#5323);
#5323 = AXIS2_PLACEMENT_3D('',#5324,#5325,#5326);
#5324 = CARTESIAN_POINT('',(2.725,73.145142338627,28.478470167866));
#5325 = DIRECTION('',(-0.,-0.336889853392,-0.941544065183));
#5326 = DIRECTION('',(0.,-0.941544065183,0.336889853392));
#5327 = ADVANCED_FACE('',(#5328),#5353,.T.);
#5328 = FACE_BOUND('',#5329,.F.);
#5329 = EDGE_LOOP('',(#5330,#5331,#5339,#5347));
#5330 = ORIENTED_EDGE('',*,*,#5309,.T.);
#5331 = ORIENTED_EDGE('',*,*,#5332,.T.);
#5332 = EDGE_CURVE('',#5302,#5333,#5335,.T.);
#5333 = VERTEX_POINT('',#5334);
#5334 = CARTESIAN_POINT('',(5.575,73.235698368413,28.440960632174));
#5335 = LINE('',#5336,#5337);
#5336 = CARTESIAN_POINT('',(5.575,73.191341716183,28.461939766256));
#5337 = VECTOR('',#5338,1.);
#5338 = DIRECTION('',(0.,0.903989293123,-0.42755509343));
#5339 = ORIENTED_EDGE('',*,*,#5340,.F.);
#5340 = EDGE_CURVE('',#5341,#5333,#5343,.T.);
#5341 = VERTEX_POINT('',#5342);
#5342 = CARTESIAN_POINT('',(2.725,73.235698368413,28.440960632174));
#5343 = LINE('',#5344,#5345);
#5344 = CARTESIAN_POINT('',(2.725,73.235698368413,28.440960632174));
#5345 = VECTOR('',#5346,1.);
#5346 = DIRECTION('',(1.,0.,0.));
#5347 = ORIENTED_EDGE('',*,*,#5348,.F.);
#5348 = EDGE_CURVE('',#5310,#5341,#5349,.T.);
#5349 = LINE('',#5350,#5351);
#5350 = CARTESIAN_POINT('',(2.725,73.191341716183,28.461939766256));
#5351 = VECTOR('',#5352,1.);
#5352 = DIRECTION('',(0.,0.903989293123,-0.42755509343));
#5353 = PLANE('',#5354);
#5354 = AXIS2_PLACEMENT_3D('',#5355,#5356,#5357);
#5355 = CARTESIAN_POINT('',(2.725,73.191341716183,28.461939766256));
#5356 = DIRECTION('',(-0.,-0.42755509343,-0.903989293123));
#5357 = DIRECTION('',(0.,-0.903989293123,0.42755509343));
#5358 = ADVANCED_FACE('',(#5359),#5384,.T.);
#5359 = FACE_BOUND('',#5360,.F.);
#5360 = EDGE_LOOP('',(#5361,#5362,#5370,#5378));
#5361 = ORIENTED_EDGE('',*,*,#5340,.T.);
#5362 = ORIENTED_EDGE('',*,*,#5363,.T.);
#5363 = EDGE_CURVE('',#5333,#5364,#5366,.T.);
#5364 = VERTEX_POINT('',#5365);
#5365 = CARTESIAN_POINT('',(5.575,73.27778511651,28.415734806151));
#5366 = LINE('',#5367,#5368);
#5367 = CARTESIAN_POINT('',(5.575,73.235698368413,28.440960632174));
#5368 = VECTOR('',#5369,1.);
#5369 = DIRECTION('',(0.,0.85772861,-0.514102744193));
#5370 = ORIENTED_EDGE('',*,*,#5371,.F.);
#5371 = EDGE_CURVE('',#5372,#5364,#5374,.T.);
#5372 = VERTEX_POINT('',#5373);
#5373 = CARTESIAN_POINT('',(2.725,73.27778511651,28.415734806151));
#5374 = LINE('',#5375,#5376);
#5375 = CARTESIAN_POINT('',(2.725,73.27778511651,28.415734806151));
#5376 = VECTOR('',#5377,1.);
#5377 = DIRECTION('',(1.,0.,0.));
#5378 = ORIENTED_EDGE('',*,*,#5379,.F.);
#5379 = EDGE_CURVE('',#5341,#5372,#5380,.T.);
#5380 = LINE('',#5381,#5382);
#5381 = CARTESIAN_POINT('',(2.725,73.235698368413,28.440960632174));
#5382 = VECTOR('',#5383,1.);
#5383 = DIRECTION('',(0.,0.85772861,-0.514102744193));
#5384 = PLANE('',#5385);
#5385 = AXIS2_PLACEMENT_3D('',#5386,#5387,#5388);
#5386 = CARTESIAN_POINT('',(2.725,73.235698368413,28.440960632174));
#5387 = DIRECTION('',(-0.,-0.514102744193,-0.85772861));
#5388 = DIRECTION('',(0.,-0.85772861,0.514102744193));
#5389 = ADVANCED_FACE('',(#5390),#5415,.T.);
#5390 = FACE_BOUND('',#5391,.F.);
#5391 = EDGE_LOOP('',(#5392,#5393,#5401,#5409));
#5392 = ORIENTED_EDGE('',*,*,#5371,.T.);
#5393 = ORIENTED_EDGE('',*,*,#5394,.T.);
#5394 = EDGE_CURVE('',#5364,#5395,#5397,.T.);
#5395 = VERTEX_POINT('',#5396);
#5396 = CARTESIAN_POINT('',(5.575,73.317196642082,28.386505226681));
#5397 = LINE('',#5398,#5399);
#5398 = CARTESIAN_POINT('',(5.575,73.27778511651,28.415734806151));
#5399 = VECTOR('',#5400,1.);
#5400 = DIRECTION('',(0.,0.803207531481,-0.595699304492));
#5401 = ORIENTED_EDGE('',*,*,#5402,.F.);
#5402 = EDGE_CURVE('',#5403,#5395,#5405,.T.);
#5403 = VERTEX_POINT('',#5404);
#5404 = CARTESIAN_POINT('',(2.725,73.317196642082,28.386505226681));
#5405 = LINE('',#5406,#5407);
#5406 = CARTESIAN_POINT('',(2.725,73.317196642082,28.386505226681));
#5407 = VECTOR('',#5408,1.);
#5408 = DIRECTION('',(1.,0.,0.));
#5409 = ORIENTED_EDGE('',*,*,#5410,.F.);
#5410 = EDGE_CURVE('',#5372,#5403,#5411,.T.);
#5411 = LINE('',#5412,#5413);
#5412 = CARTESIAN_POINT('',(2.725,73.27778511651,28.415734806151));
#5413 = VECTOR('',#5414,1.);
#5414 = DIRECTION('',(0.,0.803207531481,-0.595699304492));
#5415 = PLANE('',#5416);
#5416 = AXIS2_PLACEMENT_3D('',#5417,#5418,#5419);
#5417 = CARTESIAN_POINT('',(2.725,73.27778511651,28.415734806151));
#5418 = DIRECTION('',(-0.,-0.595699304492,-0.803207531481));
#5419 = DIRECTION('',(0.,-0.803207531481,0.595699304492));
#5420 = ADVANCED_FACE('',(#5421),#5446,.T.);
#5421 = FACE_BOUND('',#5422,.F.);
#5422 = EDGE_LOOP('',(#5423,#5424,#5432,#5440));
#5423 = ORIENTED_EDGE('',*,*,#5402,.T.);
#5424 = ORIENTED_EDGE('',*,*,#5425,.T.);
#5425 = EDGE_CURVE('',#5395,#5426,#5428,.T.);
#5426 = VERTEX_POINT('',#5427);
#5427 = CARTESIAN_POINT('',(5.575,73.353553390593,28.353553390593));
#5428 = LINE('',#5429,#5430);
#5429 = CARTESIAN_POINT('',(5.575,73.317196642082,28.386505226681));
#5430 = VECTOR('',#5431,1.);
#5431 = DIRECTION('',(0.,0.740951125355,-0.671558954847));
#5432 = ORIENTED_EDGE('',*,*,#5433,.F.);
#5433 = EDGE_CURVE('',#5434,#5426,#5436,.T.);
#5434 = VERTEX_POINT('',#5435);
#5435 = CARTESIAN_POINT('',(2.725,73.353553390593,28.353553390593));
#5436 = LINE('',#5437,#5438);
#5437 = CARTESIAN_POINT('',(2.725,73.353553390593,28.353553390593));
#5438 = VECTOR('',#5439,1.);
#5439 = DIRECTION('',(1.,0.,0.));
#5440 = ORIENTED_EDGE('',*,*,#5441,.F.);
#5441 = EDGE_CURVE('',#5403,#5434,#5442,.T.);
#5442 = LINE('',#5443,#5444);
#5443 = CARTESIAN_POINT('',(2.725,73.317196642082,28.386505226681));
#5444 = VECTOR('',#5445,1.);
#5445 = DIRECTION('',(0.,0.740951125355,-0.671558954847));
#5446 = PLANE('',#5447);
#5447 = AXIS2_PLACEMENT_3D('',#5448,#5449,#5450);
#5448 = CARTESIAN_POINT('',(2.725,73.317196642082,28.386505226681));
#5449 = DIRECTION('',(-0.,-0.671558954847,-0.740951125355));
#5450 = DIRECTION('',(0.,-0.740951125355,0.671558954847));
#5451 = ADVANCED_FACE('',(#5452),#5477,.T.);
#5452 = FACE_BOUND('',#5453,.F.);
#5453 = EDGE_LOOP('',(#5454,#5455,#5463,#5471));
#5454 = ORIENTED_EDGE('',*,*,#5433,.T.);
#5455 = ORIENTED_EDGE('',*,*,#5456,.T.);
#5456 = EDGE_CURVE('',#5426,#5457,#5459,.T.);
#5457 = VERTEX_POINT('',#5458);
#5458 = CARTESIAN_POINT('',(5.575,73.386505226681,28.317196642082));
#5459 = LINE('',#5460,#5461);
#5460 = CARTESIAN_POINT('',(5.575,73.353553390593,28.353553390593));
#5461 = VECTOR('',#5462,1.);
#5462 = DIRECTION('',(0.,0.671558954847,-0.740951125355));
#5463 = ORIENTED_EDGE('',*,*,#5464,.F.);
#5464 = EDGE_CURVE('',#5465,#5457,#5467,.T.);
#5465 = VERTEX_POINT('',#5466);
#5466 = CARTESIAN_POINT('',(2.725,73.386505226681,28.317196642082));
#5467 = LINE('',#5468,#5469);
#5468 = CARTESIAN_POINT('',(2.725,73.386505226681,28.317196642082));
#5469 = VECTOR('',#5470,1.);
#5470 = DIRECTION('',(1.,0.,0.));
#5471 = ORIENTED_EDGE('',*,*,#5472,.F.);
#5472 = EDGE_CURVE('',#5434,#5465,#5473,.T.);
#5473 = LINE('',#5474,#5475);
#5474 = CARTESIAN_POINT('',(2.725,73.353553390593,28.353553390593));
#5475 = VECTOR('',#5476,1.);
#5476 = DIRECTION('',(0.,0.671558954847,-0.740951125355));
#5477 = PLANE('',#5478);
#5478 = AXIS2_PLACEMENT_3D('',#5479,#5480,#5481);
#5479 = CARTESIAN_POINT('',(2.725,73.353553390593,28.353553390593));
#5480 = DIRECTION('',(-0.,-0.740951125355,-0.671558954847));
#5481 = DIRECTION('',(0.,-0.671558954847,0.740951125355));
#5482 = ADVANCED_FACE('',(#5483),#5508,.T.);
#5483 = FACE_BOUND('',#5484,.F.);
#5484 = EDGE_LOOP('',(#5485,#5486,#5494,#5502));
#5485 = ORIENTED_EDGE('',*,*,#5464,.T.);
#5486 = ORIENTED_EDGE('',*,*,#5487,.T.);
#5487 = EDGE_CURVE('',#5457,#5488,#5490,.T.);
#5488 = VERTEX_POINT('',#5489);
#5489 = CARTESIAN_POINT('',(5.575,73.415734806151,28.27778511651));
#5490 = LINE('',#5491,#5492);
#5491 = CARTESIAN_POINT('',(5.575,73.386505226681,28.317196642082));
#5492 = VECTOR('',#5493,1.);
#5493 = DIRECTION('',(0.,0.595699304492,-0.803207531481));
#5494 = ORIENTED_EDGE('',*,*,#5495,.F.);
#5495 = EDGE_CURVE('',#5496,#5488,#5498,.T.);
#5496 = VERTEX_POINT('',#5497);
#5497 = CARTESIAN_POINT('',(2.725,73.415734806151,28.27778511651));
#5498 = LINE('',#5499,#5500);
#5499 = CARTESIAN_POINT('',(2.725,73.415734806151,28.27778511651));
#5500 = VECTOR('',#5501,1.);
#5501 = DIRECTION('',(1.,0.,0.));
#5502 = ORIENTED_EDGE('',*,*,#5503,.F.);
#5503 = EDGE_CURVE('',#5465,#5496,#5504,.T.);
#5504 = LINE('',#5505,#5506);
#5505 = CARTESIAN_POINT('',(2.725,73.386505226681,28.317196642082));
#5506 = VECTOR('',#5507,1.);
#5507 = DIRECTION('',(0.,0.595699304492,-0.803207531481));
#5508 = PLANE('',#5509);
#5509 = AXIS2_PLACEMENT_3D('',#5510,#5511,#5512);
#5510 = CARTESIAN_POINT('',(2.725,73.386505226681,28.317196642082));
#5511 = DIRECTION('',(-0.,-0.803207531481,-0.595699304492));
#5512 = DIRECTION('',(0.,-0.595699304492,0.803207531481));
#5513 = ADVANCED_FACE('',(#5514),#5539,.T.);
#5514 = FACE_BOUND('',#5515,.F.);
#5515 = EDGE_LOOP('',(#5516,#5517,#5525,#5533));
#5516 = ORIENTED_EDGE('',*,*,#5495,.T.);
#5517 = ORIENTED_EDGE('',*,*,#5518,.T.);
#5518 = EDGE_CURVE('',#5488,#5519,#5521,.T.);
#5519 = VERTEX_POINT('',#5520);
#5520 = CARTESIAN_POINT('',(5.575,73.440960632174,28.235698368413));
#5521 = LINE('',#5522,#5523);
#5522 = CARTESIAN_POINT('',(5.575,73.415734806151,28.27778511651));
#5523 = VECTOR('',#5524,1.);
#5524 = DIRECTION('',(0.,0.514102744193,-0.85772861));
#5525 = ORIENTED_EDGE('',*,*,#5526,.F.);
#5526 = EDGE_CURVE('',#5527,#5519,#5529,.T.);
#5527 = VERTEX_POINT('',#5528);
#5528 = CARTESIAN_POINT('',(2.725,73.440960632174,28.235698368413));
#5529 = LINE('',#5530,#5531);
#5530 = CARTESIAN_POINT('',(2.725,73.440960632174,28.235698368413));
#5531 = VECTOR('',#5532,1.);
#5532 = DIRECTION('',(1.,0.,0.));
#5533 = ORIENTED_EDGE('',*,*,#5534,.F.);
#5534 = EDGE_CURVE('',#5496,#5527,#5535,.T.);
#5535 = LINE('',#5536,#5537);
#5536 = CARTESIAN_POINT('',(2.725,73.415734806151,28.27778511651));
#5537 = VECTOR('',#5538,1.);
#5538 = DIRECTION('',(0.,0.514102744193,-0.85772861));
#5539 = PLANE('',#5540);
#5540 = AXIS2_PLACEMENT_3D('',#5541,#5542,#5543);
#5541 = CARTESIAN_POINT('',(2.725,73.415734806151,28.27778511651));
#5542 = DIRECTION('',(-0.,-0.85772861,-0.514102744193));
#5543 = DIRECTION('',(0.,-0.514102744193,0.85772861));
#5544 = ADVANCED_FACE('',(#5545),#5570,.T.);
#5545 = FACE_BOUND('',#5546,.F.);
#5546 = EDGE_LOOP('',(#5547,#5548,#5556,#5564));
#5547 = ORIENTED_EDGE('',*,*,#5526,.T.);
#5548 = ORIENTED_EDGE('',*,*,#5549,.T.);
#5549 = EDGE_CURVE('',#5519,#5550,#5552,.T.);
#5550 = VERTEX_POINT('',#5551);
#5551 = CARTESIAN_POINT('',(5.575,73.461939766256,28.191341716183));
#5552 = LINE('',#5553,#5554);
#5553 = CARTESIAN_POINT('',(5.575,73.440960632174,28.235698368413));
#5554 = VECTOR('',#5555,1.);
#5555 = DIRECTION('',(0.,0.42755509343,-0.903989293123));
#5556 = ORIENTED_EDGE('',*,*,#5557,.F.);
#5557 = EDGE_CURVE('',#5558,#5550,#5560,.T.);
#5558 = VERTEX_POINT('',#5559);
#5559 = CARTESIAN_POINT('',(2.725,73.461939766256,28.191341716183));
#5560 = LINE('',#5561,#5562);
#5561 = CARTESIAN_POINT('',(2.725,73.461939766256,28.191341716183));
#5562 = VECTOR('',#5563,1.);
#5563 = DIRECTION('',(1.,0.,0.));
#5564 = ORIENTED_EDGE('',*,*,#5565,.F.);
#5565 = EDGE_CURVE('',#5527,#5558,#5566,.T.);
#5566 = LINE('',#5567,#5568);
#5567 = CARTESIAN_POINT('',(2.725,73.440960632174,28.235698368413));
#5568 = VECTOR('',#5569,1.);
#5569 = DIRECTION('',(0.,0.42755509343,-0.903989293123));
#5570 = PLANE('',#5571);
#5571 = AXIS2_PLACEMENT_3D('',#5572,#5573,#5574);
#5572 = CARTESIAN_POINT('',(2.725,73.440960632174,28.235698368413));
#5573 = DIRECTION('',(-0.,-0.903989293123,-0.42755509343));
#5574 = DIRECTION('',(0.,-0.42755509343,0.903989293123));
#5575 = ADVANCED_FACE('',(#5576),#5601,.T.);
#5576 = FACE_BOUND('',#5577,.F.);
#5577 = EDGE_LOOP('',(#5578,#5579,#5587,#5595));
#5578 = ORIENTED_EDGE('',*,*,#5557,.T.);
#5579 = ORIENTED_EDGE('',*,*,#5580,.T.);
#5580 = EDGE_CURVE('',#5550,#5581,#5583,.T.);
#5581 = VERTEX_POINT('',#5582);
#5582 = CARTESIAN_POINT('',(5.575,73.478470167866,28.145142338627));
#5583 = LINE('',#5584,#5585);
#5584 = CARTESIAN_POINT('',(5.575,73.461939766256,28.191341716183));
#5585 = VECTOR('',#5586,1.);
#5586 = DIRECTION('',(0.,0.336889853392,-0.941544065183));
#5587 = ORIENTED_EDGE('',*,*,#5588,.F.);
#5588 = EDGE_CURVE('',#5589,#5581,#5591,.T.);
#5589 = VERTEX_POINT('',#5590);
#5590 = CARTESIAN_POINT('',(2.725,73.478470167866,28.145142338627));
#5591 = LINE('',#5592,#5593);
#5592 = CARTESIAN_POINT('',(2.725,73.478470167866,28.145142338627));
#5593 = VECTOR('',#5594,1.);
#5594 = DIRECTION('',(1.,0.,0.));
#5595 = ORIENTED_EDGE('',*,*,#5596,.F.);
#5596 = EDGE_CURVE('',#5558,#5589,#5597,.T.);
#5597 = LINE('',#5598,#5599);
#5598 = CARTESIAN_POINT('',(2.725,73.461939766256,28.191341716183));
#5599 = VECTOR('',#5600,1.);
#5600 = DIRECTION('',(0.,0.336889853392,-0.941544065183));
#5601 = PLANE('',#5602);
#5602 = AXIS2_PLACEMENT_3D('',#5603,#5604,#5605);
#5603 = CARTESIAN_POINT('',(2.725,73.461939766256,28.191341716183));
#5604 = DIRECTION('',(-0.,-0.941544065183,-0.336889853392));
#5605 = DIRECTION('',(0.,-0.336889853392,0.941544065183));
#5606 = ADVANCED_FACE('',(#5607),#5632,.T.);
#5607 = FACE_BOUND('',#5608,.F.);
#5608 = EDGE_LOOP('',(#5609,#5610,#5618,#5626));
#5609 = ORIENTED_EDGE('',*,*,#5588,.T.);
#5610 = ORIENTED_EDGE('',*,*,#5611,.T.);
#5611 = EDGE_CURVE('',#5581,#5612,#5614,.T.);
#5612 = VERTEX_POINT('',#5613);
#5613 = CARTESIAN_POINT('',(5.575,73.490392640202,28.097545161008));
#5614 = LINE('',#5615,#5616);
#5615 = CARTESIAN_POINT('',(5.575,73.478470167866,28.145142338627));
#5616 = VECTOR('',#5617,1.);
#5617 = DIRECTION('',(0.,0.242980179903,-0.970031253195));
#5618 = ORIENTED_EDGE('',*,*,#5619,.F.);
#5619 = EDGE_CURVE('',#5620,#5612,#5622,.T.);
#5620 = VERTEX_POINT('',#5621);
#5621 = CARTESIAN_POINT('',(2.725,73.490392640202,28.097545161008));
#5622 = LINE('',#5623,#5624);
#5623 = CARTESIAN_POINT('',(2.725,73.490392640202,28.097545161008));
#5624 = VECTOR('',#5625,1.);
#5625 = DIRECTION('',(1.,0.,0.));
#5626 = ORIENTED_EDGE('',*,*,#5627,.F.);
#5627 = EDGE_CURVE('',#5589,#5620,#5628,.T.);
#5628 = LINE('',#5629,#5630);
#5629 = CARTESIAN_POINT('',(2.725,73.478470167866,28.145142338627));
#5630 = VECTOR('',#5631,1.);
#5631 = DIRECTION('',(0.,0.242980179903,-0.970031253195));
#5632 = PLANE('',#5633);
#5633 = AXIS2_PLACEMENT_3D('',#5634,#5635,#5636);
#5634 = CARTESIAN_POINT('',(2.725,73.478470167866,28.145142338627));
#5635 = DIRECTION('',(-0.,-0.970031253195,-0.242980179903));
#5636 = DIRECTION('',(0.,-0.242980179903,0.970031253195));
#5637 = ADVANCED_FACE('',(#5638),#5663,.T.);
#5638 = FACE_BOUND('',#5639,.F.);
#5639 = EDGE_LOOP('',(#5640,#5641,#5649,#5657));
#5640 = ORIENTED_EDGE('',*,*,#5619,.T.);
#5641 = ORIENTED_EDGE('',*,*,#5642,.T.);
#5642 = EDGE_CURVE('',#5612,#5643,#5645,.T.);
#5643 = VERTEX_POINT('',#5644);
#5644 = CARTESIAN_POINT('',(5.575,73.497592363336,28.049008570165));
#5645 = LINE('',#5646,#5647);
#5646 = CARTESIAN_POINT('',(5.575,73.490392640202,28.097545161008));
#5647 = VECTOR('',#5648,1.);
#5648 = DIRECTION('',(0.,0.146730474455,-0.989176509965));
#5649 = ORIENTED_EDGE('',*,*,#5650,.F.);
#5650 = EDGE_CURVE('',#5651,#5643,#5653,.T.);
#5651 = VERTEX_POINT('',#5652);
#5652 = CARTESIAN_POINT('',(2.725,73.497592363336,28.049008570165));
#5653 = LINE('',#5654,#5655);
#5654 = CARTESIAN_POINT('',(2.725,73.497592363336,28.049008570165));
#5655 = VECTOR('',#5656,1.);
#5656 = DIRECTION('',(1.,0.,0.));
#5657 = ORIENTED_EDGE('',*,*,#5658,.F.);
#5658 = EDGE_CURVE('',#5620,#5651,#5659,.T.);
#5659 = LINE('',#5660,#5661);
#5660 = CARTESIAN_POINT('',(2.725,73.490392640202,28.097545161008));
#5661 = VECTOR('',#5662,1.);
#5662 = DIRECTION('',(0.,0.146730474455,-0.989176509965));
#5663 = PLANE('',#5664);
#5664 = AXIS2_PLACEMENT_3D('',#5665,#5666,#5667);
#5665 = CARTESIAN_POINT('',(2.725,73.490392640202,28.097545161008));
#5666 = DIRECTION('',(-0.,-0.989176509965,-0.146730474455));
#5667 = DIRECTION('',(0.,-0.146730474455,0.989176509965));
#5668 = ADVANCED_FACE('',(#5669),#5694,.T.);
#5669 = FACE_BOUND('',#5670,.F.);
#5670 = EDGE_LOOP('',(#5671,#5672,#5680,#5688));
#5671 = ORIENTED_EDGE('',*,*,#5650,.T.);
#5672 = ORIENTED_EDGE('',*,*,#5673,.T.);
#5673 = EDGE_CURVE('',#5643,#5674,#5676,.T.);
#5674 = VERTEX_POINT('',#5675);
#5675 = CARTESIAN_POINT('',(5.575,73.5,28.));
#5676 = LINE('',#5677,#5678);
#5677 = CARTESIAN_POINT('',(5.575,73.497592363336,28.049008570165));
#5678 = VECTOR('',#5679,1.);
#5679 = DIRECTION('',(0.,4.906767432739E-02,-0.998795456205));
#5680 = ORIENTED_EDGE('',*,*,#5681,.F.);
#5681 = EDGE_CURVE('',#5682,#5674,#5684,.T.);
#5682 = VERTEX_POINT('',#5683);
#5683 = CARTESIAN_POINT('',(2.725,73.5,28.));
#5684 = LINE('',#5685,#5686);
#5685 = CARTESIAN_POINT('',(2.725,73.5,28.));
#5686 = VECTOR('',#5687,1.);
#5687 = DIRECTION('',(1.,0.,0.));
#5688 = ORIENTED_EDGE('',*,*,#5689,.F.);
#5689 = EDGE_CURVE('',#5651,#5682,#5690,.T.);
#5690 = LINE('',#5691,#5692);
#5691 = CARTESIAN_POINT('',(2.725,73.497592363336,28.049008570165));
#5692 = VECTOR('',#5693,1.);
#5693 = DIRECTION('',(0.,4.906767432739E-02,-0.998795456205));
#5694 = PLANE('',#5695);
#5695 = AXIS2_PLACEMENT_3D('',#5696,#5697,#5698);
#5696 = CARTESIAN_POINT('',(2.725,73.497592363336,28.049008570165));
#5697 = DIRECTION('',(-0.,-0.998795456205,-4.906767432739E-02));
#5698 = DIRECTION('',(0.,-4.906767432739E-02,0.998795456205));
#5699 = ADVANCED_FACE('',(#5700),#5725,.T.);
#5700 = FACE_BOUND('',#5701,.F.);
#5701 = EDGE_LOOP('',(#5702,#5703,#5711,#5719));
#5702 = ORIENTED_EDGE('',*,*,#5681,.T.);
#5703 = ORIENTED_EDGE('',*,*,#5704,.T.);
#5704 = EDGE_CURVE('',#5674,#5705,#5707,.T.);
#5705 = VERTEX_POINT('',#5706);
#5706 = CARTESIAN_POINT('',(5.575,73.5,13.));
#5707 = LINE('',#5708,#5709);
#5708 = CARTESIAN_POINT('',(5.575,73.5,28.));
#5709 = VECTOR('',#5710,1.);
#5710 = DIRECTION('',(-0.,-0.,-1.));
#5711 = ORIENTED_EDGE('',*,*,#5712,.F.);
#5712 = EDGE_CURVE('',#5713,#5705,#5715,.T.);
#5713 = VERTEX_POINT('',#5714);
#5714 = CARTESIAN_POINT('',(2.725,73.5,13.));
#5715 = LINE('',#5716,#5717);
#5716 = CARTESIAN_POINT('',(2.725,73.5,13.));
#5717 = VECTOR('',#5718,1.);
#5718 = DIRECTION('',(1.,0.,0.));
#5719 = ORIENTED_EDGE('',*,*,#5720,.F.);
#5720 = EDGE_CURVE('',#5682,#5713,#5721,.T.);
#5721 = LINE('',#5722,#5723);
#5722 = CARTESIAN_POINT('',(2.725,73.5,28.));
#5723 = VECTOR('',#5724,1.);
#5724 = DIRECTION('',(-0.,-0.,-1.));
#5725 = PLANE('',#5726);
#5726 = AXIS2_PLACEMENT_3D('',#5727,#5728,#5729);
#5727 = CARTESIAN_POINT('',(2.725,73.5,28.));
#5728 = DIRECTION('',(-0.,-1.,-0.));
#5729 = DIRECTION('',(0.,0.,1.));
#5730 = ADVANCED_FACE('',(#5731),#5756,.T.);
#5731 = FACE_BOUND('',#5732,.F.);
#5732 = EDGE_LOOP('',(#5733,#5734,#5742,#5750));
#5733 = ORIENTED_EDGE('',*,*,#5712,.T.);
#5734 = ORIENTED_EDGE('',*,*,#5735,.T.);
#5735 = EDGE_CURVE('',#5705,#5736,#5738,.T.);
#5736 = VERTEX_POINT('',#5737);
#5737 = CARTESIAN_POINT('',(5.575,73.497592363336,12.950991429835));
#5738 = LINE('',#5739,#5740);
#5739 = CARTESIAN_POINT('',(5.575,73.5,13.));
#5740 = VECTOR('',#5741,1.);
#5741 = DIRECTION('',(-0.,-4.906767432739E-02,-0.998795456205));
#5742 = ORIENTED_EDGE('',*,*,#5743,.F.);
#5743 = EDGE_CURVE('',#5744,#5736,#5746,.T.);
#5744 = VERTEX_POINT('',#5745);
#5745 = CARTESIAN_POINT('',(2.725,73.497592363336,12.950991429835));
#5746 = LINE('',#5747,#5748);
#5747 = CARTESIAN_POINT('',(2.725,73.497592363336,12.950991429835));
#5748 = VECTOR('',#5749,1.);
#5749 = DIRECTION('',(1.,0.,0.));
#5750 = ORIENTED_EDGE('',*,*,#5751,.F.);
#5751 = EDGE_CURVE('',#5713,#5744,#5752,.T.);
#5752 = LINE('',#5753,#5754);
#5753 = CARTESIAN_POINT('',(2.725,73.5,13.));
#5754 = VECTOR('',#5755,1.);
#5755 = DIRECTION('',(-0.,-4.906767432739E-02,-0.998795456205));
#5756 = PLANE('',#5757);
#5757 = AXIS2_PLACEMENT_3D('',#5758,#5759,#5760);
#5758 = CARTESIAN_POINT('',(2.725,73.5,13.));
#5759 = DIRECTION('',(0.,-0.998795456205,4.906767432739E-02));
#5760 = DIRECTION('',(0.,4.906767432739E-02,0.998795456205));
#5761 = ADVANCED_FACE('',(#5762),#5787,.T.);
#5762 = FACE_BOUND('',#5763,.F.);
#5763 = EDGE_LOOP('',(#5764,#5765,#5773,#5781));
#5764 = ORIENTED_EDGE('',*,*,#5743,.T.);
#5765 = ORIENTED_EDGE('',*,*,#5766,.T.);
#5766 = EDGE_CURVE('',#5736,#5767,#5769,.T.);
#5767 = VERTEX_POINT('',#5768);
#5768 = CARTESIAN_POINT('',(5.575,73.490392640202,12.902454838992));
#5769 = LINE('',#5770,#5771);
#5770 = CARTESIAN_POINT('',(5.575,73.497592363336,12.950991429835));
#5771 = VECTOR('',#5772,1.);
#5772 = DIRECTION('',(-0.,-0.146730474455,-0.989176509965));
#5773 = ORIENTED_EDGE('',*,*,#5774,.F.);
#5774 = EDGE_CURVE('',#5775,#5767,#5777,.T.);
#5775 = VERTEX_POINT('',#5776);
#5776 = CARTESIAN_POINT('',(2.725,73.490392640202,12.902454838992));
#5777 = LINE('',#5778,#5779);
#5778 = CARTESIAN_POINT('',(2.725,73.490392640202,12.902454838992));
#5779 = VECTOR('',#5780,1.);
#5780 = DIRECTION('',(1.,0.,0.));
#5781 = ORIENTED_EDGE('',*,*,#5782,.F.);
#5782 = EDGE_CURVE('',#5744,#5775,#5783,.T.);
#5783 = LINE('',#5784,#5785);
#5784 = CARTESIAN_POINT('',(2.725,73.497592363336,12.950991429835));
#5785 = VECTOR('',#5786,1.);
#5786 = DIRECTION('',(-0.,-0.146730474455,-0.989176509965));
#5787 = PLANE('',#5788);
#5788 = AXIS2_PLACEMENT_3D('',#5789,#5790,#5791);
#5789 = CARTESIAN_POINT('',(2.725,73.497592363336,12.950991429835));
#5790 = DIRECTION('',(0.,-0.989176509965,0.146730474455));
#5791 = DIRECTION('',(0.,0.146730474455,0.989176509965));
#5792 = ADVANCED_FACE('',(#5793),#5818,.T.);
#5793 = FACE_BOUND('',#5794,.F.);
#5794 = EDGE_LOOP('',(#5795,#5796,#5804,#5812));
#5795 = ORIENTED_EDGE('',*,*,#5774,.T.);
#5796 = ORIENTED_EDGE('',*,*,#5797,.T.);
#5797 = EDGE_CURVE('',#5767,#5798,#5800,.T.);
#5798 = VERTEX_POINT('',#5799);
#5799 = CARTESIAN_POINT('',(5.575,73.478470167866,12.854857661373));
#5800 = LINE('',#5801,#5802);
#5801 = CARTESIAN_POINT('',(5.575,73.490392640202,12.902454838992));
#5802 = VECTOR('',#5803,1.);
#5803 = DIRECTION('',(-0.,-0.242980179903,-0.970031253195));
#5804 = ORIENTED_EDGE('',*,*,#5805,.F.);
#5805 = EDGE_CURVE('',#5806,#5798,#5808,.T.);
#5806 = VERTEX_POINT('',#5807);
#5807 = CARTESIAN_POINT('',(2.725,73.478470167866,12.854857661373));
#5808 = LINE('',#5809,#5810);
#5809 = CARTESIAN_POINT('',(2.725,73.478470167866,12.854857661373));
#5810 = VECTOR('',#5811,1.);
#5811 = DIRECTION('',(1.,0.,0.));
#5812 = ORIENTED_EDGE('',*,*,#5813,.F.);
#5813 = EDGE_CURVE('',#5775,#5806,#5814,.T.);
#5814 = LINE('',#5815,#5816);
#5815 = CARTESIAN_POINT('',(2.725,73.490392640202,12.902454838992));
#5816 = VECTOR('',#5817,1.);
#5817 = DIRECTION('',(-0.,-0.242980179903,-0.970031253195));
#5818 = PLANE('',#5819);
#5819 = AXIS2_PLACEMENT_3D('',#5820,#5821,#5822);
#5820 = CARTESIAN_POINT('',(2.725,73.490392640202,12.902454838992));
#5821 = DIRECTION('',(0.,-0.970031253195,0.242980179903));
#5822 = DIRECTION('',(0.,0.242980179903,0.970031253195));
#5823 = ADVANCED_FACE('',(#5824),#5849,.T.);
#5824 = FACE_BOUND('',#5825,.F.);
#5825 = EDGE_LOOP('',(#5826,#5827,#5835,#5843));
#5826 = ORIENTED_EDGE('',*,*,#5805,.T.);
#5827 = ORIENTED_EDGE('',*,*,#5828,.T.);
#5828 = EDGE_CURVE('',#5798,#5829,#5831,.T.);
#5829 = VERTEX_POINT('',#5830);
#5830 = CARTESIAN_POINT('',(5.575,73.461939766256,12.808658283817));
#5831 = LINE('',#5832,#5833);
#5832 = CARTESIAN_POINT('',(5.575,73.478470167866,12.854857661373));
#5833 = VECTOR('',#5834,1.);
#5834 = DIRECTION('',(-0.,-0.336889853392,-0.941544065183));
#5835 = ORIENTED_EDGE('',*,*,#5836,.F.);
#5836 = EDGE_CURVE('',#5837,#5829,#5839,.T.);
#5837 = VERTEX_POINT('',#5838);
#5838 = CARTESIAN_POINT('',(2.725,73.461939766256,12.808658283817));
#5839 = LINE('',#5840,#5841);
#5840 = CARTESIAN_POINT('',(2.725,73.461939766256,12.808658283817));
#5841 = VECTOR('',#5842,1.);
#5842 = DIRECTION('',(1.,0.,0.));
#5843 = ORIENTED_EDGE('',*,*,#5844,.F.);
#5844 = EDGE_CURVE('',#5806,#5837,#5845,.T.);
#5845 = LINE('',#5846,#5847);
#5846 = CARTESIAN_POINT('',(2.725,73.478470167866,12.854857661373));
#5847 = VECTOR('',#5848,1.);
#5848 = DIRECTION('',(-0.,-0.336889853392,-0.941544065183));
#5849 = PLANE('',#5850);
#5850 = AXIS2_PLACEMENT_3D('',#5851,#5852,#5853);
#5851 = CARTESIAN_POINT('',(2.725,73.478470167866,12.854857661373));
#5852 = DIRECTION('',(0.,-0.941544065183,0.336889853392));
#5853 = DIRECTION('',(0.,0.336889853392,0.941544065183));
#5854 = ADVANCED_FACE('',(#5855),#5880,.T.);
#5855 = FACE_BOUND('',#5856,.F.);
#5856 = EDGE_LOOP('',(#5857,#5858,#5866,#5874));
#5857 = ORIENTED_EDGE('',*,*,#5836,.T.);
#5858 = ORIENTED_EDGE('',*,*,#5859,.T.);
#5859 = EDGE_CURVE('',#5829,#5860,#5862,.T.);
#5860 = VERTEX_POINT('',#5861);
#5861 = CARTESIAN_POINT('',(5.575,73.440960632174,12.764301631587));
#5862 = LINE('',#5863,#5864);
#5863 = CARTESIAN_POINT('',(5.575,73.461939766256,12.808658283817));
#5864 = VECTOR('',#5865,1.);
#5865 = DIRECTION('',(-0.,-0.42755509343,-0.903989293123));
#5866 = ORIENTED_EDGE('',*,*,#5867,.F.);
#5867 = EDGE_CURVE('',#5868,#5860,#5870,.T.);
#5868 = VERTEX_POINT('',#5869);
#5869 = CARTESIAN_POINT('',(2.725,73.440960632174,12.764301631587));
#5870 = LINE('',#5871,#5872);
#5871 = CARTESIAN_POINT('',(2.725,73.440960632174,12.764301631587));
#5872 = VECTOR('',#5873,1.);
#5873 = DIRECTION('',(1.,0.,0.));
#5874 = ORIENTED_EDGE('',*,*,#5875,.F.);
#5875 = EDGE_CURVE('',#5837,#5868,#5876,.T.);
#5876 = LINE('',#5877,#5878);
#5877 = CARTESIAN_POINT('',(2.725,73.461939766256,12.808658283817));
#5878 = VECTOR('',#5879,1.);
#5879 = DIRECTION('',(-0.,-0.42755509343,-0.903989293123));
#5880 = PLANE('',#5881);
#5881 = AXIS2_PLACEMENT_3D('',#5882,#5883,#5884);
#5882 = CARTESIAN_POINT('',(2.725,73.461939766256,12.808658283817));
#5883 = DIRECTION('',(0.,-0.903989293123,0.42755509343));
#5884 = DIRECTION('',(0.,0.42755509343,0.903989293123));
#5885 = ADVANCED_FACE('',(#5886),#5911,.T.);
#5886 = FACE_BOUND('',#5887,.F.);
#5887 = EDGE_LOOP('',(#5888,#5889,#5897,#5905));
#5888 = ORIENTED_EDGE('',*,*,#5867,.T.);
#5889 = ORIENTED_EDGE('',*,*,#5890,.T.);
#5890 = EDGE_CURVE('',#5860,#5891,#5893,.T.);
#5891 = VERTEX_POINT('',#5892);
#5892 = CARTESIAN_POINT('',(5.575,73.415734806151,12.72221488349));
#5893 = LINE('',#5894,#5895);
#5894 = CARTESIAN_POINT('',(5.575,73.440960632174,12.764301631587));
#5895 = VECTOR('',#5896,1.);
#5896 = DIRECTION('',(-0.,-0.514102744193,-0.85772861));
#5897 = ORIENTED_EDGE('',*,*,#5898,.F.);
#5898 = EDGE_CURVE('',#5899,#5891,#5901,.T.);
#5899 = VERTEX_POINT('',#5900);
#5900 = CARTESIAN_POINT('',(2.725,73.415734806151,12.72221488349));
#5901 = LINE('',#5902,#5903);
#5902 = CARTESIAN_POINT('',(2.725,73.415734806151,12.72221488349));
#5903 = VECTOR('',#5904,1.);
#5904 = DIRECTION('',(1.,0.,0.));
#5905 = ORIENTED_EDGE('',*,*,#5906,.F.);
#5906 = EDGE_CURVE('',#5868,#5899,#5907,.T.);
#5907 = LINE('',#5908,#5909);
#5908 = CARTESIAN_POINT('',(2.725,73.440960632174,12.764301631587));
#5909 = VECTOR('',#5910,1.);
#5910 = DIRECTION('',(-0.,-0.514102744193,-0.85772861));
#5911 = PLANE('',#5912);
#5912 = AXIS2_PLACEMENT_3D('',#5913,#5914,#5915);
#5913 = CARTESIAN_POINT('',(2.725,73.440960632174,12.764301631587));
#5914 = DIRECTION('',(0.,-0.85772861,0.514102744193));
#5915 = DIRECTION('',(0.,0.514102744193,0.85772861));
#5916 = ADVANCED_FACE('',(#5917),#5942,.T.);
#5917 = FACE_BOUND('',#5918,.F.);
#5918 = EDGE_LOOP('',(#5919,#5920,#5928,#5936));
#5919 = ORIENTED_EDGE('',*,*,#5898,.T.);
#5920 = ORIENTED_EDGE('',*,*,#5921,.T.);
#5921 = EDGE_CURVE('',#5891,#5922,#5924,.T.);
#5922 = VERTEX_POINT('',#5923);
#5923 = CARTESIAN_POINT('',(5.575,73.386505226681,12.682803357918));
#5924 = LINE('',#5925,#5926);
#5925 = CARTESIAN_POINT('',(5.575,73.415734806151,12.72221488349));
#5926 = VECTOR('',#5927,1.);
#5927 = DIRECTION('',(-0.,-0.595699304492,-0.803207531481));
#5928 = ORIENTED_EDGE('',*,*,#5929,.F.);
#5929 = EDGE_CURVE('',#5930,#5922,#5932,.T.);
#5930 = VERTEX_POINT('',#5931);
#5931 = CARTESIAN_POINT('',(2.725,73.386505226681,12.682803357918));
#5932 = LINE('',#5933,#5934);
#5933 = CARTESIAN_POINT('',(2.725,73.386505226681,12.682803357918));
#5934 = VECTOR('',#5935,1.);
#5935 = DIRECTION('',(1.,0.,0.));
#5936 = ORIENTED_EDGE('',*,*,#5937,.F.);
#5937 = EDGE_CURVE('',#5899,#5930,#5938,.T.);
#5938 = LINE('',#5939,#5940);
#5939 = CARTESIAN_POINT('',(2.725,73.415734806151,12.72221488349));
#5940 = VECTOR('',#5941,1.);
#5941 = DIRECTION('',(-0.,-0.595699304492,-0.803207531481));
#5942 = PLANE('',#5943);
#5943 = AXIS2_PLACEMENT_3D('',#5944,#5945,#5946);
#5944 = CARTESIAN_POINT('',(2.725,73.415734806151,12.72221488349));
#5945 = DIRECTION('',(0.,-0.803207531481,0.595699304492));
#5946 = DIRECTION('',(0.,0.595699304492,0.803207531481));
#5947 = ADVANCED_FACE('',(#5948),#5973,.T.);
#5948 = FACE_BOUND('',#5949,.F.);
#5949 = EDGE_LOOP('',(#5950,#5951,#5959,#5967));
#5950 = ORIENTED_EDGE('',*,*,#5929,.T.);
#5951 = ORIENTED_EDGE('',*,*,#5952,.T.);
#5952 = EDGE_CURVE('',#5922,#5953,#5955,.T.);
#5953 = VERTEX_POINT('',#5954);
#5954 = CARTESIAN_POINT('',(5.575,73.353553390593,12.646446609407));
#5955 = LINE('',#5956,#5957);
#5956 = CARTESIAN_POINT('',(5.575,73.386505226681,12.682803357918));
#5957 = VECTOR('',#5958,1.);
#5958 = DIRECTION('',(-0.,-0.671558954847,-0.740951125355));
#5959 = ORIENTED_EDGE('',*,*,#5960,.F.);
#5960 = EDGE_CURVE('',#5961,#5953,#5963,.T.);
#5961 = VERTEX_POINT('',#5962);
#5962 = CARTESIAN_POINT('',(2.725,73.353553390593,12.646446609407));
#5963 = LINE('',#5964,#5965);
#5964 = CARTESIAN_POINT('',(2.725,73.353553390593,12.646446609407));
#5965 = VECTOR('',#5966,1.);
#5966 = DIRECTION('',(1.,0.,0.));
#5967 = ORIENTED_EDGE('',*,*,#5968,.F.);
#5968 = EDGE_CURVE('',#5930,#5961,#5969,.T.);
#5969 = LINE('',#5970,#5971);
#5970 = CARTESIAN_POINT('',(2.725,73.386505226681,12.682803357918));
#5971 = VECTOR('',#5972,1.);
#5972 = DIRECTION('',(-0.,-0.671558954847,-0.740951125355));
#5973 = PLANE('',#5974);
#5974 = AXIS2_PLACEMENT_3D('',#5975,#5976,#5977);
#5975 = CARTESIAN_POINT('',(2.725,73.386505226681,12.682803357918));
#5976 = DIRECTION('',(0.,-0.740951125355,0.671558954847));
#5977 = DIRECTION('',(0.,0.671558954847,0.740951125355));
#5978 = ADVANCED_FACE('',(#5979),#6004,.T.);
#5979 = FACE_BOUND('',#5980,.F.);
#5980 = EDGE_LOOP('',(#5981,#5982,#5990,#5998));
#5981 = ORIENTED_EDGE('',*,*,#5960,.T.);
#5982 = ORIENTED_EDGE('',*,*,#5983,.T.);
#5983 = EDGE_CURVE('',#5953,#5984,#5986,.T.);
#5984 = VERTEX_POINT('',#5985);
#5985 = CARTESIAN_POINT('',(5.575,73.317196642082,12.613494773319));
#5986 = LINE('',#5987,#5988);
#5987 = CARTESIAN_POINT('',(5.575,73.353553390593,12.646446609407));
#5988 = VECTOR('',#5989,1.);
#5989 = DIRECTION('',(-0.,-0.740951125355,-0.671558954847));
#5990 = ORIENTED_EDGE('',*,*,#5991,.F.);
#5991 = EDGE_CURVE('',#5992,#5984,#5994,.T.);
#5992 = VERTEX_POINT('',#5993);
#5993 = CARTESIAN_POINT('',(2.725,73.317196642082,12.613494773319));
#5994 = LINE('',#5995,#5996);
#5995 = CARTESIAN_POINT('',(2.725,73.317196642082,12.613494773319));
#5996 = VECTOR('',#5997,1.);
#5997 = DIRECTION('',(1.,0.,0.));
#5998 = ORIENTED_EDGE('',*,*,#5999,.F.);
#5999 = EDGE_CURVE('',#5961,#5992,#6000,.T.);
#6000 = LINE('',#6001,#6002);
#6001 = CARTESIAN_POINT('',(2.725,73.353553390593,12.646446609407));
#6002 = VECTOR('',#6003,1.);
#6003 = DIRECTION('',(-0.,-0.740951125355,-0.671558954847));
#6004 = PLANE('',#6005);
#6005 = AXIS2_PLACEMENT_3D('',#6006,#6007,#6008);
#6006 = CARTESIAN_POINT('',(2.725,73.353553390593,12.646446609407));
#6007 = DIRECTION('',(0.,-0.671558954847,0.740951125355));
#6008 = DIRECTION('',(0.,0.740951125355,0.671558954847));
#6009 = ADVANCED_FACE('',(#6010),#6035,.T.);
#6010 = FACE_BOUND('',#6011,.F.);
#6011 = EDGE_LOOP('',(#6012,#6013,#6021,#6029));
#6012 = ORIENTED_EDGE('',*,*,#5991,.T.);
#6013 = ORIENTED_EDGE('',*,*,#6014,.T.);
#6014 = EDGE_CURVE('',#5984,#6015,#6017,.T.);
#6015 = VERTEX_POINT('',#6016);
#6016 = CARTESIAN_POINT('',(5.575,73.27778511651,12.584265193849));
#6017 = LINE('',#6018,#6019);
#6018 = CARTESIAN_POINT('',(5.575,73.317196642082,12.613494773319));
#6019 = VECTOR('',#6020,1.);
#6020 = DIRECTION('',(-0.,-0.803207531481,-0.595699304492));
#6021 = ORIENTED_EDGE('',*,*,#6022,.F.);
#6022 = EDGE_CURVE('',#6023,#6015,#6025,.T.);
#6023 = VERTEX_POINT('',#6024);
#6024 = CARTESIAN_POINT('',(2.725,73.27778511651,12.584265193849));
#6025 = LINE('',#6026,#6027);
#6026 = CARTESIAN_POINT('',(2.725,73.27778511651,12.584265193849));
#6027 = VECTOR('',#6028,1.);
#6028 = DIRECTION('',(1.,0.,0.));
#6029 = ORIENTED_EDGE('',*,*,#6030,.F.);
#6030 = EDGE_CURVE('',#5992,#6023,#6031,.T.);
#6031 = LINE('',#6032,#6033);
#6032 = CARTESIAN_POINT('',(2.725,73.317196642082,12.613494773319));
#6033 = VECTOR('',#6034,1.);
#6034 = DIRECTION('',(-0.,-0.803207531481,-0.595699304492));
#6035 = PLANE('',#6036);
#6036 = AXIS2_PLACEMENT_3D('',#6037,#6038,#6039);
#6037 = CARTESIAN_POINT('',(2.725,73.317196642082,12.613494773319));
#6038 = DIRECTION('',(0.,-0.595699304492,0.803207531481));
#6039 = DIRECTION('',(0.,0.803207531481,0.595699304492));
#6040 = ADVANCED_FACE('',(#6041),#6066,.T.);
#6041 = FACE_BOUND('',#6042,.F.);
#6042 = EDGE_LOOP('',(#6043,#6044,#6052,#6060));
#6043 = ORIENTED_EDGE('',*,*,#6022,.T.);
#6044 = ORIENTED_EDGE('',*,*,#6045,.T.);
#6045 = EDGE_CURVE('',#6015,#6046,#6048,.T.);
#6046 = VERTEX_POINT('',#6047);
#6047 = CARTESIAN_POINT('',(5.575,73.235698368413,12.559039367826));
#6048 = LINE('',#6049,#6050);
#6049 = CARTESIAN_POINT('',(5.575,73.27778511651,12.584265193849));
#6050 = VECTOR('',#6051,1.);
#6051 = DIRECTION('',(-0.,-0.85772861,-0.514102744193));
#6052 = ORIENTED_EDGE('',*,*,#6053,.F.);
#6053 = EDGE_CURVE('',#6054,#6046,#6056,.T.);
#6054 = VERTEX_POINT('',#6055);
#6055 = CARTESIAN_POINT('',(2.725,73.235698368413,12.559039367826));
#6056 = LINE('',#6057,#6058);
#6057 = CARTESIAN_POINT('',(2.725,73.235698368413,12.559039367826));
#6058 = VECTOR('',#6059,1.);
#6059 = DIRECTION('',(1.,0.,0.));
#6060 = ORIENTED_EDGE('',*,*,#6061,.F.);
#6061 = EDGE_CURVE('',#6023,#6054,#6062,.T.);
#6062 = LINE('',#6063,#6064);
#6063 = CARTESIAN_POINT('',(2.725,73.27778511651,12.584265193849));
#6064 = VECTOR('',#6065,1.);
#6065 = DIRECTION('',(-0.,-0.85772861,-0.514102744193));
#6066 = PLANE('',#6067);
#6067 = AXIS2_PLACEMENT_3D('',#6068,#6069,#6070);
#6068 = CARTESIAN_POINT('',(2.725,73.27778511651,12.584265193849));
#6069 = DIRECTION('',(0.,-0.514102744193,0.85772861));
#6070 = DIRECTION('',(0.,0.85772861,0.514102744193));
#6071 = ADVANCED_FACE('',(#6072),#6097,.T.);
#6072 = FACE_BOUND('',#6073,.F.);
#6073 = EDGE_LOOP('',(#6074,#6075,#6083,#6091));
#6074 = ORIENTED_EDGE('',*,*,#6053,.T.);
#6075 = ORIENTED_EDGE('',*,*,#6076,.T.);
#6076 = EDGE_CURVE('',#6046,#6077,#6079,.T.);
#6077 = VERTEX_POINT('',#6078);
#6078 = CARTESIAN_POINT('',(5.575,73.191341716183,12.538060233744));
#6079 = LINE('',#6080,#6081);
#6080 = CARTESIAN_POINT('',(5.575,73.235698368413,12.559039367826));
#6081 = VECTOR('',#6082,1.);
#6082 = DIRECTION('',(-0.,-0.903989293123,-0.42755509343));
#6083 = ORIENTED_EDGE('',*,*,#6084,.F.);
#6084 = EDGE_CURVE('',#6085,#6077,#6087,.T.);
#6085 = VERTEX_POINT('',#6086);
#6086 = CARTESIAN_POINT('',(2.725,73.191341716183,12.538060233744));
#6087 = LINE('',#6088,#6089);
#6088 = CARTESIAN_POINT('',(2.725,73.191341716183,12.538060233744));
#6089 = VECTOR('',#6090,1.);
#6090 = DIRECTION('',(1.,0.,0.));
#6091 = ORIENTED_EDGE('',*,*,#6092,.F.);
#6092 = EDGE_CURVE('',#6054,#6085,#6093,.T.);
#6093 = LINE('',#6094,#6095);
#6094 = CARTESIAN_POINT('',(2.725,73.235698368413,12.559039367826));
#6095 = VECTOR('',#6096,1.);
#6096 = DIRECTION('',(-0.,-0.903989293123,-0.42755509343));
#6097 = PLANE('',#6098);
#6098 = AXIS2_PLACEMENT_3D('',#6099,#6100,#6101);
#6099 = CARTESIAN_POINT('',(2.725,73.235698368413,12.559039367826));
#6100 = DIRECTION('',(0.,-0.42755509343,0.903989293123));
#6101 = DIRECTION('',(0.,0.903989293123,0.42755509343));
#6102 = ADVANCED_FACE('',(#6103),#6128,.T.);
#6103 = FACE_BOUND('',#6104,.F.);
#6104 = EDGE_LOOP('',(#6105,#6106,#6114,#6122));
#6105 = ORIENTED_EDGE('',*,*,#6084,.T.);
#6106 = ORIENTED_EDGE('',*,*,#6107,.T.);
#6107 = EDGE_CURVE('',#6077,#6108,#6110,.T.);
#6108 = VERTEX_POINT('',#6109);
#6109 = CARTESIAN_POINT('',(5.575,73.145142338627,12.521529832134));
#6110 = LINE('',#6111,#6112);
#6111 = CARTESIAN_POINT('',(5.575,73.191341716183,12.538060233744));
#6112 = VECTOR('',#6113,1.);
#6113 = DIRECTION('',(-0.,-0.941544065183,-0.336889853392));
#6114 = ORIENTED_EDGE('',*,*,#6115,.F.);
#6115 = EDGE_CURVE('',#6116,#6108,#6118,.T.);
#6116 = VERTEX_POINT('',#6117);
#6117 = CARTESIAN_POINT('',(2.725,73.145142338627,12.521529832134));
#6118 = LINE('',#6119,#6120);
#6119 = CARTESIAN_POINT('',(2.725,73.145142338627,12.521529832134));
#6120 = VECTOR('',#6121,1.);
#6121 = DIRECTION('',(1.,0.,0.));
#6122 = ORIENTED_EDGE('',*,*,#6123,.F.);
#6123 = EDGE_CURVE('',#6085,#6116,#6124,.T.);
#6124 = LINE('',#6125,#6126);
#6125 = CARTESIAN_POINT('',(2.725,73.191341716183,12.538060233744));
#6126 = VECTOR('',#6127,1.);
#6127 = DIRECTION('',(-0.,-0.941544065183,-0.336889853392));
#6128 = PLANE('',#6129);
#6129 = AXIS2_PLACEMENT_3D('',#6130,#6131,#6132);
#6130 = CARTESIAN_POINT('',(2.725,73.191341716183,12.538060233744));
#6131 = DIRECTION('',(0.,-0.336889853392,0.941544065183));
#6132 = DIRECTION('',(0.,0.941544065183,0.336889853392));
#6133 = ADVANCED_FACE('',(#6134),#6159,.T.);
#6134 = FACE_BOUND('',#6135,.F.);
#6135 = EDGE_LOOP('',(#6136,#6137,#6145,#6153));
#6136 = ORIENTED_EDGE('',*,*,#6115,.T.);
#6137 = ORIENTED_EDGE('',*,*,#6138,.T.);
#6138 = EDGE_CURVE('',#6108,#6139,#6141,.T.);
#6139 = VERTEX_POINT('',#6140);
#6140 = CARTESIAN_POINT('',(5.575,73.097545161008,12.509607359798));
#6141 = LINE('',#6142,#6143);
#6142 = CARTESIAN_POINT('',(5.575,73.145142338627,12.521529832134));
#6143 = VECTOR('',#6144,1.);
#6144 = DIRECTION('',(-0.,-0.970031253195,-0.242980179903));
#6145 = ORIENTED_EDGE('',*,*,#6146,.F.);
#6146 = EDGE_CURVE('',#6147,#6139,#6149,.T.);
#6147 = VERTEX_POINT('',#6148);
#6148 = CARTESIAN_POINT('',(2.725,73.097545161008,12.509607359798));
#6149 = LINE('',#6150,#6151);
#6150 = CARTESIAN_POINT('',(2.725,73.097545161008,12.509607359798));
#6151 = VECTOR('',#6152,1.);
#6152 = DIRECTION('',(1.,0.,0.));
#6153 = ORIENTED_EDGE('',*,*,#6154,.F.);
#6154 = EDGE_CURVE('',#6116,#6147,#6155,.T.);
#6155 = LINE('',#6156,#6157);
#6156 = CARTESIAN_POINT('',(2.725,73.145142338627,12.521529832134));
#6157 = VECTOR('',#6158,1.);
#6158 = DIRECTION('',(-0.,-0.970031253195,-0.242980179903));
#6159 = PLANE('',#6160);
#6160 = AXIS2_PLACEMENT_3D('',#6161,#6162,#6163);
#6161 = CARTESIAN_POINT('',(2.725,73.145142338627,12.521529832134));
#6162 = DIRECTION('',(0.,-0.242980179903,0.970031253195));
#6163 = DIRECTION('',(0.,0.970031253195,0.242980179903));
#6164 = ADVANCED_FACE('',(#6165),#6190,.T.);
#6165 = FACE_BOUND('',#6166,.F.);
#6166 = EDGE_LOOP('',(#6167,#6168,#6176,#6184));
#6167 = ORIENTED_EDGE('',*,*,#6146,.T.);
#6168 = ORIENTED_EDGE('',*,*,#6169,.T.);
#6169 = EDGE_CURVE('',#6139,#6170,#6172,.T.);
#6170 = VERTEX_POINT('',#6171);
#6171 = CARTESIAN_POINT('',(5.575,73.049008570165,12.502407636664));
#6172 = LINE('',#6173,#6174);
#6173 = CARTESIAN_POINT('',(5.575,73.097545161008,12.509607359798));
#6174 = VECTOR('',#6175,1.);
#6175 = DIRECTION('',(-0.,-0.989176509965,-0.146730474455));
#6176 = ORIENTED_EDGE('',*,*,#6177,.F.);
#6177 = EDGE_CURVE('',#6178,#6170,#6180,.T.);
#6178 = VERTEX_POINT('',#6179);
#6179 = CARTESIAN_POINT('',(2.725,73.049008570165,12.502407636664));
#6180 = LINE('',#6181,#6182);
#6181 = CARTESIAN_POINT('',(2.725,73.049008570165,12.502407636664));
#6182 = VECTOR('',#6183,1.);
#6183 = DIRECTION('',(1.,0.,0.));
#6184 = ORIENTED_EDGE('',*,*,#6185,.F.);
#6185 = EDGE_CURVE('',#6147,#6178,#6186,.T.);
#6186 = LINE('',#6187,#6188);
#6187 = CARTESIAN_POINT('',(2.725,73.097545161008,12.509607359798));
#6188 = VECTOR('',#6189,1.);
#6189 = DIRECTION('',(-0.,-0.989176509965,-0.146730474455));
#6190 = PLANE('',#6191);
#6191 = AXIS2_PLACEMENT_3D('',#6192,#6193,#6194);
#6192 = CARTESIAN_POINT('',(2.725,73.097545161008,12.509607359798));
#6193 = DIRECTION('',(0.,-0.146730474455,0.989176509965));
#6194 = DIRECTION('',(0.,0.989176509965,0.146730474455));
#6195 = ADVANCED_FACE('',(#6196),#6221,.T.);
#6196 = FACE_BOUND('',#6197,.F.);
#6197 = EDGE_LOOP('',(#6198,#6199,#6207,#6215));
#6198 = ORIENTED_EDGE('',*,*,#6177,.T.);
#6199 = ORIENTED_EDGE('',*,*,#6200,.T.);
#6200 = EDGE_CURVE('',#6170,#6201,#6203,.T.);
#6201 = VERTEX_POINT('',#6202);
#6202 = CARTESIAN_POINT('',(5.575,73.,12.5));
#6203 = LINE('',#6204,#6205);
#6204 = CARTESIAN_POINT('',(5.575,73.049008570165,12.502407636664));
#6205 = VECTOR('',#6206,1.);
#6206 = DIRECTION('',(-0.,-0.998795456205,-4.906767432739E-02));
#6207 = ORIENTED_EDGE('',*,*,#6208,.F.);
#6208 = EDGE_CURVE('',#6209,#6201,#6211,.T.);
#6209 = VERTEX_POINT('',#6210);
#6210 = CARTESIAN_POINT('',(2.725,73.,12.5));
#6211 = LINE('',#6212,#6213);
#6212 = CARTESIAN_POINT('',(2.725,73.,12.5));
#6213 = VECTOR('',#6214,1.);
#6214 = DIRECTION('',(1.,0.,0.));
#6215 = ORIENTED_EDGE('',*,*,#6216,.F.);
#6216 = EDGE_CURVE('',#6178,#6209,#6217,.T.);
#6217 = LINE('',#6218,#6219);
#6218 = CARTESIAN_POINT('',(2.725,73.049008570165,12.502407636664));
#6219 = VECTOR('',#6220,1.);
#6220 = DIRECTION('',(-0.,-0.998795456205,-4.906767432739E-02));
#6221 = PLANE('',#6222);
#6222 = AXIS2_PLACEMENT_3D('',#6223,#6224,#6225);
#6223 = CARTESIAN_POINT('',(2.725,73.049008570165,12.502407636664));
#6224 = DIRECTION('',(0.,-4.906767432739E-02,0.998795456205));
#6225 = DIRECTION('',(0.,0.998795456205,4.906767432739E-02));
#6226 = ADVANCED_FACE('',(#6227),#6252,.T.);
#6227 = FACE_BOUND('',#6228,.F.);
#6228 = EDGE_LOOP('',(#6229,#6230,#6238,#6246));
#6229 = ORIENTED_EDGE('',*,*,#6208,.T.);
#6230 = ORIENTED_EDGE('',*,*,#6231,.T.);
#6231 = EDGE_CURVE('',#6201,#6232,#6234,.T.);
#6232 = VERTEX_POINT('',#6233);
#6233 = CARTESIAN_POINT('',(5.575,59.2,12.5));
#6234 = LINE('',#6235,#6236);
#6235 = CARTESIAN_POINT('',(5.575,73.,12.5));
#6236 = VECTOR('',#6237,1.);
#6237 = DIRECTION('',(-0.,-1.,-0.));
#6238 = ORIENTED_EDGE('',*,*,#6239,.F.);
#6239 = EDGE_CURVE('',#6240,#6232,#6242,.T.);
#6240 = VERTEX_POINT('',#6241);
#6241 = CARTESIAN_POINT('',(2.725,59.2,12.5));
#6242 = LINE('',#6243,#6244);
#6243 = CARTESIAN_POINT('',(2.725,59.2,12.5));
#6244 = VECTOR('',#6245,1.);
#6245 = DIRECTION('',(1.,0.,0.));
#6246 = ORIENTED_EDGE('',*,*,#6247,.F.);
#6247 = EDGE_CURVE('',#6209,#6240,#6248,.T.);
#6248 = LINE('',#6249,#6250);
#6249 = CARTESIAN_POINT('',(2.725,73.,12.5));
#6250 = VECTOR('',#6251,1.);
#6251 = DIRECTION('',(-0.,-1.,-0.));
#6252 = PLANE('',#6253);
#6253 = AXIS2_PLACEMENT_3D('',#6254,#6255,#6256);
#6254 = CARTESIAN_POINT('',(2.725,73.,12.5));
#6255 = DIRECTION('',(0.,0.,1.));
#6256 = DIRECTION('',(0.,1.,0.));
#6257 = ADVANCED_FACE('',(#6258),#6283,.T.);
#6258 = FACE_BOUND('',#6259,.F.);
#6259 = EDGE_LOOP('',(#6260,#6261,#6269,#6277));
#6260 = ORIENTED_EDGE('',*,*,#6239,.T.);
#6261 = ORIENTED_EDGE('',*,*,#6262,.T.);
#6262 = EDGE_CURVE('',#6232,#6263,#6265,.T.);
#6263 = VERTEX_POINT('',#6264);
#6264 = CARTESIAN_POINT('',(5.575,59.150991429835,12.502407636664));
#6265 = LINE('',#6266,#6267);
#6266 = CARTESIAN_POINT('',(5.575,59.2,12.5));
#6267 = VECTOR('',#6268,1.);
#6268 = DIRECTION('',(0.,-0.998795456205,4.906767432739E-02));
#6269 = ORIENTED_EDGE('',*,*,#6270,.F.);
#6270 = EDGE_CURVE('',#6271,#6263,#6273,.T.);
#6271 = VERTEX_POINT('',#6272);
#6272 = CARTESIAN_POINT('',(2.725,59.150991429835,12.502407636664));
#6273 = LINE('',#6274,#6275);
#6274 = CARTESIAN_POINT('',(2.725,59.150991429835,12.502407636664));
#6275 = VECTOR('',#6276,1.);
#6276 = DIRECTION('',(1.,0.,0.));
#6277 = ORIENTED_EDGE('',*,*,#6278,.F.);
#6278 = EDGE_CURVE('',#6240,#6271,#6279,.T.);
#6279 = LINE('',#6280,#6281);
#6280 = CARTESIAN_POINT('',(2.725,59.2,12.5));
#6281 = VECTOR('',#6282,1.);
#6282 = DIRECTION('',(0.,-0.998795456205,4.906767432739E-02));
#6283 = PLANE('',#6284);
#6284 = AXIS2_PLACEMENT_3D('',#6285,#6286,#6287);
#6285 = CARTESIAN_POINT('',(2.725,59.2,12.5));
#6286 = DIRECTION('',(0.,4.906767432739E-02,0.998795456205));
#6287 = DIRECTION('',(0.,0.998795456205,-4.906767432739E-02));
#6288 = ADVANCED_FACE('',(#6289),#6314,.T.);
#6289 = FACE_BOUND('',#6290,.F.);
#6290 = EDGE_LOOP('',(#6291,#6292,#6300,#6308));
#6291 = ORIENTED_EDGE('',*,*,#6270,.T.);
#6292 = ORIENTED_EDGE('',*,*,#6293,.T.);
#6293 = EDGE_CURVE('',#6263,#6294,#6296,.T.);
#6294 = VERTEX_POINT('',#6295);
#6295 = CARTESIAN_POINT('',(5.575,59.102454838992,12.509607359798));
#6296 = LINE('',#6297,#6298);
#6297 = CARTESIAN_POINT('',(5.575,59.150991429835,12.502407636664));
#6298 = VECTOR('',#6299,1.);
#6299 = DIRECTION('',(0.,-0.989176509965,0.146730474455));
#6300 = ORIENTED_EDGE('',*,*,#6301,.F.);
#6301 = EDGE_CURVE('',#6302,#6294,#6304,.T.);
#6302 = VERTEX_POINT('',#6303);
#6303 = CARTESIAN_POINT('',(2.725,59.102454838992,12.509607359798));
#6304 = LINE('',#6305,#6306);
#6305 = CARTESIAN_POINT('',(2.725,59.102454838992,12.509607359798));
#6306 = VECTOR('',#6307,1.);
#6307 = DIRECTION('',(1.,0.,0.));
#6308 = ORIENTED_EDGE('',*,*,#6309,.F.);
#6309 = EDGE_CURVE('',#6271,#6302,#6310,.T.);
#6310 = LINE('',#6311,#6312);
#6311 = CARTESIAN_POINT('',(2.725,59.150991429835,12.502407636664));
#6312 = VECTOR('',#6313,1.);
#6313 = DIRECTION('',(0.,-0.989176509965,0.146730474455));
#6314 = PLANE('',#6315);
#6315 = AXIS2_PLACEMENT_3D('',#6316,#6317,#6318);
#6316 = CARTESIAN_POINT('',(2.725,59.150991429835,12.502407636664));
#6317 = DIRECTION('',(0.,0.146730474455,0.989176509965));
#6318 = DIRECTION('',(0.,0.989176509965,-0.146730474455));
#6319 = ADVANCED_FACE('',(#6320),#6336,.T.);
#6320 = FACE_BOUND('',#6321,.F.);
#6321 = EDGE_LOOP('',(#6322,#6323,#6329,#6330));
#6322 = ORIENTED_EDGE('',*,*,#6301,.T.);
#6323 = ORIENTED_EDGE('',*,*,#6324,.T.);
#6324 = EDGE_CURVE('',#6294,#4240,#6325,.T.);
#6325 = LINE('',#6326,#6327);
#6326 = CARTESIAN_POINT('',(5.575,59.102454838992,12.509607359798));
#6327 = VECTOR('',#6328,1.);
#6328 = DIRECTION('',(0.,-0.970031253195,0.242980179903));
#6329 = ORIENTED_EDGE('',*,*,#4237,.F.);
#6330 = ORIENTED_EDGE('',*,*,#6331,.F.);
#6331 = EDGE_CURVE('',#6302,#4238,#6332,.T.);
#6332 = LINE('',#6333,#6334);
#6333 = CARTESIAN_POINT('',(2.725,59.102454838992,12.509607359798));
#6334 = VECTOR('',#6335,1.);
#6335 = DIRECTION('',(0.,-0.970031253195,0.242980179903));
#6336 = PLANE('',#6337);
#6337 = AXIS2_PLACEMENT_3D('',#6338,#6339,#6340);
#6338 = CARTESIAN_POINT('',(2.725,59.102454838992,12.509607359798));
#6339 = DIRECTION('',(0.,0.242980179903,0.970031253195));
#6340 = DIRECTION('',(0.,0.970031253195,-0.242980179903));
#6341 = ADVANCED_FACE('',(#6342),#6376,.T.);
#6342 = FACE_BOUND('',#6343,.F.);
#6343 = EDGE_LOOP('',(#6344,#6354,#6362,#6370));
#6344 = ORIENTED_EDGE('',*,*,#6345,.T.);
#6345 = EDGE_CURVE('',#6346,#6348,#6350,.T.);
#6346 = VERTEX_POINT('',#6347);
#6347 = CARTESIAN_POINT('',(2.725,41.202454838992,12.509607359798));
#6348 = VERTEX_POINT('',#6349);
#6349 = CARTESIAN_POINT('',(5.575,41.202454838992,12.509607359798));
#6350 = LINE('',#6351,#6352);
#6351 = CARTESIAN_POINT('',(2.725,41.202454838992,12.509607359798));
#6352 = VECTOR('',#6353,1.);
#6353 = DIRECTION('',(1.,0.,0.));
#6354 = ORIENTED_EDGE('',*,*,#6355,.T.);
#6355 = EDGE_CURVE('',#6348,#6356,#6358,.T.);
#6356 = VERTEX_POINT('',#6357);
#6357 = CARTESIAN_POINT('',(5.575,41.154857661373,12.521529832134));
#6358 = LINE('',#6359,#6360);
#6359 = CARTESIAN_POINT('',(5.575,41.202454838992,12.509607359798));
#6360 = VECTOR('',#6361,1.);
#6361 = DIRECTION('',(0.,-0.970031253195,0.242980179903));
#6362 = ORIENTED_EDGE('',*,*,#6363,.F.);
#6363 = EDGE_CURVE('',#6364,#6356,#6366,.T.);
#6364 = VERTEX_POINT('',#6365);
#6365 = CARTESIAN_POINT('',(2.725,41.154857661373,12.521529832134));
#6366 = LINE('',#6367,#6368);
#6367 = CARTESIAN_POINT('',(2.725,41.154857661373,12.521529832134));
#6368 = VECTOR('',#6369,1.);
#6369 = DIRECTION('',(1.,0.,0.));
#6370 = ORIENTED_EDGE('',*,*,#6371,.F.);
#6371 = EDGE_CURVE('',#6346,#6364,#6372,.T.);
#6372 = LINE('',#6373,#6374);
#6373 = CARTESIAN_POINT('',(2.725,41.202454838992,12.509607359798));
#6374 = VECTOR('',#6375,1.);
#6375 = DIRECTION('',(0.,-0.970031253195,0.242980179903));
#6376 = PLANE('',#6377);
#6377 = AXIS2_PLACEMENT_3D('',#6378,#6379,#6380);
#6378 = CARTESIAN_POINT('',(2.725,41.202454838992,12.509607359798));
#6379 = DIRECTION('',(0.,0.242980179903,0.970031253195));
#6380 = DIRECTION('',(0.,0.970031253195,-0.242980179903));
#6381 = ADVANCED_FACE('',(#6382),#6407,.T.);
#6382 = FACE_BOUND('',#6383,.F.);
#6383 = EDGE_LOOP('',(#6384,#6385,#6393,#6401));
#6384 = ORIENTED_EDGE('',*,*,#6363,.T.);
#6385 = ORIENTED_EDGE('',*,*,#6386,.T.);
#6386 = EDGE_CURVE('',#6356,#6387,#6389,.T.);
#6387 = VERTEX_POINT('',#6388);
#6388 = CARTESIAN_POINT('',(5.575,41.108658283817,12.538060233744));
#6389 = LINE('',#6390,#6391);
#6390 = CARTESIAN_POINT('',(5.575,41.154857661373,12.521529832134));
#6391 = VECTOR('',#6392,1.);
#6392 = DIRECTION('',(0.,-0.941544065183,0.336889853392));
#6393 = ORIENTED_EDGE('',*,*,#6394,.F.);
#6394 = EDGE_CURVE('',#6395,#6387,#6397,.T.);
#6395 = VERTEX_POINT('',#6396);
#6396 = CARTESIAN_POINT('',(2.725,41.108658283817,12.538060233744));
#6397 = LINE('',#6398,#6399);
#6398 = CARTESIAN_POINT('',(2.725,41.108658283817,12.538060233744));
#6399 = VECTOR('',#6400,1.);
#6400 = DIRECTION('',(1.,0.,0.));
#6401 = ORIENTED_EDGE('',*,*,#6402,.F.);
#6402 = EDGE_CURVE('',#6364,#6395,#6403,.T.);
#6403 = LINE('',#6404,#6405);
#6404 = CARTESIAN_POINT('',(2.725,41.154857661373,12.521529832134));
#6405 = VECTOR('',#6406,1.);
#6406 = DIRECTION('',(0.,-0.941544065183,0.336889853392));
#6407 = PLANE('',#6408);
#6408 = AXIS2_PLACEMENT_3D('',#6409,#6410,#6411);
#6409 = CARTESIAN_POINT('',(2.725,41.154857661373,12.521529832134));
#6410 = DIRECTION('',(0.,0.336889853392,0.941544065183));
#6411 = DIRECTION('',(0.,0.941544065183,-0.336889853392));
#6412 = ADVANCED_FACE('',(#6413),#6438,.T.);
#6413 = FACE_BOUND('',#6414,.F.);
#6414 = EDGE_LOOP('',(#6415,#6416,#6424,#6432));
#6415 = ORIENTED_EDGE('',*,*,#6394,.T.);
#6416 = ORIENTED_EDGE('',*,*,#6417,.T.);
#6417 = EDGE_CURVE('',#6387,#6418,#6420,.T.);
#6418 = VERTEX_POINT('',#6419);
#6419 = CARTESIAN_POINT('',(5.575,41.064301631587,12.559039367826));
#6420 = LINE('',#6421,#6422);
#6421 = CARTESIAN_POINT('',(5.575,41.108658283817,12.538060233744));
#6422 = VECTOR('',#6423,1.);
#6423 = DIRECTION('',(0.,-0.903989293123,0.42755509343));
#6424 = ORIENTED_EDGE('',*,*,#6425,.F.);
#6425 = EDGE_CURVE('',#6426,#6418,#6428,.T.);
#6426 = VERTEX_POINT('',#6427);
#6427 = CARTESIAN_POINT('',(2.725,41.064301631587,12.559039367826));
#6428 = LINE('',#6429,#6430);
#6429 = CARTESIAN_POINT('',(2.725,41.064301631587,12.559039367826));
#6430 = VECTOR('',#6431,1.);
#6431 = DIRECTION('',(1.,0.,0.));
#6432 = ORIENTED_EDGE('',*,*,#6433,.F.);
#6433 = EDGE_CURVE('',#6395,#6426,#6434,.T.);
#6434 = LINE('',#6435,#6436);
#6435 = CARTESIAN_POINT('',(2.725,41.108658283817,12.538060233744));
#6436 = VECTOR('',#6437,1.);
#6437 = DIRECTION('',(0.,-0.903989293123,0.42755509343));
#6438 = PLANE('',#6439);
#6439 = AXIS2_PLACEMENT_3D('',#6440,#6441,#6442);
#6440 = CARTESIAN_POINT('',(2.725,41.108658283817,12.538060233744));
#6441 = DIRECTION('',(0.,0.42755509343,0.903989293123));
#6442 = DIRECTION('',(0.,0.903989293123,-0.42755509343));
#6443 = ADVANCED_FACE('',(#6444),#6469,.T.);
#6444 = FACE_BOUND('',#6445,.F.);
#6445 = EDGE_LOOP('',(#6446,#6447,#6455,#6463));
#6446 = ORIENTED_EDGE('',*,*,#6425,.T.);
#6447 = ORIENTED_EDGE('',*,*,#6448,.T.);
#6448 = EDGE_CURVE('',#6418,#6449,#6451,.T.);
#6449 = VERTEX_POINT('',#6450);
#6450 = CARTESIAN_POINT('',(5.575,41.02221488349,12.584265193849));
#6451 = LINE('',#6452,#6453);
#6452 = CARTESIAN_POINT('',(5.575,41.064301631587,12.559039367826));
#6453 = VECTOR('',#6454,1.);
#6454 = DIRECTION('',(0.,-0.85772861,0.514102744193));
#6455 = ORIENTED_EDGE('',*,*,#6456,.F.);
#6456 = EDGE_CURVE('',#6457,#6449,#6459,.T.);
#6457 = VERTEX_POINT('',#6458);
#6458 = CARTESIAN_POINT('',(2.725,41.02221488349,12.584265193849));
#6459 = LINE('',#6460,#6461);
#6460 = CARTESIAN_POINT('',(2.725,41.02221488349,12.584265193849));
#6461 = VECTOR('',#6462,1.);
#6462 = DIRECTION('',(1.,0.,0.));
#6463 = ORIENTED_EDGE('',*,*,#6464,.F.);
#6464 = EDGE_CURVE('',#6426,#6457,#6465,.T.);
#6465 = LINE('',#6466,#6467);
#6466 = CARTESIAN_POINT('',(2.725,41.064301631587,12.559039367826));
#6467 = VECTOR('',#6468,1.);
#6468 = DIRECTION('',(0.,-0.85772861,0.514102744193));
#6469 = PLANE('',#6470);
#6470 = AXIS2_PLACEMENT_3D('',#6471,#6472,#6473);
#6471 = CARTESIAN_POINT('',(2.725,41.064301631587,12.559039367826));
#6472 = DIRECTION('',(0.,0.514102744193,0.85772861));
#6473 = DIRECTION('',(0.,0.85772861,-0.514102744193));
#6474 = ADVANCED_FACE('',(#6475),#6500,.T.);
#6475 = FACE_BOUND('',#6476,.F.);
#6476 = EDGE_LOOP('',(#6477,#6478,#6486,#6494));
#6477 = ORIENTED_EDGE('',*,*,#6456,.T.);
#6478 = ORIENTED_EDGE('',*,*,#6479,.T.);
#6479 = EDGE_CURVE('',#6449,#6480,#6482,.T.);
#6480 = VERTEX_POINT('',#6481);
#6481 = CARTESIAN_POINT('',(5.575,40.982803357918,12.613494773319));
#6482 = LINE('',#6483,#6484);
#6483 = CARTESIAN_POINT('',(5.575,41.02221488349,12.584265193849));
#6484 = VECTOR('',#6485,1.);
#6485 = DIRECTION('',(0.,-0.803207531481,0.595699304492));
#6486 = ORIENTED_EDGE('',*,*,#6487,.F.);
#6487 = EDGE_CURVE('',#6488,#6480,#6490,.T.);
#6488 = VERTEX_POINT('',#6489);
#6489 = CARTESIAN_POINT('',(2.725,40.982803357918,12.613494773319));
#6490 = LINE('',#6491,#6492);
#6491 = CARTESIAN_POINT('',(2.725,40.982803357918,12.613494773319));
#6492 = VECTOR('',#6493,1.);
#6493 = DIRECTION('',(1.,0.,0.));
#6494 = ORIENTED_EDGE('',*,*,#6495,.F.);
#6495 = EDGE_CURVE('',#6457,#6488,#6496,.T.);
#6496 = LINE('',#6497,#6498);
#6497 = CARTESIAN_POINT('',(2.725,41.02221488349,12.584265193849));
#6498 = VECTOR('',#6499,1.);
#6499 = DIRECTION('',(0.,-0.803207531481,0.595699304492));
#6500 = PLANE('',#6501);
#6501 = AXIS2_PLACEMENT_3D('',#6502,#6503,#6504);
#6502 = CARTESIAN_POINT('',(2.725,41.02221488349,12.584265193849));
#6503 = DIRECTION('',(0.,0.595699304492,0.803207531481));
#6504 = DIRECTION('',(0.,0.803207531481,-0.595699304492));
#6505 = ADVANCED_FACE('',(#6506),#6531,.T.);
#6506 = FACE_BOUND('',#6507,.F.);
#6507 = EDGE_LOOP('',(#6508,#6509,#6517,#6525));
#6508 = ORIENTED_EDGE('',*,*,#6487,.T.);
#6509 = ORIENTED_EDGE('',*,*,#6510,.T.);
#6510 = EDGE_CURVE('',#6480,#6511,#6513,.T.);
#6511 = VERTEX_POINT('',#6512);
#6512 = CARTESIAN_POINT('',(5.575,40.946446609407,12.646446609407));
#6513 = LINE('',#6514,#6515);
#6514 = CARTESIAN_POINT('',(5.575,40.982803357918,12.613494773319));
#6515 = VECTOR('',#6516,1.);
#6516 = DIRECTION('',(0.,-0.740951125355,0.671558954847));
#6517 = ORIENTED_EDGE('',*,*,#6518,.F.);
#6518 = EDGE_CURVE('',#6519,#6511,#6521,.T.);
#6519 = VERTEX_POINT('',#6520);
#6520 = CARTESIAN_POINT('',(2.725,40.946446609407,12.646446609407));
#6521 = LINE('',#6522,#6523);
#6522 = CARTESIAN_POINT('',(2.725,40.946446609407,12.646446609407));
#6523 = VECTOR('',#6524,1.);
#6524 = DIRECTION('',(1.,0.,0.));
#6525 = ORIENTED_EDGE('',*,*,#6526,.F.);
#6526 = EDGE_CURVE('',#6488,#6519,#6527,.T.);
#6527 = LINE('',#6528,#6529);
#6528 = CARTESIAN_POINT('',(2.725,40.982803357918,12.613494773319));
#6529 = VECTOR('',#6530,1.);
#6530 = DIRECTION('',(0.,-0.740951125355,0.671558954847));
#6531 = PLANE('',#6532);
#6532 = AXIS2_PLACEMENT_3D('',#6533,#6534,#6535);
#6533 = CARTESIAN_POINT('',(2.725,40.982803357918,12.613494773319));
#6534 = DIRECTION('',(0.,0.671558954847,0.740951125355));
#6535 = DIRECTION('',(0.,0.740951125355,-0.671558954847));
#6536 = ADVANCED_FACE('',(#6537),#6562,.T.);
#6537 = FACE_BOUND('',#6538,.F.);
#6538 = EDGE_LOOP('',(#6539,#6540,#6548,#6556));
#6539 = ORIENTED_EDGE('',*,*,#6518,.T.);
#6540 = ORIENTED_EDGE('',*,*,#6541,.T.);
#6541 = EDGE_CURVE('',#6511,#6542,#6544,.T.);
#6542 = VERTEX_POINT('',#6543);
#6543 = CARTESIAN_POINT('',(5.575,40.913494773319,12.682803357918));
#6544 = LINE('',#6545,#6546);
#6545 = CARTESIAN_POINT('',(5.575,40.946446609407,12.646446609407));
#6546 = VECTOR('',#6547,1.);
#6547 = DIRECTION('',(0.,-0.671558954847,0.740951125355));
#6548 = ORIENTED_EDGE('',*,*,#6549,.F.);
#6549 = EDGE_CURVE('',#6550,#6542,#6552,.T.);
#6550 = VERTEX_POINT('',#6551);
#6551 = CARTESIAN_POINT('',(2.725,40.913494773319,12.682803357918));
#6552 = LINE('',#6553,#6554);
#6553 = CARTESIAN_POINT('',(2.725,40.913494773319,12.682803357918));
#6554 = VECTOR('',#6555,1.);
#6555 = DIRECTION('',(1.,0.,0.));
#6556 = ORIENTED_EDGE('',*,*,#6557,.F.);
#6557 = EDGE_CURVE('',#6519,#6550,#6558,.T.);
#6558 = LINE('',#6559,#6560);
#6559 = CARTESIAN_POINT('',(2.725,40.946446609407,12.646446609407));
#6560 = VECTOR('',#6561,1.);
#6561 = DIRECTION('',(0.,-0.671558954847,0.740951125355));
#6562 = PLANE('',#6563);
#6563 = AXIS2_PLACEMENT_3D('',#6564,#6565,#6566);
#6564 = CARTESIAN_POINT('',(2.725,40.946446609407,12.646446609407));
#6565 = DIRECTION('',(0.,0.740951125355,0.671558954847));
#6566 = DIRECTION('',(0.,0.671558954847,-0.740951125355));
#6567 = ADVANCED_FACE('',(#6568),#6593,.T.);
#6568 = FACE_BOUND('',#6569,.F.);
#6569 = EDGE_LOOP('',(#6570,#6571,#6579,#6587));
#6570 = ORIENTED_EDGE('',*,*,#6549,.T.);
#6571 = ORIENTED_EDGE('',*,*,#6572,.T.);
#6572 = EDGE_CURVE('',#6542,#6573,#6575,.T.);
#6573 = VERTEX_POINT('',#6574);
#6574 = CARTESIAN_POINT('',(5.575,40.884265193849,12.72221488349));
#6575 = LINE('',#6576,#6577);
#6576 = CARTESIAN_POINT('',(5.575,40.913494773319,12.682803357918));
#6577 = VECTOR('',#6578,1.);
#6578 = DIRECTION('',(0.,-0.595699304492,0.803207531481));
#6579 = ORIENTED_EDGE('',*,*,#6580,.F.);
#6580 = EDGE_CURVE('',#6581,#6573,#6583,.T.);
#6581 = VERTEX_POINT('',#6582);
#6582 = CARTESIAN_POINT('',(2.725,40.884265193849,12.72221488349));
#6583 = LINE('',#6584,#6585);
#6584 = CARTESIAN_POINT('',(2.725,40.884265193849,12.72221488349));
#6585 = VECTOR('',#6586,1.);
#6586 = DIRECTION('',(1.,0.,0.));
#6587 = ORIENTED_EDGE('',*,*,#6588,.F.);
#6588 = EDGE_CURVE('',#6550,#6581,#6589,.T.);
#6589 = LINE('',#6590,#6591);
#6590 = CARTESIAN_POINT('',(2.725,40.913494773319,12.682803357918));
#6591 = VECTOR('',#6592,1.);
#6592 = DIRECTION('',(0.,-0.595699304492,0.803207531481));
#6593 = PLANE('',#6594);
#6594 = AXIS2_PLACEMENT_3D('',#6595,#6596,#6597);
#6595 = CARTESIAN_POINT('',(2.725,40.913494773319,12.682803357918));
#6596 = DIRECTION('',(0.,0.803207531481,0.595699304492));
#6597 = DIRECTION('',(0.,0.595699304492,-0.803207531481));
#6598 = ADVANCED_FACE('',(#6599),#6624,.T.);
#6599 = FACE_BOUND('',#6600,.F.);
#6600 = EDGE_LOOP('',(#6601,#6602,#6610,#6618));
#6601 = ORIENTED_EDGE('',*,*,#6580,.T.);
#6602 = ORIENTED_EDGE('',*,*,#6603,.T.);
#6603 = EDGE_CURVE('',#6573,#6604,#6606,.T.);
#6604 = VERTEX_POINT('',#6605);
#6605 = CARTESIAN_POINT('',(5.575,40.859039367826,12.764301631587));
#6606 = LINE('',#6607,#6608);
#6607 = CARTESIAN_POINT('',(5.575,40.884265193849,12.72221488349));
#6608 = VECTOR('',#6609,1.);
#6609 = DIRECTION('',(0.,-0.514102744193,0.85772861));
#6610 = ORIENTED_EDGE('',*,*,#6611,.F.);
#6611 = EDGE_CURVE('',#6612,#6604,#6614,.T.);
#6612 = VERTEX_POINT('',#6613);
#6613 = CARTESIAN_POINT('',(2.725,40.859039367826,12.764301631587));
#6614 = LINE('',#6615,#6616);
#6615 = CARTESIAN_POINT('',(2.725,40.859039367826,12.764301631587));
#6616 = VECTOR('',#6617,1.);
#6617 = DIRECTION('',(1.,0.,0.));
#6618 = ORIENTED_EDGE('',*,*,#6619,.F.);
#6619 = EDGE_CURVE('',#6581,#6612,#6620,.T.);
#6620 = LINE('',#6621,#6622);
#6621 = CARTESIAN_POINT('',(2.725,40.884265193849,12.72221488349));
#6622 = VECTOR('',#6623,1.);
#6623 = DIRECTION('',(0.,-0.514102744193,0.85772861));
#6624 = PLANE('',#6625);
#6625 = AXIS2_PLACEMENT_3D('',#6626,#6627,#6628);
#6626 = CARTESIAN_POINT('',(2.725,40.884265193849,12.72221488349));
#6627 = DIRECTION('',(0.,0.85772861,0.514102744193));
#6628 = DIRECTION('',(0.,0.514102744193,-0.85772861));
#6629 = ADVANCED_FACE('',(#6630),#6655,.T.);
#6630 = FACE_BOUND('',#6631,.F.);
#6631 = EDGE_LOOP('',(#6632,#6633,#6641,#6649));
#6632 = ORIENTED_EDGE('',*,*,#6611,.T.);
#6633 = ORIENTED_EDGE('',*,*,#6634,.T.);
#6634 = EDGE_CURVE('',#6604,#6635,#6637,.T.);
#6635 = VERTEX_POINT('',#6636);
#6636 = CARTESIAN_POINT('',(5.575,40.838060233744,12.808658283817));
#6637 = LINE('',#6638,#6639);
#6638 = CARTESIAN_POINT('',(5.575,40.859039367826,12.764301631587));
#6639 = VECTOR('',#6640,1.);
#6640 = DIRECTION('',(0.,-0.42755509343,0.903989293123));
#6641 = ORIENTED_EDGE('',*,*,#6642,.F.);
#6642 = EDGE_CURVE('',#6643,#6635,#6645,.T.);
#6643 = VERTEX_POINT('',#6644);
#6644 = CARTESIAN_POINT('',(2.725,40.838060233744,12.808658283817));
#6645 = LINE('',#6646,#6647);
#6646 = CARTESIAN_POINT('',(2.725,40.838060233744,12.808658283817));
#6647 = VECTOR('',#6648,1.);
#6648 = DIRECTION('',(1.,0.,0.));
#6649 = ORIENTED_EDGE('',*,*,#6650,.F.);
#6650 = EDGE_CURVE('',#6612,#6643,#6651,.T.);
#6651 = LINE('',#6652,#6653);
#6652 = CARTESIAN_POINT('',(2.725,40.859039367826,12.764301631587));
#6653 = VECTOR('',#6654,1.);
#6654 = DIRECTION('',(0.,-0.42755509343,0.903989293123));
#6655 = PLANE('',#6656);
#6656 = AXIS2_PLACEMENT_3D('',#6657,#6658,#6659);
#6657 = CARTESIAN_POINT('',(2.725,40.859039367826,12.764301631587));
#6658 = DIRECTION('',(0.,0.903989293123,0.42755509343));
#6659 = DIRECTION('',(0.,0.42755509343,-0.903989293123));
#6660 = ADVANCED_FACE('',(#6661),#6686,.T.);
#6661 = FACE_BOUND('',#6662,.F.);
#6662 = EDGE_LOOP('',(#6663,#6664,#6672,#6680));
#6663 = ORIENTED_EDGE('',*,*,#6642,.T.);
#6664 = ORIENTED_EDGE('',*,*,#6665,.T.);
#6665 = EDGE_CURVE('',#6635,#6666,#6668,.T.);
#6666 = VERTEX_POINT('',#6667);
#6667 = CARTESIAN_POINT('',(5.575,40.821529832134,12.854857661373));
#6668 = LINE('',#6669,#6670);
#6669 = CARTESIAN_POINT('',(5.575,40.838060233744,12.808658283817));
#6670 = VECTOR('',#6671,1.);
#6671 = DIRECTION('',(0.,-0.336889853392,0.941544065183));
#6672 = ORIENTED_EDGE('',*,*,#6673,.F.);
#6673 = EDGE_CURVE('',#6674,#6666,#6676,.T.);
#6674 = VERTEX_POINT('',#6675);
#6675 = CARTESIAN_POINT('',(2.725,40.821529832134,12.854857661373));
#6676 = LINE('',#6677,#6678);
#6677 = CARTESIAN_POINT('',(2.725,40.821529832134,12.854857661373));
#6678 = VECTOR('',#6679,1.);
#6679 = DIRECTION('',(1.,0.,0.));
#6680 = ORIENTED_EDGE('',*,*,#6681,.F.);
#6681 = EDGE_CURVE('',#6643,#6674,#6682,.T.);
#6682 = LINE('',#6683,#6684);
#6683 = CARTESIAN_POINT('',(2.725,40.838060233744,12.808658283817));
#6684 = VECTOR('',#6685,1.);
#6685 = DIRECTION('',(0.,-0.336889853392,0.941544065183));
#6686 = PLANE('',#6687);
#6687 = AXIS2_PLACEMENT_3D('',#6688,#6689,#6690);
#6688 = CARTESIAN_POINT('',(2.725,40.838060233744,12.808658283817));
#6689 = DIRECTION('',(0.,0.941544065183,0.336889853392));
#6690 = DIRECTION('',(0.,0.336889853392,-0.941544065183));
#6691 = ADVANCED_FACE('',(#6692),#6717,.T.);
#6692 = FACE_BOUND('',#6693,.F.);
#6693 = EDGE_LOOP('',(#6694,#6695,#6703,#6711));
#6694 = ORIENTED_EDGE('',*,*,#6673,.T.);
#6695 = ORIENTED_EDGE('',*,*,#6696,.T.);
#6696 = EDGE_CURVE('',#6666,#6697,#6699,.T.);
#6697 = VERTEX_POINT('',#6698);
#6698 = CARTESIAN_POINT('',(5.575,40.809607359798,12.902454838992));
#6699 = LINE('',#6700,#6701);
#6700 = CARTESIAN_POINT('',(5.575,40.821529832134,12.854857661373));
#6701 = VECTOR('',#6702,1.);
#6702 = DIRECTION('',(0.,-0.242980179903,0.970031253195));
#6703 = ORIENTED_EDGE('',*,*,#6704,.F.);
#6704 = EDGE_CURVE('',#6705,#6697,#6707,.T.);
#6705 = VERTEX_POINT('',#6706);
#6706 = CARTESIAN_POINT('',(2.725,40.809607359798,12.902454838992));
#6707 = LINE('',#6708,#6709);
#6708 = CARTESIAN_POINT('',(2.725,40.809607359798,12.902454838992));
#6709 = VECTOR('',#6710,1.);
#6710 = DIRECTION('',(1.,0.,0.));
#6711 = ORIENTED_EDGE('',*,*,#6712,.F.);
#6712 = EDGE_CURVE('',#6674,#6705,#6713,.T.);
#6713 = LINE('',#6714,#6715);
#6714 = CARTESIAN_POINT('',(2.725,40.821529832134,12.854857661373));
#6715 = VECTOR('',#6716,1.);
#6716 = DIRECTION('',(0.,-0.242980179903,0.970031253195));
#6717 = PLANE('',#6718);
#6718 = AXIS2_PLACEMENT_3D('',#6719,#6720,#6721);
#6719 = CARTESIAN_POINT('',(2.725,40.821529832134,12.854857661373));
#6720 = DIRECTION('',(0.,0.970031253195,0.242980179903));
#6721 = DIRECTION('',(0.,0.242980179903,-0.970031253195));
#6722 = ADVANCED_FACE('',(#6723),#6748,.T.);
#6723 = FACE_BOUND('',#6724,.F.);
#6724 = EDGE_LOOP('',(#6725,#6726,#6734,#6742));
#6725 = ORIENTED_EDGE('',*,*,#6704,.T.);
#6726 = ORIENTED_EDGE('',*,*,#6727,.T.);
#6727 = EDGE_CURVE('',#6697,#6728,#6730,.T.);
#6728 = VERTEX_POINT('',#6729);
#6729 = CARTESIAN_POINT('',(5.575,40.802407636664,12.950991429835));
#6730 = LINE('',#6731,#6732);
#6731 = CARTESIAN_POINT('',(5.575,40.809607359798,12.902454838992));
#6732 = VECTOR('',#6733,1.);
#6733 = DIRECTION('',(0.,-0.146730474455,0.989176509965));
#6734 = ORIENTED_EDGE('',*,*,#6735,.F.);
#6735 = EDGE_CURVE('',#6736,#6728,#6738,.T.);
#6736 = VERTEX_POINT('',#6737);
#6737 = CARTESIAN_POINT('',(2.725,40.802407636664,12.950991429835));
#6738 = LINE('',#6739,#6740);
#6739 = CARTESIAN_POINT('',(2.725,40.802407636664,12.950991429835));
#6740 = VECTOR('',#6741,1.);
#6741 = DIRECTION('',(1.,0.,0.));
#6742 = ORIENTED_EDGE('',*,*,#6743,.F.);
#6743 = EDGE_CURVE('',#6705,#6736,#6744,.T.);
#6744 = LINE('',#6745,#6746);
#6745 = CARTESIAN_POINT('',(2.725,40.809607359798,12.902454838992));
#6746 = VECTOR('',#6747,1.);
#6747 = DIRECTION('',(0.,-0.146730474455,0.989176509965));
#6748 = PLANE('',#6749);
#6749 = AXIS2_PLACEMENT_3D('',#6750,#6751,#6752);
#6750 = CARTESIAN_POINT('',(2.725,40.809607359798,12.902454838992));
#6751 = DIRECTION('',(0.,0.989176509965,0.146730474455));
#6752 = DIRECTION('',(0.,0.146730474455,-0.989176509965));
#6753 = ADVANCED_FACE('',(#6754),#6779,.T.);
#6754 = FACE_BOUND('',#6755,.F.);
#6755 = EDGE_LOOP('',(#6756,#6757,#6765,#6773));
#6756 = ORIENTED_EDGE('',*,*,#6735,.T.);
#6757 = ORIENTED_EDGE('',*,*,#6758,.T.);
#6758 = EDGE_CURVE('',#6728,#6759,#6761,.T.);
#6759 = VERTEX_POINT('',#6760);
#6760 = CARTESIAN_POINT('',(5.575,40.8,13.));
#6761 = LINE('',#6762,#6763);
#6762 = CARTESIAN_POINT('',(5.575,40.802407636664,12.950991429835));
#6763 = VECTOR('',#6764,1.);
#6764 = DIRECTION('',(0.,-4.906767432742E-02,0.998795456205));
#6765 = ORIENTED_EDGE('',*,*,#6766,.F.);
#6766 = EDGE_CURVE('',#6767,#6759,#6769,.T.);
#6767 = VERTEX_POINT('',#6768);
#6768 = CARTESIAN_POINT('',(2.725,40.8,13.));
#6769 = LINE('',#6770,#6771);
#6770 = CARTESIAN_POINT('',(2.725,40.8,13.));
#6771 = VECTOR('',#6772,1.);
#6772 = DIRECTION('',(1.,0.,0.));
#6773 = ORIENTED_EDGE('',*,*,#6774,.F.);
#6774 = EDGE_CURVE('',#6736,#6767,#6775,.T.);
#6775 = LINE('',#6776,#6777);
#6776 = CARTESIAN_POINT('',(2.725,40.802407636664,12.950991429835));
#6777 = VECTOR('',#6778,1.);
#6778 = DIRECTION('',(0.,-4.906767432742E-02,0.998795456205));
#6779 = PLANE('',#6780);
#6780 = AXIS2_PLACEMENT_3D('',#6781,#6782,#6783);
#6781 = CARTESIAN_POINT('',(2.725,40.802407636664,12.950991429835));
#6782 = DIRECTION('',(0.,0.998795456205,4.906767432742E-02));
#6783 = DIRECTION('',(0.,4.906767432742E-02,-0.998795456205));
#6784 = ADVANCED_FACE('',(#6785),#6810,.T.);
#6785 = FACE_BOUND('',#6786,.F.);
#6786 = EDGE_LOOP('',(#6787,#6788,#6796,#6804));
#6787 = ORIENTED_EDGE('',*,*,#6766,.T.);
#6788 = ORIENTED_EDGE('',*,*,#6789,.T.);
#6789 = EDGE_CURVE('',#6759,#6790,#6792,.T.);
#6790 = VERTEX_POINT('',#6791);
#6791 = CARTESIAN_POINT('',(5.575,40.8,28.));
#6792 = LINE('',#6793,#6794);
#6793 = CARTESIAN_POINT('',(5.575,40.8,13.));
#6794 = VECTOR('',#6795,1.);
#6795 = DIRECTION('',(0.,0.,1.));
#6796 = ORIENTED_EDGE('',*,*,#6797,.F.);
#6797 = EDGE_CURVE('',#6798,#6790,#6800,.T.);
#6798 = VERTEX_POINT('',#6799);
#6799 = CARTESIAN_POINT('',(2.725,40.8,28.));
#6800 = LINE('',#6801,#6802);
#6801 = CARTESIAN_POINT('',(2.725,40.8,28.));
#6802 = VECTOR('',#6803,1.);
#6803 = DIRECTION('',(1.,0.,0.));
#6804 = ORIENTED_EDGE('',*,*,#6805,.F.);
#6805 = EDGE_CURVE('',#6767,#6798,#6806,.T.);
#6806 = LINE('',#6807,#6808);
#6807 = CARTESIAN_POINT('',(2.725,40.8,13.));
#6808 = VECTOR('',#6809,1.);
#6809 = DIRECTION('',(0.,0.,1.));
#6810 = PLANE('',#6811);
#6811 = AXIS2_PLACEMENT_3D('',#6812,#6813,#6814);
#6812 = CARTESIAN_POINT('',(2.725,40.8,13.));
#6813 = DIRECTION('',(0.,1.,0.));
#6814 = DIRECTION('',(0.,0.,-1.));
#6815 = ADVANCED_FACE('',(#6816),#6841,.T.);
#6816 = FACE_BOUND('',#6817,.F.);
#6817 = EDGE_LOOP('',(#6818,#6819,#6827,#6835));
#6818 = ORIENTED_EDGE('',*,*,#6797,.T.);
#6819 = ORIENTED_EDGE('',*,*,#6820,.T.);
#6820 = EDGE_CURVE('',#6790,#6821,#6823,.T.);
#6821 = VERTEX_POINT('',#6822);
#6822 = CARTESIAN_POINT('',(5.575,40.802407636664,28.049008570165));
#6823 = LINE('',#6824,#6825);
#6824 = CARTESIAN_POINT('',(5.575,40.8,28.));
#6825 = VECTOR('',#6826,1.);
#6826 = DIRECTION('',(0.,4.906767432742E-02,0.998795456205));
#6827 = ORIENTED_EDGE('',*,*,#6828,.F.);
#6828 = EDGE_CURVE('',#6829,#6821,#6831,.T.);
#6829 = VERTEX_POINT('',#6830);
#6830 = CARTESIAN_POINT('',(2.725,40.802407636664,28.049008570165));
#6831 = LINE('',#6832,#6833);
#6832 = CARTESIAN_POINT('',(2.725,40.802407636664,28.049008570165));
#6833 = VECTOR('',#6834,1.);
#6834 = DIRECTION('',(1.,0.,0.));
#6835 = ORIENTED_EDGE('',*,*,#6836,.F.);
#6836 = EDGE_CURVE('',#6798,#6829,#6837,.T.);
#6837 = LINE('',#6838,#6839);
#6838 = CARTESIAN_POINT('',(2.725,40.8,28.));
#6839 = VECTOR('',#6840,1.);
#6840 = DIRECTION('',(0.,4.906767432742E-02,0.998795456205));
#6841 = PLANE('',#6842);
#6842 = AXIS2_PLACEMENT_3D('',#6843,#6844,#6845);
#6843 = CARTESIAN_POINT('',(2.725,40.8,28.));
#6844 = DIRECTION('',(0.,0.998795456205,-4.906767432742E-02));
#6845 = DIRECTION('',(0.,-4.906767432742E-02,-0.998795456205));
#6846 = ADVANCED_FACE('',(#6847),#6872,.T.);
#6847 = FACE_BOUND('',#6848,.F.);
#6848 = EDGE_LOOP('',(#6849,#6850,#6858,#6866));
#6849 = ORIENTED_EDGE('',*,*,#6828,.T.);
#6850 = ORIENTED_EDGE('',*,*,#6851,.T.);
#6851 = EDGE_CURVE('',#6821,#6852,#6854,.T.);
#6852 = VERTEX_POINT('',#6853);
#6853 = CARTESIAN_POINT('',(5.575,40.809607359798,28.097545161008));
#6854 = LINE('',#6855,#6856);
#6855 = CARTESIAN_POINT('',(5.575,40.802407636664,28.049008570165));
#6856 = VECTOR('',#6857,1.);
#6857 = DIRECTION('',(0.,0.146730474455,0.989176509965));
#6858 = ORIENTED_EDGE('',*,*,#6859,.F.);
#6859 = EDGE_CURVE('',#6860,#6852,#6862,.T.);
#6860 = VERTEX_POINT('',#6861);
#6861 = CARTESIAN_POINT('',(2.725,40.809607359798,28.097545161008));
#6862 = LINE('',#6863,#6864);
#6863 = CARTESIAN_POINT('',(2.725,40.809607359798,28.097545161008));
#6864 = VECTOR('',#6865,1.);
#6865 = DIRECTION('',(1.,0.,0.));
#6866 = ORIENTED_EDGE('',*,*,#6867,.F.);
#6867 = EDGE_CURVE('',#6829,#6860,#6868,.T.);
#6868 = LINE('',#6869,#6870);
#6869 = CARTESIAN_POINT('',(2.725,40.802407636664,28.049008570165));
#6870 = VECTOR('',#6871,1.);
#6871 = DIRECTION('',(0.,0.146730474455,0.989176509965));
#6872 = PLANE('',#6873);
#6873 = AXIS2_PLACEMENT_3D('',#6874,#6875,#6876);
#6874 = CARTESIAN_POINT('',(2.725,40.802407636664,28.049008570165));
#6875 = DIRECTION('',(0.,0.989176509965,-0.146730474455));
#6876 = DIRECTION('',(0.,-0.146730474455,-0.989176509965));
#6877 = ADVANCED_FACE('',(#6878),#6903,.T.);
#6878 = FACE_BOUND('',#6879,.F.);
#6879 = EDGE_LOOP('',(#6880,#6881,#6889,#6897));
#6880 = ORIENTED_EDGE('',*,*,#6859,.T.);
#6881 = ORIENTED_EDGE('',*,*,#6882,.T.);
#6882 = EDGE_CURVE('',#6852,#6883,#6885,.T.);
#6883 = VERTEX_POINT('',#6884);
#6884 = CARTESIAN_POINT('',(5.575,40.821529832134,28.145142338627));
#6885 = LINE('',#6886,#6887);
#6886 = CARTESIAN_POINT('',(5.575,40.809607359798,28.097545161008));
#6887 = VECTOR('',#6888,1.);
#6888 = DIRECTION('',(0.,0.242980179903,0.970031253195));
#6889 = ORIENTED_EDGE('',*,*,#6890,.F.);
#6890 = EDGE_CURVE('',#6891,#6883,#6893,.T.);
#6891 = VERTEX_POINT('',#6892);
#6892 = CARTESIAN_POINT('',(2.725,40.821529832134,28.145142338627));
#6893 = LINE('',#6894,#6895);
#6894 = CARTESIAN_POINT('',(2.725,40.821529832134,28.145142338627));
#6895 = VECTOR('',#6896,1.);
#6896 = DIRECTION('',(1.,0.,0.));
#6897 = ORIENTED_EDGE('',*,*,#6898,.F.);
#6898 = EDGE_CURVE('',#6860,#6891,#6899,.T.);
#6899 = LINE('',#6900,#6901);
#6900 = CARTESIAN_POINT('',(2.725,40.809607359798,28.097545161008));
#6901 = VECTOR('',#6902,1.);
#6902 = DIRECTION('',(0.,0.242980179903,0.970031253195));
#6903 = PLANE('',#6904);
#6904 = AXIS2_PLACEMENT_3D('',#6905,#6906,#6907);
#6905 = CARTESIAN_POINT('',(2.725,40.809607359798,28.097545161008));
#6906 = DIRECTION('',(0.,0.970031253195,-0.242980179903));
#6907 = DIRECTION('',(0.,-0.242980179903,-0.970031253195));
#6908 = ADVANCED_FACE('',(#6909),#6934,.T.);
#6909 = FACE_BOUND('',#6910,.F.);
#6910 = EDGE_LOOP('',(#6911,#6912,#6920,#6928));
#6911 = ORIENTED_EDGE('',*,*,#6890,.T.);
#6912 = ORIENTED_EDGE('',*,*,#6913,.T.);
#6913 = EDGE_CURVE('',#6883,#6914,#6916,.T.);
#6914 = VERTEX_POINT('',#6915);
#6915 = CARTESIAN_POINT('',(5.575,40.838060233744,28.191341716183));
#6916 = LINE('',#6917,#6918);
#6917 = CARTESIAN_POINT('',(5.575,40.821529832134,28.145142338627));
#6918 = VECTOR('',#6919,1.);
#6919 = DIRECTION('',(0.,0.336889853392,0.941544065183));
#6920 = ORIENTED_EDGE('',*,*,#6921,.F.);
#6921 = EDGE_CURVE('',#6922,#6914,#6924,.T.);
#6922 = VERTEX_POINT('',#6923);
#6923 = CARTESIAN_POINT('',(2.725,40.838060233744,28.191341716183));
#6924 = LINE('',#6925,#6926);
#6925 = CARTESIAN_POINT('',(2.725,40.838060233744,28.191341716183));
#6926 = VECTOR('',#6927,1.);
#6927 = DIRECTION('',(1.,0.,0.));
#6928 = ORIENTED_EDGE('',*,*,#6929,.F.);
#6929 = EDGE_CURVE('',#6891,#6922,#6930,.T.);
#6930 = LINE('',#6931,#6932);
#6931 = CARTESIAN_POINT('',(2.725,40.821529832134,28.145142338627));
#6932 = VECTOR('',#6933,1.);
#6933 = DIRECTION('',(0.,0.336889853392,0.941544065183));
#6934 = PLANE('',#6935);
#6935 = AXIS2_PLACEMENT_3D('',#6936,#6937,#6938);
#6936 = CARTESIAN_POINT('',(2.725,40.821529832134,28.145142338627));
#6937 = DIRECTION('',(0.,0.941544065183,-0.336889853392));
#6938 = DIRECTION('',(0.,-0.336889853392,-0.941544065183));
#6939 = ADVANCED_FACE('',(#6940),#6965,.T.);
#6940 = FACE_BOUND('',#6941,.F.);
#6941 = EDGE_LOOP('',(#6942,#6943,#6951,#6959));
#6942 = ORIENTED_EDGE('',*,*,#6921,.T.);
#6943 = ORIENTED_EDGE('',*,*,#6944,.T.);
#6944 = EDGE_CURVE('',#6914,#6945,#6947,.T.);
#6945 = VERTEX_POINT('',#6946);
#6946 = CARTESIAN_POINT('',(5.575,40.859039367826,28.235698368413));
#6947 = LINE('',#6948,#6949);
#6948 = CARTESIAN_POINT('',(5.575,40.838060233744,28.191341716183));
#6949 = VECTOR('',#6950,1.);
#6950 = DIRECTION('',(0.,0.42755509343,0.903989293123));
#6951 = ORIENTED_EDGE('',*,*,#6952,.F.);
#6952 = EDGE_CURVE('',#6953,#6945,#6955,.T.);
#6953 = VERTEX_POINT('',#6954);
#6954 = CARTESIAN_POINT('',(2.725,40.859039367826,28.235698368413));
#6955 = LINE('',#6956,#6957);
#6956 = CARTESIAN_POINT('',(2.725,40.859039367826,28.235698368413));
#6957 = VECTOR('',#6958,1.);
#6958 = DIRECTION('',(1.,0.,0.));
#6959 = ORIENTED_EDGE('',*,*,#6960,.F.);
#6960 = EDGE_CURVE('',#6922,#6953,#6961,.T.);
#6961 = LINE('',#6962,#6963);
#6962 = CARTESIAN_POINT('',(2.725,40.838060233744,28.191341716183));
#6963 = VECTOR('',#6964,1.);
#6964 = DIRECTION('',(0.,0.42755509343,0.903989293123));
#6965 = PLANE('',#6966);
#6966 = AXIS2_PLACEMENT_3D('',#6967,#6968,#6969);
#6967 = CARTESIAN_POINT('',(2.725,40.838060233744,28.191341716183));
#6968 = DIRECTION('',(0.,0.903989293123,-0.42755509343));
#6969 = DIRECTION('',(0.,-0.42755509343,-0.903989293123));
#6970 = ADVANCED_FACE('',(#6971),#6996,.T.);
#6971 = FACE_BOUND('',#6972,.F.);
#6972 = EDGE_LOOP('',(#6973,#6974,#6982,#6990));
#6973 = ORIENTED_EDGE('',*,*,#6952,.T.);
#6974 = ORIENTED_EDGE('',*,*,#6975,.T.);
#6975 = EDGE_CURVE('',#6945,#6976,#6978,.T.);
#6976 = VERTEX_POINT('',#6977);
#6977 = CARTESIAN_POINT('',(5.575,40.884265193849,28.27778511651));
#6978 = LINE('',#6979,#6980);
#6979 = CARTESIAN_POINT('',(5.575,40.859039367826,28.235698368413));
#6980 = VECTOR('',#6981,1.);
#6981 = DIRECTION('',(0.,0.514102744193,0.85772861));
#6982 = ORIENTED_EDGE('',*,*,#6983,.F.);
#6983 = EDGE_CURVE('',#6984,#6976,#6986,.T.);
#6984 = VERTEX_POINT('',#6985);
#6985 = CARTESIAN_POINT('',(2.725,40.884265193849,28.27778511651));
#6986 = LINE('',#6987,#6988);
#6987 = CARTESIAN_POINT('',(2.725,40.884265193849,28.27778511651));
#6988 = VECTOR('',#6989,1.);
#6989 = DIRECTION('',(1.,0.,0.));
#6990 = ORIENTED_EDGE('',*,*,#6991,.F.);
#6991 = EDGE_CURVE('',#6953,#6984,#6992,.T.);
#6992 = LINE('',#6993,#6994);
#6993 = CARTESIAN_POINT('',(2.725,40.859039367826,28.235698368413));
#6994 = VECTOR('',#6995,1.);
#6995 = DIRECTION('',(0.,0.514102744193,0.85772861));
#6996 = PLANE('',#6997);
#6997 = AXIS2_PLACEMENT_3D('',#6998,#6999,#7000);
#6998 = CARTESIAN_POINT('',(2.725,40.859039367826,28.235698368413));
#6999 = DIRECTION('',(0.,0.85772861,-0.514102744193));
#7000 = DIRECTION('',(0.,-0.514102744193,-0.85772861));
#7001 = ADVANCED_FACE('',(#7002),#7027,.T.);
#7002 = FACE_BOUND('',#7003,.F.);
#7003 = EDGE_LOOP('',(#7004,#7005,#7013,#7021));
#7004 = ORIENTED_EDGE('',*,*,#6983,.T.);
#7005 = ORIENTED_EDGE('',*,*,#7006,.T.);
#7006 = EDGE_CURVE('',#6976,#7007,#7009,.T.);
#7007 = VERTEX_POINT('',#7008);
#7008 = CARTESIAN_POINT('',(5.575,40.913494773319,28.317196642082));
#7009 = LINE('',#7010,#7011);
#7010 = CARTESIAN_POINT('',(5.575,40.884265193849,28.27778511651));
#7011 = VECTOR('',#7012,1.);
#7012 = DIRECTION('',(0.,0.595699304492,0.803207531481));
#7013 = ORIENTED_EDGE('',*,*,#7014,.F.);
#7014 = EDGE_CURVE('',#7015,#7007,#7017,.T.);
#7015 = VERTEX_POINT('',#7016);
#7016 = CARTESIAN_POINT('',(2.725,40.913494773319,28.317196642082));
#7017 = LINE('',#7018,#7019);
#7018 = CARTESIAN_POINT('',(2.725,40.913494773319,28.317196642082));
#7019 = VECTOR('',#7020,1.);
#7020 = DIRECTION('',(1.,0.,0.));
#7021 = ORIENTED_EDGE('',*,*,#7022,.F.);
#7022 = EDGE_CURVE('',#6984,#7015,#7023,.T.);
#7023 = LINE('',#7024,#7025);
#7024 = CARTESIAN_POINT('',(2.725,40.884265193849,28.27778511651));
#7025 = VECTOR('',#7026,1.);
#7026 = DIRECTION('',(0.,0.595699304492,0.803207531481));
#7027 = PLANE('',#7028);
#7028 = AXIS2_PLACEMENT_3D('',#7029,#7030,#7031);
#7029 = CARTESIAN_POINT('',(2.725,40.884265193849,28.27778511651));
#7030 = DIRECTION('',(0.,0.803207531481,-0.595699304492));
#7031 = DIRECTION('',(0.,-0.595699304492,-0.803207531481));
#7032 = ADVANCED_FACE('',(#7033),#7058,.T.);
#7033 = FACE_BOUND('',#7034,.F.);
#7034 = EDGE_LOOP('',(#7035,#7036,#7044,#7052));
#7035 = ORIENTED_EDGE('',*,*,#7014,.T.);
#7036 = ORIENTED_EDGE('',*,*,#7037,.T.);
#7037 = EDGE_CURVE('',#7007,#7038,#7040,.T.);
#7038 = VERTEX_POINT('',#7039);
#7039 = CARTESIAN_POINT('',(5.575,40.946446609407,28.353553390593));
#7040 = LINE('',#7041,#7042);
#7041 = CARTESIAN_POINT('',(5.575,40.913494773319,28.317196642082));
#7042 = VECTOR('',#7043,1.);
#7043 = DIRECTION('',(0.,0.671558954847,0.740951125355));
#7044 = ORIENTED_EDGE('',*,*,#7045,.F.);
#7045 = EDGE_CURVE('',#7046,#7038,#7048,.T.);
#7046 = VERTEX_POINT('',#7047);
#7047 = CARTESIAN_POINT('',(2.725,40.946446609407,28.353553390593));
#7048 = LINE('',#7049,#7050);
#7049 = CARTESIAN_POINT('',(2.725,40.946446609407,28.353553390593));
#7050 = VECTOR('',#7051,1.);
#7051 = DIRECTION('',(1.,0.,0.));
#7052 = ORIENTED_EDGE('',*,*,#7053,.F.);
#7053 = EDGE_CURVE('',#7015,#7046,#7054,.T.);
#7054 = LINE('',#7055,#7056);
#7055 = CARTESIAN_POINT('',(2.725,40.913494773319,28.317196642082));
#7056 = VECTOR('',#7057,1.);
#7057 = DIRECTION('',(0.,0.671558954847,0.740951125355));
#7058 = PLANE('',#7059);
#7059 = AXIS2_PLACEMENT_3D('',#7060,#7061,#7062);
#7060 = CARTESIAN_POINT('',(2.725,40.913494773319,28.317196642082));
#7061 = DIRECTION('',(0.,0.740951125355,-0.671558954847));
#7062 = DIRECTION('',(0.,-0.671558954847,-0.740951125355));
#7063 = ADVANCED_FACE('',(#7064),#7089,.T.);
#7064 = FACE_BOUND('',#7065,.F.);
#7065 = EDGE_LOOP('',(#7066,#7067,#7075,#7083));
#7066 = ORIENTED_EDGE('',*,*,#7045,.T.);
#7067 = ORIENTED_EDGE('',*,*,#7068,.T.);
#7068 = EDGE_CURVE('',#7038,#7069,#7071,.T.);
#7069 = VERTEX_POINT('',#7070);
#7070 = CARTESIAN_POINT('',(5.575,40.982803357918,28.386505226681));
#7071 = LINE('',#7072,#7073);
#7072 = CARTESIAN_POINT('',(5.575,40.946446609407,28.353553390593));
#7073 = VECTOR('',#7074,1.);
#7074 = DIRECTION('',(0.,0.740951125355,0.671558954847));
#7075 = ORIENTED_EDGE('',*,*,#7076,.F.);
#7076 = EDGE_CURVE('',#7077,#7069,#7079,.T.);
#7077 = VERTEX_POINT('',#7078);
#7078 = CARTESIAN_POINT('',(2.725,40.982803357918,28.386505226681));
#7079 = LINE('',#7080,#7081);
#7080 = CARTESIAN_POINT('',(2.725,40.982803357918,28.386505226681));
#7081 = VECTOR('',#7082,1.);
#7082 = DIRECTION('',(1.,0.,0.));
#7083 = ORIENTED_EDGE('',*,*,#7084,.F.);
#7084 = EDGE_CURVE('',#7046,#7077,#7085,.T.);
#7085 = LINE('',#7086,#7087);
#7086 = CARTESIAN_POINT('',(2.725,40.946446609407,28.353553390593));
#7087 = VECTOR('',#7088,1.);
#7088 = DIRECTION('',(0.,0.740951125355,0.671558954847));
#7089 = PLANE('',#7090);
#7090 = AXIS2_PLACEMENT_3D('',#7091,#7092,#7093);
#7091 = CARTESIAN_POINT('',(2.725,40.946446609407,28.353553390593));
#7092 = DIRECTION('',(0.,0.671558954847,-0.740951125355));
#7093 = DIRECTION('',(0.,-0.740951125355,-0.671558954847));
#7094 = ADVANCED_FACE('',(#7095),#7120,.T.);
#7095 = FACE_BOUND('',#7096,.F.);
#7096 = EDGE_LOOP('',(#7097,#7098,#7106,#7114));
#7097 = ORIENTED_EDGE('',*,*,#7076,.T.);
#7098 = ORIENTED_EDGE('',*,*,#7099,.T.);
#7099 = EDGE_CURVE('',#7069,#7100,#7102,.T.);
#7100 = VERTEX_POINT('',#7101);
#7101 = CARTESIAN_POINT('',(5.575,41.02221488349,28.415734806151));
#7102 = LINE('',#7103,#7104);
#7103 = CARTESIAN_POINT('',(5.575,40.982803357918,28.386505226681));
#7104 = VECTOR('',#7105,1.);
#7105 = DIRECTION('',(0.,0.803207531481,0.595699304492));
#7106 = ORIENTED_EDGE('',*,*,#7107,.F.);
#7107 = EDGE_CURVE('',#7108,#7100,#7110,.T.);
#7108 = VERTEX_POINT('',#7109);
#7109 = CARTESIAN_POINT('',(2.725,41.02221488349,28.415734806151));
#7110 = LINE('',#7111,#7112);
#7111 = CARTESIAN_POINT('',(2.725,41.02221488349,28.415734806151));
#7112 = VECTOR('',#7113,1.);
#7113 = DIRECTION('',(1.,0.,0.));
#7114 = ORIENTED_EDGE('',*,*,#7115,.F.);
#7115 = EDGE_CURVE('',#7077,#7108,#7116,.T.);
#7116 = LINE('',#7117,#7118);
#7117 = CARTESIAN_POINT('',(2.725,40.982803357918,28.386505226681));
#7118 = VECTOR('',#7119,1.);
#7119 = DIRECTION('',(0.,0.803207531481,0.595699304492));
#7120 = PLANE('',#7121);
#7121 = AXIS2_PLACEMENT_3D('',#7122,#7123,#7124);
#7122 = CARTESIAN_POINT('',(2.725,40.982803357918,28.386505226681));
#7123 = DIRECTION('',(0.,0.595699304492,-0.803207531481));
#7124 = DIRECTION('',(0.,-0.803207531481,-0.595699304492));
#7125 = ADVANCED_FACE('',(#7126),#7151,.T.);
#7126 = FACE_BOUND('',#7127,.F.);
#7127 = EDGE_LOOP('',(#7128,#7129,#7137,#7145));
#7128 = ORIENTED_EDGE('',*,*,#7107,.T.);
#7129 = ORIENTED_EDGE('',*,*,#7130,.T.);
#7130 = EDGE_CURVE('',#7100,#7131,#7133,.T.);
#7131 = VERTEX_POINT('',#7132);
#7132 = CARTESIAN_POINT('',(5.575,41.064301631587,28.440960632174));
#7133 = LINE('',#7134,#7135);
#7134 = CARTESIAN_POINT('',(5.575,41.02221488349,28.415734806151));
#7135 = VECTOR('',#7136,1.);
#7136 = DIRECTION('',(0.,0.85772861,0.514102744193));
#7137 = ORIENTED_EDGE('',*,*,#7138,.F.);
#7138 = EDGE_CURVE('',#7139,#7131,#7141,.T.);
#7139 = VERTEX_POINT('',#7140);
#7140 = CARTESIAN_POINT('',(2.725,41.064301631587,28.440960632174));
#7141 = LINE('',#7142,#7143);
#7142 = CARTESIAN_POINT('',(2.725,41.064301631587,28.440960632174));
#7143 = VECTOR('',#7144,1.);
#7144 = DIRECTION('',(1.,0.,0.));
#7145 = ORIENTED_EDGE('',*,*,#7146,.F.);
#7146 = EDGE_CURVE('',#7108,#7139,#7147,.T.);
#7147 = LINE('',#7148,#7149);
#7148 = CARTESIAN_POINT('',(2.725,41.02221488349,28.415734806151));
#7149 = VECTOR('',#7150,1.);
#7150 = DIRECTION('',(0.,0.85772861,0.514102744193));
#7151 = PLANE('',#7152);
#7152 = AXIS2_PLACEMENT_3D('',#7153,#7154,#7155);
#7153 = CARTESIAN_POINT('',(2.725,41.02221488349,28.415734806151));
#7154 = DIRECTION('',(0.,0.514102744193,-0.85772861));
#7155 = DIRECTION('',(0.,-0.85772861,-0.514102744193));
#7156 = ADVANCED_FACE('',(#7157),#7182,.T.);
#7157 = FACE_BOUND('',#7158,.F.);
#7158 = EDGE_LOOP('',(#7159,#7160,#7168,#7176));
#7159 = ORIENTED_EDGE('',*,*,#7138,.T.);
#7160 = ORIENTED_EDGE('',*,*,#7161,.T.);
#7161 = EDGE_CURVE('',#7131,#7162,#7164,.T.);
#7162 = VERTEX_POINT('',#7163);
#7163 = CARTESIAN_POINT('',(5.575,41.108658283817,28.461939766256));
#7164 = LINE('',#7165,#7166);
#7165 = CARTESIAN_POINT('',(5.575,41.064301631587,28.440960632174));
#7166 = VECTOR('',#7167,1.);
#7167 = DIRECTION('',(0.,0.903989293123,0.42755509343));
#7168 = ORIENTED_EDGE('',*,*,#7169,.F.);
#7169 = EDGE_CURVE('',#7170,#7162,#7172,.T.);
#7170 = VERTEX_POINT('',#7171);
#7171 = CARTESIAN_POINT('',(2.725,41.108658283817,28.461939766256));
#7172 = LINE('',#7173,#7174);
#7173 = CARTESIAN_POINT('',(2.725,41.108658283817,28.461939766256));
#7174 = VECTOR('',#7175,1.);
#7175 = DIRECTION('',(1.,0.,0.));
#7176 = ORIENTED_EDGE('',*,*,#7177,.F.);
#7177 = EDGE_CURVE('',#7139,#7170,#7178,.T.);
#7178 = LINE('',#7179,#7180);
#7179 = CARTESIAN_POINT('',(2.725,41.064301631587,28.440960632174));
#7180 = VECTOR('',#7181,1.);
#7181 = DIRECTION('',(0.,0.903989293123,0.42755509343));
#7182 = PLANE('',#7183);
#7183 = AXIS2_PLACEMENT_3D('',#7184,#7185,#7186);
#7184 = CARTESIAN_POINT('',(2.725,41.064301631587,28.440960632174));
#7185 = DIRECTION('',(0.,0.42755509343,-0.903989293123));
#7186 = DIRECTION('',(0.,-0.903989293123,-0.42755509343));
#7187 = ADVANCED_FACE('',(#7188),#7213,.T.);
#7188 = FACE_BOUND('',#7189,.F.);
#7189 = EDGE_LOOP('',(#7190,#7191,#7199,#7207));
#7190 = ORIENTED_EDGE('',*,*,#7169,.T.);
#7191 = ORIENTED_EDGE('',*,*,#7192,.T.);
#7192 = EDGE_CURVE('',#7162,#7193,#7195,.T.);
#7193 = VERTEX_POINT('',#7194);
#7194 = CARTESIAN_POINT('',(5.575,41.154857661373,28.478470167866));
#7195 = LINE('',#7196,#7197);
#7196 = CARTESIAN_POINT('',(5.575,41.108658283817,28.461939766256));
#7197 = VECTOR('',#7198,1.);
#7198 = DIRECTION('',(0.,0.941544065183,0.336889853392));
#7199 = ORIENTED_EDGE('',*,*,#7200,.F.);
#7200 = EDGE_CURVE('',#7201,#7193,#7203,.T.);
#7201 = VERTEX_POINT('',#7202);
#7202 = CARTESIAN_POINT('',(2.725,41.154857661373,28.478470167866));
#7203 = LINE('',#7204,#7205);
#7204 = CARTESIAN_POINT('',(2.725,41.154857661373,28.478470167866));
#7205 = VECTOR('',#7206,1.);
#7206 = DIRECTION('',(1.,0.,0.));
#7207 = ORIENTED_EDGE('',*,*,#7208,.F.);
#7208 = EDGE_CURVE('',#7170,#7201,#7209,.T.);
#7209 = LINE('',#7210,#7211);
#7210 = CARTESIAN_POINT('',(2.725,41.108658283817,28.461939766256));
#7211 = VECTOR('',#7212,1.);
#7212 = DIRECTION('',(0.,0.941544065183,0.336889853392));
#7213 = PLANE('',#7214);
#7214 = AXIS2_PLACEMENT_3D('',#7215,#7216,#7217);
#7215 = CARTESIAN_POINT('',(2.725,41.108658283817,28.461939766256));
#7216 = DIRECTION('',(0.,0.336889853392,-0.941544065183));
#7217 = DIRECTION('',(0.,-0.941544065183,-0.336889853392));
#7218 = ADVANCED_FACE('',(#7219),#7244,.T.);
#7219 = FACE_BOUND('',#7220,.F.);
#7220 = EDGE_LOOP('',(#7221,#7222,#7230,#7238));
#7221 = ORIENTED_EDGE('',*,*,#7200,.T.);
#7222 = ORIENTED_EDGE('',*,*,#7223,.T.);
#7223 = EDGE_CURVE('',#7193,#7224,#7226,.T.);
#7224 = VERTEX_POINT('',#7225);
#7225 = CARTESIAN_POINT('',(5.575,41.202454838992,28.490392640202));
#7226 = LINE('',#7227,#7228);
#7227 = CARTESIAN_POINT('',(5.575,41.154857661373,28.478470167866));
#7228 = VECTOR('',#7229,1.);
#7229 = DIRECTION('',(0.,0.970031253195,0.242980179903));
#7230 = ORIENTED_EDGE('',*,*,#7231,.F.);
#7231 = EDGE_CURVE('',#7232,#7224,#7234,.T.);
#7232 = VERTEX_POINT('',#7233);
#7233 = CARTESIAN_POINT('',(2.725,41.202454838992,28.490392640202));
#7234 = LINE('',#7235,#7236);
#7235 = CARTESIAN_POINT('',(2.725,41.202454838992,28.490392640202));
#7236 = VECTOR('',#7237,1.);
#7237 = DIRECTION('',(1.,0.,0.));
#7238 = ORIENTED_EDGE('',*,*,#7239,.F.);
#7239 = EDGE_CURVE('',#7201,#7232,#7240,.T.);
#7240 = LINE('',#7241,#7242);
#7241 = CARTESIAN_POINT('',(2.725,41.154857661373,28.478470167866));
#7242 = VECTOR('',#7243,1.);
#7243 = DIRECTION('',(0.,0.970031253195,0.242980179903));
#7244 = PLANE('',#7245);
#7245 = AXIS2_PLACEMENT_3D('',#7246,#7247,#7248);
#7246 = CARTESIAN_POINT('',(2.725,41.154857661373,28.478470167866));
#7247 = DIRECTION('',(0.,0.242980179903,-0.970031253195));
#7248 = DIRECTION('',(0.,-0.970031253195,-0.242980179903));
#7249 = ADVANCED_FACE('',(#7250),#7275,.T.);
#7250 = FACE_BOUND('',#7251,.F.);
#7251 = EDGE_LOOP('',(#7252,#7253,#7261,#7269));
#7252 = ORIENTED_EDGE('',*,*,#7231,.T.);
#7253 = ORIENTED_EDGE('',*,*,#7254,.T.);
#7254 = EDGE_CURVE('',#7224,#7255,#7257,.T.);
#7255 = VERTEX_POINT('',#7256);
#7256 = CARTESIAN_POINT('',(5.575,41.250991429835,28.497592363336));
#7257 = LINE('',#7258,#7259);
#7258 = CARTESIAN_POINT('',(5.575,41.202454838992,28.490392640202));
#7259 = VECTOR('',#7260,1.);
#7260 = DIRECTION('',(0.,0.989176509965,0.146730474455));
#7261 = ORIENTED_EDGE('',*,*,#7262,.F.);
#7262 = EDGE_CURVE('',#7263,#7255,#7265,.T.);
#7263 = VERTEX_POINT('',#7264);
#7264 = CARTESIAN_POINT('',(2.725,41.250991429835,28.497592363336));
#7265 = LINE('',#7266,#7267);
#7266 = CARTESIAN_POINT('',(2.725,41.250991429835,28.497592363336));
#7267 = VECTOR('',#7268,1.);
#7268 = DIRECTION('',(1.,0.,0.));
#7269 = ORIENTED_EDGE('',*,*,#7270,.F.);
#7270 = EDGE_CURVE('',#7232,#7263,#7271,.T.);
#7271 = LINE('',#7272,#7273);
#7272 = CARTESIAN_POINT('',(2.725,41.202454838992,28.490392640202));
#7273 = VECTOR('',#7274,1.);
#7274 = DIRECTION('',(0.,0.989176509965,0.146730474455));
#7275 = PLANE('',#7276);
#7276 = AXIS2_PLACEMENT_3D('',#7277,#7278,#7279);
#7277 = CARTESIAN_POINT('',(2.725,41.202454838992,28.490392640202));
#7278 = DIRECTION('',(0.,0.146730474455,-0.989176509965));
#7279 = DIRECTION('',(0.,-0.989176509965,-0.146730474455));
#7280 = ADVANCED_FACE('',(#7281),#7306,.T.);
#7281 = FACE_BOUND('',#7282,.F.);
#7282 = EDGE_LOOP('',(#7283,#7284,#7292,#7300));
#7283 = ORIENTED_EDGE('',*,*,#7262,.T.);
#7284 = ORIENTED_EDGE('',*,*,#7285,.T.);
#7285 = EDGE_CURVE('',#7255,#7286,#7288,.T.);
#7286 = VERTEX_POINT('',#7287);
#7287 = CARTESIAN_POINT('',(5.575,41.3,28.5));
#7288 = LINE('',#7289,#7290);
#7289 = CARTESIAN_POINT('',(5.575,41.250991429835,28.497592363336));
#7290 = VECTOR('',#7291,1.);
#7291 = DIRECTION('',(0.,0.998795456205,4.906767432742E-02));
#7292 = ORIENTED_EDGE('',*,*,#7293,.F.);
#7293 = EDGE_CURVE('',#7294,#7286,#7296,.T.);
#7294 = VERTEX_POINT('',#7295);
#7295 = CARTESIAN_POINT('',(2.725,41.3,28.5));
#7296 = LINE('',#7297,#7298);
#7297 = CARTESIAN_POINT('',(2.725,41.3,28.5));
#7298 = VECTOR('',#7299,1.);
#7299 = DIRECTION('',(1.,0.,0.));
#7300 = ORIENTED_EDGE('',*,*,#7301,.F.);
#7301 = EDGE_CURVE('',#7263,#7294,#7302,.T.);
#7302 = LINE('',#7303,#7304);
#7303 = CARTESIAN_POINT('',(2.725,41.250991429835,28.497592363336));
#7304 = VECTOR('',#7305,1.);
#7305 = DIRECTION('',(0.,0.998795456205,4.906767432742E-02));
#7306 = PLANE('',#7307);
#7307 = AXIS2_PLACEMENT_3D('',#7308,#7309,#7310);
#7308 = CARTESIAN_POINT('',(2.725,41.250991429835,28.497592363336));
#7309 = DIRECTION('',(0.,4.906767432742E-02,-0.998795456205));
#7310 = DIRECTION('',(0.,-0.998795456205,-4.906767432742E-02));
#7311 = ADVANCED_FACE('',(#7312),#7337,.T.);
#7312 = FACE_BOUND('',#7313,.F.);
#7313 = EDGE_LOOP('',(#7314,#7315,#7323,#7331));
#7314 = ORIENTED_EDGE('',*,*,#7293,.T.);
#7315 = ORIENTED_EDGE('',*,*,#7316,.T.);
#7316 = EDGE_CURVE('',#7286,#7317,#7319,.T.);
#7317 = VERTEX_POINT('',#7318);
#7318 = CARTESIAN_POINT('',(5.575,55.1,28.5));
#7319 = LINE('',#7320,#7321);
#7320 = CARTESIAN_POINT('',(5.575,41.3,28.5));
#7321 = VECTOR('',#7322,1.);
#7322 = DIRECTION('',(0.,1.,0.));
#7323 = ORIENTED_EDGE('',*,*,#7324,.F.);
#7324 = EDGE_CURVE('',#7325,#7317,#7327,.T.);
#7325 = VERTEX_POINT('',#7326);
#7326 = CARTESIAN_POINT('',(2.725,55.1,28.5));
#7327 = LINE('',#7328,#7329);
#7328 = CARTESIAN_POINT('',(2.725,55.1,28.5));
#7329 = VECTOR('',#7330,1.);
#7330 = DIRECTION('',(1.,0.,0.));
#7331 = ORIENTED_EDGE('',*,*,#7332,.F.);
#7332 = EDGE_CURVE('',#7294,#7325,#7333,.T.);
#7333 = LINE('',#7334,#7335);
#7334 = CARTESIAN_POINT('',(2.725,41.3,28.5));
#7335 = VECTOR('',#7336,1.);
#7336 = DIRECTION('',(0.,1.,0.));
#7337 = PLANE('',#7338);
#7338 = AXIS2_PLACEMENT_3D('',#7339,#7340,#7341);
#7339 = CARTESIAN_POINT('',(2.725,41.3,28.5));
#7340 = DIRECTION('',(-0.,-0.,-1.));
#7341 = DIRECTION('',(0.,-1.,0.));
#7342 = ADVANCED_FACE('',(#7343),#7368,.T.);
#7343 = FACE_BOUND('',#7344,.F.);
#7344 = EDGE_LOOP('',(#7345,#7346,#7354,#7362));
#7345 = ORIENTED_EDGE('',*,*,#7324,.T.);
#7346 = ORIENTED_EDGE('',*,*,#7347,.T.);
#7347 = EDGE_CURVE('',#7317,#7348,#7350,.T.);
#7348 = VERTEX_POINT('',#7349);
#7349 = CARTESIAN_POINT('',(5.575,55.149008570165,28.497592363336));
#7350 = LINE('',#7351,#7352);
#7351 = CARTESIAN_POINT('',(5.575,55.1,28.5));
#7352 = VECTOR('',#7353,1.);
#7353 = DIRECTION('',(0.,0.998795456205,-4.906767432742E-02));
#7354 = ORIENTED_EDGE('',*,*,#7355,.F.);
#7355 = EDGE_CURVE('',#7356,#7348,#7358,.T.);
#7356 = VERTEX_POINT('',#7357);
#7357 = CARTESIAN_POINT('',(2.725,55.149008570165,28.497592363336));
#7358 = LINE('',#7359,#7360);
#7359 = CARTESIAN_POINT('',(2.725,55.149008570165,28.497592363336));
#7360 = VECTOR('',#7361,1.);
#7361 = DIRECTION('',(1.,0.,0.));
#7362 = ORIENTED_EDGE('',*,*,#7363,.F.);
#7363 = EDGE_CURVE('',#7325,#7356,#7364,.T.);
#7364 = LINE('',#7365,#7366);
#7365 = CARTESIAN_POINT('',(2.725,55.1,28.5));
#7366 = VECTOR('',#7367,1.);
#7367 = DIRECTION('',(0.,0.998795456205,-4.906767432742E-02));
#7368 = PLANE('',#7369);
#7369 = AXIS2_PLACEMENT_3D('',#7370,#7371,#7372);
#7370 = CARTESIAN_POINT('',(2.725,55.1,28.5));
#7371 = DIRECTION('',(-0.,-4.906767432742E-02,-0.998795456205));
#7372 = DIRECTION('',(0.,-0.998795456205,4.906767432742E-02));
#7373 = ADVANCED_FACE('',(#7374),#7399,.T.);
#7374 = FACE_BOUND('',#7375,.F.);
#7375 = EDGE_LOOP('',(#7376,#7377,#7385,#7393));
#7376 = ORIENTED_EDGE('',*,*,#7355,.T.);
#7377 = ORIENTED_EDGE('',*,*,#7378,.T.);
#7378 = EDGE_CURVE('',#7348,#7379,#7381,.T.);
#7379 = VERTEX_POINT('',#7380);
#7380 = CARTESIAN_POINT('',(5.575,55.197545161008,28.490392640202));
#7381 = LINE('',#7382,#7383);
#7382 = CARTESIAN_POINT('',(5.575,55.149008570165,28.497592363336));
#7383 = VECTOR('',#7384,1.);
#7384 = DIRECTION('',(0.,0.989176509965,-0.146730474455));
#7385 = ORIENTED_EDGE('',*,*,#7386,.F.);
#7386 = EDGE_CURVE('',#7387,#7379,#7389,.T.);
#7387 = VERTEX_POINT('',#7388);
#7388 = CARTESIAN_POINT('',(2.725,55.197545161008,28.490392640202));
#7389 = LINE('',#7390,#7391);
#7390 = CARTESIAN_POINT('',(2.725,55.197545161008,28.490392640202));
#7391 = VECTOR('',#7392,1.);
#7392 = DIRECTION('',(1.,0.,0.));
#7393 = ORIENTED_EDGE('',*,*,#7394,.F.);
#7394 = EDGE_CURVE('',#7356,#7387,#7395,.T.);
#7395 = LINE('',#7396,#7397);
#7396 = CARTESIAN_POINT('',(2.725,55.149008570165,28.497592363336));
#7397 = VECTOR('',#7398,1.);
#7398 = DIRECTION('',(0.,0.989176509965,-0.146730474455));
#7399 = PLANE('',#7400);
#7400 = AXIS2_PLACEMENT_3D('',#7401,#7402,#7403);
#7401 = CARTESIAN_POINT('',(2.725,55.149008570165,28.497592363336));
#7402 = DIRECTION('',(-0.,-0.146730474455,-0.989176509965));
#7403 = DIRECTION('',(0.,-0.989176509965,0.146730474455));
#7404 = ADVANCED_FACE('',(#7405),#7430,.T.);
#7405 = FACE_BOUND('',#7406,.F.);
#7406 = EDGE_LOOP('',(#7407,#7408,#7416,#7424));
#7407 = ORIENTED_EDGE('',*,*,#7386,.T.);
#7408 = ORIENTED_EDGE('',*,*,#7409,.T.);
#7409 = EDGE_CURVE('',#7379,#7410,#7412,.T.);
#7410 = VERTEX_POINT('',#7411);
#7411 = CARTESIAN_POINT('',(5.575,55.245142338627,28.478470167866));
#7412 = LINE('',#7413,#7414);
#7413 = CARTESIAN_POINT('',(5.575,55.197545161008,28.490392640202));
#7414 = VECTOR('',#7415,1.);
#7415 = DIRECTION('',(0.,0.970031253195,-0.242980179903));
#7416 = ORIENTED_EDGE('',*,*,#7417,.F.);
#7417 = EDGE_CURVE('',#7418,#7410,#7420,.T.);
#7418 = VERTEX_POINT('',#7419);
#7419 = CARTESIAN_POINT('',(2.725,55.245142338627,28.478470167866));
#7420 = LINE('',#7421,#7422);
#7421 = CARTESIAN_POINT('',(2.725,55.245142338627,28.478470167866));
#7422 = VECTOR('',#7423,1.);
#7423 = DIRECTION('',(1.,0.,0.));
#7424 = ORIENTED_EDGE('',*,*,#7425,.F.);
#7425 = EDGE_CURVE('',#7387,#7418,#7426,.T.);
#7426 = LINE('',#7427,#7428);
#7427 = CARTESIAN_POINT('',(2.725,55.197545161008,28.490392640202));
#7428 = VECTOR('',#7429,1.);
#7429 = DIRECTION('',(0.,0.970031253195,-0.242980179903));
#7430 = PLANE('',#7431);
#7431 = AXIS2_PLACEMENT_3D('',#7432,#7433,#7434);
#7432 = CARTESIAN_POINT('',(2.725,55.197545161008,28.490392640202));
#7433 = DIRECTION('',(-0.,-0.242980179903,-0.970031253195));
#7434 = DIRECTION('',(0.,-0.970031253195,0.242980179903));
#7435 = ADVANCED_FACE('',(#7436),#7461,.T.);
#7436 = FACE_BOUND('',#7437,.F.);
#7437 = EDGE_LOOP('',(#7438,#7439,#7447,#7455));
#7438 = ORIENTED_EDGE('',*,*,#7417,.T.);
#7439 = ORIENTED_EDGE('',*,*,#7440,.T.);
#7440 = EDGE_CURVE('',#7410,#7441,#7443,.T.);
#7441 = VERTEX_POINT('',#7442);
#7442 = CARTESIAN_POINT('',(5.575,55.291341716183,28.461939766256));
#7443 = LINE('',#7444,#7445);
#7444 = CARTESIAN_POINT('',(5.575,55.245142338627,28.478470167866));
#7445 = VECTOR('',#7446,1.);
#7446 = DIRECTION('',(0.,0.941544065183,-0.336889853392));
#7447 = ORIENTED_EDGE('',*,*,#7448,.F.);
#7448 = EDGE_CURVE('',#7449,#7441,#7451,.T.);
#7449 = VERTEX_POINT('',#7450);
#7450 = CARTESIAN_POINT('',(2.725,55.291341716183,28.461939766256));
#7451 = LINE('',#7452,#7453);
#7452 = CARTESIAN_POINT('',(2.725,55.291341716183,28.461939766256));
#7453 = VECTOR('',#7454,1.);
#7454 = DIRECTION('',(1.,0.,0.));
#7455 = ORIENTED_EDGE('',*,*,#7456,.F.);
#7456 = EDGE_CURVE('',#7418,#7449,#7457,.T.);
#7457 = LINE('',#7458,#7459);
#7458 = CARTESIAN_POINT('',(2.725,55.245142338627,28.478470167866));
#7459 = VECTOR('',#7460,1.);
#7460 = DIRECTION('',(0.,0.941544065183,-0.336889853392));
#7461 = PLANE('',#7462);
#7462 = AXIS2_PLACEMENT_3D('',#7463,#7464,#7465);
#7463 = CARTESIAN_POINT('',(2.725,55.245142338627,28.478470167866));
#7464 = DIRECTION('',(-0.,-0.336889853392,-0.941544065183));
#7465 = DIRECTION('',(0.,-0.941544065183,0.336889853392));
#7466 = ADVANCED_FACE('',(#7467),#7492,.T.);
#7467 = FACE_BOUND('',#7468,.F.);
#7468 = EDGE_LOOP('',(#7469,#7470,#7478,#7486));
#7469 = ORIENTED_EDGE('',*,*,#7448,.T.);
#7470 = ORIENTED_EDGE('',*,*,#7471,.T.);
#7471 = EDGE_CURVE('',#7441,#7472,#7474,.T.);
#7472 = VERTEX_POINT('',#7473);
#7473 = CARTESIAN_POINT('',(5.575,55.335698368413,28.440960632174));
#7474 = LINE('',#7475,#7476);
#7475 = CARTESIAN_POINT('',(5.575,55.291341716183,28.461939766256));
#7476 = VECTOR('',#7477,1.);
#7477 = DIRECTION('',(0.,0.903989293123,-0.42755509343));
#7478 = ORIENTED_EDGE('',*,*,#7479,.F.);
#7479 = EDGE_CURVE('',#7480,#7472,#7482,.T.);
#7480 = VERTEX_POINT('',#7481);
#7481 = CARTESIAN_POINT('',(2.725,55.335698368413,28.440960632174));
#7482 = LINE('',#7483,#7484);
#7483 = CARTESIAN_POINT('',(2.725,55.335698368413,28.440960632174));
#7484 = VECTOR('',#7485,1.);
#7485 = DIRECTION('',(1.,0.,0.));
#7486 = ORIENTED_EDGE('',*,*,#7487,.F.);
#7487 = EDGE_CURVE('',#7449,#7480,#7488,.T.);
#7488 = LINE('',#7489,#7490);
#7489 = CARTESIAN_POINT('',(2.725,55.291341716183,28.461939766256));
#7490 = VECTOR('',#7491,1.);
#7491 = DIRECTION('',(0.,0.903989293123,-0.42755509343));
#7492 = PLANE('',#7493);
#7493 = AXIS2_PLACEMENT_3D('',#7494,#7495,#7496);
#7494 = CARTESIAN_POINT('',(2.725,55.291341716183,28.461939766256));
#7495 = DIRECTION('',(-0.,-0.42755509343,-0.903989293123));
#7496 = DIRECTION('',(0.,-0.903989293123,0.42755509343));
#7497 = ADVANCED_FACE('',(#7498),#7523,.T.);
#7498 = FACE_BOUND('',#7499,.F.);
#7499 = EDGE_LOOP('',(#7500,#7501,#7509,#7517));
#7500 = ORIENTED_EDGE('',*,*,#7479,.T.);
#7501 = ORIENTED_EDGE('',*,*,#7502,.T.);
#7502 = EDGE_CURVE('',#7472,#7503,#7505,.T.);
#7503 = VERTEX_POINT('',#7504);
#7504 = CARTESIAN_POINT('',(5.575,55.37778511651,28.415734806151));
#7505 = LINE('',#7506,#7507);
#7506 = CARTESIAN_POINT('',(5.575,55.335698368413,28.440960632174));
#7507 = VECTOR('',#7508,1.);
#7508 = DIRECTION('',(0.,0.85772861,-0.514102744193));
#7509 = ORIENTED_EDGE('',*,*,#7510,.F.);
#7510 = EDGE_CURVE('',#7511,#7503,#7513,.T.);
#7511 = VERTEX_POINT('',#7512);
#7512 = CARTESIAN_POINT('',(2.725,55.37778511651,28.415734806151));
#7513 = LINE('',#7514,#7515);
#7514 = CARTESIAN_POINT('',(2.725,55.37778511651,28.415734806151));
#7515 = VECTOR('',#7516,1.);
#7516 = DIRECTION('',(1.,0.,0.));
#7517 = ORIENTED_EDGE('',*,*,#7518,.F.);
#7518 = EDGE_CURVE('',#7480,#7511,#7519,.T.);
#7519 = LINE('',#7520,#7521);
#7520 = CARTESIAN_POINT('',(2.725,55.335698368413,28.440960632174));
#7521 = VECTOR('',#7522,1.);
#7522 = DIRECTION('',(0.,0.85772861,-0.514102744193));
#7523 = PLANE('',#7524);
#7524 = AXIS2_PLACEMENT_3D('',#7525,#7526,#7527);
#7525 = CARTESIAN_POINT('',(2.725,55.335698368413,28.440960632174));
#7526 = DIRECTION('',(-0.,-0.514102744193,-0.85772861));
#7527 = DIRECTION('',(0.,-0.85772861,0.514102744193));
#7528 = ADVANCED_FACE('',(#7529),#7554,.T.);
#7529 = FACE_BOUND('',#7530,.F.);
#7530 = EDGE_LOOP('',(#7531,#7532,#7540,#7548));
#7531 = ORIENTED_EDGE('',*,*,#7510,.T.);
#7532 = ORIENTED_EDGE('',*,*,#7533,.T.);
#7533 = EDGE_CURVE('',#7503,#7534,#7536,.T.);
#7534 = VERTEX_POINT('',#7535);
#7535 = CARTESIAN_POINT('',(5.575,55.417196642082,28.386505226681));
#7536 = LINE('',#7537,#7538);
#7537 = CARTESIAN_POINT('',(5.575,55.37778511651,28.415734806151));
#7538 = VECTOR('',#7539,1.);
#7539 = DIRECTION('',(0.,0.803207531481,-0.595699304492));
#7540 = ORIENTED_EDGE('',*,*,#7541,.F.);
#7541 = EDGE_CURVE('',#7542,#7534,#7544,.T.);
#7542 = VERTEX_POINT('',#7543);
#7543 = CARTESIAN_POINT('',(2.725,55.417196642082,28.386505226681));
#7544 = LINE('',#7545,#7546);
#7545 = CARTESIAN_POINT('',(2.725,55.417196642082,28.386505226681));
#7546 = VECTOR('',#7547,1.);
#7547 = DIRECTION('',(1.,0.,0.));
#7548 = ORIENTED_EDGE('',*,*,#7549,.F.);
#7549 = EDGE_CURVE('',#7511,#7542,#7550,.T.);
#7550 = LINE('',#7551,#7552);
#7551 = CARTESIAN_POINT('',(2.725,55.37778511651,28.415734806151));
#7552 = VECTOR('',#7553,1.);
#7553 = DIRECTION('',(0.,0.803207531481,-0.595699304492));
#7554 = PLANE('',#7555);
#7555 = AXIS2_PLACEMENT_3D('',#7556,#7557,#7558);
#7556 = CARTESIAN_POINT('',(2.725,55.37778511651,28.415734806151));
#7557 = DIRECTION('',(-0.,-0.595699304492,-0.803207531481));
#7558 = DIRECTION('',(0.,-0.803207531481,0.595699304492));
#7559 = ADVANCED_FACE('',(#7560),#7585,.T.);
#7560 = FACE_BOUND('',#7561,.F.);
#7561 = EDGE_LOOP('',(#7562,#7563,#7571,#7579));
#7562 = ORIENTED_EDGE('',*,*,#7541,.T.);
#7563 = ORIENTED_EDGE('',*,*,#7564,.T.);
#7564 = EDGE_CURVE('',#7534,#7565,#7567,.T.);
#7565 = VERTEX_POINT('',#7566);
#7566 = CARTESIAN_POINT('',(5.575,55.453553390593,28.353553390593));
#7567 = LINE('',#7568,#7569);
#7568 = CARTESIAN_POINT('',(5.575,55.417196642082,28.386505226681));
#7569 = VECTOR('',#7570,1.);
#7570 = DIRECTION('',(0.,0.740951125355,-0.671558954847));
#7571 = ORIENTED_EDGE('',*,*,#7572,.F.);
#7572 = EDGE_CURVE('',#7573,#7565,#7575,.T.);
#7573 = VERTEX_POINT('',#7574);
#7574 = CARTESIAN_POINT('',(2.725,55.453553390593,28.353553390593));
#7575 = LINE('',#7576,#7577);
#7576 = CARTESIAN_POINT('',(2.725,55.453553390593,28.353553390593));
#7577 = VECTOR('',#7578,1.);
#7578 = DIRECTION('',(1.,0.,0.));
#7579 = ORIENTED_EDGE('',*,*,#7580,.F.);
#7580 = EDGE_CURVE('',#7542,#7573,#7581,.T.);
#7581 = LINE('',#7582,#7583);
#7582 = CARTESIAN_POINT('',(2.725,55.417196642082,28.386505226681));
#7583 = VECTOR('',#7584,1.);
#7584 = DIRECTION('',(0.,0.740951125355,-0.671558954847));
#7585 = PLANE('',#7586);
#7586 = AXIS2_PLACEMENT_3D('',#7587,#7588,#7589);
#7587 = CARTESIAN_POINT('',(2.725,55.417196642082,28.386505226681));
#7588 = DIRECTION('',(-0.,-0.671558954847,-0.740951125355));
#7589 = DIRECTION('',(0.,-0.740951125355,0.671558954847));
#7590 = ADVANCED_FACE('',(#7591),#7616,.T.);
#7591 = FACE_BOUND('',#7592,.F.);
#7592 = EDGE_LOOP('',(#7593,#7594,#7602,#7610));
#7593 = ORIENTED_EDGE('',*,*,#7572,.T.);
#7594 = ORIENTED_EDGE('',*,*,#7595,.T.);
#7595 = EDGE_CURVE('',#7565,#7596,#7598,.T.);
#7596 = VERTEX_POINT('',#7597);
#7597 = CARTESIAN_POINT('',(5.575,55.486505226681,28.317196642082));
#7598 = LINE('',#7599,#7600);
#7599 = CARTESIAN_POINT('',(5.575,55.453553390593,28.353553390593));
#7600 = VECTOR('',#7601,1.);
#7601 = DIRECTION('',(0.,0.671558954847,-0.740951125355));
#7602 = ORIENTED_EDGE('',*,*,#7603,.F.);
#7603 = EDGE_CURVE('',#7604,#7596,#7606,.T.);
#7604 = VERTEX_POINT('',#7605);
#7605 = CARTESIAN_POINT('',(2.725,55.486505226681,28.317196642082));
#7606 = LINE('',#7607,#7608);
#7607 = CARTESIAN_POINT('',(2.725,55.486505226681,28.317196642082));
#7608 = VECTOR('',#7609,1.);
#7609 = DIRECTION('',(1.,0.,0.));
#7610 = ORIENTED_EDGE('',*,*,#7611,.F.);
#7611 = EDGE_CURVE('',#7573,#7604,#7612,.T.);
#7612 = LINE('',#7613,#7614);
#7613 = CARTESIAN_POINT('',(2.725,55.453553390593,28.353553390593));
#7614 = VECTOR('',#7615,1.);
#7615 = DIRECTION('',(0.,0.671558954847,-0.740951125355));
#7616 = PLANE('',#7617);
#7617 = AXIS2_PLACEMENT_3D('',#7618,#7619,#7620);
#7618 = CARTESIAN_POINT('',(2.725,55.453553390593,28.353553390593));
#7619 = DIRECTION('',(-0.,-0.740951125355,-0.671558954847));
#7620 = DIRECTION('',(0.,-0.671558954847,0.740951125355));
#7621 = ADVANCED_FACE('',(#7622),#7647,.T.);
#7622 = FACE_BOUND('',#7623,.F.);
#7623 = EDGE_LOOP('',(#7624,#7625,#7633,#7641));
#7624 = ORIENTED_EDGE('',*,*,#7603,.T.);
#7625 = ORIENTED_EDGE('',*,*,#7626,.T.);
#7626 = EDGE_CURVE('',#7596,#7627,#7629,.T.);
#7627 = VERTEX_POINT('',#7628);
#7628 = CARTESIAN_POINT('',(5.575,55.515734806151,28.27778511651));
#7629 = LINE('',#7630,#7631);
#7630 = CARTESIAN_POINT('',(5.575,55.486505226681,28.317196642082));
#7631 = VECTOR('',#7632,1.);
#7632 = DIRECTION('',(0.,0.595699304492,-0.803207531481));
#7633 = ORIENTED_EDGE('',*,*,#7634,.F.);
#7634 = EDGE_CURVE('',#7635,#7627,#7637,.T.);
#7635 = VERTEX_POINT('',#7636);
#7636 = CARTESIAN_POINT('',(2.725,55.515734806151,28.27778511651));
#7637 = LINE('',#7638,#7639);
#7638 = CARTESIAN_POINT('',(2.725,55.515734806151,28.27778511651));
#7639 = VECTOR('',#7640,1.);
#7640 = DIRECTION('',(1.,0.,0.));
#7641 = ORIENTED_EDGE('',*,*,#7642,.F.);
#7642 = EDGE_CURVE('',#7604,#7635,#7643,.T.);
#7643 = LINE('',#7644,#7645);
#7644 = CARTESIAN_POINT('',(2.725,55.486505226681,28.317196642082));
#7645 = VECTOR('',#7646,1.);
#7646 = DIRECTION('',(0.,0.595699304492,-0.803207531481));
#7647 = PLANE('',#7648);
#7648 = AXIS2_PLACEMENT_3D('',#7649,#7650,#7651);
#7649 = CARTESIAN_POINT('',(2.725,55.486505226681,28.317196642082));
#7650 = DIRECTION('',(-0.,-0.803207531481,-0.595699304492));
#7651 = DIRECTION('',(0.,-0.595699304492,0.803207531481));
#7652 = ADVANCED_FACE('',(#7653),#7678,.T.);
#7653 = FACE_BOUND('',#7654,.F.);
#7654 = EDGE_LOOP('',(#7655,#7656,#7664,#7672));
#7655 = ORIENTED_EDGE('',*,*,#7634,.T.);
#7656 = ORIENTED_EDGE('',*,*,#7657,.T.);
#7657 = EDGE_CURVE('',#7627,#7658,#7660,.T.);
#7658 = VERTEX_POINT('',#7659);
#7659 = CARTESIAN_POINT('',(5.575,55.540960632174,28.235698368413));
#7660 = LINE('',#7661,#7662);
#7661 = CARTESIAN_POINT('',(5.575,55.515734806151,28.27778511651));
#7662 = VECTOR('',#7663,1.);
#7663 = DIRECTION('',(0.,0.514102744193,-0.85772861));
#7664 = ORIENTED_EDGE('',*,*,#7665,.F.);
#7665 = EDGE_CURVE('',#7666,#7658,#7668,.T.);
#7666 = VERTEX_POINT('',#7667);
#7667 = CARTESIAN_POINT('',(2.725,55.540960632174,28.235698368413));
#7668 = LINE('',#7669,#7670);
#7669 = CARTESIAN_POINT('',(2.725,55.540960632174,28.235698368413));
#7670 = VECTOR('',#7671,1.);
#7671 = DIRECTION('',(1.,0.,0.));
#7672 = ORIENTED_EDGE('',*,*,#7673,.F.);
#7673 = EDGE_CURVE('',#7635,#7666,#7674,.T.);
#7674 = LINE('',#7675,#7676);
#7675 = CARTESIAN_POINT('',(2.725,55.515734806151,28.27778511651));
#7676 = VECTOR('',#7677,1.);
#7677 = DIRECTION('',(0.,0.514102744193,-0.85772861));
#7678 = PLANE('',#7679);
#7679 = AXIS2_PLACEMENT_3D('',#7680,#7681,#7682);
#7680 = CARTESIAN_POINT('',(2.725,55.515734806151,28.27778511651));
#7681 = DIRECTION('',(-0.,-0.85772861,-0.514102744193));
#7682 = DIRECTION('',(0.,-0.514102744193,0.85772861));
#7683 = ADVANCED_FACE('',(#7684),#7709,.T.);
#7684 = FACE_BOUND('',#7685,.F.);
#7685 = EDGE_LOOP('',(#7686,#7687,#7695,#7703));
#7686 = ORIENTED_EDGE('',*,*,#7665,.T.);
#7687 = ORIENTED_EDGE('',*,*,#7688,.T.);
#7688 = EDGE_CURVE('',#7658,#7689,#7691,.T.);
#7689 = VERTEX_POINT('',#7690);
#7690 = CARTESIAN_POINT('',(5.575,55.561939766256,28.191341716183));
#7691 = LINE('',#7692,#7693);
#7692 = CARTESIAN_POINT('',(5.575,55.540960632174,28.235698368413));
#7693 = VECTOR('',#7694,1.);
#7694 = DIRECTION('',(0.,0.42755509343,-0.903989293123));
#7695 = ORIENTED_EDGE('',*,*,#7696,.F.);
#7696 = EDGE_CURVE('',#7697,#7689,#7699,.T.);
#7697 = VERTEX_POINT('',#7698);
#7698 = CARTESIAN_POINT('',(2.725,55.561939766256,28.191341716183));
#7699 = LINE('',#7700,#7701);
#7700 = CARTESIAN_POINT('',(2.725,55.561939766256,28.191341716183));
#7701 = VECTOR('',#7702,1.);
#7702 = DIRECTION('',(1.,0.,0.));
#7703 = ORIENTED_EDGE('',*,*,#7704,.F.);
#7704 = EDGE_CURVE('',#7666,#7697,#7705,.T.);
#7705 = LINE('',#7706,#7707);
#7706 = CARTESIAN_POINT('',(2.725,55.540960632174,28.235698368413));
#7707 = VECTOR('',#7708,1.);
#7708 = DIRECTION('',(0.,0.42755509343,-0.903989293123));
#7709 = PLANE('',#7710);
#7710 = AXIS2_PLACEMENT_3D('',#7711,#7712,#7713);
#7711 = CARTESIAN_POINT('',(2.725,55.540960632174,28.235698368413));
#7712 = DIRECTION('',(-0.,-0.903989293123,-0.42755509343));
#7713 = DIRECTION('',(0.,-0.42755509343,0.903989293123));
#7714 = ADVANCED_FACE('',(#7715),#7740,.T.);
#7715 = FACE_BOUND('',#7716,.F.);
#7716 = EDGE_LOOP('',(#7717,#7718,#7726,#7734));
#7717 = ORIENTED_EDGE('',*,*,#7696,.T.);
#7718 = ORIENTED_EDGE('',*,*,#7719,.T.);
#7719 = EDGE_CURVE('',#7689,#7720,#7722,.T.);
#7720 = VERTEX_POINT('',#7721);
#7721 = CARTESIAN_POINT('',(5.575,55.578470167866,28.145142338627));
#7722 = LINE('',#7723,#7724);
#7723 = CARTESIAN_POINT('',(5.575,55.561939766256,28.191341716183));
#7724 = VECTOR('',#7725,1.);
#7725 = DIRECTION('',(0.,0.336889853392,-0.941544065183));
#7726 = ORIENTED_EDGE('',*,*,#7727,.F.);
#7727 = EDGE_CURVE('',#7728,#7720,#7730,.T.);
#7728 = VERTEX_POINT('',#7729);
#7729 = CARTESIAN_POINT('',(2.725,55.578470167866,28.145142338627));
#7730 = LINE('',#7731,#7732);
#7731 = CARTESIAN_POINT('',(2.725,55.578470167866,28.145142338627));
#7732 = VECTOR('',#7733,1.);
#7733 = DIRECTION('',(1.,0.,0.));
#7734 = ORIENTED_EDGE('',*,*,#7735,.F.);
#7735 = EDGE_CURVE('',#7697,#7728,#7736,.T.);
#7736 = LINE('',#7737,#7738);
#7737 = CARTESIAN_POINT('',(2.725,55.561939766256,28.191341716183));
#7738 = VECTOR('',#7739,1.);
#7739 = DIRECTION('',(0.,0.336889853392,-0.941544065183));
#7740 = PLANE('',#7741);
#7741 = AXIS2_PLACEMENT_3D('',#7742,#7743,#7744);
#7742 = CARTESIAN_POINT('',(2.725,55.561939766256,28.191341716183));
#7743 = DIRECTION('',(-0.,-0.941544065183,-0.336889853392));
#7744 = DIRECTION('',(0.,-0.336889853392,0.941544065183));
#7745 = ADVANCED_FACE('',(#7746),#7771,.T.);
#7746 = FACE_BOUND('',#7747,.F.);
#7747 = EDGE_LOOP('',(#7748,#7749,#7757,#7765));
#7748 = ORIENTED_EDGE('',*,*,#7727,.T.);
#7749 = ORIENTED_EDGE('',*,*,#7750,.T.);
#7750 = EDGE_CURVE('',#7720,#7751,#7753,.T.);
#7751 = VERTEX_POINT('',#7752);
#7752 = CARTESIAN_POINT('',(5.575,55.590392640202,28.097545161008));
#7753 = LINE('',#7754,#7755);
#7754 = CARTESIAN_POINT('',(5.575,55.578470167866,28.145142338627));
#7755 = VECTOR('',#7756,1.);
#7756 = DIRECTION('',(0.,0.242980179903,-0.970031253195));
#7757 = ORIENTED_EDGE('',*,*,#7758,.F.);
#7758 = EDGE_CURVE('',#7759,#7751,#7761,.T.);
#7759 = VERTEX_POINT('',#7760);
#7760 = CARTESIAN_POINT('',(2.725,55.590392640202,28.097545161008));
#7761 = LINE('',#7762,#7763);
#7762 = CARTESIAN_POINT('',(2.725,55.590392640202,28.097545161008));
#7763 = VECTOR('',#7764,1.);
#7764 = DIRECTION('',(1.,0.,0.));
#7765 = ORIENTED_EDGE('',*,*,#7766,.F.);
#7766 = EDGE_CURVE('',#7728,#7759,#7767,.T.);
#7767 = LINE('',#7768,#7769);
#7768 = CARTESIAN_POINT('',(2.725,55.578470167866,28.145142338627));
#7769 = VECTOR('',#7770,1.);
#7770 = DIRECTION('',(0.,0.242980179903,-0.970031253195));
#7771 = PLANE('',#7772);
#7772 = AXIS2_PLACEMENT_3D('',#7773,#7774,#7775);
#7773 = CARTESIAN_POINT('',(2.725,55.578470167866,28.145142338627));
#7774 = DIRECTION('',(-0.,-0.970031253195,-0.242980179903));
#7775 = DIRECTION('',(0.,-0.242980179903,0.970031253195));
#7776 = ADVANCED_FACE('',(#7777),#7802,.T.);
#7777 = FACE_BOUND('',#7778,.F.);
#7778 = EDGE_LOOP('',(#7779,#7780,#7788,#7796));
#7779 = ORIENTED_EDGE('',*,*,#7758,.T.);
#7780 = ORIENTED_EDGE('',*,*,#7781,.T.);
#7781 = EDGE_CURVE('',#7751,#7782,#7784,.T.);
#7782 = VERTEX_POINT('',#7783);
#7783 = CARTESIAN_POINT('',(5.575,55.597592363336,28.049008570165));
#7784 = LINE('',#7785,#7786);
#7785 = CARTESIAN_POINT('',(5.575,55.590392640202,28.097545161008));
#7786 = VECTOR('',#7787,1.);
#7787 = DIRECTION('',(0.,0.146730474455,-0.989176509965));
#7788 = ORIENTED_EDGE('',*,*,#7789,.F.);
#7789 = EDGE_CURVE('',#7790,#7782,#7792,.T.);
#7790 = VERTEX_POINT('',#7791);
#7791 = CARTESIAN_POINT('',(2.725,55.597592363336,28.049008570165));
#7792 = LINE('',#7793,#7794);
#7793 = CARTESIAN_POINT('',(2.725,55.597592363336,28.049008570165));
#7794 = VECTOR('',#7795,1.);
#7795 = DIRECTION('',(1.,0.,0.));
#7796 = ORIENTED_EDGE('',*,*,#7797,.F.);
#7797 = EDGE_CURVE('',#7759,#7790,#7798,.T.);
#7798 = LINE('',#7799,#7800);
#7799 = CARTESIAN_POINT('',(2.725,55.590392640202,28.097545161008));
#7800 = VECTOR('',#7801,1.);
#7801 = DIRECTION('',(0.,0.146730474455,-0.989176509965));
#7802 = PLANE('',#7803);
#7803 = AXIS2_PLACEMENT_3D('',#7804,#7805,#7806);
#7804 = CARTESIAN_POINT('',(2.725,55.590392640202,28.097545161008));
#7805 = DIRECTION('',(-0.,-0.989176509965,-0.146730474455));
#7806 = DIRECTION('',(0.,-0.146730474455,0.989176509965));
#7807 = ADVANCED_FACE('',(#7808),#7833,.T.);
#7808 = FACE_BOUND('',#7809,.F.);
#7809 = EDGE_LOOP('',(#7810,#7811,#7819,#7827));
#7810 = ORIENTED_EDGE('',*,*,#7789,.T.);
#7811 = ORIENTED_EDGE('',*,*,#7812,.T.);
#7812 = EDGE_CURVE('',#7782,#7813,#7815,.T.);
#7813 = VERTEX_POINT('',#7814);
#7814 = CARTESIAN_POINT('',(5.575,55.6,28.));
#7815 = LINE('',#7816,#7817);
#7816 = CARTESIAN_POINT('',(5.575,55.597592363336,28.049008570165));
#7817 = VECTOR('',#7818,1.);
#7818 = DIRECTION('',(0.,4.906767432742E-02,-0.998795456205));
#7819 = ORIENTED_EDGE('',*,*,#7820,.F.);
#7820 = EDGE_CURVE('',#7821,#7813,#7823,.T.);
#7821 = VERTEX_POINT('',#7822);
#7822 = CARTESIAN_POINT('',(2.725,55.6,28.));
#7823 = LINE('',#7824,#7825);
#7824 = CARTESIAN_POINT('',(2.725,55.6,28.));
#7825 = VECTOR('',#7826,1.);
#7826 = DIRECTION('',(1.,0.,0.));
#7827 = ORIENTED_EDGE('',*,*,#7828,.F.);
#7828 = EDGE_CURVE('',#7790,#7821,#7829,.T.);
#7829 = LINE('',#7830,#7831);
#7830 = CARTESIAN_POINT('',(2.725,55.597592363336,28.049008570165));
#7831 = VECTOR('',#7832,1.);
#7832 = DIRECTION('',(0.,4.906767432742E-02,-0.998795456205));
#7833 = PLANE('',#7834);
#7834 = AXIS2_PLACEMENT_3D('',#7835,#7836,#7837);
#7835 = CARTESIAN_POINT('',(2.725,55.597592363336,28.049008570165));
#7836 = DIRECTION('',(-0.,-0.998795456205,-4.906767432742E-02));
#7837 = DIRECTION('',(0.,-4.906767432742E-02,0.998795456205));
#7838 = ADVANCED_FACE('',(#7839),#7864,.T.);
#7839 = FACE_BOUND('',#7840,.F.);
#7840 = EDGE_LOOP('',(#7841,#7842,#7850,#7858));
#7841 = ORIENTED_EDGE('',*,*,#7820,.T.);
#7842 = ORIENTED_EDGE('',*,*,#7843,.T.);
#7843 = EDGE_CURVE('',#7813,#7844,#7846,.T.);
#7844 = VERTEX_POINT('',#7845);
#7845 = CARTESIAN_POINT('',(5.575,55.6,13.));
#7846 = LINE('',#7847,#7848);
#7847 = CARTESIAN_POINT('',(5.575,55.6,28.));
#7848 = VECTOR('',#7849,1.);
#7849 = DIRECTION('',(-0.,-0.,-1.));
#7850 = ORIENTED_EDGE('',*,*,#7851,.F.);
#7851 = EDGE_CURVE('',#7852,#7844,#7854,.T.);
#7852 = VERTEX_POINT('',#7853);
#7853 = CARTESIAN_POINT('',(2.725,55.6,13.));
#7854 = LINE('',#7855,#7856);
#7855 = CARTESIAN_POINT('',(2.725,55.6,13.));
#7856 = VECTOR('',#7857,1.);
#7857 = DIRECTION('',(1.,0.,0.));
#7858 = ORIENTED_EDGE('',*,*,#7859,.F.);
#7859 = EDGE_CURVE('',#7821,#7852,#7860,.T.);
#7860 = LINE('',#7861,#7862);
#7861 = CARTESIAN_POINT('',(2.725,55.6,28.));
#7862 = VECTOR('',#7863,1.);
#7863 = DIRECTION('',(-0.,-0.,-1.));
#7864 = PLANE('',#7865);
#7865 = AXIS2_PLACEMENT_3D('',#7866,#7867,#7868);
#7866 = CARTESIAN_POINT('',(2.725,55.6,28.));
#7867 = DIRECTION('',(-0.,-1.,-0.));
#7868 = DIRECTION('',(0.,0.,1.));
#7869 = ADVANCED_FACE('',(#7870),#7895,.T.);
#7870 = FACE_BOUND('',#7871,.F.);
#7871 = EDGE_LOOP('',(#7872,#7873,#7881,#7889));
#7872 = ORIENTED_EDGE('',*,*,#7851,.T.);
#7873 = ORIENTED_EDGE('',*,*,#7874,.T.);
#7874 = EDGE_CURVE('',#7844,#7875,#7877,.T.);
#7875 = VERTEX_POINT('',#7876);
#7876 = CARTESIAN_POINT('',(5.575,55.597592363336,12.950991429835));
#7877 = LINE('',#7878,#7879);
#7878 = CARTESIAN_POINT('',(5.575,55.6,13.));
#7879 = VECTOR('',#7880,1.);
#7880 = DIRECTION('',(-0.,-4.906767432742E-02,-0.998795456205));
#7881 = ORIENTED_EDGE('',*,*,#7882,.F.);
#7882 = EDGE_CURVE('',#7883,#7875,#7885,.T.);
#7883 = VERTEX_POINT('',#7884);
#7884 = CARTESIAN_POINT('',(2.725,55.597592363336,12.950991429835));
#7885 = LINE('',#7886,#7887);
#7886 = CARTESIAN_POINT('',(2.725,55.597592363336,12.950991429835));
#7887 = VECTOR('',#7888,1.);
#7888 = DIRECTION('',(1.,0.,0.));
#7889 = ORIENTED_EDGE('',*,*,#7890,.F.);
#7890 = EDGE_CURVE('',#7852,#7883,#7891,.T.);
#7891 = LINE('',#7892,#7893);
#7892 = CARTESIAN_POINT('',(2.725,55.6,13.));
#7893 = VECTOR('',#7894,1.);
#7894 = DIRECTION('',(-0.,-4.906767432742E-02,-0.998795456205));
#7895 = PLANE('',#7896);
#7896 = AXIS2_PLACEMENT_3D('',#7897,#7898,#7899);
#7897 = CARTESIAN_POINT('',(2.725,55.6,13.));
#7898 = DIRECTION('',(0.,-0.998795456205,4.906767432742E-02));
#7899 = DIRECTION('',(0.,4.906767432742E-02,0.998795456205));
#7900 = ADVANCED_FACE('',(#7901),#7926,.T.);
#7901 = FACE_BOUND('',#7902,.F.);
#7902 = EDGE_LOOP('',(#7903,#7904,#7912,#7920));
#7903 = ORIENTED_EDGE('',*,*,#7882,.T.);
#7904 = ORIENTED_EDGE('',*,*,#7905,.T.);
#7905 = EDGE_CURVE('',#7875,#7906,#7908,.T.);
#7906 = VERTEX_POINT('',#7907);
#7907 = CARTESIAN_POINT('',(5.575,55.590392640202,12.902454838992));
#7908 = LINE('',#7909,#7910);
#7909 = CARTESIAN_POINT('',(5.575,55.597592363336,12.950991429835));
#7910 = VECTOR('',#7911,1.);
#7911 = DIRECTION('',(-0.,-0.146730474455,-0.989176509965));
#7912 = ORIENTED_EDGE('',*,*,#7913,.F.);
#7913 = EDGE_CURVE('',#7914,#7906,#7916,.T.);
#7914 = VERTEX_POINT('',#7915);
#7915 = CARTESIAN_POINT('',(2.725,55.590392640202,12.902454838992));
#7916 = LINE('',#7917,#7918);
#7917 = CARTESIAN_POINT('',(2.725,55.590392640202,12.902454838992));
#7918 = VECTOR('',#7919,1.);
#7919 = DIRECTION('',(1.,0.,0.));
#7920 = ORIENTED_EDGE('',*,*,#7921,.F.);
#7921 = EDGE_CURVE('',#7883,#7914,#7922,.T.);
#7922 = LINE('',#7923,#7924);
#7923 = CARTESIAN_POINT('',(2.725,55.597592363336,12.950991429835));
#7924 = VECTOR('',#7925,1.);
#7925 = DIRECTION('',(-0.,-0.146730474455,-0.989176509965));
#7926 = PLANE('',#7927);
#7927 = AXIS2_PLACEMENT_3D('',#7928,#7929,#7930);
#7928 = CARTESIAN_POINT('',(2.725,55.597592363336,12.950991429835));
#7929 = DIRECTION('',(0.,-0.989176509965,0.146730474455));
#7930 = DIRECTION('',(0.,0.146730474455,0.989176509965));
#7931 = ADVANCED_FACE('',(#7932),#7957,.T.);
#7932 = FACE_BOUND('',#7933,.F.);
#7933 = EDGE_LOOP('',(#7934,#7935,#7943,#7951));
#7934 = ORIENTED_EDGE('',*,*,#7913,.T.);
#7935 = ORIENTED_EDGE('',*,*,#7936,.T.);
#7936 = EDGE_CURVE('',#7906,#7937,#7939,.T.);
#7937 = VERTEX_POINT('',#7938);
#7938 = CARTESIAN_POINT('',(5.575,55.578470167866,12.854857661373));
#7939 = LINE('',#7940,#7941);
#7940 = CARTESIAN_POINT('',(5.575,55.590392640202,12.902454838992));
#7941 = VECTOR('',#7942,1.);
#7942 = DIRECTION('',(-0.,-0.242980179903,-0.970031253195));
#7943 = ORIENTED_EDGE('',*,*,#7944,.F.);
#7944 = EDGE_CURVE('',#7945,#7937,#7947,.T.);
#7945 = VERTEX_POINT('',#7946);
#7946 = CARTESIAN_POINT('',(2.725,55.578470167866,12.854857661373));
#7947 = LINE('',#7948,#7949);
#7948 = CARTESIAN_POINT('',(2.725,55.578470167866,12.854857661373));
#7949 = VECTOR('',#7950,1.);
#7950 = DIRECTION('',(1.,0.,0.));
#7951 = ORIENTED_EDGE('',*,*,#7952,.F.);
#7952 = EDGE_CURVE('',#7914,#7945,#7953,.T.);
#7953 = LINE('',#7954,#7955);
#7954 = CARTESIAN_POINT('',(2.725,55.590392640202,12.902454838992));
#7955 = VECTOR('',#7956,1.);
#7956 = DIRECTION('',(-0.,-0.242980179903,-0.970031253195));
#7957 = PLANE('',#7958);
#7958 = AXIS2_PLACEMENT_3D('',#7959,#7960,#7961);
#7959 = CARTESIAN_POINT('',(2.725,55.590392640202,12.902454838992));
#7960 = DIRECTION('',(0.,-0.970031253195,0.242980179903));
#7961 = DIRECTION('',(0.,0.242980179903,0.970031253195));
#7962 = ADVANCED_FACE('',(#7963),#7988,.T.);
#7963 = FACE_BOUND('',#7964,.F.);
#7964 = EDGE_LOOP('',(#7965,#7966,#7974,#7982));
#7965 = ORIENTED_EDGE('',*,*,#7944,.T.);
#7966 = ORIENTED_EDGE('',*,*,#7967,.T.);
#7967 = EDGE_CURVE('',#7937,#7968,#7970,.T.);
#7968 = VERTEX_POINT('',#7969);
#7969 = CARTESIAN_POINT('',(5.575,55.561939766256,12.808658283817));
#7970 = LINE('',#7971,#7972);
#7971 = CARTESIAN_POINT('',(5.575,55.578470167866,12.854857661373));
#7972 = VECTOR('',#7973,1.);
#7973 = DIRECTION('',(-0.,-0.336889853392,-0.941544065183));
#7974 = ORIENTED_EDGE('',*,*,#7975,.F.);
#7975 = EDGE_CURVE('',#7976,#7968,#7978,.T.);
#7976 = VERTEX_POINT('',#7977);
#7977 = CARTESIAN_POINT('',(2.725,55.561939766256,12.808658283817));
#7978 = LINE('',#7979,#7980);
#7979 = CARTESIAN_POINT('',(2.725,55.561939766256,12.808658283817));
#7980 = VECTOR('',#7981,1.);
#7981 = DIRECTION('',(1.,0.,0.));
#7982 = ORIENTED_EDGE('',*,*,#7983,.F.);
#7983 = EDGE_CURVE('',#7945,#7976,#7984,.T.);
#7984 = LINE('',#7985,#7986);
#7985 = CARTESIAN_POINT('',(2.725,55.578470167866,12.854857661373));
#7986 = VECTOR('',#7987,1.);
#7987 = DIRECTION('',(-0.,-0.336889853392,-0.941544065183));
#7988 = PLANE('',#7989);
#7989 = AXIS2_PLACEMENT_3D('',#7990,#7991,#7992);
#7990 = CARTESIAN_POINT('',(2.725,55.578470167866,12.854857661373));
#7991 = DIRECTION('',(0.,-0.941544065183,0.336889853392));
#7992 = DIRECTION('',(0.,0.336889853392,0.941544065183));
#7993 = ADVANCED_FACE('',(#7994),#8019,.T.);
#7994 = FACE_BOUND('',#7995,.F.);
#7995 = EDGE_LOOP('',(#7996,#7997,#8005,#8013));
#7996 = ORIENTED_EDGE('',*,*,#7975,.T.);
#7997 = ORIENTED_EDGE('',*,*,#7998,.T.);
#7998 = EDGE_CURVE('',#7968,#7999,#8001,.T.);
#7999 = VERTEX_POINT('',#8000);
#8000 = CARTESIAN_POINT('',(5.575,55.540960632174,12.764301631587));
#8001 = LINE('',#8002,#8003);
#8002 = CARTESIAN_POINT('',(5.575,55.561939766256,12.808658283817));
#8003 = VECTOR('',#8004,1.);
#8004 = DIRECTION('',(-0.,-0.42755509343,-0.903989293123));
#8005 = ORIENTED_EDGE('',*,*,#8006,.F.);
#8006 = EDGE_CURVE('',#8007,#7999,#8009,.T.);
#8007 = VERTEX_POINT('',#8008);
#8008 = CARTESIAN_POINT('',(2.725,55.540960632174,12.764301631587));
#8009 = LINE('',#8010,#8011);
#8010 = CARTESIAN_POINT('',(2.725,55.540960632174,12.764301631587));
#8011 = VECTOR('',#8012,1.);
#8012 = DIRECTION('',(1.,0.,0.));
#8013 = ORIENTED_EDGE('',*,*,#8014,.F.);
#8014 = EDGE_CURVE('',#7976,#8007,#8015,.T.);
#8015 = LINE('',#8016,#8017);
#8016 = CARTESIAN_POINT('',(2.725,55.561939766256,12.808658283817));
#8017 = VECTOR('',#8018,1.);
#8018 = DIRECTION('',(-0.,-0.42755509343,-0.903989293123));
#8019 = PLANE('',#8020);
#8020 = AXIS2_PLACEMENT_3D('',#8021,#8022,#8023);
#8021 = CARTESIAN_POINT('',(2.725,55.561939766256,12.808658283817));
#8022 = DIRECTION('',(0.,-0.903989293123,0.42755509343));
#8023 = DIRECTION('',(0.,0.42755509343,0.903989293123));
#8024 = ADVANCED_FACE('',(#8025),#8050,.T.);
#8025 = FACE_BOUND('',#8026,.F.);
#8026 = EDGE_LOOP('',(#8027,#8028,#8036,#8044));
#8027 = ORIENTED_EDGE('',*,*,#8006,.T.);
#8028 = ORIENTED_EDGE('',*,*,#8029,.T.);
#8029 = EDGE_CURVE('',#7999,#8030,#8032,.T.);
#8030 = VERTEX_POINT('',#8031);
#8031 = CARTESIAN_POINT('',(5.575,55.515734806151,12.72221488349));
#8032 = LINE('',#8033,#8034);
#8033 = CARTESIAN_POINT('',(5.575,55.540960632174,12.764301631587));
#8034 = VECTOR('',#8035,1.);
#8035 = DIRECTION('',(-0.,-0.514102744193,-0.85772861));
#8036 = ORIENTED_EDGE('',*,*,#8037,.F.);
#8037 = EDGE_CURVE('',#8038,#8030,#8040,.T.);
#8038 = VERTEX_POINT('',#8039);
#8039 = CARTESIAN_POINT('',(2.725,55.515734806151,12.72221488349));
#8040 = LINE('',#8041,#8042);
#8041 = CARTESIAN_POINT('',(2.725,55.515734806151,12.72221488349));
#8042 = VECTOR('',#8043,1.);
#8043 = DIRECTION('',(1.,0.,0.));
#8044 = ORIENTED_EDGE('',*,*,#8045,.F.);
#8045 = EDGE_CURVE('',#8007,#8038,#8046,.T.);
#8046 = LINE('',#8047,#8048);
#8047 = CARTESIAN_POINT('',(2.725,55.540960632174,12.764301631587));
#8048 = VECTOR('',#8049,1.);
#8049 = DIRECTION('',(-0.,-0.514102744193,-0.85772861));
#8050 = PLANE('',#8051);
#8051 = AXIS2_PLACEMENT_3D('',#8052,#8053,#8054);
#8052 = CARTESIAN_POINT('',(2.725,55.540960632174,12.764301631587));
#8053 = DIRECTION('',(0.,-0.85772861,0.514102744193));
#8054 = DIRECTION('',(0.,0.514102744193,0.85772861));
#8055 = ADVANCED_FACE('',(#8056),#8081,.T.);
#8056 = FACE_BOUND('',#8057,.F.);
#8057 = EDGE_LOOP('',(#8058,#8059,#8067,#8075));
#8058 = ORIENTED_EDGE('',*,*,#8037,.T.);
#8059 = ORIENTED_EDGE('',*,*,#8060,.T.);
#8060 = EDGE_CURVE('',#8030,#8061,#8063,.T.);
#8061 = VERTEX_POINT('',#8062);
#8062 = CARTESIAN_POINT('',(5.575,55.486505226681,12.682803357918));
#8063 = LINE('',#8064,#8065);
#8064 = CARTESIAN_POINT('',(5.575,55.515734806151,12.72221488349));
#8065 = VECTOR('',#8066,1.);
#8066 = DIRECTION('',(-0.,-0.595699304492,-0.803207531481));
#8067 = ORIENTED_EDGE('',*,*,#8068,.F.);
#8068 = EDGE_CURVE('',#8069,#8061,#8071,.T.);
#8069 = VERTEX_POINT('',#8070);
#8070 = CARTESIAN_POINT('',(2.725,55.486505226681,12.682803357918));
#8071 = LINE('',#8072,#8073);
#8072 = CARTESIAN_POINT('',(2.725,55.486505226681,12.682803357918));
#8073 = VECTOR('',#8074,1.);
#8074 = DIRECTION('',(1.,0.,0.));
#8075 = ORIENTED_EDGE('',*,*,#8076,.F.);
#8076 = EDGE_CURVE('',#8038,#8069,#8077,.T.);
#8077 = LINE('',#8078,#8079);
#8078 = CARTESIAN_POINT('',(2.725,55.515734806151,12.72221488349));
#8079 = VECTOR('',#8080,1.);
#8080 = DIRECTION('',(-0.,-0.595699304492,-0.803207531481));
#8081 = PLANE('',#8082);
#8082 = AXIS2_PLACEMENT_3D('',#8083,#8084,#8085);
#8083 = CARTESIAN_POINT('',(2.725,55.515734806151,12.72221488349));
#8084 = DIRECTION('',(0.,-0.803207531481,0.595699304492));
#8085 = DIRECTION('',(0.,0.595699304492,0.803207531481));
#8086 = ADVANCED_FACE('',(#8087),#8112,.T.);
#8087 = FACE_BOUND('',#8088,.F.);
#8088 = EDGE_LOOP('',(#8089,#8090,#8098,#8106));
#8089 = ORIENTED_EDGE('',*,*,#8068,.T.);
#8090 = ORIENTED_EDGE('',*,*,#8091,.T.);
#8091 = EDGE_CURVE('',#8061,#8092,#8094,.T.);
#8092 = VERTEX_POINT('',#8093);
#8093 = CARTESIAN_POINT('',(5.575,55.453553390593,12.646446609407));
#8094 = LINE('',#8095,#8096);
#8095 = CARTESIAN_POINT('',(5.575,55.486505226681,12.682803357918));
#8096 = VECTOR('',#8097,1.);
#8097 = DIRECTION('',(-0.,-0.671558954847,-0.740951125355));
#8098 = ORIENTED_EDGE('',*,*,#8099,.F.);
#8099 = EDGE_CURVE('',#8100,#8092,#8102,.T.);
#8100 = VERTEX_POINT('',#8101);
#8101 = CARTESIAN_POINT('',(2.725,55.453553390593,12.646446609407));
#8102 = LINE('',#8103,#8104);
#8103 = CARTESIAN_POINT('',(2.725,55.453553390593,12.646446609407));
#8104 = VECTOR('',#8105,1.);
#8105 = DIRECTION('',(1.,0.,0.));
#8106 = ORIENTED_EDGE('',*,*,#8107,.F.);
#8107 = EDGE_CURVE('',#8069,#8100,#8108,.T.);
#8108 = LINE('',#8109,#8110);
#8109 = CARTESIAN_POINT('',(2.725,55.486505226681,12.682803357918));
#8110 = VECTOR('',#8111,1.);
#8111 = DIRECTION('',(-0.,-0.671558954847,-0.740951125355));
#8112 = PLANE('',#8113);
#8113 = AXIS2_PLACEMENT_3D('',#8114,#8115,#8116);
#8114 = CARTESIAN_POINT('',(2.725,55.486505226681,12.682803357918));
#8115 = DIRECTION('',(0.,-0.740951125355,0.671558954847));
#8116 = DIRECTION('',(0.,0.671558954847,0.740951125355));
#8117 = ADVANCED_FACE('',(#8118),#8143,.T.);
#8118 = FACE_BOUND('',#8119,.F.);
#8119 = EDGE_LOOP('',(#8120,#8121,#8129,#8137));
#8120 = ORIENTED_EDGE('',*,*,#8099,.T.);
#8121 = ORIENTED_EDGE('',*,*,#8122,.T.);
#8122 = EDGE_CURVE('',#8092,#8123,#8125,.T.);
#8123 = VERTEX_POINT('',#8124);
#8124 = CARTESIAN_POINT('',(5.575,55.417196642082,12.613494773319));
#8125 = LINE('',#8126,#8127);
#8126 = CARTESIAN_POINT('',(5.575,55.453553390593,12.646446609407));
#8127 = VECTOR('',#8128,1.);
#8128 = DIRECTION('',(-0.,-0.740951125355,-0.671558954847));
#8129 = ORIENTED_EDGE('',*,*,#8130,.F.);
#8130 = EDGE_CURVE('',#8131,#8123,#8133,.T.);
#8131 = VERTEX_POINT('',#8132);
#8132 = CARTESIAN_POINT('',(2.725,55.417196642082,12.613494773319));
#8133 = LINE('',#8134,#8135);
#8134 = CARTESIAN_POINT('',(2.725,55.417196642082,12.613494773319));
#8135 = VECTOR('',#8136,1.);
#8136 = DIRECTION('',(1.,0.,0.));
#8137 = ORIENTED_EDGE('',*,*,#8138,.F.);
#8138 = EDGE_CURVE('',#8100,#8131,#8139,.T.);
#8139 = LINE('',#8140,#8141);
#8140 = CARTESIAN_POINT('',(2.725,55.453553390593,12.646446609407));
#8141 = VECTOR('',#8142,1.);
#8142 = DIRECTION('',(-0.,-0.740951125355,-0.671558954847));
#8143 = PLANE('',#8144);
#8144 = AXIS2_PLACEMENT_3D('',#8145,#8146,#8147);
#8145 = CARTESIAN_POINT('',(2.725,55.453553390593,12.646446609407));
#8146 = DIRECTION('',(0.,-0.671558954847,0.740951125355));
#8147 = DIRECTION('',(0.,0.740951125355,0.671558954847));
#8148 = ADVANCED_FACE('',(#8149),#8174,.T.);
#8149 = FACE_BOUND('',#8150,.F.);
#8150 = EDGE_LOOP('',(#8151,#8152,#8160,#8168));
#8151 = ORIENTED_EDGE('',*,*,#8130,.T.);
#8152 = ORIENTED_EDGE('',*,*,#8153,.T.);
#8153 = EDGE_CURVE('',#8123,#8154,#8156,.T.);
#8154 = VERTEX_POINT('',#8155);
#8155 = CARTESIAN_POINT('',(5.575,55.37778511651,12.584265193849));
#8156 = LINE('',#8157,#8158);
#8157 = CARTESIAN_POINT('',(5.575,55.417196642082,12.613494773319));
#8158 = VECTOR('',#8159,1.);
#8159 = DIRECTION('',(-0.,-0.803207531481,-0.595699304492));
#8160 = ORIENTED_EDGE('',*,*,#8161,.F.);
#8161 = EDGE_CURVE('',#8162,#8154,#8164,.T.);
#8162 = VERTEX_POINT('',#8163);
#8163 = CARTESIAN_POINT('',(2.725,55.37778511651,12.584265193849));
#8164 = LINE('',#8165,#8166);
#8165 = CARTESIAN_POINT('',(2.725,55.37778511651,12.584265193849));
#8166 = VECTOR('',#8167,1.);
#8167 = DIRECTION('',(1.,0.,0.));
#8168 = ORIENTED_EDGE('',*,*,#8169,.F.);
#8169 = EDGE_CURVE('',#8131,#8162,#8170,.T.);
#8170 = LINE('',#8171,#8172);
#8171 = CARTESIAN_POINT('',(2.725,55.417196642082,12.613494773319));
#8172 = VECTOR('',#8173,1.);
#8173 = DIRECTION('',(-0.,-0.803207531481,-0.595699304492));
#8174 = PLANE('',#8175);
#8175 = AXIS2_PLACEMENT_3D('',#8176,#8177,#8178);
#8176 = CARTESIAN_POINT('',(2.725,55.417196642082,12.613494773319));
#8177 = DIRECTION('',(0.,-0.595699304492,0.803207531481));
#8178 = DIRECTION('',(0.,0.803207531481,0.595699304492));
#8179 = ADVANCED_FACE('',(#8180),#8205,.T.);
#8180 = FACE_BOUND('',#8181,.F.);
#8181 = EDGE_LOOP('',(#8182,#8183,#8191,#8199));
#8182 = ORIENTED_EDGE('',*,*,#8161,.T.);
#8183 = ORIENTED_EDGE('',*,*,#8184,.T.);
#8184 = EDGE_CURVE('',#8154,#8185,#8187,.T.);
#8185 = VERTEX_POINT('',#8186);
#8186 = CARTESIAN_POINT('',(5.575,55.335698368413,12.559039367826));
#8187 = LINE('',#8188,#8189);
#8188 = CARTESIAN_POINT('',(5.575,55.37778511651,12.584265193849));
#8189 = VECTOR('',#8190,1.);
#8190 = DIRECTION('',(-0.,-0.85772861,-0.514102744193));
#8191 = ORIENTED_EDGE('',*,*,#8192,.F.);
#8192 = EDGE_CURVE('',#8193,#8185,#8195,.T.);
#8193 = VERTEX_POINT('',#8194);
#8194 = CARTESIAN_POINT('',(2.725,55.335698368413,12.559039367826));
#8195 = LINE('',#8196,#8197);
#8196 = CARTESIAN_POINT('',(2.725,55.335698368413,12.559039367826));
#8197 = VECTOR('',#8198,1.);
#8198 = DIRECTION('',(1.,0.,0.));
#8199 = ORIENTED_EDGE('',*,*,#8200,.F.);
#8200 = EDGE_CURVE('',#8162,#8193,#8201,.T.);
#8201 = LINE('',#8202,#8203);
#8202 = CARTESIAN_POINT('',(2.725,55.37778511651,12.584265193849));
#8203 = VECTOR('',#8204,1.);
#8204 = DIRECTION('',(-0.,-0.85772861,-0.514102744193));
#8205 = PLANE('',#8206);
#8206 = AXIS2_PLACEMENT_3D('',#8207,#8208,#8209);
#8207 = CARTESIAN_POINT('',(2.725,55.37778511651,12.584265193849));
#8208 = DIRECTION('',(0.,-0.514102744193,0.85772861));
#8209 = DIRECTION('',(0.,0.85772861,0.514102744193));
#8210 = ADVANCED_FACE('',(#8211),#8236,.T.);
#8211 = FACE_BOUND('',#8212,.F.);
#8212 = EDGE_LOOP('',(#8213,#8214,#8222,#8230));
#8213 = ORIENTED_EDGE('',*,*,#8192,.T.);
#8214 = ORIENTED_EDGE('',*,*,#8215,.T.);
#8215 = EDGE_CURVE('',#8185,#8216,#8218,.T.);
#8216 = VERTEX_POINT('',#8217);
#8217 = CARTESIAN_POINT('',(5.575,55.291341716183,12.538060233744));
#8218 = LINE('',#8219,#8220);
#8219 = CARTESIAN_POINT('',(5.575,55.335698368413,12.559039367826));
#8220 = VECTOR('',#8221,1.);
#8221 = DIRECTION('',(-0.,-0.903989293123,-0.42755509343));
#8222 = ORIENTED_EDGE('',*,*,#8223,.F.);
#8223 = EDGE_CURVE('',#8224,#8216,#8226,.T.);
#8224 = VERTEX_POINT('',#8225);
#8225 = CARTESIAN_POINT('',(2.725,55.291341716183,12.538060233744));
#8226 = LINE('',#8227,#8228);
#8227 = CARTESIAN_POINT('',(2.725,55.291341716183,12.538060233744));
#8228 = VECTOR('',#8229,1.);
#8229 = DIRECTION('',(1.,0.,0.));
#8230 = ORIENTED_EDGE('',*,*,#8231,.F.);
#8231 = EDGE_CURVE('',#8193,#8224,#8232,.T.);
#8232 = LINE('',#8233,#8234);
#8233 = CARTESIAN_POINT('',(2.725,55.335698368413,12.559039367826));
#8234 = VECTOR('',#8235,1.);
#8235 = DIRECTION('',(-0.,-0.903989293123,-0.42755509343));
#8236 = PLANE('',#8237);
#8237 = AXIS2_PLACEMENT_3D('',#8238,#8239,#8240);
#8238 = CARTESIAN_POINT('',(2.725,55.335698368413,12.559039367826));
#8239 = DIRECTION('',(0.,-0.42755509343,0.903989293123));
#8240 = DIRECTION('',(0.,0.903989293123,0.42755509343));
#8241 = ADVANCED_FACE('',(#8242),#8267,.T.);
#8242 = FACE_BOUND('',#8243,.F.);
#8243 = EDGE_LOOP('',(#8244,#8245,#8253,#8261));
#8244 = ORIENTED_EDGE('',*,*,#8223,.T.);
#8245 = ORIENTED_EDGE('',*,*,#8246,.T.);
#8246 = EDGE_CURVE('',#8216,#8247,#8249,.T.);
#8247 = VERTEX_POINT('',#8248);
#8248 = CARTESIAN_POINT('',(5.575,55.245142338627,12.521529832134));
#8249 = LINE('',#8250,#8251);
#8250 = CARTESIAN_POINT('',(5.575,55.291341716183,12.538060233744));
#8251 = VECTOR('',#8252,1.);
#8252 = DIRECTION('',(-0.,-0.941544065183,-0.336889853392));
#8253 = ORIENTED_EDGE('',*,*,#8254,.F.);
#8254 = EDGE_CURVE('',#8255,#8247,#8257,.T.);
#8255 = VERTEX_POINT('',#8256);
#8256 = CARTESIAN_POINT('',(2.725,55.245142338627,12.521529832134));
#8257 = LINE('',#8258,#8259);
#8258 = CARTESIAN_POINT('',(2.725,55.245142338627,12.521529832134));
#8259 = VECTOR('',#8260,1.);
#8260 = DIRECTION('',(1.,0.,0.));
#8261 = ORIENTED_EDGE('',*,*,#8262,.F.);
#8262 = EDGE_CURVE('',#8224,#8255,#8263,.T.);
#8263 = LINE('',#8264,#8265);
#8264 = CARTESIAN_POINT('',(2.725,55.291341716183,12.538060233744));
#8265 = VECTOR('',#8266,1.);
#8266 = DIRECTION('',(-0.,-0.941544065183,-0.336889853392));
#8267 = PLANE('',#8268);
#8268 = AXIS2_PLACEMENT_3D('',#8269,#8270,#8271);
#8269 = CARTESIAN_POINT('',(2.725,55.291341716183,12.538060233744));
#8270 = DIRECTION('',(0.,-0.336889853392,0.941544065183));
#8271 = DIRECTION('',(0.,0.941544065183,0.336889853392));
#8272 = ADVANCED_FACE('',(#8273),#8298,.T.);
#8273 = FACE_BOUND('',#8274,.F.);
#8274 = EDGE_LOOP('',(#8275,#8276,#8284,#8292));
#8275 = ORIENTED_EDGE('',*,*,#8254,.T.);
#8276 = ORIENTED_EDGE('',*,*,#8277,.T.);
#8277 = EDGE_CURVE('',#8247,#8278,#8280,.T.);
#8278 = VERTEX_POINT('',#8279);
#8279 = CARTESIAN_POINT('',(5.575,55.197545161008,12.509607359798));
#8280 = LINE('',#8281,#8282);
#8281 = CARTESIAN_POINT('',(5.575,55.245142338627,12.521529832134));
#8282 = VECTOR('',#8283,1.);
#8283 = DIRECTION('',(-0.,-0.970031253195,-0.242980179903));
#8284 = ORIENTED_EDGE('',*,*,#8285,.F.);
#8285 = EDGE_CURVE('',#8286,#8278,#8288,.T.);
#8286 = VERTEX_POINT('',#8287);
#8287 = CARTESIAN_POINT('',(2.725,55.197545161008,12.509607359798));
#8288 = LINE('',#8289,#8290);
#8289 = CARTESIAN_POINT('',(2.725,55.197545161008,12.509607359798));
#8290 = VECTOR('',#8291,1.);
#8291 = DIRECTION('',(1.,0.,0.));
#8292 = ORIENTED_EDGE('',*,*,#8293,.F.);
#8293 = EDGE_CURVE('',#8255,#8286,#8294,.T.);
#8294 = LINE('',#8295,#8296);
#8295 = CARTESIAN_POINT('',(2.725,55.245142338627,12.521529832134));
#8296 = VECTOR('',#8297,1.);
#8297 = DIRECTION('',(-0.,-0.970031253195,-0.242980179903));
#8298 = PLANE('',#8299);
#8299 = AXIS2_PLACEMENT_3D('',#8300,#8301,#8302);
#8300 = CARTESIAN_POINT('',(2.725,55.245142338627,12.521529832134));
#8301 = DIRECTION('',(0.,-0.242980179903,0.970031253195));
#8302 = DIRECTION('',(0.,0.970031253195,0.242980179903));
#8303 = ADVANCED_FACE('',(#8304),#8329,.T.);
#8304 = FACE_BOUND('',#8305,.F.);
#8305 = EDGE_LOOP('',(#8306,#8307,#8315,#8323));
#8306 = ORIENTED_EDGE('',*,*,#8285,.T.);
#8307 = ORIENTED_EDGE('',*,*,#8308,.T.);
#8308 = EDGE_CURVE('',#8278,#8309,#8311,.T.);
#8309 = VERTEX_POINT('',#8310);
#8310 = CARTESIAN_POINT('',(5.575,55.149008570165,12.502407636664));
#8311 = LINE('',#8312,#8313);
#8312 = CARTESIAN_POINT('',(5.575,55.197545161008,12.509607359798));
#8313 = VECTOR('',#8314,1.);
#8314 = DIRECTION('',(-0.,-0.989176509965,-0.146730474455));
#8315 = ORIENTED_EDGE('',*,*,#8316,.F.);
#8316 = EDGE_CURVE('',#8317,#8309,#8319,.T.);
#8317 = VERTEX_POINT('',#8318);
#8318 = CARTESIAN_POINT('',(2.725,55.149008570165,12.502407636664));
#8319 = LINE('',#8320,#8321);
#8320 = CARTESIAN_POINT('',(2.725,55.149008570165,12.502407636664));
#8321 = VECTOR('',#8322,1.);
#8322 = DIRECTION('',(1.,0.,0.));
#8323 = ORIENTED_EDGE('',*,*,#8324,.F.);
#8324 = EDGE_CURVE('',#8286,#8317,#8325,.T.);
#8325 = LINE('',#8326,#8327);
#8326 = CARTESIAN_POINT('',(2.725,55.197545161008,12.509607359798));
#8327 = VECTOR('',#8328,1.);
#8328 = DIRECTION('',(-0.,-0.989176509965,-0.146730474455));
#8329 = PLANE('',#8330);
#8330 = AXIS2_PLACEMENT_3D('',#8331,#8332,#8333);
#8331 = CARTESIAN_POINT('',(2.725,55.197545161008,12.509607359798));
#8332 = DIRECTION('',(0.,-0.146730474455,0.989176509965));
#8333 = DIRECTION('',(0.,0.989176509965,0.146730474455));
#8334 = ADVANCED_FACE('',(#8335),#8360,.T.);
#8335 = FACE_BOUND('',#8336,.F.);
#8336 = EDGE_LOOP('',(#8337,#8338,#8346,#8354));
#8337 = ORIENTED_EDGE('',*,*,#8316,.T.);
#8338 = ORIENTED_EDGE('',*,*,#8339,.T.);
#8339 = EDGE_CURVE('',#8309,#8340,#8342,.T.);
#8340 = VERTEX_POINT('',#8341);
#8341 = CARTESIAN_POINT('',(5.575,55.1,12.5));
#8342 = LINE('',#8343,#8344);
#8343 = CARTESIAN_POINT('',(5.575,55.149008570165,12.502407636664));
#8344 = VECTOR('',#8345,1.);
#8345 = DIRECTION('',(-0.,-0.998795456205,-4.906767432739E-02));
#8346 = ORIENTED_EDGE('',*,*,#8347,.F.);
#8347 = EDGE_CURVE('',#8348,#8340,#8350,.T.);
#8348 = VERTEX_POINT('',#8349);
#8349 = CARTESIAN_POINT('',(2.725,55.1,12.5));
#8350 = LINE('',#8351,#8352);
#8351 = CARTESIAN_POINT('',(2.725,55.1,12.5));
#8352 = VECTOR('',#8353,1.);
#8353 = DIRECTION('',(1.,0.,0.));
#8354 = ORIENTED_EDGE('',*,*,#8355,.F.);
#8355 = EDGE_CURVE('',#8317,#8348,#8356,.T.);
#8356 = LINE('',#8357,#8358);
#8357 = CARTESIAN_POINT('',(2.725,55.149008570165,12.502407636664));
#8358 = VECTOR('',#8359,1.);
#8359 = DIRECTION('',(-0.,-0.998795456205,-4.906767432739E-02));
#8360 = PLANE('',#8361);
#8361 = AXIS2_PLACEMENT_3D('',#8362,#8363,#8364);
#8362 = CARTESIAN_POINT('',(2.725,55.149008570165,12.502407636664));
#8363 = DIRECTION('',(0.,-4.906767432739E-02,0.998795456205));
#8364 = DIRECTION('',(0.,0.998795456205,4.906767432739E-02));
#8365 = ADVANCED_FACE('',(#8366),#8391,.T.);
#8366 = FACE_BOUND('',#8367,.F.);
#8367 = EDGE_LOOP('',(#8368,#8369,#8377,#8385));
#8368 = ORIENTED_EDGE('',*,*,#8347,.T.);
#8369 = ORIENTED_EDGE('',*,*,#8370,.T.);
#8370 = EDGE_CURVE('',#8340,#8371,#8373,.T.);
#8371 = VERTEX_POINT('',#8372);
#8372 = CARTESIAN_POINT('',(5.575,41.3,12.5));
#8373 = LINE('',#8374,#8375);
#8374 = CARTESIAN_POINT('',(5.575,55.1,12.5));
#8375 = VECTOR('',#8376,1.);
#8376 = DIRECTION('',(-0.,-1.,-0.));
#8377 = ORIENTED_EDGE('',*,*,#8378,.F.);
#8378 = EDGE_CURVE('',#8379,#8371,#8381,.T.);
#8379 = VERTEX_POINT('',#8380);
#8380 = CARTESIAN_POINT('',(2.725,41.3,12.5));
#8381 = LINE('',#8382,#8383);
#8382 = CARTESIAN_POINT('',(2.725,41.3,12.5));
#8383 = VECTOR('',#8384,1.);
#8384 = DIRECTION('',(1.,0.,0.));
#8385 = ORIENTED_EDGE('',*,*,#8386,.F.);
#8386 = EDGE_CURVE('',#8348,#8379,#8387,.T.);
#8387 = LINE('',#8388,#8389);
#8388 = CARTESIAN_POINT('',(2.725,55.1,12.5));
#8389 = VECTOR('',#8390,1.);
#8390 = DIRECTION('',(-0.,-1.,-0.));
#8391 = PLANE('',#8392);
#8392 = AXIS2_PLACEMENT_3D('',#8393,#8394,#8395);
#8393 = CARTESIAN_POINT('',(2.725,55.1,12.5));
#8394 = DIRECTION('',(0.,0.,1.));
#8395 = DIRECTION('',(0.,1.,0.));
#8396 = ADVANCED_FACE('',(#8397),#8422,.T.);
#8397 = FACE_BOUND('',#8398,.F.);
#8398 = EDGE_LOOP('',(#8399,#8400,#8408,#8416));
#8399 = ORIENTED_EDGE('',*,*,#8378,.T.);
#8400 = ORIENTED_EDGE('',*,*,#8401,.T.);
#8401 = EDGE_CURVE('',#8371,#8402,#8404,.T.);
#8402 = VERTEX_POINT('',#8403);
#8403 = CARTESIAN_POINT('',(5.575,41.250991429835,12.502407636664));
#8404 = LINE('',#8405,#8406);
#8405 = CARTESIAN_POINT('',(5.575,41.3,12.5));
#8406 = VECTOR('',#8407,1.);
#8407 = DIRECTION('',(0.,-0.998795456205,4.906767432739E-02));
#8408 = ORIENTED_EDGE('',*,*,#8409,.F.);
#8409 = EDGE_CURVE('',#8410,#8402,#8412,.T.);
#8410 = VERTEX_POINT('',#8411);
#8411 = CARTESIAN_POINT('',(2.725,41.250991429835,12.502407636664));
#8412 = LINE('',#8413,#8414);
#8413 = CARTESIAN_POINT('',(2.725,41.250991429835,12.502407636664));
#8414 = VECTOR('',#8415,1.);
#8415 = DIRECTION('',(1.,0.,0.));
#8416 = ORIENTED_EDGE('',*,*,#8417,.F.);
#8417 = EDGE_CURVE('',#8379,#8410,#8418,.T.);
#8418 = LINE('',#8419,#8420);
#8419 = CARTESIAN_POINT('',(2.725,41.3,12.5));
#8420 = VECTOR('',#8421,1.);
#8421 = DIRECTION('',(0.,-0.998795456205,4.906767432739E-02));
#8422 = PLANE('',#8423);
#8423 = AXIS2_PLACEMENT_3D('',#8424,#8425,#8426);
#8424 = CARTESIAN_POINT('',(2.725,41.3,12.5));
#8425 = DIRECTION('',(0.,4.906767432739E-02,0.998795456205));
#8426 = DIRECTION('',(0.,0.998795456205,-4.906767432739E-02));
#8427 = ADVANCED_FACE('',(#8428),#8444,.T.);
#8428 = FACE_BOUND('',#8429,.F.);
#8429 = EDGE_LOOP('',(#8430,#8431,#8437,#8438));
#8430 = ORIENTED_EDGE('',*,*,#8409,.T.);
#8431 = ORIENTED_EDGE('',*,*,#8432,.T.);
#8432 = EDGE_CURVE('',#8402,#6348,#8433,.T.);
#8433 = LINE('',#8434,#8435);
#8434 = CARTESIAN_POINT('',(5.575,41.250991429835,12.502407636664));
#8435 = VECTOR('',#8436,1.);
#8436 = DIRECTION('',(0.,-0.989176509965,0.146730474455));
#8437 = ORIENTED_EDGE('',*,*,#6345,.F.);
#8438 = ORIENTED_EDGE('',*,*,#8439,.F.);
#8439 = EDGE_CURVE('',#8410,#6346,#8440,.T.);
#8440 = LINE('',#8441,#8442);
#8441 = CARTESIAN_POINT('',(2.725,41.250991429835,12.502407636664));
#8442 = VECTOR('',#8443,1.);
#8443 = DIRECTION('',(0.,-0.989176509965,0.146730474455));
#8444 = PLANE('',#8445);
#8445 = AXIS2_PLACEMENT_3D('',#8446,#8447,#8448);
#8446 = CARTESIAN_POINT('',(2.725,41.250991429835,12.502407636664));
#8447 = DIRECTION('',(0.,0.146730474455,0.989176509965));
#8448 = DIRECTION('',(0.,0.989176509965,-0.146730474455));
#8449 = ADVANCED_FACE('',(#8450,#8520,#8590,#8660),#8730,.F.);
#8450 = FACE_BOUND('',#8451,.F.);
#8451 = EDGE_LOOP('',(#8452,#8453,#8454,#8455,#8456,#8457,#8458,#8459,
    #8460,#8461,#8462,#8463,#8464,#8465,#8466,#8467,#8468,#8469,#8470,
    #8471,#8472,#8473,#8474,#8475,#8476,#8477,#8478,#8479,#8480,#8481,
    #8482,#8483,#8484,#8485,#8486,#8487,#8488,#8489,#8490,#8491,#8492,
    #8493,#8494,#8495,#8496,#8497,#8498,#8499,#8500,#8501,#8502,#8503,
    #8504,#8505,#8506,#8507,#8508,#8509,#8510,#8511,#8512,#8513,#8514,
    #8515,#8516,#8517,#8518,#8519));
#8452 = ORIENTED_EDGE('',*,*,#47,.T.);
#8453 = ORIENTED_EDGE('',*,*,#78,.T.);
#8454 = ORIENTED_EDGE('',*,*,#109,.T.);
#8455 = ORIENTED_EDGE('',*,*,#140,.T.);
#8456 = ORIENTED_EDGE('',*,*,#171,.T.);
#8457 = ORIENTED_EDGE('',*,*,#202,.T.);
#8458 = ORIENTED_EDGE('',*,*,#233,.T.);
#8459 = ORIENTED_EDGE('',*,*,#264,.T.);
#8460 = ORIENTED_EDGE('',*,*,#295,.T.);
#8461 = ORIENTED_EDGE('',*,*,#326,.T.);
#8462 = ORIENTED_EDGE('',*,*,#357,.T.);
#8463 = ORIENTED_EDGE('',*,*,#388,.T.);
#8464 = ORIENTED_EDGE('',*,*,#419,.T.);
#8465 = ORIENTED_EDGE('',*,*,#450,.T.);
#8466 = ORIENTED_EDGE('',*,*,#481,.T.);
#8467 = ORIENTED_EDGE('',*,*,#512,.T.);
#8468 = ORIENTED_EDGE('',*,*,#543,.T.);
#8469 = ORIENTED_EDGE('',*,*,#574,.T.);
#8470 = ORIENTED_EDGE('',*,*,#605,.T.);
#8471 = ORIENTED_EDGE('',*,*,#636,.T.);
#8472 = ORIENTED_EDGE('',*,*,#667,.T.);
#8473 = ORIENTED_EDGE('',*,*,#698,.T.);
#8474 = ORIENTED_EDGE('',*,*,#729,.T.);
#8475 = ORIENTED_EDGE('',*,*,#760,.T.);
#8476 = ORIENTED_EDGE('',*,*,#791,.T.);
#8477 = ORIENTED_EDGE('',*,*,#822,.T.);
#8478 = ORIENTED_EDGE('',*,*,#853,.T.);
#8479 = ORIENTED_EDGE('',*,*,#884,.T.);
#8480 = ORIENTED_EDGE('',*,*,#915,.T.);
#8481 = ORIENTED_EDGE('',*,*,#946,.T.);
#8482 = ORIENTED_EDGE('',*,*,#977,.T.);
#8483 = ORIENTED_EDGE('',*,*,#1008,.T.);
#8484 = ORIENTED_EDGE('',*,*,#1039,.T.);
#8485 = ORIENTED_EDGE('',*,*,#1070,.T.);
#8486 = ORIENTED_EDGE('',*,*,#1101,.T.);
#8487 = ORIENTED_EDGE('',*,*,#1132,.T.);
#8488 = ORIENTED_EDGE('',*,*,#1163,.T.);
#8489 = ORIENTED_EDGE('',*,*,#1194,.T.);
#8490 = ORIENTED_EDGE('',*,*,#1225,.T.);
#8491 = ORIENTED_EDGE('',*,*,#1256,.T.);
#8492 = ORIENTED_EDGE('',*,*,#1287,.T.);
#8493 = ORIENTED_EDGE('',*,*,#1318,.T.);
#8494 = ORIENTED_EDGE('',*,*,#1349,.T.);
#8495 = ORIENTED_EDGE('',*,*,#1380,.T.);
#8496 = ORIENTED_EDGE('',*,*,#1411,.T.);
#8497 = ORIENTED_EDGE('',*,*,#1442,.T.);
#8498 = ORIENTED_EDGE('',*,*,#1473,.T.);
#8499 = ORIENTED_EDGE('',*,*,#1504,.T.);
#8500 = ORIENTED_EDGE('',*,*,#1535,.T.);
#8501 = ORIENTED_EDGE('',*,*,#1566,.T.);
#8502 = ORIENTED_EDGE('',*,*,#1597,.T.);
#8503 = ORIENTED_EDGE('',*,*,#1628,.T.);
#8504 = ORIENTED_EDGE('',*,*,#1659,.T.);
#8505 = ORIENTED_EDGE('',*,*,#1690,.T.);
#8506 = ORIENTED_EDGE('',*,*,#1721,.T.);
#8507 = ORIENTED_EDGE('',*,*,#1752,.T.);
#8508 = ORIENTED_EDGE('',*,*,#1783,.T.);
#8509 = ORIENTED_EDGE('',*,*,#1814,.T.);
#8510 = ORIENTED_EDGE('',*,*,#1845,.T.);
#8511 = ORIENTED_EDGE('',*,*,#1876,.T.);
#8512 = ORIENTED_EDGE('',*,*,#1907,.T.);
#8513 = ORIENTED_EDGE('',*,*,#1938,.T.);
#8514 = ORIENTED_EDGE('',*,*,#1969,.T.);
#8515 = ORIENTED_EDGE('',*,*,#2000,.T.);
#8516 = ORIENTED_EDGE('',*,*,#2031,.T.);
#8517 = ORIENTED_EDGE('',*,*,#2062,.T.);
#8518 = ORIENTED_EDGE('',*,*,#2093,.T.);
#8519 = ORIENTED_EDGE('',*,*,#2115,.T.);
#8520 = FACE_BOUND('',#8521,.F.);
#8521 = EDGE_LOOP('',(#8522,#8523,#8524,#8525,#8526,#8527,#8528,#8529,
    #8530,#8531,#8532,#8533,#8534,#8535,#8536,#8537,#8538,#8539,#8540,
    #8541,#8542,#8543,#8544,#8545,#8546,#8547,#8548,#8549,#8550,#8551,
    #8552,#8553,#8554,#8555,#8556,#8557,#8558,#8559,#8560,#8561,#8562,
    #8563,#8564,#8565,#8566,#8567,#8568,#8569,#8570,#8571,#8572,#8573,
    #8574,#8575,#8576,#8577,#8578,#8579,#8580,#8581,#8582,#8583,#8584,
    #8585,#8586,#8587,#8588,#8589));
#8522 = ORIENTED_EDGE('',*,*,#2155,.T.);
#8523 = ORIENTED_EDGE('',*,*,#2186,.T.);
#8524 = ORIENTED_EDGE('',*,*,#2217,.T.);
#8525 = ORIENTED_EDGE('',*,*,#2248,.T.);
#8526 = ORIENTED_EDGE('',*,*,#2279,.T.);
#8527 = ORIENTED_EDGE('',*,*,#2310,.T.);
#8528 = ORIENTED_EDGE('',*,*,#2341,.T.);
#8529 = ORIENTED_EDGE('',*,*,#2372,.T.);
#8530 = ORIENTED_EDGE('',*,*,#2403,.T.);
#8531 = ORIENTED_EDGE('',*,*,#2434,.T.);
#8532 = ORIENTED_EDGE('',*,*,#2465,.T.);
#8533 = ORIENTED_EDGE('',*,*,#2496,.T.);
#8534 = ORIENTED_EDGE('',*,*,#2527,.T.);
#8535 = ORIENTED_EDGE('',*,*,#2558,.T.);
#8536 = ORIENTED_EDGE('',*,*,#2589,.T.);
#8537 = ORIENTED_EDGE('',*,*,#2620,.T.);
#8538 = ORIENTED_EDGE('',*,*,#2651,.T.);
#8539 = ORIENTED_EDGE('',*,*,#2682,.T.);
#8540 = ORIENTED_EDGE('',*,*,#2713,.T.);
#8541 = ORIENTED_EDGE('',*,*,#2744,.T.);
#8542 = ORIENTED_EDGE('',*,*,#2775,.T.);
#8543 = ORIENTED_EDGE('',*,*,#2806,.T.);
#8544 = ORIENTED_EDGE('',*,*,#2837,.T.);
#8545 = ORIENTED_EDGE('',*,*,#2868,.T.);
#8546 = ORIENTED_EDGE('',*,*,#2899,.T.);
#8547 = ORIENTED_EDGE('',*,*,#2930,.T.);
#8548 = ORIENTED_EDGE('',*,*,#2961,.T.);
#8549 = ORIENTED_EDGE('',*,*,#2992,.T.);
#8550 = ORIENTED_EDGE('',*,*,#3023,.T.);
#8551 = ORIENTED_EDGE('',*,*,#3054,.T.);
#8552 = ORIENTED_EDGE('',*,*,#3085,.T.);
#8553 = ORIENTED_EDGE('',*,*,#3116,.T.);
#8554 = ORIENTED_EDGE('',*,*,#3147,.T.);
#8555 = ORIENTED_EDGE('',*,*,#3178,.T.);
#8556 = ORIENTED_EDGE('',*,*,#3209,.T.);
#8557 = ORIENTED_EDGE('',*,*,#3240,.T.);
#8558 = ORIENTED_EDGE('',*,*,#3271,.T.);
#8559 = ORIENTED_EDGE('',*,*,#3302,.T.);
#8560 = ORIENTED_EDGE('',*,*,#3333,.T.);
#8561 = ORIENTED_EDGE('',*,*,#3364,.T.);
#8562 = ORIENTED_EDGE('',*,*,#3395,.T.);
#8563 = ORIENTED_EDGE('',*,*,#3426,.T.);
#8564 = ORIENTED_EDGE('',*,*,#3457,.T.);
#8565 = ORIENTED_EDGE('',*,*,#3488,.T.);
#8566 = ORIENTED_EDGE('',*,*,#3519,.T.);
#8567 = ORIENTED_EDGE('',*,*,#3550,.T.);
#8568 = ORIENTED_EDGE('',*,*,#3581,.T.);
#8569 = ORIENTED_EDGE('',*,*,#3612,.T.);
#8570 = ORIENTED_EDGE('',*,*,#3643,.T.);
#8571 = ORIENTED_EDGE('',*,*,#3674,.T.);
#8572 = ORIENTED_EDGE('',*,*,#3705,.T.);
#8573 = ORIENTED_EDGE('',*,*,#3736,.T.);
#8574 = ORIENTED_EDGE('',*,*,#3767,.T.);
#8575 = ORIENTED_EDGE('',*,*,#3798,.T.);
#8576 = ORIENTED_EDGE('',*,*,#3829,.T.);
#8577 = ORIENTED_EDGE('',*,*,#3860,.T.);
#8578 = ORIENTED_EDGE('',*,*,#3891,.T.);
#8579 = ORIENTED_EDGE('',*,*,#3922,.T.);
#8580 = ORIENTED_EDGE('',*,*,#3953,.T.);
#8581 = ORIENTED_EDGE('',*,*,#3984,.T.);
#8582 = ORIENTED_EDGE('',*,*,#4015,.T.);
#8583 = ORIENTED_EDGE('',*,*,#4046,.T.);
#8584 = ORIENTED_EDGE('',*,*,#4077,.T.);
#8585 = ORIENTED_EDGE('',*,*,#4108,.T.);
#8586 = ORIENTED_EDGE('',*,*,#4139,.T.);
#8587 = ORIENTED_EDGE('',*,*,#4170,.T.);
#8588 = ORIENTED_EDGE('',*,*,#4201,.T.);
#8589 = ORIENTED_EDGE('',*,*,#4223,.T.);
#8590 = FACE_BOUND('',#8591,.F.);
#8591 = EDGE_LOOP('',(#8592,#8593,#8594,#8595,#8596,#8597,#8598,#8599,
    #8600,#8601,#8602,#8603,#8604,#8605,#8606,#8607,#8608,#8609,#8610,
    #8611,#8612,#8613,#8614,#8615,#8616,#8617,#8618,#8619,#8620,#8621,
    #8622,#8623,#8624,#8625,#8626,#8627,#8628,#8629,#8630,#8631,#8632,
    #8633,#8634,#8635,#8636,#8637,#8638,#8639,#8640,#8641,#8642,#8643,
    #8644,#8645,#8646,#8647,#8648,#8649,#8650,#8651,#8652,#8653,#8654,
    #8655,#8656,#8657,#8658,#8659));
#8592 = ORIENTED_EDGE('',*,*,#4263,.T.);
#8593 = ORIENTED_EDGE('',*,*,#4294,.T.);
#8594 = ORIENTED_EDGE('',*,*,#4325,.T.);
#8595 = ORIENTED_EDGE('',*,*,#4356,.T.);
#8596 = ORIENTED_EDGE('',*,*,#4387,.T.);
#8597 = ORIENTED_EDGE('',*,*,#4418,.T.);
#8598 = ORIENTED_EDGE('',*,*,#4449,.T.);
#8599 = ORIENTED_EDGE('',*,*,#4480,.T.);
#8600 = ORIENTED_EDGE('',*,*,#4511,.T.);
#8601 = ORIENTED_EDGE('',*,*,#4542,.T.);
#8602 = ORIENTED_EDGE('',*,*,#4573,.T.);
#8603 = ORIENTED_EDGE('',*,*,#4604,.T.);
#8604 = ORIENTED_EDGE('',*,*,#4635,.T.);
#8605 = ORIENTED_EDGE('',*,*,#4666,.T.);
#8606 = ORIENTED_EDGE('',*,*,#4697,.T.);
#8607 = ORIENTED_EDGE('',*,*,#4728,.T.);
#8608 = ORIENTED_EDGE('',*,*,#4759,.T.);
#8609 = ORIENTED_EDGE('',*,*,#4790,.T.);
#8610 = ORIENTED_EDGE('',*,*,#4821,.T.);
#8611 = ORIENTED_EDGE('',*,*,#4852,.T.);
#8612 = ORIENTED_EDGE('',*,*,#4883,.T.);
#8613 = ORIENTED_EDGE('',*,*,#4914,.T.);
#8614 = ORIENTED_EDGE('',*,*,#4945,.T.);
#8615 = ORIENTED_EDGE('',*,*,#4976,.T.);
#8616 = ORIENTED_EDGE('',*,*,#5007,.T.);
#8617 = ORIENTED_EDGE('',*,*,#5038,.T.);
#8618 = ORIENTED_EDGE('',*,*,#5069,.T.);
#8619 = ORIENTED_EDGE('',*,*,#5100,.T.);
#8620 = ORIENTED_EDGE('',*,*,#5131,.T.);
#8621 = ORIENTED_EDGE('',*,*,#5162,.T.);
#8622 = ORIENTED_EDGE('',*,*,#5193,.T.);
#8623 = ORIENTED_EDGE('',*,*,#5224,.T.);
#8624 = ORIENTED_EDGE('',*,*,#5255,.T.);
#8625 = ORIENTED_EDGE('',*,*,#5286,.T.);
#8626 = ORIENTED_EDGE('',*,*,#5317,.T.);
#8627 = ORIENTED_EDGE('',*,*,#5348,.T.);
#8628 = ORIENTED_EDGE('',*,*,#5379,.T.);
#8629 = ORIENTED_EDGE('',*,*,#5410,.T.);
#8630 = ORIENTED_EDGE('',*,*,#5441,.T.);
#8631 = ORIENTED_EDGE('',*,*,#5472,.T.);
#8632 = ORIENTED_EDGE('',*,*,#5503,.T.);
#8633 = ORIENTED_EDGE('',*,*,#5534,.T.);
#8634 = ORIENTED_EDGE('',*,*,#5565,.T.);
#8635 = ORIENTED_EDGE('',*,*,#5596,.T.);
#8636 = ORIENTED_EDGE('',*,*,#5627,.T.);
#8637 = ORIENTED_EDGE('',*,*,#5658,.T.);
#8638 = ORIENTED_EDGE('',*,*,#5689,.T.);
#8639 = ORIENTED_EDGE('',*,*,#5720,.T.);
#8640 = ORIENTED_EDGE('',*,*,#5751,.T.);
#8641 = ORIENTED_EDGE('',*,*,#5782,.T.);
#8642 = ORIENTED_EDGE('',*,*,#5813,.T.);
#8643 = ORIENTED_EDGE('',*,*,#5844,.T.);
#8644 = ORIENTED_EDGE('',*,*,#5875,.T.);
#8645 = ORIENTED_EDGE('',*,*,#5906,.T.);
#8646 = ORIENTED_EDGE('',*,*,#5937,.T.);
#8647 = ORIENTED_EDGE('',*,*,#5968,.T.);
#8648 = ORIENTED_EDGE('',*,*,#5999,.T.);
#8649 = ORIENTED_EDGE('',*,*,#6030,.T.);
#8650 = ORIENTED_EDGE('',*,*,#6061,.T.);
#8651 = ORIENTED_EDGE('',*,*,#6092,.T.);
#8652 = ORIENTED_EDGE('',*,*,#6123,.T.);
#8653 = ORIENTED_EDGE('',*,*,#6154,.T.);
#8654 = ORIENTED_EDGE('',*,*,#6185,.T.);
#8655 = ORIENTED_EDGE('',*,*,#6216,.T.);
#8656 = ORIENTED_EDGE('',*,*,#6247,.T.);
#8657 = ORIENTED_EDGE('',*,*,#6278,.T.);
#8658 = ORIENTED_EDGE('',*,*,#6309,.T.);
#8659 = ORIENTED_EDGE('',*,*,#6331,.T.);
#8660 = FACE_BOUND('',#8661,.F.);
#8661 = EDGE_LOOP('',(#8662,#8663,#8664,#8665,#8666,#8667,#8668,#8669,
    #8670,#8671,#8672,#8673,#8674,#8675,#8676,#8677,#8678,#8679,#8680,
    #8681,#8682,#8683,#8684,#8685,#8686,#8687,#8688,#8689,#8690,#8691,
    #8692,#8693,#8694,#8695,#8696,#8697,#8698,#8699,#8700,#8701,#8702,
    #8703,#8704,#8705,#8706,#8707,#8708,#8709,#8710,#8711,#8712,#8713,
    #8714,#8715,#8716,#8717,#8718,#8719,#8720,#8721,#8722,#8723,#8724,
    #8725,#8726,#8727,#8728,#8729));
#8662 = ORIENTED_EDGE('',*,*,#6371,.T.);
#8663 = ORIENTED_EDGE('',*,*,#6402,.T.);
#8664 = ORIENTED_EDGE('',*,*,#6433,.T.);
#8665 = ORIENTED_EDGE('',*,*,#6464,.T.);
#8666 = ORIENTED_EDGE('',*,*,#6495,.T.);
#8667 = ORIENTED_EDGE('',*,*,#6526,.T.);
#8668 = ORIENTED_EDGE('',*,*,#6557,.T.);
#8669 = ORIENTED_EDGE('',*,*,#6588,.T.);
#8670 = ORIENTED_EDGE('',*,*,#6619,.T.);
#8671 = ORIENTED_EDGE('',*,*,#6650,.T.);
#8672 = ORIENTED_EDGE('',*,*,#6681,.T.);
#8673 = ORIENTED_EDGE('',*,*,#6712,.T.);
#8674 = ORIENTED_EDGE('',*,*,#6743,.T.);
#8675 = ORIENTED_EDGE('',*,*,#6774,.T.);
#8676 = ORIENTED_EDGE('',*,*,#6805,.T.);
#8677 = ORIENTED_EDGE('',*,*,#6836,.T.);
#8678 = ORIENTED_EDGE('',*,*,#6867,.T.);
#8679 = ORIENTED_EDGE('',*,*,#6898,.T.);
#8680 = ORIENTED_EDGE('',*,*,#6929,.T.);
#8681 = ORIENTED_EDGE('',*,*,#6960,.T.);
#8682 = ORIENTED_EDGE('',*,*,#6991,.T.);
#8683 = ORIENTED_EDGE('',*,*,#7022,.T.);
#8684 = ORIENTED_EDGE('',*,*,#7053,.T.);
#8685 = ORIENTED_EDGE('',*,*,#7084,.T.);
#8686 = ORIENTED_EDGE('',*,*,#7115,.T.);
#8687 = ORIENTED_EDGE('',*,*,#7146,.T.);
#8688 = ORIENTED_EDGE('',*,*,#7177,.T.);
#8689 = ORIENTED_EDGE('',*,*,#7208,.T.);
#8690 = ORIENTED_EDGE('',*,*,#7239,.T.);
#8691 = ORIENTED_EDGE('',*,*,#7270,.T.);
#8692 = ORIENTED_EDGE('',*,*,#7301,.T.);
#8693 = ORIENTED_EDGE('',*,*,#7332,.T.);
#8694 = ORIENTED_EDGE('',*,*,#7363,.T.);
#8695 = ORIENTED_EDGE('',*,*,#7394,.T.);
#8696 = ORIENTED_EDGE('',*,*,#7425,.T.);
#8697 = ORIENTED_EDGE('',*,*,#7456,.T.);
#8698 = ORIENTED_EDGE('',*,*,#7487,.T.);
#8699 = ORIENTED_EDGE('',*,*,#7518,.T.);
#8700 = ORIENTED_EDGE('',*,*,#7549,.T.);
#8701 = ORIENTED_EDGE('',*,*,#7580,.T.);
#8702 = ORIENTED_EDGE('',*,*,#7611,.T.);
#8703 = ORIENTED_EDGE('',*,*,#7642,.T.);
#8704 = ORIENTED_EDGE('',*,*,#7673,.T.);
#8705 = ORIENTED_EDGE('',*,*,#7704,.T.);
#8706 = ORIENTED_EDGE('',*,*,#7735,.T.);
#8707 = ORIENTED_EDGE('',*,*,#7766,.T.);
#8708 = ORIENTED_EDGE('',*,*,#7797,.T.);
#8709 = ORIENTED_EDGE('',*,*,#7828,.T.);
#8710 = ORIENTED_EDGE('',*,*,#7859,.T.);
#8711 = ORIENTED_EDGE('',*,*,#7890,.T.);
#8712 = ORIENTED_EDGE('',*,*,#7921,.T.);
#8713 = ORIENTED_EDGE('',*,*,#7952,.T.);
#8714 = ORIENTED_EDGE('',*,*,#7983,.T.);
#8715 = ORIENTED_EDGE('',*,*,#8014,.T.);
#8716 = ORIENTED_EDGE('',*,*,#8045,.T.);
#8717 = ORIENTED_EDGE('',*,*,#8076,.T.);
#8718 = ORIENTED_EDGE('',*,*,#8107,.T.);
#8719 = ORIENTED_EDGE('',*,*,#8138,.T.);
#8720 = ORIENTED_EDGE('',*,*,#8169,.T.);
#8721 = ORIENTED_EDGE('',*,*,#8200,.T.);
#8722 = ORIENTED_EDGE('',*,*,#8231,.T.);
#8723 = ORIENTED_EDGE('',*,*,#8262,.T.);
#8724 = ORIENTED_EDGE('',*,*,#8293,.T.);
#8725 = ORIENTED_EDGE('',*,*,#8324,.T.);
#8726 = ORIENTED_EDGE('',*,*,#8355,.T.);
#8727 = ORIENTED_EDGE('',*,*,#8386,.T.);
#8728 = ORIENTED_EDGE('',*,*,#8417,.T.);
#8729 = ORIENTED_EDGE('',*,*,#8439,.T.);
#8730 = PLANE('',#8731);
#8731 = AXIS2_PLACEMENT_3D('',#8732,#8733,#8734);
#8732 = CARTESIAN_POINT('',(2.725,47.659849481246,25.823480753936));
#8733 = DIRECTION('',(1.,0.,0.));
#8734 = DIRECTION('',(0.,1.,0.));
#8735 = ADVANCED_FACE('',(#8736,#8806,#8876,#8946),#9016,.T.);
#8736 = FACE_BOUND('',#8737,.T.);
#8737 = EDGE_LOOP('',(#8738,#8739,#8740,#8741,#8742,#8743,#8744,#8745,
    #8746,#8747,#8748,#8749,#8750,#8751,#8752,#8753,#8754,#8755,#8756,
    #8757,#8758,#8759,#8760,#8761,#8762,#8763,#8764,#8765,#8766,#8767,
    #8768,#8769,#8770,#8771,#8772,#8773,#8774,#8775,#8776,#8777,#8778,
    #8779,#8780,#8781,#8782,#8783,#8784,#8785,#8786,#8787,#8788,#8789,
    #8790,#8791,#8792,#8793,#8794,#8795,#8796,#8797,#8798,#8799,#8800,
    #8801,#8802,#8803,#8804,#8805));
#8738 = ORIENTED_EDGE('',*,*,#31,.T.);
#8739 = ORIENTED_EDGE('',*,*,#62,.T.);
#8740 = ORIENTED_EDGE('',*,*,#93,.T.);
#8741 = ORIENTED_EDGE('',*,*,#124,.T.);
#8742 = ORIENTED_EDGE('',*,*,#155,.T.);
#8743 = ORIENTED_EDGE('',*,*,#186,.T.);
#8744 = ORIENTED_EDGE('',*,*,#217,.T.);
#8745 = ORIENTED_EDGE('',*,*,#248,.T.);
#8746 = ORIENTED_EDGE('',*,*,#279,.T.);
#8747 = ORIENTED_EDGE('',*,*,#310,.T.);
#8748 = ORIENTED_EDGE('',*,*,#341,.T.);
#8749 = ORIENTED_EDGE('',*,*,#372,.T.);
#8750 = ORIENTED_EDGE('',*,*,#403,.T.);
#8751 = ORIENTED_EDGE('',*,*,#434,.T.);
#8752 = ORIENTED_EDGE('',*,*,#465,.T.);
#8753 = ORIENTED_EDGE('',*,*,#496,.T.);
#8754 = ORIENTED_EDGE('',*,*,#527,.T.);
#8755 = ORIENTED_EDGE('',*,*,#558,.T.);
#8756 = ORIENTED_EDGE('',*,*,#589,.T.);
#8757 = ORIENTED_EDGE('',*,*,#620,.T.);
#8758 = ORIENTED_EDGE('',*,*,#651,.T.);
#8759 = ORIENTED_EDGE('',*,*,#682,.T.);
#8760 = ORIENTED_EDGE('',*,*,#713,.T.);
#8761 = ORIENTED_EDGE('',*,*,#744,.T.);
#8762 = ORIENTED_EDGE('',*,*,#775,.T.);
#8763 = ORIENTED_EDGE('',*,*,#806,.T.);
#8764 = ORIENTED_EDGE('',*,*,#837,.T.);
#8765 = ORIENTED_EDGE('',*,*,#868,.T.);
#8766 = ORIENTED_EDGE('',*,*,#899,.T.);
#8767 = ORIENTED_EDGE('',*,*,#930,.T.);
#8768 = ORIENTED_EDGE('',*,*,#961,.T.);
#8769 = ORIENTED_EDGE('',*,*,#992,.T.);
#8770 = ORIENTED_EDGE('',*,*,#1023,.T.);
#8771 = ORIENTED_EDGE('',*,*,#1054,.T.);
#8772 = ORIENTED_EDGE('',*,*,#1085,.T.);
#8773 = ORIENTED_EDGE('',*,*,#1116,.T.);
#8774 = ORIENTED_EDGE('',*,*,#1147,.T.);
#8775 = ORIENTED_EDGE('',*,*,#1178,.T.);
#8776 = ORIENTED_EDGE('',*,*,#1209,.T.);
#8777 = ORIENTED_EDGE('',*,*,#1240,.T.);
#8778 = ORIENTED_EDGE('',*,*,#1271,.T.);
#8779 = ORIENTED_EDGE('',*,*,#1302,.T.);
#8780 = ORIENTED_EDGE('',*,*,#1333,.T.);
#8781 = ORIENTED_EDGE('',*,*,#1364,.T.);
#8782 = ORIENTED_EDGE('',*,*,#1395,.T.);
#8783 = ORIENTED_EDGE('',*,*,#1426,.T.);
#8784 = ORIENTED_EDGE('',*,*,#1457,.T.);
#8785 = ORIENTED_EDGE('',*,*,#1488,.T.);
#8786 = ORIENTED_EDGE('',*,*,#1519,.T.);
#8787 = ORIENTED_EDGE('',*,*,#1550,.T.);
#8788 = ORIENTED_EDGE('',*,*,#1581,.T.);
#8789 = ORIENTED_EDGE('',*,*,#1612,.T.);
#8790 = ORIENTED_EDGE('',*,*,#1643,.T.);
#8791 = ORIENTED_EDGE('',*,*,#1674,.T.);
#8792 = ORIENTED_EDGE('',*,*,#1705,.T.);
#8793 = ORIENTED_EDGE('',*,*,#1736,.T.);
#8794 = ORIENTED_EDGE('',*,*,#1767,.T.);
#8795 = ORIENTED_EDGE('',*,*,#1798,.T.);
#8796 = ORIENTED_EDGE('',*,*,#1829,.T.);
#8797 = ORIENTED_EDGE('',*,*,#1860,.T.);
#8798 = ORIENTED_EDGE('',*,*,#1891,.T.);
#8799 = ORIENTED_EDGE('',*,*,#1922,.T.);
#8800 = ORIENTED_EDGE('',*,*,#1953,.T.);
#8801 = ORIENTED_EDGE('',*,*,#1984,.T.);
#8802 = ORIENTED_EDGE('',*,*,#2015,.T.);
#8803 = ORIENTED_EDGE('',*,*,#2046,.T.);
#8804 = ORIENTED_EDGE('',*,*,#2077,.T.);
#8805 = ORIENTED_EDGE('',*,*,#2108,.T.);
#8806 = FACE_BOUND('',#8807,.T.);
#8807 = EDGE_LOOP('',(#8808,#8809,#8810,#8811,#8812,#8813,#8814,#8815,
    #8816,#8817,#8818,#8819,#8820,#8821,#8822,#8823,#8824,#8825,#8826,
    #8827,#8828,#8829,#8830,#8831,#8832,#8833,#8834,#8835,#8836,#8837,
    #8838,#8839,#8840,#8841,#8842,#8843,#8844,#8845,#8846,#8847,#8848,
    #8849,#8850,#8851,#8852,#8853,#8854,#8855,#8856,#8857,#8858,#8859,
    #8860,#8861,#8862,#8863,#8864,#8865,#8866,#8867,#8868,#8869,#8870,
    #8871,#8872,#8873,#8874,#8875));
#8808 = ORIENTED_EDGE('',*,*,#2139,.T.);
#8809 = ORIENTED_EDGE('',*,*,#2170,.T.);
#8810 = ORIENTED_EDGE('',*,*,#2201,.T.);
#8811 = ORIENTED_EDGE('',*,*,#2232,.T.);
#8812 = ORIENTED_EDGE('',*,*,#2263,.T.);
#8813 = ORIENTED_EDGE('',*,*,#2294,.T.);
#8814 = ORIENTED_EDGE('',*,*,#2325,.T.);
#8815 = ORIENTED_EDGE('',*,*,#2356,.T.);
#8816 = ORIENTED_EDGE('',*,*,#2387,.T.);
#8817 = ORIENTED_EDGE('',*,*,#2418,.T.);
#8818 = ORIENTED_EDGE('',*,*,#2449,.T.);
#8819 = ORIENTED_EDGE('',*,*,#2480,.T.);
#8820 = ORIENTED_EDGE('',*,*,#2511,.T.);
#8821 = ORIENTED_EDGE('',*,*,#2542,.T.);
#8822 = ORIENTED_EDGE('',*,*,#2573,.T.);
#8823 = ORIENTED_EDGE('',*,*,#2604,.T.);
#8824 = ORIENTED_EDGE('',*,*,#2635,.T.);
#8825 = ORIENTED_EDGE('',*,*,#2666,.T.);
#8826 = ORIENTED_EDGE('',*,*,#2697,.T.);
#8827 = ORIENTED_EDGE('',*,*,#2728,.T.);
#8828 = ORIENTED_EDGE('',*,*,#2759,.T.);
#8829 = ORIENTED_EDGE('',*,*,#2790,.T.);
#8830 = ORIENTED_EDGE('',*,*,#2821,.T.);
#8831 = ORIENTED_EDGE('',*,*,#2852,.T.);
#8832 = ORIENTED_EDGE('',*,*,#2883,.T.);
#8833 = ORIENTED_EDGE('',*,*,#2914,.T.);
#8834 = ORIENTED_EDGE('',*,*,#2945,.T.);
#8835 = ORIENTED_EDGE('',*,*,#2976,.T.);
#8836 = ORIENTED_EDGE('',*,*,#3007,.T.);
#8837 = ORIENTED_EDGE('',*,*,#3038,.T.);
#8838 = ORIENTED_EDGE('',*,*,#3069,.T.);
#8839 = ORIENTED_EDGE('',*,*,#3100,.T.);
#8840 = ORIENTED_EDGE('',*,*,#3131,.T.);
#8841 = ORIENTED_EDGE('',*,*,#3162,.T.);
#8842 = ORIENTED_EDGE('',*,*,#3193,.T.);
#8843 = ORIENTED_EDGE('',*,*,#3224,.T.);
#8844 = ORIENTED_EDGE('',*,*,#3255,.T.);
#8845 = ORIENTED_EDGE('',*,*,#3286,.T.);
#8846 = ORIENTED_EDGE('',*,*,#3317,.T.);
#8847 = ORIENTED_EDGE('',*,*,#3348,.T.);
#8848 = ORIENTED_EDGE('',*,*,#3379,.T.);
#8849 = ORIENTED_EDGE('',*,*,#3410,.T.);
#8850 = ORIENTED_EDGE('',*,*,#3441,.T.);
#8851 = ORIENTED_EDGE('',*,*,#3472,.T.);
#8852 = ORIENTED_EDGE('',*,*,#3503,.T.);
#8853 = ORIENTED_EDGE('',*,*,#3534,.T.);
#8854 = ORIENTED_EDGE('',*,*,#3565,.T.);
#8855 = ORIENTED_EDGE('',*,*,#3596,.T.);
#8856 = ORIENTED_EDGE('',*,*,#3627,.T.);
#8857 = ORIENTED_EDGE('',*,*,#3658,.T.);
#8858 = ORIENTED_EDGE('',*,*,#3689,.T.);
#8859 = ORIENTED_EDGE('',*,*,#3720,.T.);
#8860 = ORIENTED_EDGE('',*,*,#3751,.T.);
#8861 = ORIENTED_EDGE('',*,*,#3782,.T.);
#8862 = ORIENTED_EDGE('',*,*,#3813,.T.);
#8863 = ORIENTED_EDGE('',*,*,#3844,.T.);
#8864 = ORIENTED_EDGE('',*,*,#3875,.T.);
#8865 = ORIENTED_EDGE('',*,*,#3906,.T.);
#8866 = ORIENTED_EDGE('',*,*,#3937,.T.);
#8867 = ORIENTED_EDGE('',*,*,#3968,.T.);
#8868 = ORIENTED_EDGE('',*,*,#3999,.T.);
#8869 = ORIENTED_EDGE('',*,*,#4030,.T.);
#8870 = ORIENTED_EDGE('',*,*,#4061,.T.);
#8871 = ORIENTED_EDGE('',*,*,#4092,.T.);
#8872 = ORIENTED_EDGE('',*,*,#4123,.T.);
#8873 = ORIENTED_EDGE('',*,*,#4154,.T.);
#8874 = ORIENTED_EDGE('',*,*,#4185,.T.);
#8875 = ORIENTED_EDGE('',*,*,#4216,.T.);
#8876 = FACE_BOUND('',#8877,.T.);
#8877 = EDGE_LOOP('',(#8878,#8879,#8880,#8881,#8882,#8883,#8884,#8885,
    #8886,#8887,#8888,#8889,#8890,#8891,#8892,#8893,#8894,#8895,#8896,
    #8897,#8898,#8899,#8900,#8901,#8902,#8903,#8904,#8905,#8906,#8907,
    #8908,#8909,#8910,#8911,#8912,#8913,#8914,#8915,#8916,#8917,#8918,
    #8919,#8920,#8921,#8922,#8923,#8924,#8925,#8926,#8927,#8928,#8929,
    #8930,#8931,#8932,#8933,#8934,#8935,#8936,#8937,#8938,#8939,#8940,
    #8941,#8942,#8943,#8944,#8945));
#8878 = ORIENTED_EDGE('',*,*,#4247,.T.);
#8879 = ORIENTED_EDGE('',*,*,#4278,.T.);
#8880 = ORIENTED_EDGE('',*,*,#4309,.T.);
#8881 = ORIENTED_EDGE('',*,*,#4340,.T.);
#8882 = ORIENTED_EDGE('',*,*,#4371,.T.);
#8883 = ORIENTED_EDGE('',*,*,#4402,.T.);
#8884 = ORIENTED_EDGE('',*,*,#4433,.T.);
#8885 = ORIENTED_EDGE('',*,*,#4464,.T.);
#8886 = ORIENTED_EDGE('',*,*,#4495,.T.);
#8887 = ORIENTED_EDGE('',*,*,#4526,.T.);
#8888 = ORIENTED_EDGE('',*,*,#4557,.T.);
#8889 = ORIENTED_EDGE('',*,*,#4588,.T.);
#8890 = ORIENTED_EDGE('',*,*,#4619,.T.);
#8891 = ORIENTED_EDGE('',*,*,#4650,.T.);
#8892 = ORIENTED_EDGE('',*,*,#4681,.T.);
#8893 = ORIENTED_EDGE('',*,*,#4712,.T.);
#8894 = ORIENTED_EDGE('',*,*,#4743,.T.);
#8895 = ORIENTED_EDGE('',*,*,#4774,.T.);
#8896 = ORIENTED_EDGE('',*,*,#4805,.T.);
#8897 = ORIENTED_EDGE('',*,*,#4836,.T.);
#8898 = ORIENTED_EDGE('',*,*,#4867,.T.);
#8899 = ORIENTED_EDGE('',*,*,#4898,.T.);
#8900 = ORIENTED_EDGE('',*,*,#4929,.T.);
#8901 = ORIENTED_EDGE('',*,*,#4960,.T.);
#8902 = ORIENTED_EDGE('',*,*,#4991,.T.);
#8903 = ORIENTED_EDGE('',*,*,#5022,.T.);
#8904 = ORIENTED_EDGE('',*,*,#5053,.T.);
#8905 = ORIENTED_EDGE('',*,*,#5084,.T.);
#8906 = ORIENTED_EDGE('',*,*,#5115,.T.);
#8907 = ORIENTED_EDGE('',*,*,#5146,.T.);
#8908 = ORIENTED_EDGE('',*,*,#5177,.T.);
#8909 = ORIENTED_EDGE('',*,*,#5208,.T.);
#8910 = ORIENTED_EDGE('',*,*,#5239,.T.);
#8911 = ORIENTED_EDGE('',*,*,#5270,.T.);
#8912 = ORIENTED_EDGE('',*,*,#5301,.T.);
#8913 = ORIENTED_EDGE('',*,*,#5332,.T.);
#8914 = ORIENTED_EDGE('',*,*,#5363,.T.);
#8915 = ORIENTED_EDGE('',*,*,#5394,.T.);
#8916 = ORIENTED_EDGE('',*,*,#5425,.T.);
#8917 = ORIENTED_EDGE('',*,*,#5456,.T.);
#8918 = ORIENTED_EDGE('',*,*,#5487,.T.);
#8919 = ORIENTED_EDGE('',*,*,#5518,.T.);
#8920 = ORIENTED_EDGE('',*,*,#5549,.T.);
#8921 = ORIENTED_EDGE('',*,*,#5580,.T.);
#8922 = ORIENTED_EDGE('',*,*,#5611,.T.);
#8923 = ORIENTED_EDGE('',*,*,#5642,.T.);
#8924 = ORIENTED_EDGE('',*,*,#5673,.T.);
#8925 = ORIENTED_EDGE('',*,*,#5704,.T.);
#8926 = ORIENTED_EDGE('',*,*,#5735,.T.);
#8927 = ORIENTED_EDGE('',*,*,#5766,.T.);
#8928 = ORIENTED_EDGE('',*,*,#5797,.T.);
#8929 = ORIENTED_EDGE('',*,*,#5828,.T.);
#8930 = ORIENTED_EDGE('',*,*,#5859,.T.);
#8931 = ORIENTED_EDGE('',*,*,#5890,.T.);
#8932 = ORIENTED_EDGE('',*,*,#5921,.T.);
#8933 = ORIENTED_EDGE('',*,*,#5952,.T.);
#8934 = ORIENTED_EDGE('',*,*,#5983,.T.);
#8935 = ORIENTED_EDGE('',*,*,#6014,.T.);
#8936 = ORIENTED_EDGE('',*,*,#6045,.T.);
#8937 = ORIENTED_EDGE('',*,*,#6076,.T.);
#8938 = ORIENTED_EDGE('',*,*,#6107,.T.);
#8939 = ORIENTED_EDGE('',*,*,#6138,.T.);
#8940 = ORIENTED_EDGE('',*,*,#6169,.T.);
#8941 = ORIENTED_EDGE('',*,*,#6200,.T.);
#8942 = ORIENTED_EDGE('',*,*,#6231,.T.);
#8943 = ORIENTED_EDGE('',*,*,#6262,.T.);
#8944 = ORIENTED_EDGE('',*,*,#6293,.T.);
#8945 = ORIENTED_EDGE('',*,*,#6324,.T.);
#8946 = FACE_BOUND('',#8947,.T.);
#8947 = EDGE_LOOP('',(#8948,#8949,#8950,#8951,#8952,#8953,#8954,#8955,
    #8956,#8957,#8958,#8959,#8960,#8961,#8962,#8963,#8964,#8965,#8966,
    #8967,#8968,#8969,#8970,#8971,#8972,#8973,#8974,#8975,#8976,#8977,
    #8978,#8979,#8980,#8981,#8982,#8983,#8984,#8985,#8986,#8987,#8988,
    #8989,#8990,#8991,#8992,#8993,#8994,#8995,#8996,#8997,#8998,#8999,
    #9000,#9001,#9002,#9003,#9004,#9005,#9006,#9007,#9008,#9009,#9010,
    #9011,#9012,#9013,#9014,#9015));
#8948 = ORIENTED_EDGE('',*,*,#6355,.T.);
#8949 = ORIENTED_EDGE('',*,*,#6386,.T.);
#8950 = ORIENTED_EDGE('',*,*,#6417,.T.);
#8951 = ORIENTED_EDGE('',*,*,#6448,.T.);
#8952 = ORIENTED_EDGE('',*,*,#6479,.T.);
#8953 = ORIENTED_EDGE('',*,*,#6510,.T.);
#8954 = ORIENTED_EDGE('',*,*,#6541,.T.);
#8955 = ORIENTED_EDGE('',*,*,#6572,.T.);
#8956 = ORIENTED_EDGE('',*,*,#6603,.T.);
#8957 = ORIENTED_EDGE('',*,*,#6634,.T.);
#8958 = ORIENTED_EDGE('',*,*,#6665,.T.);
#8959 = ORIENTED_EDGE('',*,*,#6696,.T.);
#8960 = ORIENTED_EDGE('',*,*,#6727,.T.);
#8961 = ORIENTED_EDGE('',*,*,#6758,.T.);
#8962 = ORIENTED_EDGE('',*,*,#6789,.T.);
#8963 = ORIENTED_EDGE('',*,*,#6820,.T.);
#8964 = ORIENTED_EDGE('',*,*,#6851,.T.);
#8965 = ORIENTED_EDGE('',*,*,#6882,.T.);
#8966 = ORIENTED_EDGE('',*,*,#6913,.T.);
#8967 = ORIENTED_EDGE('',*,*,#6944,.T.);
#8968 = ORIENTED_EDGE('',*,*,#6975,.T.);
#8969 = ORIENTED_EDGE('',*,*,#7006,.T.);
#8970 = ORIENTED_EDGE('',*,*,#7037,.T.);
#8971 = ORIENTED_EDGE('',*,*,#7068,.T.);
#8972 = ORIENTED_EDGE('',*,*,#7099,.T.);
#8973 = ORIENTED_EDGE('',*,*,#7130,.T.);
#8974 = ORIENTED_EDGE('',*,*,#7161,.T.);
#8975 = ORIENTED_EDGE('',*,*,#7192,.T.);
#8976 = ORIENTED_EDGE('',*,*,#7223,.T.);
#8977 = ORIENTED_EDGE('',*,*,#7254,.T.);
#8978 = ORIENTED_EDGE('',*,*,#7285,.T.);
#8979 = ORIENTED_EDGE('',*,*,#7316,.T.);
#8980 = ORIENTED_EDGE('',*,*,#7347,.T.);
#8981 = ORIENTED_EDGE('',*,*,#7378,.T.);
#8982 = ORIENTED_EDGE('',*,*,#7409,.T.);
#8983 = ORIENTED_EDGE('',*,*,#7440,.T.);
#8984 = ORIENTED_EDGE('',*,*,#7471,.T.);
#8985 = ORIENTED_EDGE('',*,*,#7502,.T.);
#8986 = ORIENTED_EDGE('',*,*,#7533,.T.);
#8987 = ORIENTED_EDGE('',*,*,#7564,.T.);
#8988 = ORIENTED_EDGE('',*,*,#7595,.T.);
#8989 = ORIENTED_EDGE('',*,*,#7626,.T.);
#8990 = ORIENTED_EDGE('',*,*,#7657,.T.);
#8991 = ORIENTED_EDGE('',*,*,#7688,.T.);
#8992 = ORIENTED_EDGE('',*,*,#7719,.T.);
#8993 = ORIENTED_EDGE('',*,*,#7750,.T.);
#8994 = ORIENTED_EDGE('',*,*,#7781,.T.);
#8995 = ORIENTED_EDGE('',*,*,#7812,.T.);
#8996 = ORIENTED_EDGE('',*,*,#7843,.T.);
#8997 = ORIENTED_EDGE('',*,*,#7874,.T.);
#8998 = ORIENTED_EDGE('',*,*,#7905,.T.);
#8999 = ORIENTED_EDGE('',*,*,#7936,.T.);
#9000 = ORIENTED_EDGE('',*,*,#7967,.T.);
#9001 = ORIENTED_EDGE('',*,*,#7998,.T.);
#9002 = ORIENTED_EDGE('',*,*,#8029,.T.);
#9003 = ORIENTED_EDGE('',*,*,#8060,.T.);
#9004 = ORIENTED_EDGE('',*,*,#8091,.T.);
#9005 = ORIENTED_EDGE('',*,*,#8122,.T.);
#9006 = ORIENTED_EDGE('',*,*,#8153,.T.);
#9007 = ORIENTED_EDGE('',*,*,#8184,.T.);
#9008 = ORIENTED_EDGE('',*,*,#8215,.T.);
#9009 = ORIENTED_EDGE('',*,*,#8246,.T.);
#9010 = ORIENTED_EDGE('',*,*,#8277,.T.);
#9011 = ORIENTED_EDGE('',*,*,#8308,.T.);
#9012 = ORIENTED_EDGE('',*,*,#8339,.T.);
#9013 = ORIENTED_EDGE('',*,*,#8370,.T.);
#9014 = ORIENTED_EDGE('',*,*,#8401,.T.);
#9015 = ORIENTED_EDGE('',*,*,#8432,.T.);
#9016 = PLANE('',#9017);
#9017 = AXIS2_PLACEMENT_3D('',#9018,#9019,#9020);
#9018 = CARTESIAN_POINT('',(5.575,47.659849481246,25.823480753936));
#9019 = DIRECTION('',(1.,0.,0.));
#9020 = DIRECTION('',(0.,1.,0.));
#9021 = ( GEOMETRIC_REPRESENTATION_CONTEXT(3) 
GLOBAL_UNCERTAINTY_ASSIGNED_CONTEXT((#9025)) 
GLOBAL_UNIT_ASSIGNED_CONTEXT((#9022,#9023,#9024)) REPRESENTATION_CONTEXT
('Context #1','3D Context with UNIT and UNCERTAINTY') );
#9022 = ( LENGTH_UNIT() NAMED_UNIT(*) SI_UNIT(.MILLI.,.METRE.) );
#9023 = ( NAMED_UNIT(*) PLANE_ANGLE_UNIT() SI_UNIT($,.RADIAN.) );
#9024 = ( NAMED_UNIT(*) SI_UNIT($,.STERADIAN.) SOLID_ANGLE_UNIT() );
#9025 = UNCERTAINTY_MEASURE_WITH_UNIT(LENGTH_MEASURE(1.E-07),#9022,
  'distance_accuracy_value','confusion accuracy');
#9026 = PRODUCT_RELATED_PRODUCT_CATEGORY('part',$,(#7));
ENDSEC;
END-ISO-10303-21;
